Date,Open,High,Low,Close,Volume,Daily Return,MA20,MA50,Rolling Std
2018-01-02,39.7761820981515,40.27642306888876,39.565798181369,40.26707077026367,102223600,,,,
2018-01-03,40.33020643744908,40.80239788177346,40.196966433802565,40.26007843017578,118071600,-0.00017364908730965745,,,
2018-01-04,40.332539996518754,40.54993644764723,40.225013483930866,40.44708251953125,89738400,0.004644901268133328,,,
2018-01-05,40.54290490942475,40.994055211711675,40.451739619141776,40.90756607055664,94640000,0.011384839705139038,,,
2018-01-08,40.75564193725586,41.05017525050981,40.65746059931304,40.75564193725586,82271200,-0.0037138394652652673,,,
2018-01-09,40.802376800591794,40.921591854561065,40.53589336412295,40.75094985961914,86336000,-0.0001151270698653839,,,
2018-01-10,40.477456442146824,40.74393989480724,40.440054379738385,40.741600036621094,95839600,-0.00022943816107978687,,,
2018-01-11,40.81173298285246,41.02211693438228,40.78835936614299,40.973026275634766,74670800,0.005680342421644058,,,
2018-01-12,41.18340555601736,41.45924133390934,41.05951433352114,41.39612579345703,101672400,0.010326294059315622,,,
2018-01-16,41.58546481936825,41.93376483703263,41.17405283422285,41.18574142456055,118263600,-0.005082223634795713,,,
2018-01-17,41.17638686955348,41.90103662850465,40.923931879747094,41.86597442626953,137547200,0.01651622571746003,,,
2018-01-18,41.92909864045741,42.09974425280953,41.66729127565983,41.903385162353516,124773600,0.0008935833119056991,,,
2018-01-19,41.75143946684489,41.97818459371661,41.470931097919724,41.71637725830078,129700400,-0.004462835241787255,,,
2018-01-22,41.44520807643533,41.557410684789765,41.281578529489984,41.37508010864258,108434400,-0.008181370773040708,,,
2018-01-23,41.44520916986427,41.94545012192714,41.33300655854965,41.384429931640625,130756400,0.00022597715759098413,,,
2018-01-24,41.4335355022149,41.445224095841,40.48681648822852,40.725250244140625,204420400,-0.015928205090388836,,,
2018-01-25,40.79302707903376,40.89588096747637,39.86267306723772,39.998252868652344,166116000,-0.017851268466861803,,,
2018-01-26,40.206297393461384,40.206297393461384,39.75280718937289,40.09175491333008,156572000,0.0023376532216239365,,,
2018-01-29,39.7761868421077,39.7761868421077,39.05387684544463,39.26192092895508,202561600,-0.02069837018032572,,,
2018-01-30,38.693887061115404,39.124000098125286,38.499867866116375,39.03049850463867,184192800,-0.005894322509975236,40.75189037322998,,0.7853878314978627
2018-01-31,39.00711592226718,39.37411693794769,38.92062678192371,39.13801956176758,129915600,0.0027547958967557573,40.695437812805174,,0.8591806987361171
2018-02-01,39.077244956052496,39.41619265332246,38.981403514928985,39.2198371887207,188923200,0.0020904897046207793,40.64342575073242,,0.9164976901876541
2018-02-02,38.803763796607285,38.990770600564964,37.42459530527834,37.518096923828125,346375200,-0.0433897840193479,40.49697647094727,,1.1530183293178464
2018-02-05,37.190826320809336,38.30818708507509,36.46617651460954,36.580718994140625,290954000,-0.024984687565326902,40.28063411712647,,1.441709194184338
2018-02-06,36.19268567354218,38.270790367350905,35.99866645876102,38.1094970703125,272975200,0.041791908912909737,40.1483268737793,,1.5153613799552696
2018-02-07,38.12351050765929,38.19597476327134,37.18380790882007,37.293670654296875,206434400,-0.021407430659880267,39.975462913513184,,1.6354357349282895
2018-02-08,37.46899643189285,37.634965863191155,36.23943299272922,36.26748275756836,217562000,-0.027516409050775015,39.751757049560545,,1.82063631578385
2018-02-09,36.866003792290925,37.05846466441262,35.26292961094662,36.71109390258789,282690400,0.012231649711805792,39.5386604309082,,1.9170364431899518
2018-02-12,37.20164380833702,38.46673426525093,36.969278939409655,38.18977737426758,243278000,0.04027892700782343,39.37834300994873,,1.887365473547031
2018-02-13,38.01137992863191,38.66857030718875,37.94096603425092,38.57233810424805,130196800,0.010017359520881675,39.2476728439331,,1.8456532322010855
2018-02-14,38.26721850010876,39.32341630642415,38.22966752219258,39.28351593017578,162579600,0.018437508869844965,39.11854991912842,,1.740154381743418
2018-02-15,39.851515600178224,40.62606138201437,39.66609578151257,40.60259246826172,204588800,0.033578372680045376,39.05351028442383,,1.6527024129205516
2018-02-16,40.45471775078253,41.032107382495894,40.31623936113969,40.47114562988281,160704400,-0.003237400136005042,38.99124870300293,,1.568411523090601
2018-02-20,40.381967200086905,40.900675720101226,40.234098347646515,40.335025787353516,135722000,-0.0033633800183009432,38.939245986938474,,1.50100630178302
2018-02-21,40.56503641863772,40.867811539145606,40.13786137607023,40.151947021484375,149886400,-0.004538952493406967,38.87762184143067,,1.4183598201967498
2018-02-22,40.32328643776861,40.827912853294784,40.302163340873086,40.48758316040039,123967600,0.008359149775138519,38.865738487243654,,1.4029774253232428
2018-02-23,40.762198136114456,41.22692422009872,40.73168460558105,41.19171905517578,135249600,0.017391403482539314,38.925411796569826,,1.4771050307370928
2018-02-26,41.39122756389921,42.104746415864476,41.358368213770554,42.006168365478516,152648800,0.019772161225215967,39.021132469177246,,1.612490750562121
2018-02-27,42.03667174392078,42.360569950834076,41.81604319718002,41.870025634765625,155712400,-0.003241017593615503,39.15153770446777,,1.7338807199772843
2018-02-28,42.07422201715211,42.39342858513631,41.790224188970356,41.8066520690918,151128400,-0.0015135783824600235,39.29034538269043,,1.8320269913223137
2018-03-01,41.90522615725141,42.19626857117151,40.52513035651895,41.0743522644043,195208000,-0.01751634652488465,39.38716201782226,,1.8742316772937275
2018-03-02,40.55799246886187,41.37947957033199,40.47584232615504,41.35835647583008,153816000,0.00691439294276841,39.49408798217773,,1.9245107372638606
2018-03-05,41.12365304716473,41.71747068327421,40.96170213160757,41.50153732299805,113605600,0.003461956890178808,39.69326000213623,,1.9153536474558936
2018-03-06,41.75735862101,41.83715935575729,41.33957409039291,41.46631622314453,95154000,-0.0008486697632281714,39.93753986358642,,1.805916826840227
2018-03-07,41.06027110203652,41.27385859802717,40.90301543683224,41.08139419555664,126814000,-0.009282764003353816,40.08613471984863,,1.769484459211116
2018-03-08,41.187022122543205,41.57194742905669,41.090793481964944,41.529701232910156,95096400,0.010912653918693005,40.297936248779294,,1.6682682597530663
2018-03-09,41.76910835419292,42.24791649869535,41.63532156620826,42.243221282958984,128740800,0.017180957937722896,40.59672317504883,,1.4259505918340973
2018-03-12,42.315984655461044,42.80887848962803,42.297210953699,42.6516227722168,128828400,0.00966785857835517,40.89374961853027,,1.1696461467959895
2018-03-13,42.855812120337546,43.069399648429766,42.069533676140765,42.24087142944336,126774000,-0.009630380184291631,41.09630432128906,,1.0176358874495688
2018-03-14,42.323020568345115,42.36996197589975,41.73389462212503,41.88176345825195,117473600,-0.008501433778212664,41.26177558898926,40.357477035522464,0.8390156817889635
2018-03-15,41.89584418772932,42.30424194138419,41.79492034377192,41.93104934692383,90975200,0.001176786376748451,41.39415225982666,40.390756607055664,0.7092970351433363
2018-03-16,41.931049301369676,42.04136357525891,41.68929765809745,41.78318405151367,157618800,-0.003526391485859759,41.45318183898926,40.421218719482425,0.6887835350207545
2018-03-19,41.61888416294302,41.65408931941201,40.75984253110528,41.14476776123047,133787200,-0.015279263770231366,41.48686294555664,40.435172424316406,0.6538174617610528
2018-03-20,41.13068771362305,41.49683568443578,41.06027381583607,41.13068771362305,78597600,-0.00034220748769642206,41.526646041870116,40.43963485717774,0.6022128603631869
2018-03-21,41.08373158969234,41.09546783304174,40.19652602973703,40.198875427246094,148219600,-0.02265491627236571,41.5289924621582,40.42849952697754,0.5966403108104397
2018-03-22,39.90080183419946,40.52982452051389,39.57220842812468,39.63088607788086,165963200,-0.014129483557150935,41.48615760803223,40.406098251342776,0.6975593378601681
2018-03-23,39.5229238913069,39.88203087822492,38.713172912597656,38.713172912597656,164115200,-0.023156513924007527,41.36223030090332,40.365529708862304,0.9330420557324722
2018-03-26,39.44781747650699,40.628411664082556,39.06523800187792,40.55095672607422,150164800,0.04747179513355082,41.289469718933105,40.357088317871096,0.9369156737311365
2018-03-27,40.764534600998445,41.10955946368787,39.177892261077965,39.51118087768555,163690400,-0.02564121619651205,41.1715274810791,40.31938941955566,1.005915849155844
2018-03-28,39.2553474561917,39.905496814461294,38.77184419806612,39.07461929321289,166674000,-0.011049064461629676,41.034925842285155,40.27716697692871,1.096547399020977
2018-03-29,39.38679033049858,40.31155078767656,39.17320279721128,39.3797492980957,153594000,0.007808905381601727,40.950195693969725,40.22744247436523,1.157137547132588
2018-04-02,39.11217992291302,39.65201509761951,38.60285827668735,39.12156677246094,150347200,-0.006556225731158993,40.83835620880127,40.17180610656738,1.2218946861452722
2018-04-03,39.34688574711688,39.60741466237426,38.69908576549835,39.522918701171875,121112000,0.010259096499004805,40.73942527770996,40.127936935424806,1.2452504698440572
2018-04-04,38.69909250610223,40.37257697878735,38.67327419175449,40.27869415283203,138422000,0.019122460498792737,40.680044174194336,40.10600921630859,1.237053084298408
2018-04-05,40.50635822090288,40.89362930170126,40.38900291382461,40.5579948425293,107732800,0.006934204188385529,40.653874206542966,40.089480514526365,1.233647206876439
2018-04-06,40.12846839403067,40.482880082690045,39.47831908067078,39.52056884765625,140021200,-0.025578828512133334,40.55341758728027,40.06538688659668,1.2403586195964937
2018-04-09,39.87264006137012,40.62605912311723,39.865599029495826,39.912540435791016,116070800,0.009918166655083827,40.436883544921876,40.063672637939455,1.1813236093855601
2018-04-10,40.60493090520861,40.83964148847571,40.25990606129403,40.66360855102539,113634400,0.018817847900277185,40.3374828338623,40.07510971069336,1.0628588134201664
2018-04-11,40.42420468274402,40.820866160421915,40.29980835418697,40.47349548339844,89726400,-0.004675263076772795,40.24911403656006,40.099341201782224,0.9652689479688915
2018-04-12,40.7011788428314,41.07436795500068,40.61433345808838,40.87251663208008,91557200,0.009858825977739238,40.19865169525146,40.13618156433105,0.8995699674519851
2018-04-13,41.0227225756048,41.27151526401716,40.804443414359966,41.010986328125,100497200,0.00338784365277478,40.152648544311525,40.1736408996582,0.8269047082758796
2018-04-16,41.081403217619894,41.35366842078155,41.03446180568861,41.26682662963867,86313600,0.00623833573439847,40.126830673217775,40.21458068847656,0.7800496627586421
2018-04-17,41.42408756403929,41.99912799101432,41.40531028061391,41.83483123779297,106421600,0.013764194015983389,40.161333847045896,40.30091537475586,0.8403737478170277
2018-04-18,41.733887619020656,41.9709475967017,41.515608498889755,41.740928649902344,83018000,-0.0022446030045364385,40.19184589385986,40.40411956787109,0.8871950419552087
2018-04-19,40.78331502653571,41.16589447365878,40.525135499803376,40.5579948425293,139235200,-0.02833990152195176,40.209801864624026,40.45308952331543,0.8909708810729606
2018-04-20,40.04163301530664,40.1871524529709,38.82817596401007,38.896244049072266,261964400,-0.040972212751368864,40.17306976318359,40.48514099121094,0.930366617285066
2018-04-23,39.15677362538438,39.17789672189711,38.513665229708735,38.78358459472656,146062000,-0.0028964095917222155,40.17659034729004,40.5354630279541,0.9246672555822157
2018-04-24,38.88450667946601,39.03941654299841,37.84004517183039,38.24374771118164,134768000,-0.013919210645070845,40.06122989654541,40.566116104125975,1.0150123394595385
2018-04-25,38.16864110139597,38.825831574734394,38.11935387520056,38.41039276123047,113528400,0.00435744559626694,40.00619049072266,40.57052841186523,1.0745102565249038
2018-04-26,38.52070551465223,38.89858975322706,38.34467255099439,38.5441780090332,111852000,0.0034830481592411644,39.97966842651367,40.56996520996094,1.1048329413834694
2018-04-27,38.49253285734537,38.56998777396035,37.70155939528785,38.09822082519531,142623200,-0.01157002709289523,39.91559200286865,40.54625930786133,1.1763074941142373
2018-04-30,38.05362736516511,39.25769020153432,37.985559291589546,38.78826904296875,169709600,0.01811234758020741,39.89892711639404,40.50997283935547,1.1904248183349069
2018-05-01,39.05819166644517,39.71303266229741,38.790621726653995,39.6895637512207,214277600,0.023236270410868842,39.90725936889648,40.49434120178223,1.188235664109425
2018-05-02,41.12831816825118,41.71978960596255,40.792683886554066,41.442832946777344,266157600,0.04417456454160984,39.96546630859375,40.5164973449707,1.2349821505967722
2018-05-03,41.280895582468375,41.66112555415438,40.942911793681255,41.51795196533203,136272800,0.0018125937155686334,40.01346416473389,40.54381744384766,1.277157268898995
2018-05-04,41.8371649912268,43.245428609444815,41.81838771321594,43.1468505859375,224805200,0.03923359760051781,40.194778251647946,40.597002792358396,1.4493038584682076
2018-05-07,43.463710341007975,44.04814106669595,43.36278649476054,43.45901870727539,169805600,0.007235015235147468,40.37210216522217,40.642348785400394,1.6198746535359412
2018-05-08,43.41911505261652,43.70780808695571,43.10929534247727,43.66790771484375,113611200,0.004806574418427578,40.52231712341309,40.675583572387694,1.7797390634416335
2018-05-09,43.78527251956743,43.98477442343587,43.47310692497295,43.97538757324219,92844800,0.007041323353670137,40.697411727905276,40.717690811157226,1.9397517626499172
2018-05-10,44.064569122468185,44.68185556216297,44.04344244670562,44.604400634765625,111957200,0.014303752536024783,40.88400592803955,40.7736457824707,2.127856022456142
2018-05-11,44.64682881910434,44.781127924259025,44.166170685934766,44.43477249145508,104848800,-0.003802946366200821,41.05519523620605,40.84085418701172,2.2714863830008567
2018-05-14,44.53373014599972,44.65625133862218,44.262773480511164,44.33110046386719,83115200,-0.0023331283536520697,41.20840892791748,40.90030906677246,2.386923100677197
2018-05-15,44.00830061465196,44.076631181678145,43.61246796024898,43.928192138671875,94780800,-0.009088615463622607,41.313076972961426,40.948842163085935,2.4605983834971585
2018-05-16,43.84100824044488,44.40412953249525,43.82451341829647,44.33815383911133,76732400,0.009332542052841397,41.442938232421874,41.006278915405275,2.5512339403242836
2018-05-17,44.29574027728579,44.510151372329275,43.90933077186677,44.057769775390625,69176000,-0.006323764961845835,41.61792697906494,41.06580642700195,2.6067614078608847
2018-05-18,44.104899251623095,44.25097982122303,43.85514720867744,43.89755630493164,73190800,-0.0036364407748227245,41.86799259185791,41.113163528442385,2.571579397861943
2018-05-21,44.29574904119214,44.594981969565396,44.0389288058782,44.20857238769531,73603200,0.007085043199289265,42.139241981506345,41.15247055053711,2.514595372398523
2018-05-22,44.385279304995024,44.50308713532342,44.00829280986027,44.09782791137695,60962800,-0.0025050452963548686,42.431945991516116,41.18139465332031,2.3740735404730633
2018-05-23,43.90698701129441,44.41355932680517,43.76797101632021,44.38057327270508,80233600,0.0064117752442671705,42.730455017089845,41.22418869018555,2.2115769970758445
2018-05-24,44.47718466879775,44.493675901244686,43.87400894390395,44.33110046386719,92936000,-0.0011147401935053258,43.01980113983154,41.273175430297854,2.0038530063368247
2018-05-25,44.34994044932966,44.6845142986647,44.21328291731223,44.43240737915039,69844000,0.002285233486720495,43.336510467529294,41.32320259094238,1.6553027736725052
2018-05-29,44.20150825776424,44.47246488387322,44.02950620237712,44.27219009399414,90056400,-0.0036058655068829104,43.61070652008057,41.37298271179199,1.2720858333467557
2018-05-30,44.229779925474894,44.295752034505206,44.00830059006872,44.17794418334961,74762000,-0.002128783564681047,43.83512554168701,41.433646240234374,0.8791432728066227
2018-05-31,44.11196979829037,44.349940351070494,43.8575044214986,44.029502868652344,109931200,-0.003360077464926725,43.96445903778076,41.49162254333496,0.6753221691063471
2018-06-01,44.293400548573096,44.82824564504332,44.23685148143154,44.82353591918945,93770000,0.01803411346491579,44.12973823547363,41.584115753173826,0.38875053416600486
2018-06-04,45.15339070780669,45.57278634857579,45.08506373956886,45.198158264160156,105064800,0.008357715144251321,44.232303619384766,41.695461196899416,0.3863780971388262
2018-06-05,45.49031809732934,45.69530257509716,45.323029393544196,45.5468635559082,86264000,0.007715033203566479,44.33669586181641,41.83213500976562,0.4441796762360523
2018-06-06,45.62225622892292,45.728282544872066,45.21935191406509,45.70471954345703,83734400,0.003465792707220361,44.43853645324707,41.93521026611328,0.5112110079111725
2018-06-07,45.74241599141798,45.75655235328206,45.31830715945041,45.58219909667969,85388800,-0.002680695735608807,44.518877029418945,42.05663063049317,0.5586526267878562
2018-06-08,45.04265402342088,45.23821549056052,44.71279347355301,45.16753005981445,106627200,-0.009097170498196472,44.54703350067139,42.17848884582519,0.5770771689810478
2018-06-11,45.08505809281272,45.23113865191412,44.816456383543546,45.05678176879883,73234000,-0.00245194481232347,44.57813396453857,42.292029495239255,0.5873777187788015
2018-06-12,45.09448993960545,45.38194138925669,45.03794087574918,45.3041877746582,67644400,0.00549098262563219,44.62678833007813,42.4156819152832,0.605849674982521
2018-06-13,45.33717844207278,45.44556326002106,44.87066030223181,44.93191909790039,86553600,-0.008217091952061217,44.67697467803955,42.52386192321777,0.5861882893675954
2018-06-14,45.132186622912144,45.13689994342156,44.81881732042377,44.955474853515625,86440400,0.0005242543850376702,44.70784072875976,42.61739753723145,0.5836557216260347
2018-06-15,44.77405853621199,44.80468973270955,44.357017672066355,44.493675231933594,246876800,-0.010272377793511756,44.72963600158691,42.69611114501953,0.565973774899865
2018-06-18,44.26746319934367,44.58318726275227,44.1072427105395,44.4700927734375,73939600,-0.0005300182188404667,44.75826282501221,42.79510162353515,0.5353216509193552
2018-06-19,43.62189074792149,43.902274007400344,43.22369963791943,43.75148010253906,134314000,-0.016159459674607968,44.73540821075439,42.87188041687012,0.5687392027640388
2018-06-20,43.90697705384341,44.10724819574322,43.76089290863536,43.942317962646484,82514800,0.004361860665288653,44.727632713317874,42.93745460510254,0.5788871206545573
2018-06-21,44.11903132362873,44.37820998177126,43.574759736739,43.69728088378906,102847600,-0.005576334845733832,44.69346809387207,43.00193031311035,0.6192068731595356
2018-06-22,43.852795049886204,43.8598632336105,43.51822117116477,43.5700569152832,108801600,-0.0029114847865294724,44.65541591644287,43.055881118774415,0.6643837229997529
2018-06-25,43.21191397426476,43.570050812040066,42.58282054445238,42.9221076965332,126652400,-0.014871433838378079,44.579900932312015,43.09410354614258,0.7687064738996264
2018-06-26,43.115310134188796,43.94938797353978,43.009280212947836,43.454593658447266,98276800,0.01240586705757396,44.53902111053467,43.13785888671875,0.8067312381427861
2018-06-27,43.64309432120707,44.126107216581914,43.360356205322596,43.390987396240234,101141200,-0.0014637408120066198,44.4996732711792,43.16898200988769,0.8436178460680339
2018-06-28,43.37684649918818,43.87399570915046,43.306161078797324,43.70670700073242,69460800,0.007276156258189781,44.483533477783205,43.2082975769043,0.8560821337232111
2018-06-29,43.89285102711627,44.10490733287168,43.09647233589699,43.61482620239258,90950800,-0.0021022127871199725,44.42309799194336,43.269434204101564,0.8733076109976536
2018-07-02,43.31087761470998,44.13081920457902,43.216629182120954,44.102542877197266,70925200,0.011182359699003719,44.368317222595216,43.373560180664064,0.8563286379507099
2018-07-03,44.24625433605341,44.283953696943236,43.24488798187445,43.33442306518555,55819200,-0.017416678538254238,44.25769519805908,43.464576950073244,0.8387928986606418
2018-07-05,43.65015375403833,43.92111390698373,43.41925142512887,43.68313980102539,66416800,0.008047106922717928,44.1566162109375,43.57336479187012,0.7745896103697594
2018-07-06,43.68785278271046,44.39705458505111,43.63601705281612,44.288673400878906,69940800,0.013861952291243096,44.09193992614746,43.690930404663085,0.6996722663757498
2018-07-09,44.649179151536714,44.92720397675285,44.60205672635557,44.90364456176758,79026400,0.013885517755798604,44.078745651245114,43.81811973571777,0.6805482630479341
2018-07-10,44.934267130145,45.06856619589097,44.80938751433222,44.84944534301758,63756400,-0.0012070115750948407,44.06837882995605,43.953144226074215,0.6662956028196612
2018-07-11,44.41355569937035,44.715143482285086,44.203857887887295,44.26747512817383,75326000,-0.012976084997099124,44.01654319763183,44.06272834777832,0.6023516943040713
2018-07-12,44.65623532684284,45.09919391389085,44.60439959451979,45.00965881347656,72164400,0.01676589150733765,44.020430183410646,44.16913024902344,0.6087859844962376
2018-07-13,45.02145266730081,45.20051932204773,44.97903996775959,45.08035659790039,50055600,0.0015707247352574338,44.02667427062988,44.2418807220459,0.6194285490420876
2018-07-16,45.12511762037944,45.391360903359555,44.86593892521994,44.98139190673828,60172400,-0.002195295215715265,44.051060104370116,44.311149520874025,0.6477347292109226
2018-07-17,44.708073766542675,45.207577840766284,44.57848442788754,45.108619689941406,62138000,0.0028284536740639243,44.082986450195314,44.350384902954104,0.6841861618481653
2018-07-18,45.18637592497211,45.19108924534587,44.75048546825586,44.86122512817383,65573600,-0.005484418797739088,44.138473701477054,44.37842903137207,0.7006870935203982
2018-07-19,44.69394667468397,45.367807780295486,44.69394667468397,45.20994567871094,81147200,0.007773317593105622,44.20185508728027,44.40926979064941,0.7383308622294695
2018-07-20,45.18638213243153,45.33953091112191,44.80704068245835,45.10627365112305,82704800,-0.002293124356411491,44.272304725646975,44.431887512207034,0.7546916958935969
2018-07-23,44.92719589230041,45.22878726865295,44.66330748260312,45.14632034301758,63957600,0.0008878297552192826,44.35111789703369,44.44272590637207,0.7597836448874459
2018-07-24,45.34423421199465,45.62933074980564,45.24998938365914,45.47382354736328,74791600,0.007254261296543385,44.4787036895752,44.463506927490236,0.7204160964590696
2018-07-25,45.487955463759825,45.909709478060186,45.339516458198204,45.90264129638672,66839600,0.009429991049175745,44.60110607147217,44.49493774414063,0.7448114483779823
2018-07-26,45.85316358781776,46.171246165870855,45.61754792858129,45.75891876220703,76304000,-0.0031310297211808447,44.71950263977051,44.53155227661133,0.730390157095157
2018-07-27,45.94270404769693,45.9898264659988,44.79054348344733,44.99788284301758,96096000,-0.01663142267727713,44.784061431884766,44.54474685668945,0.6922240901375525
2018-07-30,45.21465776770341,45.28534320671292,44.547868406463465,44.745784759521484,84118000,-0.005602443216619291,44.84060935974121,44.55850715637207,0.6355565462951118
2018-07-31,44.83765508809221,45.27118698424911,44.6114625015008,44.835296630859375,157492000,0.002000453714667394,44.87724704742432,44.577261962890624,0.6114327452145278
2018-08-01,46.91815445381714,47.5378212863695,46.48933216360012,47.4765625,271742800,0.05891041361646043,45.08435401916504,44.64262176513672,0.7476777754961347
2018-08-02,47.25979933310733,49.097602581978514,47.20560872670718,48.864341735839844,249616000,0.02923082807100541,45.34341411590576,44.737952041625974,1.0663287298526796
2018-08-03,48.7795255427194,49.18243003322383,48.4143204328304,49.00571823120117,133789600,0.0028932446511937826,45.57926635742187,44.830454940795896,1.3137241179279533
2018-08-06,49.008059489642534,49.302579077921635,48.78893864166359,49.260169982910156,101701600,0.005192286959422088,45.79709262847901,44.92903633117676,1.537858577862538
2018-08-07,49.31908266786328,49.361491770413686,48.71590342386616,48.798370361328125,102349600,-0.009374706212793127,45.99453887939453,45.01635559082031,1.6585520526659105
2018-08-08,48.548598951702225,48.96328114633492,48.18810734271147,48.831336975097656,90102000,0.0006755679242038681,46.22273197174072,45.10753852844238,1.72120422660167
2018-08-09,49.36854178508897,49.42744569153758,48.819556945562866,49.21539306640625,93970400,0.00786495138366683,46.43301868438721,45.20828750610352,1.8193173924314496
2018-08-10,49.02861098938335,49.44002134910859,48.865465439702334,49.06880569458008,98444800,-0.0029784862558830394,46.63244113922119,45.30907356262207,1.8807989882061742
2018-08-13,49.4896818929809,49.87744668704269,49.10901007136139,49.38564682006836,103563600,0.006457078402527294,46.852653884887694,45.40031578063965,1.9343841224778948
2018-08-14,49.690653943503335,49.78522930486312,49.2414119574974,49.593711853027344,82992000,0.004213066879878102,47.07690849304199,45.48822685241699,1.9809744765563704
2018-08-15,49.46839996655359,49.82779284898479,49.25796671198787,49.709571838378906,115230400,0.0023361829760779607,47.319325828552245,45.57148101806641,1.9921857591996117
2018-08-16,50.06658574681656,50.55365561413919,50.000382285694144,50.437801361083984,114001600,0.014649684070359159,47.5807186126709,45.66614265441895,2.043167808275144
2018-08-17,50.466183320989956,51.532535490008144,50.399979846645785,51.44505310058594,141708000,0.019970175390696454,47.897657585144046,45.78339973449707,2.128965106682715
2018-08-20,51.56801256244055,51.823366801630385,50.86104953392936,50.94380569458008,121150800,-0.009743354818311012,48.18753185272217,45.89892524719238,2.129318842761047
2018-08-21,51.26062646675485,51.35283870270329,50.60568111471057,50.844486236572266,104639200,-0.0019495885054849893,48.456064987182614,46.01467933654785,2.1076173738162587
2018-08-22,50.62223217694636,51.15658978265497,50.560754949723034,50.84685134887695,76072400,4.6516593631862335e-05,48.703275489807126,46.12553260803222,2.082162275947759
2018-08-23,50.75227175897287,51.319734700207334,50.74045254571631,50.95088577270508,75532800,0.002046034731124413,48.96287384033203,46.24591194152832,2.0184319669217237
2018-08-24,51.213329930910355,51.28425963258918,50.861030112027564,51.10929489135742,73905600,0.0031090552450652176,49.26844444274902,46.36898834228516,1.8414208809476267
2018-08-27,51.34337923890554,51.719324763645,51.1494986735286,51.53017044067383,82100400,0.008234814238996302,49.60766372680664,46.50971824645996,1.5691993563744582
2018-08-28,51.78315877144107,52.14491472640033,51.7618798582831,51.94630432128906,91107200,0.008075538603046661,49.96321411132813,46.659242477416996,1.1909919879947803
2018-08-29,52.05271233047196,52.84243146580002,51.87774753435485,52.72184371948242,109019200,0.014929635675266395,50.225478172302246,46.83864974975586,1.1921172831558604
2018-08-30,52.78568028191906,53.970253487975114,52.58470312439228,53.206546783447266,195175200,0.009193590924926776,50.44258842468262,47.023934326171876,1.3197501587939078
2018-08-31,53.556475387508385,54.11447864417697,53.43589126797498,53.821292877197266,173360400,0.01155395587411534,50.68336715698242,47.22641456604004,1.4740675735611233
2018-09-04,54.00573075280354,54.1877885378754,53.584864182715684,53.9939079284668,109560400,0.0032071888660010206,50.920054054260255,47.43489158630371,1.6075218795855029
2018-09-05,54.14285341285009,54.30363223674393,53.22309420206611,53.64159393310547,133332000,-0.006525069380569515,51.16221523284912,47.64928131103515,1.6356360772133507
2018-09-06,53.49028626215467,53.755103822862765,52.32462863726809,52.75022506713867,137160000,-0.016617121166801807,51.35815963745117,47.835193939208985,1.5753312058103912
2018-09-07,52.45466312464746,53.286936430190956,52.18511936850075,52.32461929321289,150479200,-0.008068321478895801,51.513620948791505,48.013866577148434,1.5045707737941443
2018-09-10,52.2418677340193,52.45466773356044,51.18260841073498,51.62239074707031,158066000,-0.01342061453342791,51.641300201416016,48.172180252075194,1.3901836392235587
2018-09-11,51.54671960522813,53.033941819572114,51.20387942357245,52.92754364013672,142996000,0.02528268982080184,51.81839504241943,48.35843460083008,1.3110622213585483
2018-09-12,53.18527027618349,53.19945622059127,51.97941449205581,52.270240783691406,197114800,-0.012418918605299867,51.95222148895264,48.52178855895996,1.2042809110595567
2018-09-13,52.84952340827975,53.99153884293053,52.6249042019705,53.532840728759766,166825600,0.024155234912602408,52.14338493347168,48.72575691223145,1.1307558770860557
2018-09-14,53.376775937249185,53.6344968245139,52.61306936702936,52.9251708984375,127997200,-0.011351346613590052,52.26775341033935,48.910597534179686,1.0683581064708947
2018-09-17,52.525584424011406,52.714738729611575,51.37175001470513,51.5159797668457,148780400,-0.026626104510763193,52.27129974365234,49.055143661499024,1.0655976359070565
2018-09-18,51.49470675410538,52.45466440089387,51.33629103116489,51.60110855102539,126286800,0.0016524733600131736,52.30416488647461,49.18909294128418,1.0321102945820158
2018-09-19,51.66258218448119,51.927396096554034,50.90596843011665,51.63184356689453,108495200,0.0005956270462434965,52.343532752990725,49.32474090576172,0.9875578373725198
2018-09-20,52.07399981724989,52.55634002502186,51.81627523374747,52.02434539794922,106435200,0.00760193330199721,52.40240745544433,49.47987831115723,0.9268690900405757
2018-09-21,52.20166812140533,52.33880492393241,51.37648418489235,51.46397018432617,384986800,-0.010771403452298656,52.42806167602539,49.60896453857422,0.8909848609697766
2018-09-24,51.265357635641195,52.31515711505072,51.220433077107394,52.20402908325195,110773600,0.014380136166625812,52.482798385620114,49.75143798828125,0.8377397237367952
2018-09-25,51.958130371548314,52.68400905547717,51.946307549786276,52.53504943847656,98217600,0.006340896690113951,52.53304233551025,49.90251113891602,0.8071747391470867
2018-09-26,52.253691077014246,52.90390668996351,51.96050164726947,52.116554260253906,95938800,-0.007966018547536646,52.541554832458495,50.04266983032227,0.8015393643102532
2018-09-27,52.9204526803586,53.53992959522191,52.85424559802705,53.18762969970703,120724800,0.020551539806421326,52.56484413146973,50.20919792175293,0.813727696616529
2018-09-28,53.149785976309346,53.39805075295518,52.96772826687796,53.37440872192383,91717600,0.0035117004324376477,52.57323722839355,50.372487182617185,0.8215231736366502
2018-10-01,53.89695216428858,54.24452218637405,53.51864713609809,53.73380661010742,94403200,0.006733524488412135,52.56886291503906,50.545037841796876,0.8147328224165215
2018-10-02,53.7314374289486,54.38165284338032,53.58484456274216,54.2114143371582,99152800,0.008888402984666754,52.579738235473634,50.726339721679686,0.8359318248030406
2018-10-03,54.39349126972169,55.20212260237653,54.32965090961708,54.8711051940918,114619200,0.012168855304728998,52.64121379852295,50.91428535461426,0.95487939216541
2018-10-04,54.56608177727491,54.93729743069975,53.60849100299046,53.906410217285156,128168000,-0.017581110739328,52.69902305603027,51.07436073303223,0.9959417319236352
2018-10-05,53.8993118042979,54.005709966738436,52.15436895212806,53.03156661987305,134322000,-0.016228934441855802,52.734370422363284,51.219813690185546,0.9944984732454147
2018-10-08,52.53978140728469,53.15216535637329,52.06453065114557,52.90863037109375,118655600,-0.0023181711688906592,52.798682403564456,51.37802864074707,0.9597879197046383
2018-10-09,52.87788730397269,53.736172895235825,52.549233077184034,53.64159393310547,107564000,0.013853383783908546,52.83438491821289,51.55594482421875,0.9779426687185264
2018-10-10,53.308217052458474,53.51865029661315,51.08329687705558,51.156593322753906,167962400,-0.046326002419885604,52.77870254516601,51.68237075805664,1.0414003957885187
2018-10-11,50.72153161226197,51.89901159404719,50.20136000805382,50.704978942871094,212497600,-0.008828077683623592,52.63730945587158,51.74693908691406,1.1224396822940206
2018-10-12,52.11655615761714,52.69820518727146,51.270093186822955,52.516143798828125,161351600,0.035719664887301494,52.616858100891115,51.81997512817383,1.1206435584143897
2018-10-15,52.291520137503866,52.44993586441361,51.371760786579564,51.39303970336914,123164000,-0.02138588278227782,52.610711097717285,51.86772155761719,1.1273172711325237
2018-10-16,51.76424921811775,52.72420684082225,51.25117047250022,52.52559280395508,116736000,0.022037091153253696,52.65693531036377,51.93303001403809,1.1024196982578194
2018-10-17,52.56105380461304,52.64144321335758,51.86118394400235,52.29860305786133,91541600,-0.0043215075542499815,52.69027328491211,52.00303466796875,1.0796348101080853
2018-10-18,51.5112625057011,51.95577469132143,50.36215405754023,51.076210021972656,130325200,-0.023373340097368578,52.64286651611328,52.04793212890625,1.1300537335226777
2018-10-19,51.55855433205612,52.315168192303574,51.40959468175978,51.85410690307617,132314800,0.015230121435573896,52.66237335205078,52.10070640563965,1.111853412465534
2018-10-22,51.96760387800662,52.81170384676661,51.76663027198273,52.17094421386719,115168400,0.006110168118086401,52.660719108581546,52.16274917602539,1.1125956045046868
2018-10-23,51.03128633927155,52.78568585733632,50.7641056774064,52.66273498535156,155071200,0.009426526180326578,52.667103385925294,52.22829093933105,1.1122028076590937
2018-10-24,52.632005471465256,53.01740358672918,50.72627938398572,50.8563232421875,163702000,-0.0343015178316608,52.604091835021975,52.25354316711426,1.1787441555397533
2018-10-25,51.47579250051913,52.343534259721785,51.2488065794398,51.96995544433594,119423200,0.02189761530429779,52.54320812225342,52.2987508392334,1.17846452044543
2018-10-26,51.0478236891772,52.062161836547574,50.28411707927676,51.14240264892578,189033600,-0.015923677215704646,52.43160781860352,52.31284286499024,1.2010754583144967
2018-10-29,51.82573227135982,51.94395329351893,48.72834004766354,50.18246078491211,183742000,-0.018769979787678914,52.25404052734375,52.28759101867676,1.2595195554948377
2018-10-30,49.92473763551753,50.87759881261275,49.480229032865715,50.43309020996094,146640000,0.0049943629931392675,52.065124320983884,52.27737670898438,1.2335691022251252
2018-10-31,51.27955689687486,52.12365320413708,51.21807965014889,51.747711181640625,153435600,0.02606663534212772,51.90895462036133,52.295441207885744,1.042557705136626
2018-11-01,51.79262026173322,52.57524269602282,51.26298888864335,52.54214096069336,233292800,0.01535197907138719,51.84074115753174,52.32934700012207,0.9450602696439927
2018-11-02,49.54642060751403,50.51583061906915,48.572277138067086,49.056983947753906,365314800,-0.06633070044760248,51.64201202392578,52.291468963623046,1.088480662553044
2018-11-05,48.305108099645274,48.32638701675462,46.85571728176754,47.66434860229492,264654800,-0.02838811588870105,51.37979793548584,52.2225700378418,1.3640761785556448
2018-11-06,47.74237132513075,48.4044096899324,47.68799067176834,48.17979049682617,127531600,0.010813992211076373,51.10670776367188,52.15556243896484,1.4324460903047553
2018-11-07,48.69996814378195,49.66701523890736,48.26491564822979,49.64100646972656,133697600,0.030328400307108927,51.030928421020505,52.10945648193359,1.4692833156190357
2018-11-08,49.821321825704445,49.85453905967433,49.054950457423345,49.467796325683594,101450400,-0.0034892552822957112,50.96906929016113,52.044375534057615,1.5092292144515342
2018-11-09,48.7702258096886,48.879366587122874,47.98724409420614,48.51397705078125,137463200,-0.019281620483407758,50.76896095275879,51.950524139404294,1.55784694619924
2018-11-12,47.21612544081099,47.41780380668561,45.97996297573852,46.070125579833984,204542000,-0.05037417296028324,50.50281524658203,51.79550079345703,1.869192956788169
2018-11-13,45.467482346593435,46.78431147340441,45.42477239836624,45.609840393066406,187531600,-0.009990968788872956,50.157027626037596,51.62781944274902,2.100650979107898
2018-11-14,46.00606553775681,46.14368081930121,44.11504743544878,44.32147216796875,243204000,-0.028247593370081425,49.75817108154297,51.44141700744629,2.4075275316433657
2018-11-15,44.69872449335649,45.548140683443364,44.345195403445636,45.4152717590332,185915200,0.024678773911642526,49.47512416839599,51.294717941284176,2.571594060959913
2018-11-16,45.19935533527785,46.2599389233287,44.9525992928305,45.91827392578125,147713200,0.01107561723767514,49.17833251953125,51.166591033935546,2.6245675675160682
2018-11-19,45.080738951970936,45.246825160870316,43.89203234926841,44.098453521728516,167701200,-0.03963172498587708,48.77470798492432,51.01611228942871,2.7574772413356303
2018-11-20,42.32130943637899,43.05683851163266,41.64272573882717,41.99150848388672,271300800,-0.04777820693425561,48.241146659851076,50.79739158630371,2.988321318555593
2018-11-21,42.64400210541268,42.77212832849176,41.889494691042145,41.94406509399414,124496800,-0.0011298329496970405,47.79553375244141,50.590868072509764,3.232352021125402
2018-11-23,41.507490510580666,41.90135460850539,40.83365308403461,40.87873077392578,94496000,-0.025398928732372705,47.2409725189209,50.33778587341308,3.4242132859692935
2018-11-26,41.341405328689035,41.50986287918792,40.39708001756018,41.43156433105469,179994000,0.013523745641377038,46.75543060302734,50.10791374206543,3.5287730335248386
2018-11-27,40.693658680506765,41.467151357006,40.544182944086934,41.341400146484375,165549600,-0.0021762196534473865,46.31337757110596,49.9044221496582,3.6292054776182954
2018-11-28,41.93219192550799,43.01412876378861,41.50511064186913,42.931087493896484,184250000,0.038452673150386696,45.93827743530274,49.73102172851563,3.5681734032590104
2018-11-29,43.3391999516029,43.372417193579416,42.162353797963114,42.60129928588867,167080000,-0.007681804195029951,45.480956840515134,49.55041084289551,3.364743107946649
2018-11-30,42.77687560568357,42.78636831527933,42.003386312393665,42.371150970458984,158126000,-0.005402377844985651,44.97240734100342,49.3573469543457,2.9889845747019854
2018-12-03,43.76627973529744,43.88016690063734,42.99516185628555,43.8516960144043,163210000,0.034942289978800556,44.71214294433594,49.20510147094726,2.8373822597044267
2018-12-04,42.93345880903892,43.27512383554187,41.82305109331107,41.92270278930664,165377200,-0.04398902209994404,44.42506065368652,48.99947494506836,2.813325031884564
2018-12-06,40.75297231428439,41.46951955718573,40.43503545235043,41.455284118652344,172393600,-0.011149535682454248,44.08883533477783,48.77787963867188,2.7418950816534178
2018-12-07,41.163442701049085,41.40070964091711,39.93202670386907,39.977108001708984,169126400,-0.035657121845132145,43.60564041137695,48.53509071350098,2.557259376001965
2018-12-10,39.149052745025465,40.356740836565265,38.75281731229737,40.240482330322266,248104000,0.006588128601048959,43.14427471160889,48.27614776611328,2.2589492850397157
2018-12-11,40.72924494445544,40.76008718565397,39.62358010379921,40.01032638549805,189126800,-0.005719512577780139,42.719092178344724,48.00886611938476,1.9778578356501197
2018-12-12,40.43029709170368,40.79094396093765,40.10287107949015,40.12185287475586,142510800,0.002787442626267511,42.42167854309082,47.73662704467773,1.8928346950973376
2018-12-13,40.45165403262589,40.94516985024621,40.22862246288901,40.560794830322266,127594400,0.010940221453296317,42.169226264953615,47.46361465454102,1.778490040106387
2018-12-14,40.098116353709955,40.11709814501256,39.21548297037447,39.262935638427734,162814800,-0.031997873742954486,41.916299438476564,47.15145126342773,1.8156111457686346
2018-12-17,39.25582050641888,39.94389690996211,38.610454041222965,38.89754867553711,177151600,-0.009306154951210788,41.59041328430176,46.85127403259278,1.7377911869475047
2018-12-18,39.23921261031191,39.749335147040604,39.00431700694578,39.40292739868164,135366000,0.012992559694702921,41.264645957946776,46.57870124816895,1.4745324991247517
2018-12-19,39.38632372817106,39.730360169185076,37.74680781733559,38.17388916015625,196189200,-0.031191546406943216,40.968417739868165,46.284006423950196,1.47037347313259
2018-12-20,38.05762791222595,38.4633561025011,36.84756830306149,37.21058654785156,259092000,-0.02523459447014187,40.72937164306641,45.955386276245115,1.670324341788009
2018-12-21,37.21771196972524,37.52615987838151,35.50227210307426,35.76326370239258,382978400,-0.03889545905431446,40.42033157348633,45.64751968383789,1.9773229820989522
2018-12-24,35.151100216804714,35.95781008841347,34.7809643222436,34.83790969848633,148676800,-0.025874428340955435,40.11829051971436,45.330178298950194,2.3330017431292536
2018-12-26,35.18669150802309,37.305483760117355,34.81180927021201,37.2912483215332,234330000,0.07042152196500662,39.91127471923828,45.0256803894043,2.39325163290062
2018-12-27,36.97568792254167,37.19634811223778,35.606659957323785,37.04924011230469,212468400,-0.006489678413065358,39.6966667175293,44.73880439758301,2.4500297061026957
2018-12-28,37.369544455349704,37.611557756964785,36.66960768010855,37.068214416503906,169165600,0.0005121374727714567,39.40352306365967,44.42965682983399,2.392739955068214
2018-12-31,37.61393008515579,37.81086209224743,37.12753210334212,37.426490783691406,140014000,0.009665325746793574,39.144782638549806,44.132214584350585,2.3070012099999078
2019-01-02,36.75028523353009,37.6898641400753,36.59368814570471,37.46920394897461,148158800,0.0011412548809361933,38.899685287475585,43.86007446289062,2.204295975179043
2019-01-03,34.16169431348471,34.574540108213995,33.69190676803851,33.73698806762695,365248800,-0.09960755735377169,38.39394989013672,43.49773208618164,2.1683750971808364
2019-01-04,34.292195516680664,35.24600976737911,34.11899163910133,35.17720031738281,234428400,0.042689413971066514,38.056674766540525,43.157857208251954,2.1145542181681543
2019-01-07,35.28160408429917,35.31244995449789,34.61725572428317,35.098907470703125,219111200,-0.002225670206079444,37.73885593414307,42.80658065795898,2.0536631832361847
2019-01-08,35.48565323681881,36.021878993464554,35.238897140785376,35.768001556396484,164101200,0.019063102925692244,37.528400611877444,42.50481422424316,2.027726011029896
2019-01-09,35.89612398881753,36.66487039683081,35.50226350768915,36.375404357910156,180396400,0.016981737169630806,37.33514671325683,42.19292320251465,1.937834581879527
2019-01-10,36.18322084854541,36.532003660455786,35.794103077351124,36.491668701171875,143122800,0.0031962350746057577,37.159213829040525,41.89990852355957,1.8394031605095904
2019-01-11,36.27339028412049,36.467947396033274,35.9483319411463,36.133399963378906,108092800,-0.009817822822157263,36.95979118347168,41.61892730712891,1.7131742144402111
2019-01-14,35.79173197667657,35.891383692191056,35.40498556947879,35.59005355834961,129756800,-0.015037234403072364,36.71125411987305,41.32206657409668,1.5120201256811714
2019-01-15,35.65411028555859,36.3943821085161,35.601911260051914,36.318458557128906,114843600,0.020466532807686955,36.56403026580811,41.013481521606444,1.388820113900105
2019-01-16,36.32084058076156,36.98518904726328,36.30185878224347,36.76215744018555,122278800,0.01221689743133525,36.45726070404053,40.697881851196286,1.2776120053686173
2019-01-17,36.58657033252364,37.40751573779752,36.363538775351834,36.98043441772461,119284800,0.005937545365617192,36.33613605499268,40.456350860595705,1.0837772915427548
2019-01-18,37.36954213953472,37.459704733067994,37.008895385807726,37.20820236206055,135004000,0.006159147341621596,36.28785171508789,40.24722793579102,1.0170500881521363
2019-01-22,37.110928234724035,37.186851783715795,36.211684376745275,36.37302780151367,121576000,-0.022445979851971165,36.245973777771,40.01109268188477,0.9940392588832005
2019-01-23,36.574696724321946,36.80959229423162,35.99339345539255,36.52012634277344,92522400,0.004044165420115098,36.28381690979004,39.7486750793457,0.9890898387971991
2019-01-24,36.5652336744921,36.65302134475879,36.00291179450928,36.23068618774414,101766000,-0.007925497089266487,36.35345573425293,39.48393287658691,0.9291439004605837
2019-01-25,36.89028665741382,37.5190466269865,36.61505958066016,37.43125534057617,134142000,0.033136804161278954,36.36045608520508,39.262278442382815,0.9370748530417933
2019-01-28,36.96383036040819,37.09195658871479,36.45845402993215,37.0848388671875,104768400,-0.009254738325945255,36.36223602294922,39.08257270812988,0.9384847793157762
2019-01-29,37.07296946155649,37.51903258864824,36.5652182166273,36.70045852661133,166348800,-0.01036489175408739,36.34384822845459,38.90438507080078,0.9274624886507367
2019-01-30,38.73384376445083,39.42191672312946,38.017296299473955,39.208377838134766,244439200,0.06833482229397636,36.43294258117676,38.8021231842041,1.105445982822155
2019-01-31,39.41242410665209,40.098125636928835,39.04465950838577,39.49072265625,162958400,0.007201134902363071,36.53401851654053,38.68363220214844,1.2832946921015964
2019-02-01,39.6140911820077,40.0933678096817,39.369702895096495,39.50969314575195,130672400,0.0004803783832239006,36.82265377044678,38.55546058654785,1.2702074849073517
2019-02-04,39.72086886633868,40.72925360434192,39.69002299817537,40.63197326660156,125982000,0.028405184436879782,37.09539241790772,38.486130981445314,1.4684539775736678
2019-02-05,41.01396557206762,41.540698496482605,40.89296072958551,41.32715606689453,144406400,0.01710925520972406,37.40680484771728,38.472843933105466,1.6694326487960842
2019-02-06,41.43867685735861,41.656965666225744,41.01159918712273,41.341400146484375,112958400,0.0003446663391690752,37.68547477722168,38.46079063415527,1.838124435305786
2019-02-07,40.90483373299473,41.27022697955856,40.416064239909666,40.55842590332031,126966800,-0.018939228966357247,37.89462585449219,38.45438453674316,1.9174820051392498
2019-02-08,40.26770784386319,40.66564261030473,40.13188390366319,40.60607147216797,95280000,0.0011747391025782594,38.10034599304199,38.43787467956543,1.9787720888960305
2019-02-11,40.75857827237781,40.796704677929405,40.329665299757814,40.372554779052734,83973600,-0.005750782694535994,38.312303733825686,38.418497772216796,1.9840253476487155
2019-02-12,40.532204341266045,40.746658986823185,40.43688833751438,40.7204475402832,89134000,0.008617060850728553,38.568823432922365,38.37428497314453,1.9448073707391673
2019-02-13,40.83959548318567,41.099324812062115,40.48931684716783,40.55126953125,89960800,-0.004154620571540701,38.780463981628415,38.33328437805176,1.9171436332235714
2019-02-14,40.43927581927432,40.808613992609324,40.3606414751641,40.699005126953125,87342800,0.0036431805319752097,38.9773063659668,38.29984146118164,1.9010475622308889
2019-02-15,40.80622461923537,40.913451927544514,40.44879783424937,40.60844802856445,98507200,-0.002225044521510955,39.15870704650879,38.23497650146484,1.873368149549437
2019-02-19,40.43928420861173,40.851515580587275,40.38686130166285,40.72998809814453,75891200,0.0029929749961039587,39.33479633331299,38.2111222076416,1.8456914712208452
2019-02-20,40.79194536512053,41.29949277774976,40.74428916750655,40.992103576660156,104457600,0.006435442060135577,39.56575012207031,38.201858596801756,1.741638136079408
2019-02-21,40.937283860774336,41.073104155107245,40.57985705809458,40.76095199584961,68998800,-0.005638929467922216,39.77779140472412,38.21753547668457,1.6040445220713386
2019-02-22,40.88486432636196,41.22322795767942,40.83720814261498,41.21607971191406,75652800,0.011165777386916709,40.02706108093262,38.23704742431641,1.3979350965975543
2019-02-25,41.49963743265904,41.907101970477754,41.44959607815367,41.51631546020508,87493600,0.007284432444559563,40.23131408691406,38.267167205810544,1.2932112927688053
2019-02-26,41.39241061710472,41.77128217748678,41.26373492448921,41.54014587402344,68280800,0.0005740011740975604,40.45407943725586,38.2955330657959,1.0905276323024096
2019-02-27,41.27328116060738,41.6998090360794,41.15890192366394,41.66883087158203,111341600,0.0030978465494282403,40.702498054504396,38.31769378662109,0.6785229600095709
2019-02-28,41.53776831669921,41.67835534148874,41.20416773449612,41.25897216796875,112861600,-0.009836097990759907,40.80502777099609,38.357614517211914,0.5900265872982214
2019-03-01,41.52823291281517,41.73553931695009,41.197017519159516,41.692649841308594,103544800,0.010511111900080916,40.915124130249026,38.41351654052735,0.5347181716764915
2019-03-04,41.86421353434797,42.35507912985598,41.45436381391855,41.902339935302734,109744800,0.005029425925007658,41.03475646972656,38.463504791259766,0.4671113808282338
2019-03-05,41.92379696336586,41.93809345893184,41.59019631110894,41.82609939575195,78949600,-0.0018194816725867202,41.09446277618408,38.53654899597168,0.48873414671398474
2019-03-06,41.62115992759418,41.816554994525454,41.44721323244979,41.585418701171875,83241600,-0.0057543184293327165,41.107375907897946,38.62404563903809,0.4985197472964836
2019-03-07,41.43054036805001,41.56636432916655,40.98971605951243,41.10409164428711,99185600,-0.011574418916965312,41.095510482788086,38.73086219787598,0.49547130706276493
2019-03-08,40.584626117481065,41.239908627013946,40.38923104211764,41.2017822265625,95997600,0.002376663207176666,41.127678298950194,38.8581396484375,0.4793901266146826
2019-03-11,41.81656454463562,42.68153514499979,41.783204847044914,42.629112243652344,128044000,0.03464243389378563,41.228830337524414,38.96489692687988,0.5686585547918317
2019-03-12,42.89123050226052,43.527449985065225,42.74111003200352,43.108070373535156,129870400,0.011235470425592364,41.36560611724853,39.08607353210449,0.6715363958999468
2019-03-13,43.42737051589921,43.67757008556457,43.110451545781046,43.29869842529297,124130000,0.004422096607572534,41.49451866149902,39.21068321228027,0.7798957045668063
2019-03-14,43.82053724326323,43.86819707283481,43.50123674636694,43.780029296875,94318000,0.011116520567298727,41.65595664978027,39.337753982543944,0.8993888085960449
2019-03-15,44.04691043760487,44.63785523657547,43.78241438212483,44.34952926635742,156171600,0.0130082135308911,41.83848285675049,39.4753604888916,1.0523748894422382
2019-03-18,44.27328067856524,44.89043693766361,44.2708955054987,44.80227279663086,104879200,0.010208530682576544,42.04817409515381,39.69666618347168,1.201622194556517
2019-03-19,44.88090335634377,45.03340534638429,44.30186992001534,44.44722366333008,126585600,-0.007924801826738603,42.234035873413085,39.88206665039063,1.272398368727482
2019-03-20,44.37574491965877,45.15255512807773,44.01831798035479,44.835636138916016,124140800,0.00873873424644045,42.42621250152588,40.076801223754885,1.3620465551583805
2019-03-21,45.27884124565531,46.782416507691266,45.22879987925223,46.486942291259766,204136800,0.0368302157513154,42.71251201629639,40.29118003845215,1.5782290404832262
2019-03-22,46.546512238552936,47.10648249507304,45.45993505954188,45.52427291870117,169630800,-0.020708382292108474,42.92792167663574,40.47415740966797,1.655358038479417
2019-03-25,45.63388069031745,45.74587473890536,44.46390611241121,44.97383499145508,175381200,-0.012091086621615843,43.10079765319824,40.64380073547363,1.6805293901445144
2019-03-26,45.66961879021226,45.96032623886354,43.982563700573884,44.50917053222656,199202000,-0.010331884290427973,43.2492488861084,40.81131614685059,1.66648900404003
2019-03-27,44.97622334144566,45.21688950575341,44.451997889288634,44.90950393676758,119393600,0.008994402720921446,43.411282539367676,40.997705154418945,1.662277354271748
2019-03-28,45.02387869438107,45.169232459544084,44.68551496674179,44.96907424926758,83121600,0.0013264522490357145,43.59678764343262,41.17071746826172,1.6158130795342847
2019-03-29,45.23356445269698,45.2931356005877,44.926175293457625,45.26215744018555,94256000,0.00651743883570699,43.77526302337647,41.340717468261715,1.5913720134297926
2019-04-01,45.66485812631572,45.67438790998863,44.8880516813076,45.56954574584961,111448000,0.006791287093866005,43.95862331390381,41.51249969482422,1.5754034151507552
2019-04-02,45.533814868772,46.336836646501396,45.52428508217058,46.231990814208984,91062800,0.014537012768438773,44.17891788482666,41.692975463867185,1.5695451915711254
2019-04-03,46.0485014625707,46.822926454826096,46.02467154689668,46.54890060424805,93087200,0.00685477273329238,44.42709197998047,41.896492919921876,1.529787438002353
2019-04-04,46.41545121424215,46.79194128270273,46.02228311605566,46.62990951538086,76457200,0.0017402969797619683,44.703382873535155,42.09868858337402,1.390722705153318
2019-04-05,46.81101273950768,46.965899923630765,46.68710371939616,46.94207000732422,74106400,0.006694426285352106,44.99039726257324,42.31291625976562,1.2107207729666263
2019-04-08,46.8038588026213,47.7117225101516,46.78479559908021,47.680747985839844,103526800,0.01573594812500545,45.24297904968262,42.5179061126709,1.2190898222979478
2019-04-09,47.73317589155191,48.336035677504945,47.47344289751336,47.53778076171875,143072800,-0.002998426622072947,45.464464569091795,42.72696495056152,1.2131859543691534
2019-04-10,47.34237670467407,47.833245973912184,47.2232344194669,47.804649353027344,86781200,0.0056138209868539235,45.689762115478516,42.94904876708984,1.2082027797490582
2019-04-11,47.85945441527274,47.895195644215804,47.285187764028926,47.40671157836914,83603200,-0.00832424837424317,45.871096229553224,43.11301544189453,1.1782797448197475
2019-04-12,47.46628769869107,47.69027578606465,46.75381913013985,47.38765335083008,111042800,-0.00040201538779072177,46.02300243377685,43.270954055786135,1.1675838652391954
2019-04-15,47.31856613921334,47.621188662173395,47.182742143734544,47.47344970703125,70146400,0.0018105213095485073,46.156561279296874,43.43022918701172,1.1733588024426338
2019-04-16,47.528251819139626,47.98337267920693,47.31379347996625,47.47821044921875,102785600,0.00010028220440849722,46.30811061859131,43.56715393066406,1.136111190451352
2019-04-17,47.54731494054126,48.46233071134388,47.3257119730381,48.40275955200195,115627200,0.01947312449301508,46.486466789245604,43.70866600036621,1.1722084126944403
2019-04-18,48.400362590881734,48.64579541672132,48.25739402484164,48.57669448852539,96783200,0.003593492150722799,46.59095439910889,43.85337188720703,1.2619549806274075
2019-04-22,48.33127546917908,48.83405622063803,48.21451468301467,48.736358642578125,77758000,0.0032868468250850658,46.75155868530273,44.01693054199219,1.322023017990752
2019-04-23,48.71251279943443,49.503619315451935,48.58622226846949,49.43928146362305,93292000,0.014422965535853871,46.97483100891113,44.193594741821286,1.3817169702849388
2019-04-24,49.4106933007407,49.6775708811361,49.33682565873371,49.363037109375,70162400,-0.001542181682072874,47.21752433776855,44.37340438842774,1.3517968487995708
2019-04-25,49.28440764800036,49.506010596011244,48.87693935413123,48.91506576538086,74172800,-0.009075036104475465,47.41780242919922,44.537296752929684,1.287024355409864
2019-04-26,48.82450236051047,48.84833226964961,48.16207160889918,48.68153381347656,74596400,-0.004774233628232705,47.60342540740967,44.699902038574216,1.1783983699690124
2019-04-29,48.705367877898986,49.079476422813116,48.576695801391914,48.755409240722656,88818800,0.001517524643515733,47.77808799743652,44.86103012084961,1.0667023039386765
2019-04-30,48.386062610715946,48.467078489226644,47.44483931736575,47.81656265258789,186139600,-0.019256254900853143,47.890438842773435,45.00519241333008,0.9316253333321736
2019-05-01,50.01117901340884,51.30506280144106,49.856291823259944,50.16368103027344,259309200,0.049085886719599126,48.08702335357666,45.19386627197266,0.9769679263777159
2019-05-02,50.00164001010491,50.671219159962654,49.59417537681596,49.837223052978516,127985200,-0.006507855296701726,48.25143947601318,45.37076866149902,0.9811803960881785
2019-05-03,50.25184691746729,50.47821659527701,50.094578184529375,50.45677185058594,83569600,0.012431447011981733,48.44278259277344,45.56468505859375,1.020667277250961
2019-05-06,48.679161066436805,49.7633567622048,48.490917825549325,49.677574157714844,129772400,-0.015442876432493091,48.57955780029297,45.73391494750977,0.9918588323539227
2019-05-07,49.05803373574075,49.42499041337888,47.854695800035216,48.33841323852539,155054800,-0.0269570513837476,48.612441062927246,45.87035690307617,0.9711783499530898
2019-05-08,48.109661555748396,48.92936120017659,48.073920318435675,48.34794616699219,105358000,0.0001972122754578809,48.65294933319092,46.00651290893555,0.940403181975451
2019-05-09,47.75223076687932,48.05723475366527,46.86104872008744,47.82848358154297,139634400,-0.010744253409545323,48.6541410446167,46.12970596313477,0.939286046462221
2019-05-10,47.223299584031466,47.56536064029775,46.11101077401089,47.165889739990234,164834800,-0.013853540650584861,48.642099952697755,46.2478443145752,0.9574862697672066
2019-05-13,44.90064671970861,45.32403198718554,43.738123877782556,44.42463302612305,229722400,-0.05811947424248365,48.4939489364624,46.30248397827148,1.3217459686387851
2019-05-14,44.5896940858481,45.37666791392155,44.350491826259756,45.127899169921875,146118800,0.01583054481024715,48.376671409606935,46.36699516296387,1.5079967139098671
2019-05-15,44.55619868228515,45.86702583004832,44.496398127096036,45.668487548828125,106178800,0.0119790282474872,48.2861852645874,46.44384292602539,1.6152285250037106
2019-05-16,45.42689206250881,46.03924912918253,45.17094394873877,45.46755599975586,132125600,-0.004399785494481945,48.139425086975095,46.52148567199707,1.7331232978453206
2019-05-17,44.7140592058034,45.663692098249506,44.67339527551436,45.20920944213867,131516400,-0.005681997897986291,47.97105083465576,46.6035880279541,1.8481651265366863
2019-05-20,43.89839489959819,44.09693319133087,43.123378349333606,43.795536041259766,154449200,-0.03126958905769428,47.72400970458985,46.65546310424805,2.0587069742936164
2019-05-21,44.30502784653766,44.97000961156489,44.18064169158754,44.635128021240234,113459200,0.01917072048597568,47.483802032470706,46.6955834197998,2.127170743222292
2019-05-22,44.171075781629334,44.422238802588666,43.66635903186872,43.72137451171875,118994400,-0.020471622912936693,47.20171890258789,46.70784950256348,2.236128828048384
2019-05-23,43.008562935243226,43.18557025463366,42.53254916971738,42.975074768066406,146118800,-0.01706944834161861,46.90471935272217,46.70137702941894,2.386033474554367
2019-05-24,43.10423814743245,43.56829102566304,42.72629821206873,42.810020446777344,94858800,-0.003840698874402193,46.61114368438721,46.681976852416994,2.513706794586116
2019-05-28,42.7980571514169,43.19752438710172,42.55646424358909,42.63300704956055,111792800,-0.004134858973890543,46.3050235748291,46.64764640808105,2.6097914921106176
2019-05-29,42.200059369611644,42.900923841188686,42.099594865311815,42.42969512939453,113924800,-0.0047688852895050315,46.03568019866943,46.60019485473633,2.7211812847436936
2019-05-30,42.5660389538605,42.87221753680418,42.259860370916826,42.64976119995117,84873600,0.005186605038888903,45.65998420715332,46.56424560546875,2.6387081283289935
2019-05-31,42.15461188376971,42.575610183606656,41.858003426997364,41.877140045166016,108174400,-0.018115486067153852,45.261980056762695,46.50507568359375,2.5750347023510223
2019-06-03,42.00391264942133,42.558859919788816,40.72896433762629,41.4537467956543,161584400,-0.010110366874506616,44.811828804016116,46.40441177368164,2.4001022613167944
2019-06-04,41.96563498785348,43.01573251076257,41.74556939956014,42.97028350830078,123872000,0.03658382727434106,44.47646427154541,46.35333198547363,2.1388111585537546
2019-06-05,44.080184117507756,44.250019297013125,43.32908930449805,43.663970947265625,119093600,0.016143422438226196,44.24274215698242,46.327134704589845,1.9408181306488819
2019-06-06,43.79314958363369,44.36484283100569,43.57068958699141,44.3050422668457,90105200,0.014681928960476931,44.0405969619751,46.323052139282225,1.6843342125451393
2019-06-07,44.61360655057878,45.90769148933359,44.43659923654732,45.48430252075195,122737600,0.026616840737983205,43.923387908935545,46.33454811096191,1.475485549108006
2019-06-10,45.88138027302039,46.732939648630975,45.83593126422042,46.06556701660156,104883600,0.01277945277020387,43.86837177276611,46.356477966308596,1.364564171931291
2019-06-11,46.61094460560243,46.8836349896468,46.309551123217446,46.59898376464844,107731600,0.011579511174900636,43.97708930969238,46.383214492797855,1.4918920769943347
2019-06-12,46.393273742142995,46.87646328917654,46.259321071663166,46.45068359375,73012800,-0.003182476503080789,44.04322853088379,46.40083724975586,1.5727266774065016
2019-06-13,46.57267065219424,47.072602406865755,46.30955040496847,46.44110870361328,86698400,-0.00020613023094473437,44.08185958862305,46.40501960754395,1.6234211781169594
2019-06-14,45.81918104965697,46.30715192007323,45.520178306772145,46.10383224487305,75046000,-0.0072624549274378225,44.11367340087891,46.396118240356444,1.6578744574304478
2019-06-17,46.14209859491775,46.634858146675334,45.96748202726741,46.378910064697266,58676400,0.005966484919587289,44.17215843200684,46.391098251342775,1.7180940260326536
2019-06-18,46.89559690653218,47.90981200382238,46.69466791366559,47.46968078613281,106204000,0.02351867950139308,44.35586566925049,46.401650466918944,1.8657852422523573
2019-06-19,47.76389181421512,47.811735172431156,47.19698378872574,47.330936431884766,84496800,-0.00292279939427309,44.49065608978272,46.394654235839845,1.9808507776899702
2019-06-20,47.928952089147415,47.98636194123762,47.36921971853001,47.711280822753906,86056000,0.00803585180311206,44.690151405334475,46.39812423706055,2.096818243406439
2019-06-21,47.553395753002754,48.04376096889122,47.39791214068236,47.54861068725586,191202400,-0.0034094690541291994,44.91882820129395,46.39300346374512,2.1486804791270684
2019-06-24,47.491204251365325,47.87871430604713,47.402700603352024,47.50077438354492,72881600,-0.0010060505032538636,45.15336589813232,46.39488471984863,2.1623445553382497
2019-06-25,47.46490726173989,47.66344559461407,46.71381223914871,46.780792236328125,84281200,-0.015157271782630377,45.360755157470706,46.3827474975586,2.1060695146087087
2019-06-26,47.30701856626707,48.07724991703019,47.206554083550465,47.792598724365234,104270000,0.021628673642926977,45.628900337219235,46.389130477905276,2.054004570078086
2019-06-27,47.90982142160545,48.21600368750745,47.73759914382003,47.778263092041016,83598800,-0.0002999550705935494,45.88532543182373,46.39513153076172,1.9813495450521048
2019-06-28,47.52470316986103,47.72085077463874,47.13480596879721,47.34291076660156,124442400,-0.009111932859526162,46.158613967895505,46.37393455505371,1.764480642378834
2019-07-01,48.59871092795432,48.91445958647006,47.99592035711078,48.211204528808594,109012000,0.01834052338876413,46.496486854553225,46.36662475585938,1.4317570721763033
2019-07-02,48.177720388644275,48.5891485023053,48.165759547562075,48.493465423583984,67740800,0.005854674188999542,46.77264595031738,46.36176689147949,1.2349552389798224
2019-07-03,48.625025041282115,48.90250048134883,48.48389661312159,48.89532470703125,45448000,0.008286874941542788,47.034213638305665,46.35088775634765,1.0870221545460492
2019-07-05,48.641776546255905,49.055595395919944,48.534132619231094,48.852272033691406,69062000,-0.0008805069523069031,47.26157512664795,46.340672454833985,0.9534927800796356
2019-07-08,48.0341982544595,48.17532669133114,47.46011437400138,47.84523010253906,101354400,-0.020614024470710923,47.379621505737305,46.31927574157715,0.8638066735008533
2019-07-09,47.64908366307894,48.20164023244244,47.555794939029724,48.13705825805664,82312000,0.006099420044425541,47.483196067810056,46.30838623046875,0.8210870474297887
2019-07-10,48.28297103527144,48.73266874059022,48.21360034539757,48.613067626953125,71588400,0.009888626063201844,47.58390026092529,46.30553939819336,0.8303913631079213
2019-07-11,48.63220334558516,48.890542184265826,48.24948197897164,48.25904846191406,80767200,-0.007282386862638157,47.6743185043335,46.314389114379885,0.7983398038651746
2019-07-12,48.426498389723854,48.79726263482881,48.3666978227694,48.62982177734375,70380800,0.007682980233692405,47.78375415802002,46.28371192932129,0.7699022238829729
2019-07-15,48.81878382184684,49.2445635130071,48.79725649643611,49.086692810058594,67789600,0.009394873680735882,47.9328971862793,46.26870132446289,0.7142488837784506
2019-07-16,48.93837836621987,49.30196674070282,48.6776488381085,48.91685104370117,67467200,-0.003460036857944937,48.05979423522949,46.2379029083252,0.6458006002525079
2019-07-17,48.80921022118632,49.05797890617675,48.62263279495951,48.64176940917969,56430000,-0.005623453445025128,48.118398666381836,46.217186813354495,0.6426049586077944
2019-07-18,48.797247972159944,49.246949268510306,48.725486583390186,49.1943244934082,74162400,0.011359683065399251,48.21156806945801,46.23430503845215,0.6573387488811014
2019-07-19,49.2254225596,49.39525773939744,48.40496070844038,48.45997619628906,83717200,-0.014927500370851554,48.249002838134764,46.236545639038084,0.6486091360090649
2019-07-22,48.71353210630533,49.56987651762095,48.7039656231899,49.56748580932617,89111600,0.022854109720382487,48.34994659423828,46.27132568359375,0.6896695531140112
2019-07-23,49.864099833734244,49.971740110187,49.58423000504602,49.954994201660156,73420800,0.007817793983431631,48.47265758514404,46.32710777282715,0.7466120809945151
2019-07-24,49.67511970294401,50.02913793173765,49.55551860470898,49.91432189941406,59966400,-0.00081417890034996,48.62933406829834,46.436901550292966,0.7002330296068588
2019-07-25,49.96695653329002,50.050678778547585,49.450278810987754,49.519649505615234,55638400,-0.007906997005672212,48.71568660736084,46.52473655700683,0.6981026896781896
2019-07-26,49.62967672847252,50.1678817358878,49.54834884778114,49.691871643066406,70475600,0.003477854531899416,48.81136703491211,46.6052042388916,0.6939846590870556
2019-07-29,49.864098572785444,50.385557683272346,49.85931350619357,50.155921936035156,86693600,0.00933855533359651,48.952017593383786,46.698971557617185,0.665166853311441
2019-07-30,49.93583917211204,50.27072436973993,49.58899678701558,49.94062423706055,135742800,-0.004292567869636277,49.03848857879639,46.79359985351562,0.676114533471351
2019-07-31,51.76814131769529,52.95219151502836,50.54342718307284,50.95963668823242,277125600,0.020404479654374752,49.16179714202881,46.93688186645508,0.7872385503636745
2019-08-01,51.16534697675198,52.1532531893489,49.45266207044621,49.856910705566406,216071600,-0.02163920416882914,49.209876441955565,47.041317520141604,0.7993776886911421
2019-08-02,49.163241840121984,49.37852242130375,48.230354455085056,48.80204772949219,163448400,-0.02115780863968464,49.20736522674561,47.14293098449707,0.800638111174279
2019-08-05,47.35964892958403,47.51751962109188,46.0655640412733,46.24735641479492,209572000,-0.052348035247574365,49.1274715423584,47.20837661743164,0.998893766290834
2019-08-06,46.957790753154114,47.3787890279519,46.4148006509655,47.122840881347656,143299200,0.018930475910892586,49.07676067352295,47.294633026123044,1.0746891873648918
2019-08-07,46.74251896551608,47.735206979322264,46.362188211787306,47.61082077026367,133457600,0.010355485361010386,49.026648330688474,47.39418930053711,1.1198666217523348
2019-08-08,47.888281812721345,48.684825611688794,47.694528606203654,48.66090393066406,108038000,0.022055556770746554,49.04674110412598,47.5188134765625,1.1089209733245722
2019-08-09,48.33435204748465,48.6849121066314,47.85172652260763,48.259918212890625,98478800,-0.008240408323380022,49.02824592590332,47.63101661682129,1.1192769254553987
2019-08-12,47.93096696496544,48.514438725738295,47.818114477569125,48.1374626159668,89927600,-0.0025374182439272808,48.98078441619873,47.756223068237304,1.1366586037987847
2019-08-13,48.267131545137225,50.937165649678846,48.13746950693572,50.1760139465332,188874000,0.04234854144327582,49.04374256134033,47.930668411254885,1.167387421450979
2019-08-14,48.78096824288931,49.568532297848215,48.64410316767906,48.68252182006836,146189600,-0.029765061211444288,49.045780181884766,48.04491317749024,1.1666842222477471
2019-08-15,48.852993722567405,49.25637851041577,47.94297083087483,48.44000244140625,108909600,-0.004981651927532971,49.008064079284665,48.14043380737305,1.1738004085887974
2019-08-16,49.049880924057916,49.741401862998586,48.94423148463047,49.58292770385742,110481600,0.023594657408072317,49.06421165466308,48.24599151611328,1.1730607163317412
2019-08-19,50.57218589365761,51.078820332819284,50.430521259871156,50.50735855102539,97654400,0.018644135995544486,49.11120529174805,48.34645263671875,1.2124480996165692
2019-08-20,50.634620585098965,51.2276951856261,50.50015898015101,50.509761810302734,107537200,4.7582359210318614e-05,49.138943672180176,48.43533653259277,1.2388273263800709
2019-08-21,51.14126462439481,51.29973516626406,50.80751034118719,51.05722427368164,86141600,0.010838745695039842,49.196088790893555,48.52450134277344,1.3012635059434976
2019-08-22,51.189283823360064,51.48942268562583,50.60341217800857,51.01400375366211,89014800,-0.0008465113533758784,49.2708065032959,48.61576774597168,1.3622913373956345
2019-08-23,50.28645752648354,50.91555099493653,48.262323049739784,48.656105041503906,187272000,-0.046220616667221215,49.219018173217776,48.66006767272949,1.3651265120372793
2019-08-26,49.429257136875236,49.748605248722136,49.237167578736795,49.580528259277344,104174400,0.018999120808887104,49.19024848937988,48.72960159301758,1.3503251941828316
2019-08-27,49.909498066929366,50.075175327654954,48.86981646689928,49.021087646484375,103493200,-0.011283474227370416,49.14427165985107,48.78244514465332,1.3390385144778247
2019-08-28,49.00666433648422,49.39564304574739,48.819378019890564,49.35002136230469,63755200,0.006710045239967322,49.06379089355469,48.820051956176755,1.2708202572967848
2019-08-29,50.06316781843114,50.26006069269831,49.62136424313561,50.18562316894531,83962000,0.016932146807111303,49.080226516723634,48.87714569091797,1.283678194311893
2019-08-30,50.46174203034494,50.53137262674945,49.75101166966507,50.120784759521484,84573600,-0.0012919717905176542,49.146163368225096,48.92533576965332,1.3023700879905011
2019-09-03,49.56611865080238,49.69818045135938,49.03547532102372,49.390838623046875,80092000,-0.01456374116999315,49.303337478637694,48.96218032836914,1.1095257233123035
2019-09-04,50.03674646797927,50.2984666588224,49.77982952447207,50.22883605957031,76752400,0.016966657377880834,49.45863723754883,49.016741561889646,1.000250526336685
2019-09-05,50.90355741269659,51.37657661194727,50.78590164498993,51.210899353027344,95654800,0.019551782810422358,49.63864116668701,49.105343704223635,0.9738012800568394
2019-09-06,51.395778829958495,51.484618759601176,51.02600570478871,51.20608901977539,77449200,-9.39318253091459e-05,49.765900421142575,49.17361351013184,1.0051057561617442
2019-09-09,51.58545739982879,51.96963654756328,50.68024137405337,51.424583435058594,109237600,0.004266961595110752,49.924133682250975,49.24653991699219,1.004647245527705
2019-09-10,51.3501518092004,52.05127566981013,50.833914491991756,52.032066345214844,127111600,0.01181308373500789,50.118863868713376,49.340323028564455,1.0174735318704191
2019-09-11,52.36102145030546,53.71524770381324,52.27938090410862,53.686431884765625,177158400,0.031795115123328666,50.294384765625,49.44982757568359,1.2932602433953075
2019-09-12,53.97697494678176,54.36595374868243,53.51115883577232,53.566383361816406,128906800,-0.00223610545038444,50.5385778427124,49.551285934448245,1.4270541347394452
2019-09-13,52.8244384765625,53.01412462083623,52.10890847215429,52.52429962158203,159053200,-0.01945406194768795,50.74279270172119,49.62386543273926,1.4029702450491413
2019-09-16,52.27937831072937,52.855647033642335,52.23855987155783,52.800418853759766,84632400,0.005256980753043372,50.903667259216306,49.702828369140626,1.446758823327979
2019-09-17,52.81483950835231,53.02133520223491,52.61314339856129,52.99251937866211,73274800,0.0036382386555380286,51.02792530059814,49.805774154663084,1.5159945863747546
2019-09-18,53.07895237436418,53.508753239988586,52.6899736146539,53.48954391479492,101360000,0.00937914524465766,51.17691440582276,49.912823867797854,1.6061341272890015
2019-09-19,53.307056774538246,53.72725114264616,52.91327477040642,53.0549430847168,88242400,-0.008124967952062079,51.276800346374515,50.00166137695312,1.659530558711103
2019-09-20,53.15578449922015,53.43911377467882,52.216949430695024,52.27937698364258,221652400,-0.014618168562273492,51.34006900787354,50.08206794738769,1.6730500232323962
2019-09-23,52.57231436011538,52.78601305088982,52.26016925822585,52.51708984375,76662000,0.00454697193851028,51.53311824798584,50.15981330871582,1.566410353536793
2019-09-24,53.07174949586762,53.42231327005474,52.149723866608696,52.26737594604492,124763200,-0.004754907372972017,51.66746063232422,50.22342697143554,1.5041128823861158
2019-09-25,52.4762724285388,53.18459931647141,52.13771495764018,53.071746826171875,87613600,0.015389540139862712,51.86999359130859,50.30652488708496,1.3979890339300696
2019-09-26,52.824431771617654,53.05013674812319,52.543502278670516,52.79801940917969,75334000,-0.005157686214639523,52.04239349365234,50.389649887084964,1.278354839090731
2019-09-27,52.95409101125522,53.054940879557066,52.17133028274097,52.54110336303711,101408000,-0.00486601673732312,52.16016750335693,50.45658546447754,1.2046692480287724
2019-09-30,53.040529136604164,53.92413970007018,53.01411677472275,53.777671813964844,103909600,0.023535258526711234,52.3430118560791,50.56293937683105,1.1553520543041385
2019-10-01,54.04180778638815,54.798156296373676,53.832908635098924,53.926551818847656,139223200,0.0027684352977912496,52.56979751586914,50.650120697021485,0.9767175512758487
2019-10-02,53.55917160743665,53.68403038252034,52.3274007167669,52.5747184753418,138449200,-0.02506804714766475,52.68709163665771,50.70251518249512,0.8068891460081451
2019-10-03,52.44745145389446,53.05493574126126,51.655087971892826,53.02132034301758,114426000,0.008494612631834597,52.77761268615723,50.76465515136719,0.7305014768825582
2019-10-04,54.17865555013315,54.622862444828854,53.75846122523863,54.507606506347656,138478800,0.028031858763883255,52.94268856048584,50.864414291381834,0.7297154039694514
2019-10-07,54.32992525189106,55.208728860944525,54.22667560102354,54.51961135864258,122306000,0.00022024178026458507,53.09743995666504,50.96096908569336,0.718927904010184
2019-10-08,54.221885178414524,54.75973164617533,53.86411835463812,53.880924224853516,111820000,-0.011714814502026272,53.189882850646974,51.035469131469725,0.6931318013075867
2019-10-09,54.51240539550781,54.694888454476924,54.17865121925164,54.51240539550781,74770400,0.011719939472809138,53.23118152618408,51.12690475463867,0.7468035573468612
2019-10-10,54.72850967565127,55.331190753868945,54.577242206069194,55.24715042114258,113013600,0.01347849210292451,53.31521987915039,51.212655029296876,0.8707866054229194
2019-10-11,55.93387599775765,57.05999756214249,55.780205051339095,56.71664047241211,166795600,0.026598476845733687,53.52483692169189,51.34984962463379,1.134911033829496
2019-10-14,56.40208648570823,57.17764784685901,56.34686196781524,56.63499450683594,96427600,-0.0014395416388579552,53.716565704345705,51.50650856018066,1.3156054876742704
2019-10-15,56.759865746223106,57.062404429050815,56.397299285260985,56.50294876098633,87360000,-0.00233152217987187,53.89208717346192,51.71162040710449,1.4420210582986368
2019-10-16,56.034714997954104,56.48372515630135,55.99389655879597,56.27482604980469,73903200,-0.004037359397765727,54.031351280212405,51.89466011047363,1.5327406408150082
2019-10-17,56.447706408334824,56.70222353757521,56.07073396138555,56.49332809448242,67585200,0.003882767127247222,54.203270530700685,52.072310256958005,1.6084221733068358
2019-10-18,56.32764839764216,57.04558173135252,56.25561435236558,56.764652252197266,97433600,0.004802764624896261,54.42753429412842,52.23438522338867,1.6384659239536015
2019-10-21,57.03118520017032,57.864370947488375,56.983163716549996,57.749114990234375,87247200,0.01734288327290856,54.68913555145264,52.42416915893555,1.7323734412842609
2019-10-22,57.90518270314261,58.15489658740651,57.53540962798938,57.61705017089844,82293600,-0.002286871744411445,54.95661926269531,52.61376091003418,1.751661628854913
2019-10-23,58.130884866797174,58.40461130875165,57.91958597693626,58.390201568603516,75828800,0.013418795224882762,55.2225419998169,52.77804466247559,1.8513223735476612
2019-10-24,58.70954569740127,58.77917994672948,58.061246659419666,58.486244201660156,69275200,0.001644841608292813,55.50695323944092,52.974119110107424,1.8956479699075914
2019-10-25,58.38541307794069,59.24260775751769,58.318182266358356,59.20659255981445,73477200,0.012316543282733905,55.84022769927979,53.189450912475586,1.932352964248388
2019-10-28,59.408273742307344,59.84767739008357,59.24019674518622,59.79965591430664,96572800,0.010016846584998795,56.141326904296875,53.39378547668457,2.0590684144843516
2019-10-29,59.7804471734003,59.967733495416816,58.24373795075097,58.4166145324707,142839600,-0.023127915381617736,56.36583003997803,53.551970596313474,2.0496362184055332
2019-10-30,58.76958279527963,58.89924482176762,57.91719144782321,58.40941619873047,124522000,-0.00012322408270049046,56.65756492614746,53.709963684082034,1.890707143466557
2019-10-31,59.36505627876599,59.828468838504534,56.968745403896456,59.73002243041992,139162000,0.022609474938017904,56.99300003051758,53.8834196472168,1.804790158484613
2019-11-01,59.91731948128368,61.451629192015126,59.826079758935535,61.42522048950195,151125200,0.028381004896771644,57.338880729675296,54.09164398193359,1.959629541697147
2019-11-04,61.78777973024419,61.91264217896342,61.31956753037255,61.8286018371582,103272000,0.006567031334062445,57.70433025360107,54.35509391784668,2.083785265466524
2019-11-05,61.720540736224365,61.99427084278033,61.54526436432109,61.73975372314453,79897600,-0.0014370066825654115,58.09727172851562,54.59827842712402,2.0657508954965267
2019-11-06,61.65332181124007,61.82620208877956,61.317167751471324,61.76617431640625,75864400,0.00042793486641024003,58.45996017456055,54.85318016052246,2.0398391303786663
2019-11-07,62.31284456311313,62.70058775080912,62.161119287475856,62.47901916503906,94940400,0.011541023165546171,58.82155361175537,55.11576011657715,2.0809110132912
2019-11-08,62.300826541440614,62.72228251352526,61.857696572744686,62.6500358581543,69986400,0.0027371859449889513,59.11822338104248,55.36504837036133,2.1853577354523717
2019-11-11,62.206886797370636,63.211159215108815,62.20207280445758,63.14613723754883,81821200,0.007918612856307794,59.443780517578126,55.625555419921874,2.2789413010255952
2019-11-12,62.98957591733283,63.28821244931404,62.83785800505247,63.08831787109375,87388800,-0.0009156437588188071,59.7730489730835,55.89950500488281,2.307239206927177
2019-11-13,62.88844372983046,63.767478813815906,62.87399440184441,63.69282150268555,102734400,0.009581863203691032,60.14394874572754,56.16878471374512,2.3115206049786554
2019-11-14,63.51942564466405,63.79156691909785,63.122054404391484,63.252105712890625,89182800,-0.006919394986707239,60.481887626647946,56.40960884094238,2.242754151367509
2019-11-15,63.50254460728658,64.00829299536413,63.34119137298703,64.00347900390625,100206400,0.011879024145476036,60.843828964233396,56.665556640625,2.1948829707238287
2019-11-18,64.01313169523063,64.40568896392628,63.635031105699284,64.32621765136719,86703200,0.0050425172581827216,61.17268409729004,56.92358932495117,2.1995164093494544
2019-11-19,64.51888524762629,64.5429699152776,63.9144019823477,64.13114929199219,76167200,-0.003032486076396168,61.498389053344724,57.16557098388672,2.1263742997082677
2019-11-20,63.95051231825009,64.08055626785473,62.71263267859767,63.38455581665039,106234400,-0.01164166685899426,61.74810676574707,57.35953346252441,2.033372910729511
2019-11-21,63.504983523819924,63.58205151905622,62.900492919948576,63.10038757324219,121395200,-0.004483241063173216,61.97881393432617,57.55021354675293,1.9012724621370751
2019-11-22,63.24005618724747,63.382146145276415,62.81860030594543,63.04498291015625,65325200,-0.000878039980683587,62.17073345184326,57.76062721252441,1.7976116529553572
2019-11-25,63.26894500831201,64.16725062153702,63.2231863603436,64.150390625,84020400,0.0175336349352182,62.38827018737793,57.98762664794922,1.758398413779374
2019-11-26,64.28765514721636,64.34063844862932,63.21836113659471,63.649452209472656,105207600,-0.007808813175521401,62.64991207122803,58.20076530456543,1.5077822087957573
2019-11-27,63.9601500849875,64.53815268116317,63.89512810024147,64.50443267822266,65235600,0.013432644572277441,62.95466289520264,58.421063079833985,1.1875387359198615
2019-11-29,64.20578830500924,64.54295150714015,64.03720302914049,64.3623275756836,46617600,-0.0022030284840725,63.18627815246582,58.64721076965332,0.9543534023374788
2019-12-02,64.36715170309243,64.60316965655018,63.44717925305146,63.618167877197266,94487200,-0.011562038330749758,63.295925521850585,58.87398658752441,0.8629744048254725
2019-12-03,62.20929663764317,62.50311189277975,61.72281877405297,62.483848571777344,114430400,-0.017830115881512176,63.328687858581546,59.07332176208496,0.8154667506634053
2019-12-04,62.87400512239632,63.41346639147771,62.780077124864164,63.03535842895508,67181600,0.008826438668293468,63.39346809387207,59.28868141174316,0.7295324853758608
2019-12-05,63.5290601576945,64.03480870676835,63.27377888666242,63.96014404296875,74424400,0.014670902760963278,63.503166580200194,59.5064493560791,0.6301418692479392
2019-12-06,64.41771253552191,65.2654380891989,64.37435721234547,65.19559478759766,106075600,0.01931594687777638,63.63899536132813,59.75440086364746,0.6879008070233912
2019-12-09,65.02463432244109,65.2172969657752,63.798800431426635,64.28287506103516,128042400,-0.01399971469753547,63.72063732147217,59.98923629760742,0.6607083464146895
2019-12-10,64.68744509771174,65.04146825890689,64.02756074204926,64.6585464477539,90420400,0.005844035232743794,63.79625778198242,60.206853790283205,0.6778227125450751
2019-12-11,64.73803916107421,65.28954641231785,64.66338184077233,65.21006774902344,78756800,0.008529751000746266,63.90234527587891,60.43252410888672,0.7255494303392858
2019-12-12,64.48999124414951,65.64116788478415,64.3792105844826,65.37625122070312,137310400,0.002548432740773876,63.98651676177978,60.688554763793945,0.794349097435225
2019-12-13,65.37623737672222,66.30103115854632,65.2485967405498,66.26490783691406,133587600,0.013592957681390017,64.13715686798096,60.95342651367187,0.9230007342735691
2019-12-16,66.71046260860425,67.62321792745732,66.70564861456403,67.39923858642578,128186000,0.017118121590140145,64.30694484710693,61.21125915527344,1.175034713110424
2019-12-17,67.32939453528536,67.85922045100963,67.14394921761478,67.53169250488281,114158400,0.00196521386939974,64.46721858978272,61.47150077819824,1.3787541578273077
2019-12-18,67.38476487826064,67.89051335467951,67.22100094482415,67.37031555175781,116028400,-0.0023896476919089693,64.629176902771,61.741288604736326,1.5201924570261778
2019-12-19,67.31251420192149,67.71711001890772,67.18005960040058,67.437744140625,98369200,0.001000864970201576,64.83183631896972,61.99979537963867,1.6128802044403656
2019-12-20,67.97000364021376,68.07114894305518,67.08614715319112,67.29808044433594,275978000,-0.0020710019006244806,65.04172096252441,62.24081398010254,1.6484391752975212
2019-12-23,67.5605836287108,68.45647873677,67.52204963647512,68.39627075195312,98572000,0.016318300616694925,65.30928535461426,62.47440658569336,1.7390849066791891
2019-12-24,68.56242581281376,68.6105951267645,68.13615604781086,68.46127319335938,48478800,0.0009503799065593288,65.52482948303222,62.71093215942383,1.8514107687113597
2019-12-26,68.59373903978289,69.8364324445343,68.56484038960824,69.81957244873047,93121200,0.019840403077733715,65.83333549499511,62.97726463317871,2.028104804859534
2019-12-27,70.11099839799601,70.79737094783557,69.38850252439819,69.79309844970703,146266000,-0.0003791773294354872,66.09776878356934,63.24763008117676,2.184469266740611
2019-12-30,69.71120040665178,70.48909009721564,68.69007549241081,70.20731353759766,144114400,0.005934900399773957,66.39001808166503,63.52190979003906,2.3264454751032044
2019-12-31,69.82440364292783,70.72752343141342,69.72566166410049,70.72029876708984,100805600,0.007306720676863332,66.74512462615967,63.80102272033692,2.421187035141747
2020-01-02,71.34406195339083,72.39409318664748,71.09119131937346,72.3338851928711,135480400,0.02281645374682917,67.23762645721436,64.09271812438965,2.5089880169225904
2020-01-03,71.56320547713457,72.38925722098051,71.40666619485818,71.6306381225586,146322800,-0.00972223555305185,67.66739044189453,64.37298988342285,2.4873463959145994
2020-01-06,70.75402846338375,72.23995764322866,70.5035611498287,72.20142364501953,118387200,0.007968455083205317,68.07945442199707,64.64921432495117,2.5232476621133513
2020-01-07,72.21104883104543,72.46633010238772,71.64268897397623,71.86184692382812,108872000,-0.004703185949088029,68.41276702880859,64.91672637939453,2.5622430273477175
2020-01-08,71.56560624404386,73.31886213203573,71.56560624404386,73.017822265625,132079200,0.01608607893173386,68.84951438903809,65.19295097351075,2.565687126882374
2020-01-09,73.99320238999518,74.76145686133366,73.74274246581768,74.56879425048828,170108400,0.0212410057810426,69.3450267791748,65.48833374023438,2.6686045782007417
2020-01-10,74.80239504412852,75.30091887725054,74.23643856809193,74.73736572265625,140644800,0.0022606168419689876,69.82139167785644,65.81474876403809,2.7409998201532306
2020-01-13,75.05287832688332,76.36059415429726,74.93486566437117,76.33409881591797,121532000,0.021364588888335367,70.3692840576172,66.17324241638184,2.896466810060491
2020-01-14,76.27147084582813,76.48099343710987,75.18050255877637,75.3033218383789,161954400,-0.013503493111575393,70.82120475769042,66.48470840454101,2.927321911808001
2020-01-15,75.10344034713454,75.98247543934815,74.54952248725758,74.9806137084961,121923600,-0.004285443483827089,71.20027351379395,66.7558162689209,2.951645623406838
2020-01-16,75.52249718552835,76.03065646802948,75.16124922768141,75.91986846923828,108829200,0.012526634743131648,71.61968231201172,67.0376416015625,2.998508760608035
2020-01-17,76.16790133072386,76.76275640961391,75.86204746774389,76.7603530883789,137816400,0.011070680654316156,72.08918418884278,67.33805358886718,3.033070173605627
2020-01-21,76.3894803308505,76.83019952815127,76.10288974668396,76.24016571044922,110843200,-0.006776771562407524,72.52930526733398,67.62753341674805,2.96036449283399
2020-01-22,76.72424743670398,77.0638214037391,76.41839347401398,76.51232147216797,101832400,0.0035697162930150572,72.99001731872559,67.90819946289062,2.8169131456397385
2020-01-23,76.56528622859716,76.96024675038308,76.01859307367198,76.88077545166016,104472000,0.004815616261574451,73.41424255371093,68.19281425476075,2.726103292447562
2020-01-24,77.1264324079885,77.86819158420508,76.46895853504518,76.65921783447266,146537600,-0.0028818337989684473,73.8241397857666,68.46307586669921,2.553004301767352
2020-01-27,74.67235687385795,75.08417746726008,73.42484908589569,74.40503692626953,161940000,-0.029405216644272203,74.05341300964355,68.68941024780274,2.374074290941275
2020-01-28,75.28403917919199,76.68086099531219,75.18529723690415,76.50987243652344,162234000,0.028288884693917327,74.38925170898438,68.94575126647949,2.2090305824055663
2020-01-29,78.13792264122904,78.95674973344263,77.39856685210137,78.1114273071289,216229200,0.0209326563958685,74.78445739746094,69.24293769836426,2.1270035725614496
2020-01-30,77.19627050016777,78.05122092954578,76.76517927864235,77.99823760986328,126743200,-0.0014490798743258537,75.1483543395996,69.5228328704834,2.014700159837622
2020-01-31,77.29019858022654,77.71165450707113,74.24608645041388,74.53990173339844,199588400,-0.044338641262165135,75.25865516662597,69.72710655212403,1.9101800754764504
2020-02-03,73.2851511845041,75.49839714349714,72.78422401879573,74.3351821899414,173788400,-0.0027464423576681884,75.39388236999511,69.93118721008301,1.7267483471024434
2020-02-04,75.93672133535755,76.97952779146334,75.53212542449515,76.78926849365234,136616400,0.03301379281536243,75.62327461242675,70.19928146362305,1.578714182589328
2020-02-05,77.91394467954083,78.21258127557842,76.81334832632962,77.4154281616211,118826800,0.008154260097171129,75.90095367431641,70.48558227539063,1.3548313896834427
2020-02-06,77.68515330009288,78.32335641079244,77.12883215929374,78.3209457397461,105425600,0.011696861977363637,76.16610984802246,70.79110153198242,1.2776119323263446
2020-02-07,77.82126159942887,78.0699069624119,76.76632925971391,77.25637817382812,117684000,-0.013592373736847296,76.30048904418945,71.05322128295899,1.2415962832221403
2020-02-10,75.84414097834794,77.62328338623047,75.76448107418051,77.62328338623047,109348800,0.004749189919009744,76.44478492736816,71.33269790649415,1.2178425616568975
2020-02-11,78.11817322586252,78.19059132825674,76.93770658748598,77.15496826171875,94323200,-0.0060331785011144,76.4858283996582,71.58570861816406,1.227708331885629
2020-02-12,77.60399117788235,78.99206144129231,77.60399117788235,78.98723602294922,113730400,0.023747890803547556,76.67002410888672,71.87820678710938,1.3142587336368112
2020-02-13,78.26059867524006,78.75064746940821,78.05782062596876,78.42475128173828,94747600,-0.007121210584549509,76.84223098754883,72.1743384552002,1.3068664839164035
2020-02-14,78.39337649475979,78.6927218682662,77.93712767417983,78.44407653808594,80113600,0.00024641782131040735,76.96844139099122,72.49354301452637,1.33469246137839
2020-02-18,76.12899353565957,77.18875828805763,75.94794093607852,77.00770568847656,152531200,-0.01831076243101659,76.98080902099609,72.7729899597168,1.3338084992484365
2020-02-19,77.24911404532844,78.3523297233802,77.24911404532844,78.12299346923828,93984000,0.014482807542318676,77.07495040893555,73.05624694824219,1.3451792665226323
2020-02-20,77.88400744802773,78.3716398349872,76.81700080414447,77.321533203125,100566000,-0.010258954893079819,77.1154109954834,73.29876571655274,1.3395236485445323
2020-02-21,76.91596913601705,77.35774159273006,74.95577422235982,75.57135009765625,129554000,-0.022635131934994,77.0499397277832,73.52453521728516,1.3828934002963205
2020-02-24,71.75963279569704,73.43014149606624,69.82116228226818,71.98171997070312,222195200,-0.0474998808717122,76.81606483459473,73.67099868774415,1.7884972752792638
2020-02-25,72.65037937541128,73.03179362770307,69.07277807692655,69.54351043701172,230673600,-0.033872621197211905,76.57298851013184,73.7576675415039,2.3694436108031223
2020-02-26,69.16935530367469,71.90928692764982,69.16211349223191,70.64674377441406,198054800,0.015863929365509843,76.27983207702637,73.86307739257812,2.7151483105192145
2020-02-27,67.85853712666133,69.04141300899963,65.89350875868202,66.02869415283203,320605600,-0.06536818790018373,75.67569541931152,73.85835311889649,3.513133570836391
2020-02-28,62.103453983809466,67.20913548442363,61.88860137685158,65.99004364013672,426510000,-0.0005853593379546718,75.07528572082519,73.8301692199707,4.076297689945371
2020-03-02,68.14335292241482,72.76864304990521,67.04255398411118,72.13375091552734,341397200,0.09310051844932987,74.95497817993164,73.9222103881836,4.128108826549578
2020-03-03,73.30699080209732,73.38665070115958,68.99310485052062,69.84284973144531,319475600,-0.03175907470505457,74.73036155700683,73.97166107177735,4.2829221754092055
2020-03-04,71.5616724101691,73.24183913660247,70.76262721041282,73.08251190185547,219178400,0.04638502270263989,74.54502372741699,74.08455642700196,4.269317296232567
2020-03-05,71.33957264179317,72.31242862903635,70.3474076125405,70.71192932128906,187572800,-0.032437070358910636,74.2098487854004,74.15283340454101,4.295167906880174
2020-03-06,68.07578380592835,70.20496434412061,67.88990577178768,69.7728500366211,226176800,-0.013280351613673802,73.78244400024414,74.18036499023438,4.289848619208182
2020-03-09,63.67016438238683,67.13188921300795,63.48911178224734,64.25436401367188,286744800,-0.07909216865948254,73.13234329223633,74.09622680664063,4.701157154953303
2020-03-10,66.90257561810807,69.14762542571471,65.0268655374001,68.882080078125,285290000,0.07202181728027757,72.69528312683106,74.07747695922852,4.667877101240972
2020-03-11,66.96291749628936,67.88748961967876,65.627949126833,66.48976135253906,255598800,-0.03473063999914938,72.16202278137207,74.01141021728516,4.74022447326351
2020-03-12,61.78481820985721,65.17895115078981,59.86807364961435,59.9235954284668,418474000,-0.09875454190995558,71.20884075164795,73.80573585510254,5.190828357609828
2020-03-13,63.945402847171366,67.57369864386347,61.06303960348822,67.10295867919922,370732000,0.1198086196163366,70.642751121521,73.73338905334472,4.975355238060381
2020-03-16,58.40757346412376,62.54281272853614,57.93683739697829,58.470340728759766,322423600,-0.12864735207443867,69.6440643310547,73.4561181640625,5.319717174707218
2020-03-17,59.74978006097213,62.1879532458274,57.55059398806874,61.041290283203125,324056000,0.0439701483247692,68.84574356079102,73.2443312072754,5.354420759824692
2020-03-18,57.88131450093201,60.350871115595204,57.24159305699179,59.5469970703125,300233600,-0.024480039756004546,67.91694374084473,72.99124267578125,5.270935950600624
2020-03-19,59.72081110917334,61.036459434063396,58.566902685612334,59.09074783325195,271857200,-0.0076620024435793965,67.00540447235107,72.73582069396973,5.13353220244063
2020-03-20,59.670124174823826,60.792652825729554,55.04000612907548,55.33934783935547,401693200,-0.06348540391606738,65.99380435943604,72.38225120544433,5.345754152576485
2020-03-23,55.05931255400759,55.16070158535809,51.32479999006741,54.16370391845703,336752800,-0.021244267719077836,65.10290355682373,71.97414939880372,5.763710062515366
2020-03-24,57.05813597182242,59.793238287645494,56.56084531140466,59.59770202636719,287531200,0.10032545255935577,64.60561313629151,71.67135612487793,5.789414201752343
2020-03-25,60.53192941719469,62.34245572079971,58.974877532799404,59.26939010620117,303602000,-0.005508801665217944,64.03674545288087,71.3300619506836,5.723160827103765
2020-03-26,59.51079529315195,62.44625922344338,59.472169846872056,62.38832473754883,252087200,0.05262302557456766,63.8547269821167,71.071762008667,5.714357006525518
2020-03-27,61.014739603264104,61.76791740598874,59.638740277699725,59.8053092956543,204216800,-0.04140222473933375,63.54549026489258,70.76825592041016,5.7598853396224
2020-03-30,60.529513617295876,61.683422027854625,60.206030134757754,61.51202392578125,167976400,0.028537844720267547,63.014403915405275,70.48009902954101,5.405090259352346
2020-03-31,61.70274302705608,63.3660094986333,60.8336888557072,61.38650131225586,197002000,-0.0020406191426385334,62.5915864944458,70.17262199401856,5.16838525489129
2020-04-01,59.50596168562525,60.041877740721404,57.726819101176545,58.156517028808594,176218400,-0.05261717502056751,61.845286750793456,69.81094902038575,4.622615890951445
2020-04-02,58.01891951220774,59.18006982201146,57.188490836952404,59.12696075439453,165934000,0.01668675799661834,61.26603832244873,69.46324180603027,4.155303185754171
2020-04-03,58.6127685713981,59.31283722451452,57.68819275537644,58.277217864990234,129880000,-0.014371496159493402,60.69125671386719,69.09117065429687,3.685134225795848
2020-04-06,60.56815356854759,63.51568906281684,60.20122279835169,63.3611946105957,201820400,0.08723780804676418,60.64659824371338,68.82521018981933,3.6448739646381494
2020-04-07,65.37205652922795,65.5893255452028,62.52349853876049,62.62730026245117,202887200,-0.011582710090219828,60.333859252929685,68.58965545654297,3.1335277249604774
2020-04-08,63.426369510698045,64.54406918127975,63.061855141740836,64.2302474975586,168895200,0.02559502370994715,60.22088356018067,68.34406295776367,2.9343013568972207
2020-04-09,64.86510443692977,65.19582595653276,63.899490719175986,64.6937026977539,161834800,0.0072155287929247525,60.45938892364502,68.07570846557617,3.098152244270146
2020-04-13,64.77097468626023,66.07214313145124,64.17229133387406,65.96350860595703,131022800,0.019627967719448636,60.40241641998291,67.83501388549804,2.9776871659029185
2020-04-14,67.59299170512948,69.58457092501276,67.12225185179103,69.29488372802734,194994800,0.05050330390960234,60.94364356994629,67.73011352539062,3.5388841394201465
2020-04-15,68.17234288135833,69.1210568119712,67.74506136385055,68.66239166259766,131154400,-0.009127543498191448,61.32469863891602,67.61665771484375,3.9377778666734216
2020-04-16,69.37454631683273,69.57249897577765,68.16028687860133,69.20797729492188,157125200,0.007945916521597374,61.80774765014648,67.46503189086914,4.285440028835741
2020-04-17,68.72515410233876,69.27072829912615,66.83496081662895,68.2688980102539,215250000,-0.013568945681885602,62.266655158996585,67.2821012878418,4.4667625301337885
2020-04-20,67.09811161151838,67.99854202997274,66.83256626499734,66.85187530517578,130015200,-0.02075649009107028,62.8422815322876,67.05271987915039,4.2642771039560206
2020-04-21,66.69495629705587,66.92911797835283,64.07572694243713,64.78545379638672,180991600,-0.030910449398105055,63.37336902618408,66.80330139160156,3.757898738813636
2020-04-22,66.05040482183006,67.08602784822331,65.71003238672124,66.65150451660156,116862400,0.02880354479077396,63.726059150695804,66.58386581420899,3.715663574750541
2020-04-23,66.59600474763815,68.01545898341168,66.35460116650802,66.39322662353516,124814400,-0.0038750497072737033,64.0822509765625,66.3686309814453,3.605780382966696
2020-04-24,66.91704122865521,68.31959472449138,66.86875759043463,68.3099365234375,126161200,0.02886905784486915,64.37833156585694,66.15508499145508,3.7012235239207283
2020-04-27,68.02750920842628,68.68895986495261,67.58091858862758,68.35823822021484,117087600,0.0007070962035042871,64.80597801208496,65.9537547302246,3.638619970760046
2020-04-28,68.81932145434843,69.00037411858965,67.15847120269908,67.25019836425781,112004800,-0.016209309730708665,65.09288673400879,65.72987716674805,3.591138932762451
2020-04-29,68.73483476728254,69.92736888191205,68.53205667132409,69.45904541015625,137280800,0.03284521235066573,65.4965139389038,65.57890396118164,3.6062595298331086
2020-04-30,69.99735081766806,71.10056648651737,69.60869475205328,70.9243392944336,183064000,0.021095796459982497,66.13490505218506,65.43493087768555,3.360231174012673
2020-05-01,69.10177190288344,72.17966741995511,69.00521194830733,69.78253173828125,240616800,-0.016098952313285175,66.6676836013794,65.28415084838868,3.0179180242771295
2020-05-04,69.80665406694762,70.89779524622708,69.11865261133845,70.76985168457031,133568000,0.014148525736956685,67.2923152923584,65.18812088012696,2.4243645672694734
2020-05-05,71.2285073158129,72.66244451792257,71.08366376030753,71.83201599121094,147751200,0.015008711779908923,67.71585636138916,65.1851268005371,2.441319309233254
2020-05-06,72.53209353947886,73.20319497472518,72.14826285856589,72.57313537597656,142333600,0.010317396421900549,68.21314811706543,65.2457192993164,2.3619186432722965
2020-05-07,73.19837876119128,73.66911859215423,72.89662434827942,73.32390594482422,115215200,0.010345020439838759,68.6678310394287,65.2992625427246,2.429166533506601
2020-05-08,73.98231154076618,75.122398042806,73.65553308459083,75.06914520263672,133838400,0.023801776996519752,69.18660316467285,65.4800715637207,2.63495518272122
2020-05-11,74.57775917368724,76.74416477518758,74.36958632362644,76.25037384033203,145946400,0.015735208313705673,69.7009464263916,65.6852781677246,2.957010628555451
2020-05-12,76.93297679324957,77.3832066763356,75.25794640867731,75.37897491455078,162301200,-0.011428126603102995,70.00515098571778,65.75018264770507,3.214757399453305
2020-05-13,75.55809041384309,76.47791143801962,73.39410026175051,74.46883392333984,200622400,-0.012074202285752289,70.29547309875488,65.84270233154297,3.3465957706528666
2020-05-14,73.70877656980059,74.98683718466037,72.98744407851115,74.92632293701172,158929200,0.006143362123043561,70.58139038085938,65.87957855224609,3.489997067167293
2020-05-15,72.70178701263482,74.52931354274327,72.66789550292117,74.48332214355469,166348400,-0.005912485440256354,70.89211158752441,65.9550064086914,3.549410686438585
2020-05-18,75.80498930633232,76.61103581678174,75.11512542110488,76.23826599121094,135178400,0.023561567840299613,71.36143112182617,66.08431472778321,3.607161366711255
2020-05-19,76.25520568719914,77.09998213452099,75.76625327530091,75.79772186279297,101729600,-0.005778517161824648,71.91204452514648,66.31518188476562,3.3841297158459795
2020-05-20,76.65460843756124,77.34204942619355,76.6158784313997,77.27185821533203,111504800,0.019448293646707526,72.44306221008301,66.48297744750977,3.348283697952033
2020-05-21,77.13386219842414,77.6736518116283,76.45852129538247,76.69573974609375,102688800,-0.007455734630230082,72.95818786621093,66.68709701538086,3.1555026081139133
2020-05-22,76.43431323052285,77.27183551713587,76.33265345783,77.18953704833984,81803200,0.006438392847905705,73.40216789245605,67.03241584777832,3.0910945733618638
2020-05-26,78.30544857938091,78.48456841631166,76.61104938291827,76.6667251586914,125522000,-0.006773092696760519,73.81759223937988,67.22369117736817,2.931741061783031
2020-05-27,76.52389490649263,77.1459757123096,75.7856167074525,77.00074005126953,112945200,0.00435671266624138,74.30511932373047,67.59429916381836,2.570635001782415
2020-05-28,76.67637525704153,78.29089831885972,76.4004341829612,77.03462219238281,133560800,0.00044002357757499944,74.6838981628418,67.91416580200195,2.3692260260792617
2020-05-29,77.27668877080987,77.73659554294788,76.60377068012559,76.9595947265625,153532400,-0.000973944749582123,74.98566093444825,68.26241775512695,2.2463385863846006
2020-06-01,76.91360133395523,78.02706486056282,76.78288850329889,77.90603637695312,80791200,0.012297903253692288,75.39183616638184,68.63872352600097,1.9739244474607511
2020-06-02,77.6397816394303,78.29091555107586,77.1992361328535,78.26670837402344,87642800,0.0046295770372037914,75.7666790008545,69.09727073669434,1.7490325658313837
2020-06-03,78.58622664893751,78.9589964979716,78.0149682866651,78.69757080078125,104491200,0.005505053626361667,76.10995674133301,69.58794807434082,1.6038595720733688
2020-06-04,78.52085794063949,78.81858326292213,77.64702850562604,78.0197982788086,87560400,-0.008612369035994827,76.38228988647461,69.95638999938964,1.4240421988991958
2020-06-05,78.26912701737099,80.30240419943048,78.2400813612976,80.24188995361328,137250400,0.028481125609475466,76.72818908691406,70.37583999633789,1.481107386331822
2020-06-08,79.93931540745123,80.75020774515244,79.23009024878114,80.71631622314453,95654400,0.00591245133689533,77.01054763793945,70.7423998260498,1.6739192448157183
2020-06-09,80.3968056767083,83.65730597576551,80.36533708864444,83.26517486572266,147712400,0.031577985243177675,77.36128768920898,71.21159713745118,2.168193924733715
2020-06-10,84.2116096226659,85.87453965160508,83.77348714351568,85.4073715209961,166651600,0.025727402347116346,77.86270751953126,71.68950408935547,2.76349985169985
2020-06-11,84.55291522831224,84.97651490391192,81.20527075656385,81.30693054199219,201662400,-0.04801038722981743,78.20461235046386,72.0879126739502,2.7444490689560475
2020-06-12,83.44188410385023,84.18741636682982,80.90028576320306,82.00890350341797,200146000,0.0086336177832127,78.55874137878418,72.56496040344238,2.7560967391345277
2020-06-15,80.6654845616587,83.6742509001126,80.50330314287096,83.02311706542969,138808800,0.012367115260472294,78.98573112487793,73.04288352966309,2.7529937669566458
2020-06-16,85.07335265810912,85.4945368687229,83.4418908130573,85.22342681884766,165428800,0.026502374654084893,79.43498916625977,73.58180770874023,3.0028420405734297
2020-06-17,85.96651946571197,86.02703369979835,84.9837688951085,85.10479736328125,114406400,-0.0013919817589425065,79.90034294128418,74.01667976379395,3.1280570304366844
2020-06-18,85.06125001022909,85.55504835135272,84.53114459703605,85.13871002197266,96820400,0.00039848116371921094,80.2936855316162,74.46690795898438,3.2714656684550265
2020-06-19,85.84307640546994,86.30782159170373,83.5459510308644,84.65215301513672,264476000,-0.005714874076790277,80.69150619506836,74.87534606933593,3.2945973645993516
2020-06-22,85.0443003318489,87.00980187063504,84.99830891368086,86.86698913574219,135445200,0.026163966794907623,81.17537879943848,75.31881179809571,3.459717145438579
2020-06-23,88.1087341820106,90.1371727058119,87.6899729783668,88.72113800048828,212155600,0.0213446889686566,81.77809944152833,75.77396438598633,3.676155690981474
2020-06-24,88.35076807996579,89.26816579496162,86.78223671610631,87.1550064086914,192623200,-0.01765229377229427,82.28581275939942,76.13116683959962,3.682825017988614
2020-06-25,87.30996064055707,88.35080275936323,86.55232106785238,88.31207275390625,137522400,0.01327595961371486,82.84968528747558,76.52416046142578,3.6998048649910915
2020-06-26,88.20797597788908,88.42824869367755,85.4509437109353,85.59860229492188,205256800,-0.030725928792837087,83.28163566589356,76.85197296142579,3.473314207155866
2020-06-29,85.50661981464565,87.66577111516035,85.02976731524565,87.57136535644531,130646000,0.023046673761406344,83.76490211486816,77.23802230834961,3.3564400309008393
2020-06-30,87.15985911945725,88.58800096545747,87.1404978146636,88.3023681640625,140223200,0.008347509538554787,84.26668510437011,77.66703216552735,3.2393212764103927
2020-07-01,88.37984827441205,88.9220535759505,88.08696138066959,88.13536834716797,110737200,-0.0018912269327165943,84.73857498168945,78.13403045654297,3.0682492786658275
2020-07-02,89.04066652590694,89.67485466688348,88.02160865174983,88.13536834716797,114041600,0.0,85.24435348510742,78.5637077331543,2.715926961838882
2020-07-06,89.56109054157537,90.96017971455592,89.52962194946613,90.49301147460938,118655600,0.026750249890084676,85.75690956115723,79.04570343017578,2.6893397806872
2020-07-07,90.87062222466152,91.64762315168353,90.10088271239697,90.21222686767578,112424400,-0.0031028319464467824,86.2317050933838,79.48374923706055,2.5889652049647656
2020-07-08,91.1876920007991,92.344723894615,91.1005476599512,92.3132553100586,117092000,0.023289841248067322,86.68410911560059,79.96284957885742,2.8232459787850988
2020-07-09,93.20404946948581,93.25730230757911,91.66457041968785,92.71025848388672,125642800,0.004300608536603745,87.04925346374512,80.47205078125,3.1073888911971994
2020-07-10,92.30602397781523,92.93053523193312,91.6960429410668,92.8724365234375,90257200,0.0017492998315711272,87.62752876281738,80.94031860351562,3.0582811708560143
2020-07-13,94.17468319640058,96.77921853086478,92.23096604261153,92.44397735595703,191649200,-0.004613415815491573,88.14928245544434,81.3707113647461,2.9369988227300343
2020-07-14,91.82671138557991,94.16498216403883,90.89479813530977,93.97376251220703,170989200,0.016548240350580556,88.6968147277832,81.85453598022461,2.951756338453656
2020-07-15,95.84486367498508,96.09418202713559,93.42429428051739,94.62005615234375,153198000,0.00687738388736725,89.16664619445801,82.33154006958007,3.1132144279756506
2020-07-16,93.49451766571708,94.31024858615012,92.85790656415841,93.4557876586914,110577600,-0.01230466923183604,89.58419570922851,82.76401550292968,3.099755033137224
2020-07-17,93.90599401950857,94.06090662183887,92.79494615025625,93.26696014404297,92186800,-0.002020501023842991,89.99060821533203,83.17789199829102,3.0179997944623578
2020-07-20,93.35412562962276,95.37045717183655,93.01040144233045,95.23248291015625,90318000,0.021074159199331755,90.51962471008301,83.61606353759765,2.959721802231589
2020-07-21,96.02159737840238,96.09663446170768,93.66880290920021,93.91812133789062,103433200,-0.013801609829973804,90.87218132019044,83.99304306030274,2.9214381751131953
2020-07-22,93.62037944003524,94.86213298167614,93.53324246932021,94.18195343017578,89001600,0.0028091713135525165,91.14522209167481,84.3516746520996,2.964685108051206
2020-07-23,93.91568143989768,93.99314144318696,89.08664931990235,89.8951187133789,197004400,-0.045516519467554195,91.28222770690918,84.64199752807617,2.830876045323075
2020-07-24,88.09662345174227,90.01613315170617,86.31265765589474,89.67240905761719,185438800,-0.0024774388081271193,91.35024452209473,84.94606903076172,2.771475897817632
2020-07-27,90.73264205708286,91.88967418415685,90.50995376100627,91.79769134521484,121214000,0.023700515129822186,91.66019897460937,85.28349639892578,2.4185454468265775
2020-07-28,91.36922942946147,91.54593364722749,90.28481172651138,90.28965759277344,103625600,-0.016427796062651323,91.79611358642578,85.59962310791016,2.2469657573239052
2020-07-29,90.77134821611126,92.20432848355908,90.73504115422307,92.0203628540039,90329200,0.019168366647665636,91.98201332092285,85.91526504516601,2.0910977173817065
2020-07-30,91.19497870904048,93.2379404686909,90.78832470426487,93.13385772705078,158130000,0.01210052686722718,92.231937789917,86.26198776245117,1.8968384608816127
2020-07-31,99.61611941491957,103.03396237192649,97.62156512089064,102.8838882446289,374336800,0.10468835668927978,92.96936378479003,86.77422836303711,2.8485282637567146
2020-08-03,104.76226254133908,108.09054616095987,104.4645371706777,105.47633361816406,308151200,0.025197777978327007,93.71852989196778,87.34984024047851,3.9285401644142905
2020-08-04,105.66515768756337,107.26999701904283,104.94382506056965,106.18074035644531,173071600,0.006678339245572262,94.51695556640625,87.92966430664063,4.721161689421876
2020-08-05,105.90234853375506,106.8850992523654,105.43759589570149,106.56558227539062,121776800,0.0036244041777577785,95.22957191467285,88.5276414489746,5.398121777705938
2020-08-06,106.8972095786005,110.77738293578851,106.30901285016994,110.28358459472656,202428800,0.03488933518636195,96.10823822021484,89.19329833984375,6.318268933025631
2020-08-07,109.80587577731004,110.26176460572711,106.98082882286342,107.77620697021484,198045600,-0.022735728383565967,96.85342674255371,89.8081300354004,6.778661905468304
2020-08-10,109.21904600684799,110.35876815700075,106.69711566216836,109.34272003173828,212403600,0.014534869110362836,97.69836387634277,90.45579254150391,7.237750868712761
2020-08-11,108.60795666047292,109.10506522291367,105.83140397675015,106.09087371826172,187902400,-0.029739943478017228,98.30421943664551,91.01948928833008,7.414552057447866
2020-08-12,107.17965145918507,109.87375687982836,106.98565970661953,109.61671447753906,165598000,0.03323415705521171,99.05405235290527,91.64648941040039,7.772050325358483
2020-08-13,110.99406946976315,112.55815472074357,110.50665541102485,111.55665588378906,210082000,0.017697496367194088,99.95909576416015,92.30367111206054,8.131430297170356
2020-08-14,111.38208013380518,111.54697388434195,109.65067355223327,111.4572525024414,165565200,-0.0008910573785145814,100.86861038208008,92.9724201965332,8.357667791325076
2020-08-17,112.57755783182,112.60180865121056,110.54061480830164,111.16624450683594,119561600,-0.002610938176491384,101.66529846191406,93.59090728759766,8.549369644505555
2020-08-18,110.91890034610189,112.5169308684593,110.58425829007268,112.09256744384766,105633600,0.008332771707105335,102.57402076721192,94.21843231201171,8.647897114380045
2020-08-19,112.49995190044544,113.64452094897047,112.13863913268811,112.23320770263672,145538000,0.0012546796098635848,103.47658348083496,94.79779296875,8.667899261494222
2020-08-20,112.27444791147464,114.83760501028006,112.25747159683876,114.7236328125,126907200,0.022189734757129154,104.71800918579102,95.38411819458008,8.39402748939472
2020-08-21,115.6814742972318,121.11817961837231,115.6693525872738,120.6356201171875,338054800,0.05153242762413068,106.26616973876953,96.17069198608398,8.328133944496429
2020-08-24,124.83321359949855,124.9180951981188,120.21614305526408,122.0784912109375,345937600,0.011960572609883924,107.78020973205567,96.97208374023438,8.311832992601328
2020-08-25,120.95329109467639,121.42130160395935,119.35768029886763,121.07695770263672,211495600,-0.008204012831140362,109.31957473754883,97.73316055297852,7.732828128026913
2020-08-26,122.39128067814039,123.17938430241111,121.32673099966804,122.72349548339844,163022400,0.013599101034613037,110.85473136901855,98.48316192626953,7.142917832963168
2020-08-27,123.32489273389695,123.65710756851145,120.11427449940825,121.25642395019531,155552400,-0.01195428411995958,112.26085968017578,99.20619445800781,6.173057493618027
2020-08-28,122.22881026536905,122.64589926041506,120.83690034715939,121.05999755859375,187630000,-0.0016199256517925864,113.16966514587402,99.92462020874024,6.056770131893925
2020-08-31,123.74923681098468,127.06654483126823,122.21667670793738,125.16539001464844,225702700,0.033912048065816824,114.15411796569825,100.73488494873047,6.334250847675681
2020-09-01,128.7737011544299,130.75245576113278,126.61066398001222,130.15106201171875,151948100,0.03983267256616885,115.35263404846191,101.60056640625,6.9809160706481155
2020-09-02,133.45866793446768,133.83695705739137,123.18665076532004,127.45452880859375,200119000,-0.020718487897411153,116.39708137512207,102.3752342224121,7.1574648852294
2020-09-03,123.09934328509381,124.97138507910603,116.88180945410002,117.25039672851562,257599600,-0.08006096115581973,116.74542198181152,102.9771420288086,7.0123321772792035
2020-09-04,116.46473461185484,119.98573625952378,107.56037630423063,117.32801055908203,332607200,0.000661949406841833,117.22301216125489,103.55746078491211,6.687041642577315
2020-09-08,110.52850171438395,115.41717011939836,109.2966383541402,109.43243408203125,231366600,-0.06729489777784026,117.22749786376953,104.0341374206543,6.68150508175609
2020-09-09,113.73911382379356,115.56266164657546,111.79916649731042,113.79730987548828,176940500,0.039886490966518195,117.61281967163086,104.55865631103515,6.2111107039489974
2020-09-10,116.74602745349068,116.88182317054356,109.12203408038299,110.08230590820312,182274400,-0.032645797790386566,117.63609924316407,104.99425506591797,6.180359927581563
2020-09-11,111.12988655734183,111.77007275174712,106.6971070425851,108.63705444335938,180860300,-0.013128826226159629,117.49011917114258,105.4042887878418,6.363287382672738
2020-09-14,111.27538137934282,112.44904864015743,109.41303369608222,111.89616394042969,140150100,0.02999998033607887,117.51206474304199,105.87950469970703,6.342107912464426
2020-09-15,114.77699015613865,115.26197700807842,110.19871308977739,112.07076263427734,184642000,0.0015603635343621747,117.55729064941406,106.3110597229004,6.29754233269654
2020-09-16,111.7700619173575,112.51693833812011,108.67584374495958,108.76313781738281,154679000,-0.029513717397358752,117.39081916809081,106.68207794189453,6.49064678655202
2020-09-17,106.42549948987329,108.83102975873638,105.44582412860575,107.0268783569336,178011000,-0.01596367570200541,117.13050270080566,106.97635040283203,6.805170009452852
2020-09-18,107.08509211161683,107.5506753180143,102.9045006607274,103.6319808959961,287104900,-0.031720045590936,116.57592010498047,107.19478485107422,7.434493822140353
2020-09-21,101.40107066525347,106.88142458688178,100.00430590496654,106.77472686767578,195713800,0.030326024307435695,115.88287544250488,107.47283065795898,7.6781928933406
2020-09-22,109.29663858587081,109.47123415071694,105.88233436259476,108.4527587890625,183055400,0.01571562831967044,115.20158882141114,107.7930062866211,7.703984702298244
2020-09-23,108.26845317272523,108.74373815268274,103.56407541081022,103.90357208251953,150718700,-0.04194625159689125,114.34291954040528,107.99160247802735,7.967219648530249
2020-09-24,102.01213533208141,106.93960365288808,101.84724157417912,104.9705581665039,167743300,0.01026900290912991,113.45527267456055,108.19861251831054,7.973323796947605
2020-09-25,105.17424837255975,109.06384497371614,104.4370662899755,108.90864562988281,149981400,0.03751611434829494,112.83788375854492,108.50766967773437,7.813936368452029
2020-09-28,111.55668035738763,111.85736984450415,109.39363569114487,111.5081787109375,137672400,0.023868932223149564,112.36029281616212,108.87249404907226,7.573143433565911
2020-09-29,111.11048577797068,111.84766043177646,110.15990833447874,110.66429138183594,99382200,-0.0075679411040258104,111.63523788452149,109.18113021850586,6.951294242863644
2020-09-30,110.37330565840851,113.73911550361659,110.20841190929694,112.33264923095703,142675200,0.015075846312200047,110.7443172454834,109.54942077636719,5.428313633368509
2020-10-01,114.10770215411938,114.18530182393523,112.35205217632898,113.2832260131836,116120400,0.00846215938762529,110.03575210571289,109.93144622802734,3.8185060818329832
2020-10-02,109.50033277715342,111.90587086149135,108.85045216012577,109.62642669677734,144712000,-0.032280148130497954,109.65455360412598,110.32607238769532,3.420133804305699
2020-10-05,110.4897020352033,113.14742776439395,110.14051092914185,113.0019302368164,106243800,0.030790965661734004,109.4382495880127,110.7926628112793,3.0230363759978767
2020-10-06,112.2259566607193,112.63335124814374,108.87955028037823,109.7622299194336,161498200,-0.02866942458941557,109.45473937988281,111.15195358276367,3.023902331093318
2020-10-07,111.17836295291494,112.08043858541826,110.70307061944358,111.62454986572266,96849000,0.016966855972733175,109.34610137939453,111.57865142822266,2.8960030130835976
2020-10-08,112.75942537460811,112.90492288741173,111.14926572678705,111.51786041259766,83477200,-0.000955788428740334,109.41787910461426,111.96860137939453,2.9327671048750172
2020-10-09,111.8185743074938,113.48693036528995,111.46938316049868,113.45783233642578,100506900,0.01739606477967337,109.65891799926757,112.37508087158203,3.0605372329069853
2020-10-12,116.45502931013961,121.42129686008033,115.69845107798898,120.66471862792969,240226800,0.06352039469724757,110.09734573364258,112.73069747924805,3.9084852055456625
2020-10-13,121.50859444916024,121.62499394990238,116.05734733652297,117.46380615234375,262330500,-0.026527327225251085,110.3669979095459,112.97044692993164,4.225019429133831
2020-10-14,117.36680433445795,119.33584953717633,116.02824344500344,117.55110168457031,150712000,0.000743169620379458,110.80639610290527,113.19785415649415,4.497616671569071
2020-10-15,115.15528740769942,117.56081821833106,114.60240265361523,117.08553314208984,112559200,-0.003960562987574079,111.30932884216308,113.40825317382813,4.6136327707506455
2020-10-16,117.63840102761567,117.90029805270329,115.24256497002679,115.44625854492188,115393800,-0.014000658776337604,111.90004272460938,113.51150665283203,4.326297782681716
2020-10-19,116.35805785935115,116.80424492583009,112.18717489862382,112.49756622314453,120639300,-0.02554168804552437,112.18618469238281,113.60593383789063,4.15534421126539
2020-10-20,112.71092747344602,115.40746025257594,112.15804282671203,113.98159790039062,124423700,0.013191678069749857,112.46262664794922,113.69871139526367,4.077069776482257
2020-10-21,113.16681779596242,115.14556482205545,112.95342242055368,113.3608169555664,89946000,-0.005446326040864258,112.93548889160157,113.84411026000977,3.54597487173876
2020-10-22,113.92338900408984,114.49567723930029,111.14926409518415,112.2744369506836,101988000,-0.009583381930889145,113.30068283081054,113.89726470947265,3.019535987160052
2020-10-23,112.89524032049677,113.05043966735408,110.84859518576691,111.58577728271484,82572600,-0.0061337174041784515,113.43453941345214,113.89784713745117,2.870236672320761
2020-10-26,110.58670073335905,113.05043475532885,109.490625744662,111.59547424316406,111850700,8.690140164224758e-05,113.43890419006348,113.90061157226563,2.8672178580641803
2020-10-27,112.02226653167769,113.7585204355671,111.10079442752371,113.09893798828125,92276800,0.013472443710765392,113.56063652038574,113.93926544189453,2.793964851569414
2020-10-28,111.5954574737689,111.9640447506843,107.76405759395712,107.86105346679688,143937800,-0.04631241119193441,113.33705673217773,113.85463516235352,3.0633322758425674
2020-10-29,108.99594897135509,113.41902674173545,108.83104781563942,111.85736846923828,146129200,0.0370505838205224,113.26576385498046,113.84711837768555,3.0811909363148726
2020-10-30,107.72527832227131,108.6273541724171,104.4855696692542,105.59133911132812,190272600,-0.056018029421399884,113.064009475708,113.66447250366211,3.4429098596997934
2020-11-02,105.83383085542181,107.356689266343,104.09757704674024,105.50403594970703,122866900,-0.0008268022960581378,112.68911476135254,113.3618408203125,3.8358239537785495
2020-11-03,106.3673306155269,108.14237704788208,105.46525468419668,107.12390899658203,107624400,0.01535365952869494,112.55719871520996,113.06274917602539,3.9842729386599856
2020-11-04,110.71278263905,112.11924135480659,108.97652906147681,111.49845886230469,138235500,0.04083635396335494,112.55089416503907,112.87117919921874,3.985925814647874
2020-11-05,114.40836712929038,116.02822843855644,113.36080141230897,115.45594024658203,126387100,0.03549359717307521,112.74779815673828,112.72582809448242,4.029243090476585
2020-11-06,114.96527887670223,115.8203256136095,112.83736946099638,115.32479095458984,114457900,-0.00113592502656934,112.84114608764648,112.60719543457031,4.0679987604191945
2020-11-09,117.083465097586,118.53121707167843,112.75963885381937,113.02198028564453,154515300,-0.01996804546432751,112.45900917053223,112.44643508911133,3.629756448450788
2020-11-10,112.27381007713998,114.25596336763643,110.89406574913825,112.68190002441406,138023400,-0.0030089745408015123,112.21991386413575,112.19676528930664,3.4350044956617327
2020-11-11,113.86732789743012,116.23814181960135,113.13859256042241,116.10211181640625,112295000,0.030352805474979982,112.14746437072753,111.91578628540039,3.3303293704746184
2020-11-12,116.22841881317535,117.1126137436234,115.20818648034917,115.83003997802734,103162300,-0.0023433840618604096,112.08468971252441,111.68329650878906,3.2430395696792096
2020-11-13,116.0535360017511,116.27701069114,114.52805029862242,115.8786392211914,81581900,0.0004195737407435285,112.10630874633789,111.65586135864258,3.267973519561151
2020-11-16,115.54827474511946,117.55958400464418,114.80010971790968,116.88915252685547,91183000,0.008720445048851388,112.32588806152344,111.64708419799804,3.4387235871608857
2020-11-17,116.16041857776305,117.24865863043144,115.58714291023577,116.00495147705078,74271000,-0.007564440589143073,112.42705574035645,111.77853454589844,3.518829147593936
2020-11-18,115.24705160870013,116.42274359265693,114.65434634387621,114.6834945678711,76322100,-0.011391383663835297,112.49318962097168,111.7962582397461,3.549597050527501
2020-11-19,114.25597458875419,115.68429695756758,113.49809106564801,115.27620697021484,74113000,0.005168245043256636,112.64327812194824,111.90013626098633,3.6029224020894284
2020-11-20,115.27620565626937,115.40251710432108,113.96448361868471,114.0130615234375,73604300,-0.010957555596045165,112.76464233398437,112.00765640258788,3.6063055886572672
2020-11-23,113.85761911856477,114.28514625847261,110.52486892820643,110.62203216552734,127959300,-0.029742463824752763,112.71597023010254,111.98217376708985,3.629410600346836
2020-11-24,110.68032441615657,112.56531474410036,109.39774313111327,111.90459442138672,113874200,0.011594094148805967,112.65625305175782,111.97885040283204,3.6326019990291827
2020-11-25,112.27380223804838,113.439775552587,111.90457167175171,112.74018859863281,76499200,0.007467022972261539,112.90020980834962,112.05839141845703,3.453015131876158
2020-11-27,113.26490259506915,114.158816151439,112.92482759135008,113.28433227539062,46691300,0.00482652799788208,112.97155799865723,112.18354049682617,3.445066474374099
2020-11-30,113.65354831037159,117.54013622605181,113.49808123546687,115.67457580566406,169410200,0.02109950672139571,113.47571983337403,112.42439239501954,3.019726970689453
2020-12-01,117.57902381222483,119.9692749139944,116.60737666127397,119.24053955078125,127728200,0.030827549790267472,114.16254501342773,112.67370864868164,2.650790293743098
2020-12-02,118.56038858339666,119.87211823940518,117.46242991146435,119.59033966064453,89004200,0.002933566983016833,114.78586654663086,112.89646026611328,2.358133266247422
2020-12-03,120.0178419599632,120.27047227200518,118.74498667961886,119.45429229736328,78967600,-0.0011376116471222275,115.18365821838378,113.20747467041015,2.443869267662566
2020-12-04,119.12393425897255,119.3765645833526,118.07455360054387,118.78385925292969,78260400,-0.005612465082164286,115.35005416870118,113.48374069213867,2.573253119176809
2020-12-07,118.84215122001115,121.03807568238211,118.78385476777048,120.24132537841797,86712000,0.012269900428010683,115.59588088989258,113.71039428710938,2.7959207218232525
2020-12-08,120.84374345698704,121.43644873670094,119.60002903502645,120.85345458984375,82225500,0.005090838856768309,115.98745460510254,113.8972998046875,2.9600568839901715
2020-12-09,120.99919279323889,122.37892967507065,117.56928026579213,118.32716369628906,115089200,-0.02090375407247147,116.26971778869628,114.05055725097657,2.8967395084992975
2020-12-10,117.0834850101648,120.35793867044406,116.74340998030307,119.74579620361328,81312200,0.011989068807272574,116.45190200805663,114.19882019042969,2.998439097535315
2020-12-11,118.95873784398792,119.27938312055916,117.13204422429256,118.9393081665039,86939800,-0.00673500083241374,116.60736541748047,114.31194183349609,3.044747012135341
2020-12-14,119.12391389412917,119.85264910238821,118.09397050530798,118.32716369628906,79184500,-0.0051466960725709,116.72979164123535,114.48595657348633,3.0630746819392867
2020-12-15,120.81457285609459,124.27364088584986,120.6105278951973,124.25420379638672,157243700,0.05009027441332603,117.09804420471191,114.71100204467774,3.4954503287483614
2020-12-16,123.79755773169585,124.73033062366706,122.9716517851633,124.18621063232422,98208600,-0.0005472101706427424,117.50710716247559,114.99948165893555,3.8240643061935633
2020-12-17,125.24531371153455,125.90604149372504,124.40969655609783,125.05098724365234,94359800,0.006963547779780921,118.02548179626464,115.26801040649414,4.112938390748827
2020-12-18,125.3036238225863,125.43965383144652,122.54414204339464,123.06883239746094,192541500,-0.01585077327162021,118.41511306762695,115.4990298461914,4.2068215566523435
2020-12-21,121.47532055765235,124.672040495101,119.94983486476208,124.59430694580078,121251600,0.012395295531960615,118.94417533874511,115.7217593383789,4.288637656539764
2020-12-22,127.87844404273568,130.59905822032985,125.97400967057341,128.1407928466797,168904800,0.028464269257676866,119.82011337280274,115.8712808227539,4.288480308885431
2020-12-23,128.41289904268606,128.67523311498164,127.07202114631367,127.2469253540039,88223700,-0.006975666942729886,120.5872299194336,116.06694320678712,4.168572542791899
2020-12-24,127.59670678746939,129.67603102914552,127.3829432351903,128.228271484375,54930100,0.007712140215891061,121.3616340637207,116.2804866027832,4.071585537399638
2020-12-28,130.19099379190865,133.44600251933943,129.72459253226933,132.81443786621094,124486200,0.03576564145134542,122.33813934326172,116.59506469726563,4.363913179451494
2020-12-29,134.13588116304936,134.85489050709643,130.53106400488656,131.04603576660156,121047300,-0.013314833296894646,123.1067123413086,116.90706024169921,4.480609207588997
2020-12-30,131.73592955161843,132.13430846309575,129.61773093964035,129.9286651611328,96452100,-0.008526550222845652,123.64111862182617,117.25568222045898,4.630114613382209
2020-12-31,130.27847616245157,130.91976696038572,127.98538786397091,128.92788696289062,99116600,-0.007702520433047311,124.10799598693848,117.55460800170898,4.6707538281856
2021-01-04,129.73435394015942,129.82179864042618,123.16601600041264,125.74088287353516,143301900,-0.024719276522951028,124.42232551574708,117.80220932006836,4.551091168448856
2021-01-05,125.23562928189573,128.00483022472457,124.78866496691505,127.29551696777344,97664900,0.012363791781244915,124.84790840148926,118.10263092041015,4.391239467259089
2021-01-06,124.0987683518539,127.33435496235823,122.7967573877346,123.0105209350586,155088000,-0.033661798426095735,124.98636817932129,118.33112579345703,4.280609034811367
2021-01-07,124.72058669046162,127.89787595037421,124.2347632793623,127.20800018310547,109578200,0.03412292880430012,125.30409545898438,118.64337631225585,4.1926271251891984
2021-01-08,128.6751696560229,128.8695108634262,126.53754980995937,128.3059539794922,105158200,0.008631169382478321,125.80303497314453,118.94751663208008,3.90235480182093
2021-01-11,125.5271038877366,126.47931399049689,124.85666494889938,125.32305145263672,100384500,-0.023248356248005808,126.0818977355957,119.29675659179688,3.636974167815665
2021-01-12,124.85668093860978,126.01294362454618,123.26317992278994,125.14817810058594,91951100,-0.0013953805786229845,126.3923412322998,119.56257278442382,3.238353904143896
2021-01-13,125.1093109035219,127.72304471938705,124.84697678661405,127.17892456054688,88636800,0.01622673610421055,126.83492927551269,119.9943244934082,2.624838093114142
2021-01-14,127.09144014639318,127.28576659581172,125.10927181431389,125.2550277709961,90221800,-0.01512748119390539,126.88497047424316,120.38934432983399,2.5822428808688027
2021-01-15,125.1287025525268,126.52787663913662,123.39917203606663,123.53520202636719,111598500,-0.013730592497837812,126.85242004394532,120.71757019042968,2.6218519065722505
2021-01-19,124.15705738304294,125.06069683837403,123.340877429049,124.20564270019531,90757300,0.005427122494890302,126.81015281677246,120.9717138671875,2.658972702137086
2021-01-20,125.01209934367105,128.7335089174472,124.90521758681017,128.2865447998047,104319500,0.03285601210131617,127.07103843688965,121.22832595825196,2.5251744020585045
2021-01-21,130.00642996250977,135.70999567011074,129.80237747734301,132.9893798828125,120150900,0.036658833475846864,127.49079208374023,121.58161773681641,2.7769949070903346
2021-01-22,132.41607964346215,135.88486727485233,131.19180950505606,135.12698364257812,114459400,0.016073492196513994,127.84010162353516,122.02371780395508,3.2603752690507464
2021-01-25,139.013584357772,140.97630120112478,132.66871393860882,138.86782836914062,157611700,0.027683920899598702,128.421146774292,122.54743637084961,4.081263483094432
2021-01-26,139.52849439587914,140.20864422957436,137.3617112330404,139.10096740722656,98390600,0.00167885564874104,128.96478157043458,123.00741348266601,4.727234157367259
2021-01-27,139.363363343346,140.20870656534407,136.42899920964183,138.03221130371094,140843800,-0.007683311794567049,129.22567024230958,123.45145690917968,5.081572918440107
2021-01-28,135.56422012291074,137.9641898687069,132.82416793009364,133.20310974121094,142621100,-0.03498532347550798,129.33352394104003,123.79794631958008,5.144741459934687
2021-01-29,131.97885239900157,132.86305498594893,126.51819940588042,128.2185821533203,177523800,-0.03742050465319202,129.2480197906494,124.02453491210937,5.148538944641515
2021-02-01,129.95777399701672,131.54156320206033,127.2177225988055,130.3367156982422,106239800,0.016519708059078875,129.318461227417,124.3111701965332,5.153563641111997
2021-02-02,131.8816374338767,132.44519444855226,130.7933975854858,131.16262817382812,83305400,0.006336759915740897,129.58954849243165,124.64075286865234,5.097766614177582
2021-02-03,131.91081569341782,131.92054165395052,129.82178018887643,130.14242553710938,89880900,-0.007778150307926834,129.73189392089844,124.93807723999024,5.070010446216506
2021-02-04,132.43550657690793,133.5043095225396,130.7739834636992,133.49459838867188,84183100,0.02575772533612919,130.2560977935791,125.32770797729492,4.876800119278496
2021-02-05,133.6551792335879,133.7232884555335,132.20525610000038,133.08103942871094,75693800,-0.0030979452723386425,130.54974975585938,125.77688812255859,4.860394045994323
2021-02-08,132.3706123790497,133.27560187343457,131.29047224928507,133.22694396972656,71297200,0.00109635859204249,130.7957992553711,126.20333511352538,4.865383187229449
2021-02-09,132.94478730279516,134.17090160726997,132.19551172596402,132.3511962890625,76774200,-0.006573352615992345,131.14720649719237,126.59555526733398,4.700311680823981
2021-02-10,132.80852265986002,133.30481256046917,130.7844753345388,131.7478485107422,73046600,-0.004558687758307589,131.4771900177002,126.96482559204101,4.4836563714634545
2021-02-11,132.24416393424985,132.72098784651604,130.17147291387968,131.49488830566406,64280000,-0.0019200329108789438,131.69298820495607,127.28123184204101,4.368271757660497
2021-02-12,130.73588879731562,131.88413877300763,130.09363973549668,131.7284393310547,60145100,0.0017761224668120246,132.01665878295898,127.53098983764649,4.0975784517618905
2021-02-16,131.84518629017936,132.35118706954955,129.2178071626484,129.6070556640625,80576300,-0.016104219238951223,132.32025146484375,127.73132415771484,3.634922299504762
2021-02-17,127.71925617483,128.6631634845205,125.98714097419074,127.32028198242188,97918500,-0.017643898088140153,132.4759834289551,127.88864395141601,3.322240151608421
2021-02-18,125.72438263501022,126.50286477250336,123.982542030246,126.22067260742188,96856700,-0.008636560945975758,132.37268981933593,128.03738021850586,3.487363948865084
2021-02-19,126.7364377000899,127.19379548505816,125.3351725587671,126.37638092041016,87668800,0.0012336197373354896,132.04203987121582,128.1600813293457,3.7308194735356457
2021-02-22,124.56640502266376,126.23041094448011,122.22124015432108,122.61048126220703,103916400,-0.029799078204137075,131.41621475219728,128.19522186279298,4.2056700015008115
2021-02-23,120.43072170415333,123.30136048380355,115.20517794881079,122.47422790527344,158273000,-0.0011112700605278025,130.5965347290039,128.27816314697264,4.27391487942509
2021-02-24,121.57897673919867,122.18229329480948,118.94187965887112,121.97794342041016,111039900,-0.004052154427518606,129.7403835296631,128.3228060913086,4.1949560124307315
2021-02-25,121.32597453863157,123.05808944115938,117.29734557401017,117.73523712158203,148199500,-0.03478256953558545,128.72553482055665,128.29872467041017,4.525519669931715
2021-02-26,119.29220185674814,121.49140765726709,117.93959485190196,117.99798583984375,164560400,0.002231691417841075,127.96527862548828,128.29214111328125,4.987342281883342
2021-03-01,120.42101187120407,124.48856634693102,119.4868376397081,124.35233306884766,116307900,0.05385131944225319,127.77196617126465,128.29410369873048,5.051523462311793
2021-03-02,124.95566267357219,125.25732102772348,121.64712415132996,121.75416564941406,102260900,-0.02089359608552832,127.34283866882325,128.24546279907227,5.184962423012933
2021-03-03,121.45249652917722,122.32828720569532,118.56239100874602,118.77647399902344,112966300,-0.0244565895097566,126.72353096008301,128.11997253417968,5.438236180119314
2021-03-04,118.47480719948628,120.27503892466773,115.42900990064756,116.89838409423828,178155000,-0.015811968831475842,126.06132888793945,127.99656356811523,5.794681233610474
2021-03-05,117.72552798386944,118.65970219404976,114.40725661331615,118.1536865234375,153766600,0.010738407026971819,125.29428329467774,127.86775115966798,5.774255089052364
2021-03-08,117.67686731260757,117.74498394850409,113.08383865170997,113.22980499267578,154376600,-0.04167353279988428,124.30172157287598,127.56953140258788,6.064186954712277
2021-03-09,115.82797605727136,118.77646492277744,115.5944343694315,117.83255767822266,129525800,0.04064965656210928,123.53200225830078,127.38124404907227,5.844718872219923
2021-03-10,118.41642461584055,118.88350799775948,116.23667741969722,116.75242614746094,111943300,-0.009166664562364368,122.7520637512207,127.15172714233398,5.643218671926014
2021-03-11,119.24356031125248,119.89553490297892,117.99799469596714,118.67916107177734,103026500,0.01650273992493223,122.09862937927247,126.86902160644532,5.292483676388942
2021-03-12,117.16110504968663,117.910387910508,115.95446453359608,117.77415466308594,88105100,-0.007625655595459246,121.41259269714355,126.603583984375,4.883892747468001
2021-03-15,118.14395874848536,120.6642817142442,117.18058534747087,120.65454864501953,92403800,0.024456927669517015,120.8588981628418,126.41810165405273,4.2378131480064685
2021-03-16,122.3185625972274,123.79767749192085,121.36492956895167,122.19206237792969,115227900,0.01274310624984154,120.48814849853515,126.28338516235351,3.7255879518856267
2021-03-17,120.71293209328559,122.47423888090718,119.04892629520441,121.4038314819336,111932600,-0.006450753679548837,120.19232597351075,126.19664413452148,3.372725855381941
2021-03-18,119.57440169521924,119.86633436304555,117.08327064661763,117.2876205444336,121229700,-0.03390511557382392,119.74567337036133,125.99648620605468,3.113947348951467
2021-03-19,116.67458589773459,118.16342636251116,116.46050290360724,116.76216125488281,185549500,-0.004480091650863605,119.26496238708496,125.87151901245117,2.7582421431896216
2021-03-22,117.09302062360135,120.53779245026008,117.02490398115997,120.0707015991211,111912300,0.028335723736870433,119.13797340393066,125.72877304077149,2.6525488217744337
2021-03-23,120.0123099463268,120.89782623844285,118.8543196786337,119.24356079101562,95467100,-0.006888781335408822,118.97644004821777,125.54752517700196,2.5344259589279177
2021-03-24,119.51603034411634,119.5938800533793,116.8400078374971,116.85946655273438,88530500,-0.0199934841132392,118.72051620483398,125.3782534790039,2.4730717943429337
2021-03-25,116.32426633816141,118.38723908571315,115.79879193762964,117.34601593017578,98844700,0.004163542687590782,118.70105514526367,125.2222102355957,2.4827457145145475
2021-03-26,117.1124598512715,118.2120664416162,115.72092802368101,117.94932556152344,94071200,0.005141287725581201,118.69862213134766,125.03761825561523,2.4834946928999164
2021-03-29,118.37748900748083,119.28247132989765,117.48223975334861,118.12448120117188,80819200,0.001485007555698692,118.38722953796386,124.89500732421875,2.097781477282855
2021-03-30,116.87891042664381,117.16111000084517,115.66253679171842,116.674560546875,85671900,-0.012274514474502451,118.13324928283691,124.75779449462891,1.972440544054268
2021-03-31,118.3774946900482,120.19718506636265,117.89094519064328,118.86404418945312,118323800,0.018765732926831813,118.1376277923584,124.65096252441407,1.9740401002414367
2021-04-01,120.33343394406754,120.8394421912494,119.19490239563412,119.6911849975586,75089100,0.006958713324503041,118.27726783752442,124.47905532836914,1.9805326268201426
2021-04-05,120.53778601486208,122.76618380455446,119.75930377924526,122.51317596435547,88651200,0.023577266503413963,118.49524230957032,124.26953125,2.1945514844552583
2021-04-06,123.09702657327624,123.71007628588559,122.26989388745704,122.81482696533203,80171300,0.0024621923201495477,118.97449340820313,124.02328811645508,2.024136167797095
2021-04-07,122.44507369286691,124.47884745021324,121.77363287146659,124.45938873291016,83466700,0.013390580015573805,119.3058349609375,123.73511932373047,2.344419267224323
2021-04-08,125.48116722119869,126.88243276152716,125.0627415978522,126.85324096679688,88844600,0.019234002820180285,119.8108757019043,123.49016479492188,2.8076198025517685
2021-04-09,126.30826602843275,129.46109760648577,125.9871415439433,129.42218017578125,106686700,0.020251269809155037,120.3480266571045,123.31796417236328,3.5176070130731674
2021-04-12,128.95507626413877,129.276200697575,127.11591985323048,127.70951080322266,91420000,-0.013233198283574277,120.84479446411133,123.20809219360352,3.823257701437326
2021-04-13,128.87726276289945,131.03754421397457,128.38097265896974,130.813720703125,91266500,0.024306802840121877,121.35275306701661,123.25999496459961,4.424284346662297
2021-04-14,131.3099778007929,131.36836136344672,128.11821435701262,128.47825622558594,87222800,-0.01785336022082329,121.66706275939941,123.22282577514649,4.701646358408485
2021-04-15,130.22012045971883,131.36837019796266,130.04495491166549,130.88182067871094,89347100,0.018707947350287357,122.14096221923828,123.21720962524414,5.131712292241693
2021-04-16,130.6871976204425,131.04723949609195,129.69463249088383,130.55096435546875,84922400,-0.0025279012893194563,122.80412940979004,123.22538040161133,5.3248787780769105
2021-04-19,129.91848365422268,131.82576483686614,129.753058553166,131.21270751953125,94264200,0.0050688492982762234,123.52665672302246,123.17974258422852,5.441024663069258
2021-04-20,131.3878588859704,131.8841341353887,128.264203903013,129.52923583984375,94812300,-0.012830096348990572,123.9995834350586,123.10870651245118,5.5350765460145315
2021-04-21,128.7993593544661,130.15196610925796,127.76787698944187,129.90869140625,68847100,0.0029294974524163298,124.53283996582032,123.04234146118164,5.566416829651445
2021-04-22,129.46108603950333,130.54122653689166,127.8749447465964,128.39068603515625,84566500,-0.011685171751493084,125.10940093994141,122.96313125610351,5.321598472400031
2021-04-23,128.60476763173878,131.4851323617936,128.60476763173878,130.7066650390625,78657500,0.018038528147377386,125.77743339538574,122.94230758666993,5.130931315291151
2021-04-26,131.20294297565732,131.426751593288,129.9671030596472,131.0959014892578,66905100,0.002977938807320779,126.43476219177246,122.9343278503418,4.912753942857874
2021-04-27,131.3781122600293,131.76736083305914,130.5023289552631,130.77479553222656,66015800,-0.0024493973753829668,127.0672779083252,122.91525497436524,4.590272732282777
2021-04-28,130.69696109558785,131.38786811328342,129.50005314627617,129.98660278320312,107760100,-0.006027099838433303,127.73288002014161,122.92284591674805,3.9202230838982155
2021-04-29,132.79885429572334,133.38271977828063,128.88699119854815,129.8892822265625,151101000,-0.0007486968238021863,128.28414192199708,122.97422592163086,3.3396411666560133
2021-04-30,128.23499084555246,129.96710595621136,127.54409883928643,127.9236068725586,109839500,-0.015133468445650777,128.69576301574708,123.0082846069336,2.6637260966219025
2021-05-03,128.48799878924353,130.46340362512916,128.28365629304724,128.97454833984375,75135100,0.008215383328990633,129.0188316345215,123.06024795532227,2.231109820586428
2021-05-04,127.66087574180307,127.9528084470389,123.29165535400072,124.41072082519531,137564700,-0.03538548941162334,129.09862632751464,123.09625274658202,2.0156863403909377
2021-05-05,125.72440711319194,126.94078104975206,124.52749931714487,124.65400695800781,84000900,0.0019555077825996747,129.10835723876954,123.13984832763671,1.9924470421788851
2021-05-06,124.44964624226809,126.25961120491856,123.71008883004946,126.24988555908203,78128300,0.012802465319962097,129.07818946838378,123.22528717041016,2.032553076382393
2021-05-07,127.54628780481441,127.94592476658238,126.21086763240989,126.92244720458984,78973300,0.005327225783448908,128.9532028198242,123.40903137207032,2.086430217692256
2021-05-10,126.14265555263232,126.26936319427197,123.60829449035425,123.64728546142578,88071200,-0.025804432669697452,128.75009155273438,123.52201736450195,2.389577538728358
2021-05-11,120.38186236478138,123.08192191649415,119.67029018955704,122.73101806640625,126142800,-0.0074103316672113895,128.34595642089843,123.48959106445312,2.6871596403922013
2021-05-12,120.28437887697672,121.49306907963458,119.1634127705143,119.67028045654297,112172300,-0.024938582422637467,127.90555763244629,123.4479133605957,3.313183713501936
2021-05-13,121.43458279999426,122.96494285084451,121.12266251691543,121.81473541259766,105861300,0.017919695248256984,127.45220336914062,123.50867858886718,3.499593298934278
2021-05-14,123.06243260302256,124.66102519199373,122.67253033910511,124.23213195800781,81918000,0.01984486143833264,127.13626174926758,123.65535354614258,3.4903330409636912
2021-05-17,123.61803331863223,123.72525662054227,122.0096912267483,123.08191680908203,74244600,-0.00925859623269265,126.72972221374512,123.75391815185547,3.4639564001241903
2021-05-18,123.3646094337638,123.78375308679564,121.62955208202142,121.69778442382812,63342900,-0.011245619349598668,126.33814964294433,123.92327774047851,3.571800553694524
2021-05-19,120.05043995950335,121.76599784022277,119.75801143334377,121.54180908203125,92612000,-0.001281661309902482,125.9198055267334,123.99746276855468,3.621233455267779
2021-05-20,122.06818662946591,124.49531683623646,121.94146411990351,124.09566497802734,76857100,0.02101215964518377,125.70505447387696,124.14432754516602,3.5942437970054617
2021-05-21,124.5927788416249,124.76823446881733,122.04867596571786,122.26312255859375,79295400,-0.014767175144740685,125.28287734985352,124.21600677490234,3.4695616100796265
2021-05-24,122.82849229292907,124.70976380781524,122.76025995557121,123.8909683227539,63092900,0.013314282590648041,124.92263069152833,124.33834304809571,3.197613464958247
2021-05-25,124.59278434432386,125.08016771850949,123.13065653206684,123.69601440429688,72009500,-0.0015735926605170425,124.56869163513184,124.39917236328125,2.8930152057644656
2021-05-26,123.75450877268065,124.17365241574042,123.228141818366,123.64728546142578,56575900,-0.0003939410910348551,124.25172576904296,124.42827682495117,2.6006788947477713
2021-05-27,123.24762857840483,124.41732784538095,121.92196544288971,122.11691284179688,94625600,-0.012376920479231557,123.86310729980468,124.44253845214844,2.274133504020914
2021-05-28,122.39957455098539,122.62377072126802,121.40533105764956,121.46381378173828,71311100,-0.005348145845323504,123.54011764526368,124.52606231689452,2.1206315712019306
2021-06-01,121.92195528308666,122.18513499335711,120.81073884102746,121.14215087890625,67637100,-0.0026482200156339175,123.1484977722168,124.613662109375,1.756107718999231
2021-06-02,121.14216055572481,122.07792145343016,120.9179717914318,121.9024658203125,59278900,0.006276221248261216,123.02308502197266,124.65029739379882,1.7507771736704631
2021-06-03,121.5320538514475,121.69775987143738,120.02118559755706,120.42083740234375,76229200,-0.012154212041557089,122.81142654418946,124.67384292602539,1.7984641636852121
2021-06-04,120.93747667465416,122.97471215998662,120.72303005127523,122.7115249633789,75169300,0.019022352031830003,122.6345085144043,124.79088409423828,1.6061718751286351
2021-06-07,122.98444744531308,123.1306617200527,121.67828344764422,122.72126770019531,71057600,7.93954505846628e-05,122.42444953918456,124.89838912963867,1.2514115659558316
2021-06-08,123.4035896495703,125.21663622404847,123.02343700167279,123.54005432128906,74403800,0.006671921146496063,122.41908798217773,125.01020370483398,1.2461151981049083
2021-06-09,123.99817846383709,124.52454534046706,123.32559732645998,123.92019653320312,56877900,0.0030770766129455396,122.47854690551758,125.1261180114746,1.2894016948964042
2021-06-10,123.81298472926724,124.95345011953233,122.76025831506651,122.92596435546875,71186400,-0.008023164952518314,122.64133110046387,125.25114608764649,1.1091112119462003
2021-06-11,123.33536251537065,124.22239035571975,122.91621888119515,124.13465881347656,53522400,0.009832702670630189,122.75732727050782,125.35655838012696,1.1390229175363165
2021-06-14,124.59279446771667,127.24411353581664,123.86173050218788,127.18563079833984,96906500,0.02457792218567767,122.90500221252441,125.50644729614258,1.480553886844045
2021-06-15,126.65928803562127,127.30262798000346,126.12317141530278,126.36685943603516,62746300,-0.006437609006342049,123.06924934387207,125.58352096557617,1.6711541974826005
2021-06-16,127.07839924257492,127.58527439037435,125.2166344350542,126.86395263671875,91815000,0.003933730749518416,123.3275577545166,125.66450347900391,1.8388606746848548
2021-06-17,126.52282306860805,129.20339129093645,126.37660133235921,128.4625701904297,96721700,0.012601038517920493,123.67359580993653,125.7445671081543,2.1154988302733275
2021-06-18,127.40984095504005,128.18963065921508,126.95170632339287,127.16615295410156,108953300,-0.010091789650528926,123.82712020874024,125.75082534790039,2.254583505928742
2021-06-21,127.01018237446559,129.06690958900398,125.9477063159808,128.95968627929688,79663300,0.01410385769743816,124.1619483947754,125.7415754699707,2.4945702768276314
2021-06-22,128.79396232556323,130.6947253937975,128.29682937988724,130.5972442626953,74783600,0.012698216246058935,124.49726219177246,125.79933013916016,2.877550423114002
2021-06-23,130.39259586711862,130.92871251033458,129.86622139067492,130.32435607910156,60214200,-0.0020895401364277033,124.8286792755127,125.7895428466797,3.1492848962784454
2021-06-24,131.05542269642876,131.24062798342803,129.57379527397197,130.04168701171875,68711000,-0.00216896577038328,125.14839935302734,125.82081146240235,3.3417396316974015
2021-06-25,130.0904368018557,130.50957311385895,129.45683893971847,129.749267578125,70783700,-0.00224865918240047,125.53001708984375,125.79816040039063,3.4123821558288774
2021-06-28,130.04163948891443,131.83517920756188,129.9831567614525,131.37704467773438,62111300,0.012545559061666767,126.02567863464355,125.81468200683594,3.509256950153453
2021-06-29,131.3966153736016,133.04394916994167,130.95797980543495,132.8879852294922,64556100,0.011500795709510125,126.61297035217285,125.84818756103516,3.629752635713267
2021-06-30,132.73196707347742,133.9406648079474,132.43953852296474,133.5020294189453,63261400,0.00462076528884614,127.1929485321045,125.92764343261719,3.7617868642563863
2021-07-01,133.15113240638843,133.86269721920397,132.33232940247316,133.80421447753906,52485800,0.002263524082060542,127.86211738586425,126.00555389404298,3.6832578326968766
2021-07-02,134.41828334809892,136.46526832234767,134.27207651002422,136.42628479003906,78852600,0.01959632080901419,128.54785537719727,126.16626586914063,3.9414998891642337
2021-07-06,136.53348691022637,139.53570925876045,136.53348691022637,138.4342498779297,108181800,0.014718315396339499,129.333504486084,126.32081756591796,4.271199683373707
2021-07-07,139.91589835234652,141.2318195282519,139.0581266890823,140.91990661621094,104911600,0.017955504078456697,130.20249710083007,126.51729766845703,4.769406198222181
2021-07-08,138.00539740279086,140.422778328839,137.11836946520646,139.6234893798828,105575500,-0.009199674250841339,130.98766174316407,126.69427154541016,4.969144790222421
2021-07-09,139.14585831818513,141.972633378387,139.04837716154248,141.44627380371094,99890800,0.013054998352524771,131.91367721557617,126.92346496582032,5.111375895397737
2021-07-12,142.5184555206525,142.62567880479006,140.364247675173,140.85162353515625,76299700,-0.004204071641928819,132.74952545166016,127.14271179199218,5.139107125875194
2021-07-13,140.3934939298509,143.7369001800956,140.00359917768813,141.9628448486328,100827100,0.007889304259238505,133.4883861541748,127.42349655151367,5.354820979936428
2021-07-14,144.3607540301203,145.79364043052715,143.95134516697595,145.3842315673828,127050800,0.024100578728173838,134.4392547607422,127.75169021606445,5.700969538849168
2021-07-15,145.47196100861444,146.21276700697837,143.37623575739534,144.73114013671875,106820300,-0.004492175139099386,135.33261413574218,128.15809860229493,5.849407990012563
2021-07-16,144.71169838540143,145.9788641734468,142.196836268165,142.69395446777344,93251400,-0.014075655501787021,136.04418334960937,128.51889755249024,5.835287913294726
2021-07-19,140.12060468938105,140.43253247911716,138.09311867670348,138.85342407226562,121434600,-0.02691445765752587,136.62854690551757,128.7709683227539,5.473399357536906
2021-07-20,139.83789124908492,143.3859869898834,139.350515378791,142.4599609375,96350000,0.025973697727161404,137.30356063842774,129.0817185974121,5.30781452463342
2021-07-21,141.85565012536404,142.4405072449087,140.97837931958148,141.7289276123047,74993500,-0.005131500250207366,137.8601448059082,129.4433514404297,5.148829608155453
2021-07-22,142.25529492286392,144.4582288663732,142.12857241610413,143.0935821533203,77338200,0.009628623909076595,138.49860610961915,129.85060272216796,4.9531838689348096
2021-07-23,143.82463382519293,144.96509166825837,143.210535419876,144.8091278076172,71447400,0.011988976923218875,139.23697814941406,130.35337966918945,4.721428845055383
2021-07-26,144.52644902049065,146.04705940106285,143.97083337261068,145.228271484375,72434100,0.002894456192807482,140.01092834472655,130.821650390625,4.337382683285376
2021-07-27,145.35498894389306,145.44272791296905,141.87513262554674,143.0643310546875,104818600,-0.014900269813652112,140.5952926635742,131.1982943725586,3.8756634072199496
2021-07-28,141.15381301329907,143.25928057886588,138.94112214929507,141.31951904296875,118931200,-0.01219599601700705,141.01686935424806,131.56304641723634,3.425615180387905
2021-07-29,141.0368336570977,142.8498725143642,140.92961036922324,141.9628448486328,56699500,0.004552278482270022,141.4399101257324,131.96834762573243,2.9362052883734515
2021-07-30,140.73467853831747,142.63544169374407,140.47149137109437,142.17730712890625,70440600,0.0015106930302932753,141.8585647583008,132.38105758666993,2.323101383189989
2021-08-02,142.66470486730785,143.2398049839172,141.58272954059322,141.84591674804688,62880000,-0.002330824711421209,142.12954635620116,132.7360626220703,1.9407143894314483
2021-08-03,142.12856645538005,144.30225894055675,141.51446802349406,143.63943481445312,64786600,0.012644128978291036,142.38980560302736,133.1635888671875,1.7596489492666065
2021-08-04,143.55170433223327,144.05856456840556,142.5866946784069,143.23977661132812,56368300,-0.002782371036486375,142.50579910278321,133.55056503295899,1.7339289415453414
2021-08-05,143.2690181917266,144.10730535100612,142.47947159810346,143.3470001220703,46397700,0.0007485596059895183,142.69197463989258,133.94358474731445,1.6031279476797715
2021-08-06,142.86867690985883,143.61059289976055,142.16580285802874,142.66366577148438,54126800,-0.004766994426140925,142.75284423828126,134.32391235351562,1.5762262356756815
2021-08-09,142.72228266612592,143.21038897818232,142.05846523172403,142.61489868164062,48908700,-0.0003418325863143723,142.84100799560548,134.7338720703125,1.512304369725217
2021-08-10,142.95653516321173,144.19632898598317,141.84365370926938,142.1365203857422,69023100,-0.0033543360498844432,142.84969177246094,135.14732620239258,1.5074874486210526
2021-08-11,142.57578725696132,143.22984760890972,142.06815276895088,142.3903045654297,48493500,0.0017854959372773926,142.6999954223633,135.57228927612306,1.3863396416185905
2021-08-12,142.7124810649403,145.50444888855472,142.37080079552103,145.34825134277344,72282600,0.020773512539152827,142.73085098266603,136.04120498657227,1.4397639370440942
2021-08-13,145.42637130499,145.88519235268876,144.74302556240244,145.55328369140625,59375000,0.0014106282445001117,142.87381744384766,136.5438539123535,1.5718152522338
2021-08-16,145.0065628373872,147.59353426907154,142.9858112009547,147.5251922607422,103296000,0.013547674908638063,143.3074058532715,137.04012725830077,1.6002172090258746
2021-08-17,146.6563820290242,148.07188700426227,145.5435005089824,146.61734008789062,92229700,-0.006153878933755186,143.51527481079103,137.51804870605469,1.7475775547495067
2021-08-18,146.23663716721276,147.13475089008148,142.67345256358962,142.8784637451172,86326000,-0.02550091510684993,143.57275161743163,137.90481689453125,1.7040962914665945
2021-08-19,141.5800998127829,144.47945217305653,141.06270837166667,143.2103729248047,86960300,0.002323017556232987,143.57859115600587,138.29062042236328,1.7025672902465467
2021-08-20,143.93272733385453,144.9675098694575,143.28842371499448,144.66488647460938,60549600,0.010156481825296382,143.57137908935547,138.7253988647461,1.6973779929595685
2021-08-23,144.7820517027598,146.61733569322215,144.37204430196212,146.1487579345703,60131800,0.010257302211489794,143.61740341186524,139.16568084716798,1.7561317164741663
2021-08-24,145.89495874434272,147.2714219782902,145.602092007955,146.0609130859375,48606400,-0.0006010646267150532,143.76723251342773,139.54318649291992,1.8326260825159018
2021-08-25,146.24636116832204,146.74423897086186,144.28417982272728,144.8308563232422,58991300,-0.008421532747584504,143.94279937744142,139.91246643066407,1.7522221787232053
2021-08-26,144.82112485660906,145.5727977281921,144.00109506679658,144.03038024902344,48597200,-0.005526971907368949,144.04617614746093,140.25579498291015,1.6891150602718243
2021-08-27,143.97180225819312,145.2115961914639,143.33727014912955,145.06517028808594,55802400,0.007184526190053608,144.19056930541993,140.5878469848633,1.6437725226587805
2021-08-30,145.45564049048158,149.83883931473636,145.07491826892314,149.47763061523438,90956700,0.030417089907837314,144.5721549987793,141.03407653808594,1.9314739785993673
2021-08-31,149.0285501067643,149.1652192116683,147.69112933468762,148.21829223632812,86453100,-0.008424928691490141,144.80109786987305,141.41924865722658,2.0807045355185423
2021-09-01,149.1945209265185,151.293371319359,148.71617155840954,148.8821258544922,80313700,0.00447875635421302,145.08321533203124,141.7849462890625,2.2346853776926148
2021-09-02,150.20980882981786,151.03959539227287,148.7747752992504,149.9950408935547,71115500,0.007475142047274286,145.41561737060547,142.17835998535156,2.4471715229795676
2021-09-03,150.10239938899159,150.9517142276546,149.44833892893834,150.6295623779297,57808700,0.004230283085327358,145.81391220092775,142.59011749267577,2.6179896897089856
2021-09-07,151.2836060822293,153.5191254698615,150.71740121777114,152.9626922607422,82278300,0.01548918981095282,146.3313018798828,143.05438598632813,2.95350868542078
2021-09-08,153.24580029178898,153.30437064554417,150.31716343749,151.4202880859375,74420200,-0.010083531820788583,146.79549026489258,143.4552508544922,2.9888673195934006
2021-09-09,151.79126431107525,152.39651120399355,150.28788894400816,150.40504455566406,57305700,-0.006704805169154393,147.19622726440429,143.80559204101561,2.9032164332200288
2021-09-10,151.3129047338198,151.78148246152148,145.16276433644302,145.4263458251953,140893200,-0.033101939799806135,147.20013198852538,144.04407836914064,2.9006515408636395
2021-09-13,147.04688016056696,147.818081410703,145.21159606216116,145.99256896972656,102404300,0.0038935389685983424,147.22209625244142,144.28784545898438,2.8891654087354532
2021-09-14,146.7735217186003,147.4763957492906,143.4153491043727,144.5965576171875,109296300,-0.009562208284919937,147.07566452026367,144.45125091552734,2.946639471390988
2021-09-15,145.0261185341006,145.88519025288556,142.88821089491876,145.4849395751953,83281300,0.006143866580556878,147.0190444946289,144.59226470947266,2.9667209200547777
2021-09-16,144.90896023332135,145.42635157507343,143.71798000246844,145.25062561035156,68034100,-0.0016105719638604965,147.1376525878906,144.67887908935546,2.8370552389073493
2021-09-17,145.27992686740734,145.27992686740734,142.29270460935308,142.5855712890625,129868800,-0.018347971377681516,147.1064125061035,144.73812072753907,2.8856009671294696
2021-09-20,140.37932278347847,141.39457695669392,137.90950701335717,139.53977966308594,123478900,-0.021361148946844377,146.85015716552735,144.69999084472656,3.3101654682409665
2021-09-21,140.5062336067531,141.16030897663776,139.38359538478255,140.01812744140625,75834000,0.0034280387963581127,146.54362564086915,144.68332092285155,3.6454163784522047
2021-09-22,141.01386330488788,142.94675948187773,140.28170408222925,142.3805694580078,76404300,0.01687240116527189,146.35960845947267,144.69167541503907,3.762088793990107
2021-09-23,143.1615238009879,143.5813028239796,142.17555476827644,143.33724975585938,64838200,0.006719177353295525,146.28492813110353,144.65073577880858,3.808570361654743
2021-09-24,142.19507259526048,143.96201429353556,142.09744541695585,143.4250946044922,53477900,0.0006128542914172197,146.25466384887696,144.62461486816406,3.8297746182523476
2021-09-27,142.0095839613355,142.48793328173883,140.39883985731234,141.91195678710938,74150700,-0.010550021400058562,146.0970031738281,144.60897491455077,3.944505644628485
2021-09-28,139.84240736288436,141.30672576458994,138.31951860844126,138.53428649902344,108972300,-0.02380116774200347,145.5498359680176,144.60259216308594,4.201513345232077
2021-09-29,139.0809361025626,141.01383184837374,138.6514004044236,139.432373046875,74602000,0.006482774557458715,145.11054000854492,144.54204040527344,4.363995322664944
2021-09-30,140.24265523549735,140.94552924628812,137.91926531672686,138.134033203125,89056700,-0.009311609745847993,144.57313537597656,144.47014251708984,4.533590194485633
2021-10-01,138.5245544569587,139.52029542569983,135.80092800506898,139.2567138671875,94639600,0.00812747328105301,144.0362190246582,144.39340515136718,4.493369710974151
2021-10-04,138.38788760314102,138.82719517325862,134.98091529074117,135.83021545410156,98322000,-0.024605624518426295,143.2962516784668,144.21382690429687,4.568382993828716
2021-10-05,136.17185207930245,138.8564357660988,136.04493972017434,137.75331115722656,80861100,0.014158084758209233,142.53578262329103,144.0643276977539,4.1183171882745295
2021-10-06,136.15237563977044,138.76861831784564,135.07853579678584,138.6221923828125,83221100,0.006307516082820097,141.89587783813477,143.97548492431642,3.6305892038473515
2021-10-07,139.65691457441454,140.78932429837576,139.32500600229986,139.88143920898438,61732700,0.009084020419287464,141.36969757080078,143.94672332763673,3.0483568711515145
2021-10-08,140.60385709315267,140.7502829805711,139.16882381318146,139.500732421875,58773200,-0.0027216390484844366,141.07341690063475,143.89748107910157,2.9185261567204943
2021-10-11,138.88575464341304,141.3653278052875,138.43669034540312,139.41290283203125,64452200,-0.0006295994889700118,140.74443359375,143.84219299316408,2.697296435817239
2021-10-12,139.82288519545196,139.84241361250955,137.68497785008697,138.143798828125,73035900,-0.009103203348654887,140.4217956542969,143.76815063476562,2.5963059798948422
2021-10-13,137.88022678873125,138.0364094315763,135.88874541033104,137.55807495117188,78762700,-0.004239957797033456,140.02545242309571,143.6465234375,2.378621901403728
2021-10-14,138.72954178771872,140.45744186952987,138.1438084019397,140.3402862548828,69907100,0.02022572142492196,139.77993545532226,143.5885336303711,2.0402543020345427
2021-10-15,140.35005282323274,141.45316264244676,140.0962280805495,141.39459228515625,67940300,0.007512497362009318,139.72038650512695,143.5494854736328,1.9702353241710095
2021-10-18,140.03766984054468,143.347029376178,139.75457479053856,143.06393432617188,85589200,0.011806265105591907,139.89659423828124,143.55749084472657,2.106136739142729
2021-10-19,143.5130025382052,145.62162523479623,143.06395310397025,145.22137451171875,76378900,0.015080252026538954,140.15675659179686,143.60962036132813,2.4199309793611063
2021-10-20,145.16273523241006,146.18776090909918,144.5965304310407,145.70941162109375,58418800,0.0033606424055407924,140.32319869995118,143.68107818603517,2.6812980718858253
2021-10-21,145.27011876419027,146.0803765865811,144.3524770160413,145.92417907714844,61421000,0.0014739436091690816,140.45254516601562,143.75175567626954,2.8887230370249504
2021-10-22,146.129212114762,146.60754657748723,145.10418628692474,145.1529998779297,58883400,-0.005284793816184741,140.5389404296875,143.74785064697267,3.005771959790587
2021-10-25,145.14324421012236,145.8168331110648,144.10846150842693,145.1042022705078,50720600,-0.00033618049549721807,140.69855270385742,143.73886901855468,3.163155957411019
2021-10-26,145.77782316934065,147.25189877039264,145.46542800058126,145.76806640625,60893400,0.0045750855271895485,141.06024169921875,143.70372650146484,3.312695666461324
2021-10-27,145.80706700277705,146.16826078037482,144.95776708428832,145.3092041015625,56094900,-0.003147893197736895,141.3540832519531,143.6775637817383,3.4196180686877673
2021-10-28,146.25612076250718,149.52642273545615,146.15849358297356,148.94070434570312,100077900,0.024991536266363523,141.89441680908203,143.79880859375,3.7242509470976954
2021-10-29,143.7180182967883,146.3733177259621,142.92728848439134,146.2366485595703,124953200,-0.018155250426750258,142.24341354370117,143.85933410644532,3.7905171329736995
2021-11-01,145.44588063726485,146.1389830509936,144.28418557941234,145.41659545898438,74588300,-0.005607712626509498,142.7227325439453,143.8743682861328,3.534323595102824
2021-11-02,145.12372094423125,147.96450225059075,145.11394928812004,146.4513702392578,69122000,0.007115933205610547,143.1576354980469,143.88042053222657,3.4240803665672246
2021-11-03,146.8125588879088,148.35497602206758,146.25612565424197,147.8863983154297,54511500,0.009798666095288011,143.62084579467773,143.9169302368164,3.40480990064403
2021-11-04,147.97426542713765,148.80403696262286,147.0566234619275,147.3690185546875,60394600,-0.003498494564988075,143.9952247619629,143.9676934814453,3.383585173760844
2021-11-05,148.49330137784227,148.79636649786093,146.70422366033108,147.89694213867188,65463900,0.003582324081153221,144.41503524780273,144.04502471923828,3.3168028688543694
2021-11-08,148.02400784687248,148.18043333239365,146.8019617116547,147.07569885253906,55020900,-0.005552807747456923,144.7981750488281,144.08523529052735,3.1467972365902686
2021-11-09,146.8410949734435,148.0435844748696,146.70422637098488,147.4374542236328,56787900,0.002459654272705114,145.26285781860352,144.04443176269533,2.7768857439244448
2021-11-10,146.6650887001066,146.77262935345158,144.54361846371455,144.61204528808594,65187100,-0.019163440866669434,145.6155563354492,143.97230682373046,2.1161378338019485
2021-11-11,145.62882237351127,146.0882980655143,144.37743321812488,144.5631866455078,41000000,-0.0003378601172592255,145.82670135498046,143.88592803955078,1.7391787302184798
2021-11-12,145.11066161989166,147.03660782102534,144.18190939663026,146.6357879638672,63804000,0.014336992469885956,146.08876113891603,143.81874298095704,1.3975097059069264
2021-11-15,147.00727451410145,148.48351596746593,146.08829332480207,146.6455535888672,59222800,6.659782809914638e-05,146.2678421020508,143.7390628051758,1.2058339534389542
2021-11-16,146.58695199723596,148.1022929285687,146.00036359879664,147.6232452392578,59256200,0.006667039173459344,146.38793563842773,143.63227386474608,1.2156923312123717
2021-11-17,147.62321886773208,151.53376771191043,147.61344786594324,150.0575408935547,88807000,0.0164899210171916,146.60534210205077,143.60501892089843,1.453499325893013
2021-11-18,150.27259510761894,155.12166644396783,149.62735108476016,154.3395538330078,137827700,0.028535806424354382,147.02611083984374,143.68370910644532,2.247263446198258
2021-11-19,154.12449892543512,157.41914644005507,153.02955003283444,156.95965576171875,117305600,0.016976218108974317,147.6164436340332,143.91437530517578,3.1132195284752533
2021-11-22,158.0643575600625,161.99446283900974,157.39957149925132,157.41912841796875,117467900,0.00292732966328324,148.23218994140626,144.14290649414062,3.744111044945937
2021-11-23,157.51689191338718,158.18169292863084,155.502961782972,157.8004150390625,96041900,0.0024221111177886723,148.83380737304688,144.40698364257813,4.258670034935344
2021-11-24,157.1551823252834,158.5140974575523,156.07000441983408,158.31857299804688,69463600,0.0032836286194564135,149.4842758178711,144.66365631103517,4.666030126283113
2021-11-26,156.00155632601601,156.8618668141861,152.8633347292546,153.3032684326172,76959800,-0.03167856095754196,149.7024040222168,144.82470916748048,4.740655861929917
2021-11-29,155.806076738249,157.5853840703029,155.23904522311855,156.65663146972656,88748200,0.021874047901224714,150.2234031677246,145.10613037109374,4.909301366826658
2021-11-30,156.41217318635103,161.8185054389282,156.34373142534065,161.60342407226562,174048100,0.03157729459729275,151.03274459838866,145.54740325927733,5.38625132168832
2021-12-01,163.73463874085127,166.49158221025922,160.85061260681175,161.0852508544922,152052500,-0.0032064494966500545,151.7644386291504,145.96874572753907,5.715071167880525
2021-12-02,155.1901268526862,160.52801734787488,154.27114554315142,160.0978546142578,136739200,-0.006129650200726866,152.3750114440918,146.32309143066405,5.927320210525325
2021-12-03,160.35203598315746,161.27101721338744,156.14819360952984,158.2207794189453,118023100,-0.011724549337873147,152.9175994873047,146.62076202392578,5.941621147722682
2021-12-06,160.61600581977925,164.12573463510114,160.60623481829575,161.62298583984375,107497000,0.021502905202419154,153.6039016723633,146.9847198486328,6.1211923199931135
2021-12-07,165.29885432698077,167.74294665807957,164.57539762665544,167.3518829345703,120405400,0.03544605406809809,154.61771087646486,147.49351837158204,6.640166007877738
2021-12-08,168.2807219445421,172.02507478771778,166.88269277595091,171.1647491455078,116998900,0.022783527403920534,155.8040756225586,148.1461276245117,7.3693656489568395
2021-12-09,170.9985052389604,172.79735388590385,170.03063915946248,170.6563262939453,108923700,-0.0029703712598573295,157.10628967285157,148.77060668945313,7.585498733333985
2021-12-10,171.29180928871014,175.61296364291238,170.78343380069845,175.43698120117188,115402700,0.028013347123107435,158.64997940063478,149.51666564941405,8.027194857985881
2021-12-13,177.06959785970832,178.0570207166816,171.60461094345368,171.80992126464844,153237000,-0.02067443199084873,159.90868606567383,150.16772979736328,8.017867261658962
2021-12-14,171.33091243496327,173.76523433574428,168.3589020297747,170.43148803710938,139380400,-0.008023012974994526,161.09798278808594,150.85975524902344,7.7049808136650695
2021-12-15,171.19405708911282,175.48588396086842,168.4566698432585,175.2903594970703,131063300,0.02850923568127839,162.48133850097656,151.61049621582032,7.641815027969023
2021-12-16,175.27077720416733,177.08918279763162,166.93153397693786,168.4077606201172,150185800,-0.03926398974079437,163.3988494873047,152.2062075805664,7.157934888365691
2021-12-17,166.12985777423478,169.59070130648584,165.89523442801953,167.31280517578125,195432700,-0.006501811082245013,164.04751205444336,152.75483489990233,6.876036015010966
2021-12-20,164.51677542044033,166.76534380811088,163.71512072913166,165.9539031982422,107499100,-0.008121924535969494,164.49722442626953,153.2838983154297,6.679384427728266
2021-12-21,167.72341591348743,169.3267401361631,165.3379790393109,169.12144470214844,91185900,0.0190868755893161,165.08234024047852,153.87806915283204,6.5377692560857295
2021-12-22,169.17028106062807,171.9272242537676,168.3001848243109,171.71214294433594,92135300,0.015318567357026636,165.77792663574218,154.54943603515625,6.4618603751800325
2021-12-23,171.91751377429944,172.8951510094844,171.35048238778492,172.337890625,68356600,0.0036441667428663838,166.47889251708983,155.2450323486328,6.369835403020965
2021-12-27,173.1297226627458,176.38525547317582,173.11018066452525,176.29727172851562,74919600,0.022974524575858135,167.62859268188475,155.96417205810548,5.926250918873092
2021-12-28,176.13111784462515,177.27495155456995,174.5375644683696,175.2805633544922,79144300,-0.0057670113896549635,168.55978927612304,156.6418914794922,5.56357859800005
2021-12-29,175.31970645794595,176.59063798697883,174.15631563331343,175.36859130859375,62348900,0.0005022117251158864,169.24804763793946,157.28798461914062,5.508889974740327
2021-12-30,175.45652327947462,176.53193000592643,174.10737937130014,174.2149200439453,59773000,-0.006578551244779796,169.9045310974121,157.86785552978515,5.261722080722826
2021-12-31,174.1073747963206,175.22188041192248,173.29593427269404,173.59901428222656,64062300,-0.0035353215531906956,170.57958908081054,158.42564758300782,4.78150440199241
2022-01-03,173.8532266687499,178.79029755777358,173.73591497728762,177.9397430419922,104487900,0.025004339902003903,171.5655372619629,159.06595886230468,4.0806521430237055
2022-01-04,178.5458966574974,178.84896181974315,175.11438034514651,175.68141174316406,99310400,-0.012691550859973866,172.2684585571289,159.6765270996094,3.438075068486935
2022-01-05,175.59339039534856,176.14086475419518,170.73453308424857,171.00827026367188,94537600,-0.026600090659130493,172.45127792358397,160.19460845947265,3.2552285360962023
2022-01-06,168.83792269234627,171.3797850968752,167.80162976232634,168.15357971191406,96904000,-0.016693289437734515,172.30071945190429,160.64231872558594,3.384915766470941
2022-01-07,169.0236630282213,170.2457092977057,167.2052575825263,168.31976318359375,86709100,0.0009882838769439406,172.18389129638672,161.10252990722657,3.4835436265978044
2022-01-10,165.29885816519484,168.64237476166727,164.4092049558039,168.3393096923828,106765600,0.00011612723556253535,171.82900772094726,161.49050201416014,3.4962070764630044
2022-01-11,168.46647542797945,171.2625039300376,167.00001940197362,171.1647491455078,76138300,0.0167841929391781,171.79674911499023,161.98906402587892,3.4993674414682645
2022-01-12,172.18141648353657,173.21770927349675,170.91050037060046,171.6046142578125,74805200,0.0025698347031184454,171.85540542602538,162.51282440185548,3.485081317890181
2022-01-13,171.8490227811223,172.67023424322653,167.94824595979313,168.3393096923828,84505800,-0.019028069726167218,171.50785293579102,162.95058319091797,3.4710699785393433
2022-01-14,167.50832321300913,169.89375992557677,167.26391395832079,169.19964599609375,80440800,0.005110727288136552,171.54744720458984,163.37684814453124,3.4382071667685796
2022-01-18,167.6745127192973,168.68147761318977,165.62148401611884,166.0027618408203,90956700,-0.018894153923627255,171.4819450378418,163.7495230102539,3.534265604536846
2022-01-19,166.19829964047344,167.25414945182573,162.22909557704548,162.51260375976562,94815000,-0.021024698880620973,171.30988006591798,164.04183624267577,3.884024928071976
2022-01-20,163.24585020445963,165.88546757565922,160.50846314939517,160.83108520507812,91420500,-0.01034700396021715,170.89536209106444,164.31694396972657,4.520169608837114
2022-01-21,160.74307541554964,162.61036568511253,158.67048972769118,158.7780303955078,122848900,-0.012765286057433656,170.24865646362304,164.54375549316407,5.261602545788045
2022-01-24,156.44149634340394,158.67050778679211,151.24045969712583,158.00570678710938,162294600,-0.004864171740099232,169.53204727172852,164.81162872314454,5.89941615474049
2022-01-25,155.42478106073412,159.12024903450944,153.50862021677167,156.20689392089844,115798400,-0.011384480363323735,168.52752838134765,165.04450286865233,6.377878686354462
2022-01-26,159.84364519078215,160.713741500623,154.2906743409117,156.1188507080078,108275300,-0.0005636320566952957,167.56944274902344,165.23416412353515,6.739055973612808
2022-01-27,158.81711052646853,160.1760252131081,154.7403664665498,155.6593475341797,121954600,-0.0029432907797121155,166.58398056030273,165.4144400024414,6.975459117727527
2022-01-28,162.00422657695262,166.5404614570555,159.15929945417386,166.52090454101562,179935700,0.06977773695505785,166.19927978515625,165.79239318847655,6.740671587702367
2022-01-31,166.3547206203823,171.0864802658057,165.71924760028926,170.87139892578125,115541600,0.026125815234771643,166.062899017334,166.2086703491211,6.609391436164019
2022-02-01,170.11864243059435,170.93008309016165,168.45666218750117,170.70523071289062,86213900,-0.0009724752880545529,165.7011734008789,166.53598388671875,6.103803642103836
2022-02-02,170.84203326145342,171.94676763498737,169.4537907755584,171.90765380859375,84914300,0.00704385618812986,165.5124855041504,166.83494384765626,5.831290993474381
2022-02-03,170.57808486487306,172.29873538364427,168.27086114724798,169.03341674804688,89418100,-0.016719657309424485,165.41374282836915,167.06722961425783,5.749477975121705
2022-02-04,168.05455952783922,170.42346859121156,167.0756769166009,168.74957275390625,82465400,-0.0016792182256110122,165.44354248046875,167.2862127685547,5.76594693688343
2022-02-07,169.20967525085985,170.27665387927516,167.3400055860888,168.03501892089844,77251200,-0.004234403805275844,165.42930526733397,167.4805416870117,5.758818355328101
2022-02-08,168.10348925040896,171.64705409326743,167.80982151011347,171.13803100585938,74829200,0.018466460770428128,165.56924133300782,167.83723693847656,5.866253040184422
2022-02-09,172.33232573026677,172.91964646810396,171.2066015104205,172.55746459960938,71285000,0.008294086272977008,165.63887710571288,168.1552536010742,5.943922786852861
2022-02-10,170.4626223841964,171.7743215374217,167.92731993059743,168.4852752685547,90865900,-0.023599033171375794,165.48291015625,168.292890625,5.818751868210666
2022-02-11,168.6908451580762,169.42500712943504,164.49143031742815,165.07876586914062,98670700,-0.020218439824989498,165.31988296508788,168.37276092529297,5.780058048178354
2022-02-14,163.83558309476697,165.99892030677,163.04269054419584,165.31370544433594,86185500,0.0014231968233973102,165.1255859375,168.47707794189452,5.707634776297118
2022-02-15,167.35953966665278,169.29772280484622,166.6547430824804,169.14109802246094,62527400,0.023152300457107255,165.28250274658203,168.69548431396484,5.775753503323777
2022-02-16,168.22097415914394,169.67949961629867,166.4589825612284,168.90618896484375,61177400,-0.00138883488616115,165.60218200683593,168.84114837646484,5.791291588122479
2022-02-17,167.4182971510757,168.27971865617212,164.91235997613748,165.31370544433594,69589300,-0.02126910530943038,165.82631301879883,168.80038482666015,5.682647949954891
2022-02-18,166.23384762062662,166.93862933962222,162.68049906023276,163.76705932617188,82772700,-0.009355825120530237,166.07576446533204,168.65243103027345,5.462190538451661
2022-02-22,161.49608794845346,163.16998418925112,158.72584769849567,160.85003662109375,91162800,-0.01781202347456423,166.21798095703124,168.4563052368164,5.274830374177915
2022-02-23,162.04421705709984,162.64133603328534,156.37649344425944,156.6897430419922,90009200,-0.025864424195946922,166.24212341308595,168.0813604736328,5.227491453377309
2022-02-24,149.3579234730035,159.4110529381091,148.7901697172211,159.30337524414062,141147500,0.016680301795172436,166.40134963989257,167.83122955322267,4.9437104490247
2022-02-25,160.38007843595776,161.63304663182,157.47279670147265,161.36875915527344,91974200,0.012965098247086804,166.68682022094725,167.64997497558593,4.428803306145076
2022-02-28,159.6166064975814,161.9267702066246,158.99990563300975,161.6331024169922,95056600,0.0016381315881868197,166.4424301147461,167.37682983398437,4.571016706637907
2022-03-01,161.22197083806662,163.0818568508139,158.5496253630897,159.75364685058594,83474400,-0.011627912465340784,165.88654251098632,167.20374755859376,4.678807299551574
2022-03-02,160.91850544375748,163.82578787806702,159.50891214996344,163.0426788330078,79724800,0.020588149611996176,165.5034149169922,167.11834503173827,4.576056603593622
2022-03-03,164.91235266773373,165.3430634011942,162.05401727070716,162.7196502685547,76678400,-0.0019812515763677485,165.04401473999025,167.05365997314453,4.355152339659327
2022-03-04,161.01642127862274,162.0540345545001,158.67689221468046,159.7242889404297,83737200,-0.01840811065646597,164.57855834960938,166.86571685791014,4.403532357843125
2022-03-07,159.91028134097652,161.5352302369313,155.68150083148916,155.93601989746094,96418800,-0.02371755146383281,163.9378807067871,166.55019439697264,4.687708452631718
2022-03-08,155.4661583222758,159.44041971330986,152.50992837199067,154.11529541015625,131148300,-0.011676099521470085,163.24189453125,166.1857424926758,5.0654989125813925
2022-03-09,158.06998280822745,159.95923428896205,156.04370327606966,159.50894165039062,91454900,0.03499747527252195,162.66044006347656,165.84997589111327,4.770250382135899
2022-03-10,156.81698565051138,157.00297572975708,152.68609998585092,155.17247009277344,105342000,-0.02718638536967921,161.79119033813475,165.4478140258789,4.444731851306099
2022-03-11,155.57379764949783,155.91641251914996,151.23735509056115,151.46249389648438,96970100,-0.023908726812629677,160.94005126953124,164.96969207763672,4.716932690995739
2022-03-14,148.25177493215907,150.86538982544317,146.9302923114544,147.43930053710938,108732100,-0.02656230764379608,160.05807800292968,164.4341796875,5.488377198360913
2022-03-15,147.71340492610565,152.28480063427574,147.204396636905,151.81492614746094,92964300,0.029677471301149172,159.38313903808594,163.9984979248047,5.636070307648751
2022-03-16,153.73352378158447,156.6212246232631,151.19822129277074,156.21987915039062,102300200,0.02901528271766285,158.73707809448243,163.56410064697266,5.180840393430374
2022-03-17,155.2605702418383,157.60009906528276,154.30126947324382,157.22811889648438,75615400,0.006453978530626792,158.15317459106444,163.19503479003907,4.599933136832366
2022-03-18,157.1204572234023,161.00662274780382,156.38629519642316,160.51718139648438,123511700,0.020919047579303962,157.91334838867186,162.9852130126953,4.3237003300144705
2022-03-21,160.05708320205216,162.83712104497158,159.56764191840216,161.88760375976562,95811400,0.008537543154936378,157.81937561035156,162.85989349365235,4.208671891308612
2022-03-22,162.01484532225444,165.8422796739602,161.42752475473955,165.2549591064453,81532000,0.020800575636888752,158.03962173461915,162.7985974121094,4.482000794672097
2022-03-23,164.44248019289995,168.9942779440516,164.1096487837443,166.6156005859375,98062700,0.008233589399370134,158.5359146118164,162.76412322998047,4.858402378298662
2022-03-24,167.44764277770662,170.46260275503545,166.6156015912022,170.3940887451172,90131400,0.02267787737697957,159.09045028686523,162.74871002197267,5.536265610904469
2022-03-25,170.20810721060892,171.578536843318,169.10196511927478,171.03036499023438,80546200,0.0037341450622090377,159.5735305786133,162.73722503662108,6.1347073101096505
2022-03-28,168.53422465828777,172.0190445148475,168.36781639958284,171.8917999267578,90371900,0.00503673681905914,160.08646545410156,162.8082748413086,6.7171967903273435
2022-03-29,172.95877935054617,175.22977935165113,172.6161644453855,175.18084716796875,100589400,0.01913440456503679,160.8578254699707,162.92789886474608,7.515330252571629
2022-03-30,174.77951856347462,175.81713189197046,172.9685794955082,174.0159912109375,92633200,-0.006649448132388325,161.4064910888672,163.08816345214845,8.06378078205825
2022-03-31,174.0844546486926,174.2704447075952,170.71709656651754,170.92266845703125,103049300,-0.017776083292003975,161.816641998291,163.25636474609374,8.338040344115592
2022-04-01,170.35495761395958,171.18701389593227,168.30909632537671,170.62904357910156,78751300,-0.0017178814289545707,162.36187973022462,163.45232391357422,8.547915151901808
2022-04-04,170.8835878567689,174.72080687147195,170.7563283054037,174.67185974121094,76468400,0.02369359915116198,163.2986717224121,163.77020050048827,8.82866910154272
2022-04-05,173.7516656886956,174.53477477488693,170.73670541562527,171.36318969726562,73401800,-0.018942204249999706,164.16106643676758,164.0373501586914,8.726216159528294
2022-04-06,168.7202226513366,169.9634078617043,166.537318414103,168.201416015625,89058800,-0.018450716791781785,164.5956901550293,164.27724060058594,8.698742573847523
2022-04-07,167.5455363451221,169.69907490999924,166.2632026288955,168.5048370361328,77594700,0.0018039147808341927,165.26230850219727,164.52496032714845,8.445774644400613
2022-04-08,168.15246782773184,168.15246782773184,165.62694868711696,166.49815368652344,76575500,-0.011908758139560605,166.01409149169922,164.7417364501953,7.797030320096219
2022-04-11,165.14730089465874,165.4605355802755,162.00508096962494,162.2498016357422,72246700,-0.02551591087778604,166.75461654663087,164.65631439208985,6.542409931044712
2022-04-12,164.47187468621496,166.28279871101802,163.12101178667447,164.11947631835938,79265200,0.011523432779379839,167.36984405517578,164.5212759399414,5.569838623122979
2022-04-13,163.85512872257044,167.4280436035417,163.24822639803168,166.8015594482422,70618900,0.0163422598587879,167.89892807006837,164.44320251464845,4.919571951775675
2022-04-14,167.01696134936807,167.6532440657547,161.55479409572018,161.7995147705078,75329400,-0.029987997080365925,168.12749786376952,164.2410397338867,4.4846719457164195
2022-04-18,160.45842830966066,163.0818413516457,160.11582837374732,161.5841522216797,69023900,-0.0013310457026622924,168.18084640502929,164.0920544433594,4.3948229164717265
2022-04-19,161.53522902332887,164.27610359926777,160.44866861751814,163.86495971679688,67723800,0.01411529202435724,168.27971420288085,163.99436218261718,4.266154307670235
2022-04-20,165.1962520760154,165.3137281661249,162.59243524088046,163.6985626220703,67929800,-0.001015452571520692,168.2018943786621,163.90763305664063,4.337826686452765
2022-04-21,165.34307817395856,167.90774603308134,162.4064301142371,162.90565490722656,87227800,-0.004843706029809991,168.01639709472656,163.74298553466798,4.486023362490134
2022-04-22,162.94482378114378,164.3250370614869,158.08955892864606,158.37342834472656,84882400,-0.02782117394930872,167.41536407470704,163.4593048095703,4.933624276188844
2022-04-25,157.71757136622622,159.7242838315626,155.11375480994548,159.44041442871094,96046400,0.006737153417313735,166.83586654663085,163.27840759277345,5.162045514641489
2022-04-26,158.82370741856425,158.91180327087787,153.41048764569481,153.48880004882812,95623200,-0.03732814168357479,165.91571655273438,163.04660827636718,5.812580573460791
2022-04-27,152.61760570667977,156.41566043489684,152.09879906936447,153.263671875,88063200,-0.0014667400732594205,164.81985778808593,162.80560760498048,6.035636390400429
2022-04-28,155.88707729102597,161.04579354437072,155.57382764277364,160.1843719482422,130216800,0.04515551525404282,164.12827682495117,162.62647308349608,5.710112915163783
2022-04-29,158.42235165998022,162.69028026576657,153.9292842451666,154.32083129882812,131747600,-0.036604948273659677,163.298184967041,162.3347659301758,5.874761275422606
2022-05-02,153.4007100151784,154.88860092145774,150.0333512355366,154.6243133544922,123055300,0.001966565713195312,162.49794845581056,162.1209780883789,5.9135463227003005
2022-05-03,154.81028218380573,157.31623426694395,153.0189401124905,156.11219787597656,88966500,0.00962257803579214,161.56996536254883,161.967880859375,5.330059810858135
2022-05-04,156.29818841895514,162.964376768375,155.8968429541357,162.51409912109375,108256500,0.04100833459665454,161.12751083374025,162.001162109375,4.816911216262987
2022-05-05,160.38993331507154,160.61507214954577,151.67786848905013,153.45944213867188,130525300,-0.055716131901115906,160.3904121398926,161.9365560913086,4.805385646074021
2022-05-06,152.93984857664353,156.30235682996496,151.1458596477854,154.1848602294922,116124600,0.004727099751638653,159.67441329956054,161.8341857910156,4.594933074772916
2022-05-09,151.8810971374127,152.7633948486293,148.50880608897836,149.0675811767578,131577900,-0.03318924468406104,158.80288467407226,161.58816223144532,4.876932821607273
2022-05-10,152.45954000160515,153.65553292727364,149.92049701176046,151.4694061279297,115366700,0.01611232256008699,158.26386489868165,161.38488830566405,5.067921954825135
2022-05-11,150.4792343504193,152.39085681137783,142.94056542836282,143.6169891357422,142689800,-0.051841604142525144,157.23874053955078,161.0621551513672,5.836446338343127
2022-05-12,139.96040581157675,143.3228989996902,136.06853101088905,139.75453186035156,182602000,-0.02689415297336417,155.88638916015626,160.59639221191406,6.589029854063902
2022-05-13,141.74459868206603,145.18553469561974,140.2937279042498,144.2150115966797,113990900,0.031916530197283466,155.00716400146484,160.22629943847656,6.9232112874737135
2022-05-16,142.68570084334092,144.61693408926746,141.34265112461745,142.67588806152344,86643800,-0.010672422503842038,154.06175079345704,159.88533142089844,7.260613667226753
2022-05-17,145.9305738468132,146.8226694807634,143.7934664467187,146.3031005859375,78336300,0.025422743630304057,153.18365783691405,159.69267303466796,7.072134006496563
2022-05-18,143.960147405131,144.46010573899827,137.1469043666091,138.04881286621094,109742900,-0.05641908945653584,151.9011703491211,159.37134338378905,7.383806375513683
2022-05-19,137.12729010884627,138.87226008655338,133.91183880440775,134.64707946777344,136095600,-0.024641525905291672,150.48824157714844,158.87410614013672,7.8558357546921895
2022-05-20,136.3528207232791,137.93113785871375,130.00034593006458,134.88233947753906,137426100,0.0017472344049016542,149.31368713378907,158.46830352783203,8.355097403646518
2022-05-23,135.0784317492794,140.4407891232643,134.9411873997547,140.2937469482422,117726300,0.04011946628197571,148.35635375976562,158.2449285888672,8.22967790931006
2022-05-24,138.03898075989613,139.17615657107172,134.62746828487894,137.59783935546875,104132700,-0.0192161635954311,147.56180572509766,158.04809936523438,8.47163026322246
2022-05-25,135.7058176181396,138.99969650386015,135.61759232548434,137.75469970703125,92482700,0.001139991385745942,146.7863571166992,157.7668948364258,8.630556202699166
2022-05-26,134.68631051667606,141.4995389264538,134.44123025043575,140.9505615234375,90601500,0.023199657240029037,145.82466659545898,157.46150848388672,8.115275533144585
2022-05-27,142.5288422380691,146.73441193920726,142.4013957458045,146.69520568847656,90978500,0.040756447529893824,145.4433853149414,157.25085021972657,7.8705371914116276
2022-05-31,146.13644955191023,147.69515625482543,143.95032308788612,145.9109649658203,103718400,-0.005346055578133058,145.00771789550782,156.9587258911133,7.571048828829408
2022-06-01,146.95012359470607,148.75392574652264,144.77380960507372,145.78355407714844,74286600,-0.0008732098283478207,144.4912857055664,156.63664489746094,7.112084708104482
2022-06-02,144.920824891666,148.29313081917098,143.96991252402043,148.23431396484375,72348100,0.01681094896615276,143.7772964477539,156.2962319946289,5.804018902283492
2022-06-03,144.00911981753086,145.05807025566116,141.61714962601158,142.51904296875,88570300,-0.0385556545122826,143.23027648925782,155.81430084228515,5.340514034398878
2022-06-06,144.13659949613532,145.64630225545608,142.04851092055418,143.2641143798828,71598400,0.005227872680117374,142.68423919677736,155.27170135498048,4.678820243035064
2022-06-07,141.50935357913772,146.06784060799566,141.26427330966123,145.78355407714844,67808200,0.017585978932484148,142.52003784179686,154.76676513671876,4.4971059387403365
2022-06-08,145.65608826850138,146.92069570984725,144.5581335933167,145.0482940673828,53950200,-0.0050435044914362015,142.19898223876953,154.22989501953126,4.02946142070132
2022-06-09,144.18562036487367,145.0384948829892,139.72515664096548,139.83299255371094,69473000,-0.03595562117572426,142.00978240966796,153.5229379272461,4.04816956427148
2022-06-10,137.51936981142111,137.98991950159612,134.36273634609168,134.43136596679688,91437900,-0.03862912813540231,141.74362411499024,152.7312454223633,4.36671197262615
2022-06-13,130.25523715092532,132.53938671229503,128.85338540144875,129.28472900390625,122207100,-0.038284495034899724,140.99710998535156,151.8984866333008,5.131255822357033
2022-06-14,130.51014411570253,131.25518271689248,128.89260543359612,130.1474151611328,84784300,0.006672761461258947,140.37068634033204,151.08885406494142,5.653668535439871
2022-06-15,131.64729675078482,134.63727870714717,129.55922325217023,132.76486206054688,91533000,0.020111401338040125,139.6937744140625,150.25071411132814,5.716118573310757
2022-06-16,129.48077871917013,129.78467578709342,126.50059498012912,127.50052642822266,108123900,-0.0396515730941176,139.16636009216307,149.37346084594728,6.329597559129384
2022-06-17,127.5103548974603,130.4611156124141,127.25546187351353,128.9710235595703,134520300,0.011533263214999145,138.88255729675294,148.58885299682618,6.661446061864135
2022-06-21,130.79444423466086,134.36281257312174,130.69642109612053,133.19622802734375,81000500,0.03276088187221271,138.79825172424316,147.88268081665038,6.725101675753535
2022-06-22,132.13748523532692,135.04904033583404,131.27481276894582,132.6864776611328,73409200,-0.0038270630764880575,138.4178882598877,147.20644729614258,6.850034987879944
2022-06-23,134.1275183400123,135.86267563561398,132.96093402675356,135.54898071289062,72433800,0.021573434627365273,138.3154453277588,146.67243087768554,6.878206875376758
2022-06-24,137.1468791706762,139.117333627322,137.01944763359853,138.87225341796875,89116800,0.02451713533809019,138.37132301330567,146.16748641967774,6.877951117319289
2022-06-27,139.89178050713437,140.66624234545563,138.19582964679236,138.87225341796875,70207900,0.0,138.26740760803222,145.60890029907227,6.8525850351740845
2022-06-28,139.33302894232776,140.59763645444562,134.61768731128618,134.73532104492188,67083400,-0.029789481132676654,137.6694133758545,145.06761642456055,6.595438713278911
2022-06-29,134.75490940956817,137.90173093297278,133.98044756827542,136.4900665283203,66242400,0.01302364866012673,137.1983684539795,144.56573471069336,6.30591386840863
2022-06-30,134.5490335635321,135.64698810352084,131.1375212724895,134.0294647216797,98964500,-0.01802769878590449,136.61066398620605,143.969024810791,6.00418736537248
2022-07-01,133.36287185008192,136.30383506160413,132.99036001507756,136.1959991455078,71051600,0.016164612970193337,136.00874824523925,143.41897354125976,5.3448042127069115
2022-07-05,135.05882114715405,138.82324999611623,134.23534018265374,138.77423095703125,73353800,0.01893030505814597,135.8215076446533,142.93634506225587,5.167379900895071
2022-07-06,138.56835645511603,141.28383440664965,138.30366564043456,140.10745239257812,74064300,0.009607125374448522,135.66367454528807,142.5710255432129,4.972626052940065
2022-07-07,140.47019110271424,143.66604717243726,140.4603932776671,143.46998596191406,66253700,0.023999676761762734,135.54799613952636,142.25161697387696,4.746589322361535
2022-07-08,142.40140757015126,144.64635079248632,142.1465295229667,144.14637756347656,64547800,0.004714516398865776,135.50290031433104,142.06476852416992,4.654979922126811
2022-07-11,142.80334848304327,143.7542609845207,140.95054251842944,142.0190887451172,63141600,-0.014757837514318362,135.61220512390136,141.83987686157226,4.785834280615314
2022-07-12,142.89155544175705,145.5286208059207,142.19553604555907,142.98959350585938,77588800,0.006833621939962953,136.04011650085448,141.49598129272462,5.05000938384498
2022-07-13,140.17610485424197,143.56800712971256,139.3232154144063,142.6269073486328,71185600,-0.0025364514181355213,136.70722541809081,141.2621028137207,4.991567457912122
2022-07-14,141.24462523992875,146.0187828364424,140.43095716603992,145.54823303222656,78140700,0.020482290038393414,137.4772663116455,141.0805812072754,5.11279207644312
2022-07-15,146.83244295612025,147.89119117713278,145.28353435270415,147.2147674560547,76259900,0.011450049163146625,138.1997615814209,140.90263259887695,5.423362716484365
2022-07-18,147.7735410020435,148.58720894116726,143.81303717687484,144.17576599121094,81420900,-0.020643319398992555,139.0335235595703,140.5358659362793,4.9533625742878415
2022-07-19,145.0090823866063,148.25394254490203,144.01896354895925,148.02847290039062,82982400,0.02672229193784581,139.98639602661132,140.42724655151366,4.744393387433827
2022-07-20,148.14609070693865,150.6949310490213,147.41085002655058,150.02830505371094,64823400,0.013509780342502165,140.8279998779297,140.34411544799804,4.964313268238609
2022-07-21,151.45958316742,152.50853373902038,148.94996398855773,152.29286193847656,65086600,0.015094197617942173,141.80831909179688,140.40862106323243,5.202134587780308
2022-07-22,152.33208328648058,153.2045683993023,150.39105184778396,151.0576629638672,66675400,-0.008110682003654057,142.5837532043457,140.40038619995119,5.37306618814865
2022-07-25,150.9791857674136,151.98891489270602,149.2832351431614,149.94004821777344,53623900,-0.007398596828292581,143.13714294433595,140.5268473815918,5.538107251038413
2022-07-26,149.26366918886245,150.07733740905365,147.8324089141252,148.61666870117188,55138700,-0.008826057696603384,143.6243637084961,140.7040901184082,5.571687096587065
2022-07-27,149.57735592146827,154.23387992265205,149.16562296270044,153.70449829101562,78620700,0.034234582394482294,144.57282257080078,140.89387985229493,5.593383282718064
2022-07-28,153.89075014754778,154.53776544520662,151.37133354934207,154.25347900390625,81378700,0.0035716632824318584,145.46099319458008,141.12543167114256,5.652386626787788
2022-07-29,158.06698413815568,160.40995103683753,156.36121998956833,159.31198120117188,101786900,0.03279343992713146,146.7251190185547,141.38560928344725,5.786780581864966
2022-08-01,157.84145882480365,160.3706884793457,157.72382510643268,158.3316192626953,67829400,-0.006153723851055504,147.83190002441407,141.79126541137694,5.783820260310447
2022-08-02,156.94935473605096,159.21389322725332,156.4886027966237,156.86111450195312,59907000,-0.009287499032662572,148.73624420166016,142.23554611206055,5.706540737548832
2022-08-03,157.67482654904526,163.31167231688755,157.58660124880873,162.86073303222656,82507500,0.03824796572001099,149.87390823364257,142.7951139831543,6.146830951772835
2022-08-04,162.7430582477967,163.89984462441896,161.19414951620604,162.5469970703125,55474100,-0.0019264064214421506,150.8277587890625,143.2401789855957,6.566611826834279
2022-08-05,160.22042780912037,162.81206933981917,160.01426786699392,162.32122802734375,56697000,-0.0013889462557779009,151.73650131225585,143.7346467590332,6.845014118560632
2022-08-08,163.32253000929188,164.73615535552312,161.1922805564501,161.85000610351562,60276900,-0.0029030209391266437,152.7280471801758,144.2165528869629,6.799464976559286
2022-08-09,161.0155852740051,162.78261696114208,160.25968547297944,161.8990936279297,63135500,0.0003032902228170542,153.67352218627929,144.63552352905273,6.687828333773324
2022-08-10,164.60853143111325,166.23812814464867,163.8428202002786,166.1399688720703,70170500,0.026194558283858305,154.84917526245118,145.02441879272462,6.710381976368
2022-08-11,166.94495103045548,167.85792369494868,165.10920924668594,165.40371704101562,57149200,-0.004431515402663955,155.84194946289062,145.4142738342285,6.7306608443468665
2022-08-12,166.70935086886797,169.01629605421468,166.29703098384923,168.9475860595703,68039400,0.0214255706096127,156.9285903930664,145.87755447387696,7.012949614569644
2022-08-15,168.37821564106778,170.21395743937939,168.21133138479297,170.0176239013672,54091700,0.006333549160149499,158.2206832885742,146.31322067260743,6.9196363251630135
2022-08-16,169.61509878760032,170.52807128910433,168.5156191962962,169.8605194091797,56377100,-0.0009240482755989987,159.31228561401366,146.86005020141602,6.94913357021564
2022-08-17,169.6052526047457,172.92332854274167,169.40891914356627,171.35264587402344,79542000,0.008784421889405314,160.3785026550293,147.42182083129882,7.084305465838856
2022-08-18,170.56735491708034,171.6962839363271,169.94889007422466,170.96002197265625,62290100,-0.002291320915206896,161.31186065673828,147.92535018920898,7.191837905855983
2022-08-19,169.8605242913159,170.5575254675204,168.1720291679761,168.37818908691406,70346300,-0.015101968612025174,162.17788696289062,148.39194808959962,6.930149663143191
2022-08-22,166.58175784940187,166.74864212900974,164.07846369670224,164.50059509277344,69026800,-0.023029075292756995,162.90591430664062,148.88530014038085,6.314320867586363
2022-08-23,164.0195321647684,165.6196796113523,163.5974008535258,164.16677856445312,54147100,-0.0020292724663522055,163.68341979980468,149.48000839233399,5.345235237909099
2022-08-24,164.2551587296091,165.03068148199358,163.20475103663767,164.4613037109375,53841500,0.0017940605831450185,164.22126007080078,150.18353988647462,4.801863897880786
2022-08-25,165.6883632421721,167.02345197761028,165.2662469773801,166.91546630859375,51218200,0.01492243185649178,164.85435943603517,150.91890090942383,4.2176685547116755
2022-08-26,167.44560000363606,167.91680343416758,160.56399573070382,160.62289428710938,78961000,-0.03769915491144871,164.91990509033204,151.47606155395508,4.136406073310079
2022-08-29,158.19816763869952,159.9161124345619,156.89254277561915,158.42396545410156,73314000,-0.013690008779677965,164.92452239990234,152.09453033447267,4.128709139944548
2022-08-30,159.1602105704912,159.58232691391927,154.83098655063566,155.9991912841797,77906200,-0.015305602046834066,164.88142623901368,152.63509368896484,4.220778096748719
2022-08-31,157.3735291899389,157.63858767600124,154.2615972644816,154.3401336669922,87991100,-0.010635039858413409,164.45539627075195,153.05797180175782,4.822589414050546
2022-09-01,153.77076113952282,155.5181549609377,151.83684522830168,155.06658935546875,74229900,0.00470684890064943,164.08137588500978,153.50557403564454,5.249560820121547
2022-09-02,156.82379496598037,157.42262194968552,152.13135334781393,152.95596313476562,76957800,-0.013611095913542037,163.61311264038085,153.85371368408204,5.803316503408728
2022-09-06,153.60386838160778,154.21250676362826,150.8747921160952,151.69940185546875,73714800,-0.008215183334759901,163.1055824279785,154.11025665283202,6.380758031242932
2022-09-07,151.9841081371773,153.80021196934476,150.79626559392008,153.1032257080078,87449600,0.009253984098609447,162.66578903198243,154.3948760986328,6.760140718396064
2022-09-08,151.8074024718103,153.49589780674214,149.88329791132227,151.63070678710938,84923800,-0.009617817744132728,161.94032592773436,154.73278381347657,7.135779854091638
2022-09-09,152.62219009337275,154.92915012061422,151.91537744584716,154.4873809814453,68028800,0.01883968132092617,161.39450912475587,155.09273010253906,7.273096492212795
2022-09-12,156.66672837890903,161.25118449428555,156.38204700518378,160.43638610839844,104956000,0.038508032754258625,160.96894912719728,155.62086853027344,7.0535833424785475
2022-09-13,156.97104316313002,157.59931943362142,150.56065692569356,151.0220489501953,122656600,-0.05867956382314887,160.01917037963867,155.91738952636717,7.049928838732983
2022-09-14,151.95463927472932,154.22233860679495,150.79626102566698,152.46511840820312,87965400,0.009555356108853497,159.14940032958984,156.19120727539064,6.84186027203681
2022-09-15,151.81724569369018,152.39644995538063,148.6071535818432,149.57901000976562,90481100,-0.018929630780926354,158.06071853637695,156.38063842773437,6.522748031547221
2022-09-16,148.44022763272653,148.57766259301448,145.65223775657734,147.93955993652344,162278800,-0.0109604286934053,156.90969543457032,156.47002990722658,6.14700326827005
2022-09-19,146.57501740526791,151.7288507316376,146.36887246061372,151.6503143310547,81474200,0.025082908156029537,156.07330169677735,156.62010864257812,5.6198472898717915
2022-09-20,150.59011171978128,155.18439428665013,150.27598106267698,154.0260009765625,107689800,0.015665557015079212,155.5495719909668,156.86024688720704,5.270360508142272
2022-09-21,154.45795295017905,155.8323177224437,150.78646922639234,150.90426635742188,101696800,-0.02026758209229651,154.88644638061524,157.0185403442383,4.953920306323851
2022-09-22,149.58876294037415,151.6404754795318,148.14568867157536,149.94216918945312,86652500,-0.006375546505027141,154.160489654541,157.1648455810547,4.521951850992028
2022-09-23,148.42058784002563,148.6954577569954,145.83875792782328,147.67449951171875,96029900,-0.015123628596230065,153.19844131469728,157.20737091064453,3.622886467957932
2022-09-26,146.91861726875362,150.95333323742267,146.8989794231201,148.00828552246094,93339400,0.002260281983997414,152.56771087646484,157.22324127197265,3.3500951936860077
2022-09-27,149.9422080635759,151.88593544780034,147.20330517830297,148.9801483154297,84442700,0.006566272891670444,152.09552001953125,157.31932891845702,3.1401912586087724
2022-09-28,144.93560783080054,147.8806554147203,142.18689375661808,147.09530639648438,146691400,-0.012651631376783268,151.65032577514648,157.3006655883789,3.1884227275468384
2022-09-29,143.42383363893248,144.03247205665744,138.1031007730531,139.87013244628906,128138200,-0.049118997248766005,150.92682571411132,157.09750213623047,4.066704290267129
2022-09-30,138.69211755301987,140.4787870882612,135.47219979960417,135.6685333251953,124925300,-0.03003928749911766,149.95692291259766,156.76501556396485,5.186456079548981
2022-10-03,135.67834355315813,140.44932105441077,135.16786446408517,139.84066772460938,114311700,0.030752410283772402,149.30115814208983,156.5406756591797,5.599957869795704
2022-10-04,142.37346603599343,143.54167105288877,141.6175660287155,143.4238739013672,87830100,0.02562349161414401,148.88738174438475,156.41035217285156,5.71792064578216
2022-10-05,141.43101553965928,144.6803824609242,140.39041942925496,143.71832275390625,79471000,0.0020529974859104794,148.4181365966797,156.31238525390626,5.738786429873507
2022-10-06,143.13912691743977,144.8374334955695,142.5599378213271,142.76608276367188,68402200,-0.00662573826348456,147.97490539550782,156.09361694335936,5.819367624421953
2022-10-07,139.9290453992253,140.47880029356153,136.8956494527264,137.52392578125,85925600,-0.03671850400980381,147.12673263549806,155.75902587890624,6.051787241185684
2022-10-10,137.847900390625,139.29097534068862,136.03179615324555,137.847900390625,74899000,0.002355769060071289,145.99730834960937,155.3297442626953,5.521709857928129
2022-10-11,137.33739611427865,138.76084793369003,135.68817645989057,136.4342498779297,77033700,-0.010255147221607253,145.2679183959961,154.891796875,5.780457960771181
2022-10-12,136.58149154588781,137.78895683135124,135.6292583188671,135.8059539794922,70433700,-0.004605118575428446,144.43496017456056,154.4706936645508,5.888047147975835
2022-10-13,132.5173140288845,140.95977377434966,131.90866074826354,140.3707733154297,113224000,0.033612807113205356,143.97454833984375,154.02089447021484,5.824312338387889
2022-10-14,141.66660017858484,141.87276009592642,135.65870802953629,135.84523010253906,88598000,-0.032239925064181274,143.36983184814454,153.4868591308594,6.015683569775872
2022-10-17,138.48597103526853,140.282437004532,137.7006219624551,139.80142211914062,85250900,0.029122789321460507,142.77738723754882,153.03646301269532,5.734144606209652
2022-10-18,142.82500010106065,144.0128276023933,138.03438444661543,141.1168670654297,99136600,0.009409381724085897,142.13193054199218,152.6218002319336,5.091900700902861
2022-10-19,139.09461918905455,142.29489928414645,138.90809708603376,141.22486877441406,61758300,0.0007653352234238131,141.6479606628418,152.20831573486328,4.6555340624288855
2022-10-20,140.40024050696854,143.21766459219867,140.0370077826972,140.76345825195312,64522000,-0.003267204469476037,141.18902511596679,151.70078552246093,4.22761574855092
2022-10-21,140.2530052619691,145.14179598739213,140.03703386545854,144.57241821289062,86548600,0.02705929513410954,141.0339210510254,151.28415954589843,4.029410226673828
2022-10-24,144.49385104011358,147.47815927955588,143.32564645655586,146.7124481201172,75981900,0.014802477081591325,140.9691291809082,150.83945678710938,3.9203030151881224
2022-10-25,147.3407290522299,149.69677613929844,146.62410499116672,149.5495147705078,74732300,0.019337600092855345,140.99759750366212,150.43009460449218,3.9831032550770327
2022-10-26,148.19481318791426,149.20594507644813,145.32828678897533,146.6143035888672,88194300,-0.019627019092271047,140.97354736328126,149.96517028808594,3.9456230552776272
2022-10-27,145.35773474859954,146.3197794029668,141.48990330767347,142.1476287841797,109180200,-0.030465477755927894,141.0874221801758,149.38106994628907,3.944966665310652
2022-10-28,145.4853431294892,154.61499335183578,145.11231396636444,152.88723754882812,164762400,0.07555250028795202,141.94835739135743,149.0196142578125,4.53489148812583
2022-10-31,150.35449330723716,151.4147121907347,149.1372016307876,150.53118896484375,97943200,-0.015410367940174918,142.48288345336914,148.6626742553711,4.889558451922527
2022-11-01,152.23931825640548,152.60253597457515,146.3983105936967,147.8904571533203,80379300,-0.01754275529000293,142.7062126159668,148.33047149658202,5.034652171335981
2022-11-02,146.22162239502856,149.3826416112209,142.34397906464244,142.37342834472656,93604600,-0.03730483301484533,142.63896789550782,147.8946044921875,5.029401286078202
2022-11-03,139.4578493069626,140.18429993575015,136.20848179558848,136.3361053466797,97918500,-0.04240484385491372,142.3174690246582,147.33210052490233,5.222649843015534
2022-11-04,139.71864706361086,140.28896920604143,132.1373281619349,136.07057189941406,140814800,-0.0019476384967167526,142.24480133056642,146.71520263671874,5.302360007154308
2022-11-07,134.82177198830993,136.827719829141,133.40580174577732,136.6015625,83374600,0.003902317695691382,142.18248443603517,146.23477600097655,5.363723912496227
2022-11-08,138.06672226567503,139.069688836373,135.19545550623369,137.17190551757812,89908500,0.004175230554761322,142.21936721801757,145.80973480224608,5.324509583303603
2022-11-09,136.18861111865357,136.23777968306217,132.34386044564616,132.6191864013672,74917800,-0.03318988023846847,142.06002883911134,145.34213470458985,5.568622014729093
2022-11-10,138.88288280173376,144.41891479492188,137.17191586897493,144.41891479492188,118854000,0.08897451955287394,142.26243591308594,145.14371032714843,5.577553028703154
2022-11-11,143.38642351170455,147.50648417895965,141.96061049585242,147.20166015625,93979700,0.01926856579195113,142.83025741577148,144.98641174316407,5.4668370461934375
2022-11-14,146.48384590068005,147.77198095425382,144.96953850636208,145.80535888671875,73374100,-0.009485635338956855,143.13045425415038,144.8433996582031,5.456598425546682
2022-11-15,149.67962155098414,151.02675299903876,146.0806992107757,147.53599548339844,89868300,0.011869499241274672,143.45141067504883,144.76013153076173,5.520339715183446
2022-11-16,146.64120672406102,147.36884742264508,144.831902680013,146.30686950683594,64218300,-0.008331024388558816,143.70551071166992,144.62420440673827,5.529412648841201
2022-11-17,143.98622301357588,148.9519465811487,143.71089713297823,148.2046356201172,80389400,0.012971134709382826,144.07756958007812,144.55568298339844,5.571221054939401
2022-11-18,149.76810292744864,150.15159363499748,147.4671586821555,148.76512145996094,74829600,0.003781837440499425,144.28720474243164,144.44123779296876,5.668847958003743
2022-11-21,147.65398361312236,147.86047052115927,145.25470236836378,145.53985595703125,58724100,-0.021680253215789813,144.22857513427735,144.1433071899414,5.648472020931549
2022-11-22,145.65786938764137,147.9096450709946,144.47788413446048,147.67364501953125,51804100,0.014661200868097524,144.13478164672853,144.07633911132814,5.570503382665305
2022-11-23,146.95585380028717,149.29613922514196,146.84768896962234,148.548828125,58301400,0.00592646782269779,144.23150787353515,143.99801330566407,5.632276854650376
2022-11-25,145.8348580598712,146.3953525551104,144.66471552066162,145.63819885253906,35195900,-0.01959375451963663,144.40603637695312,143.91919708251953,5.618368991003997
2022-11-28,142.7177853624681,144.19275214587688,140.98716307142482,141.81314086914062,69246000,-0.026264112118492777,143.85233154296876,143.79666870117188,5.273647919487043
2022-11-29,141.8819517027843,142.39327767480953,138.007718580844,138.81402587890625,83763800,-0.02114835742198129,143.26647338867187,143.5399429321289,5.141823745465119
2022-11-30,139.0401533008067,146.23799618945276,138.20434805005414,145.55950927734375,111380900,0.04859367312292995,143.14992599487306,143.37061309814453,5.0572189101069736
2022-12-01,145.7365320270306,146.64117635966434,144.1632284025417,145.83485412597656,71250400,0.0018916307838616753,143.32299728393554,143.26922485351562,5.088380033994289
2022-12-02,143.52411441944975,145.53006273642814,143.21927533321448,145.34323120117188,65447400,-0.003371093472483655,143.77335357666016,143.17724609375,4.8294539648102965
2022-12-05,145.30386574755366,148.40128929094377,143.3372438141924,144.18289184570312,68826400,-0.007983442681707698,144.1789695739746,143.1074139404297,4.476213599902942
2022-12-06,144.61557170242608,144.8417290558683,139.55151049910586,140.52499389648438,64727200,-0.025369847298757464,144.37514114379883,142.95774810791016,4.204371473384583
2022-12-07,139.8170142991394,140.97731424983792,137.66356048798676,138.58787536621094,69721100,-0.013784868275464102,144.44593963623046,142.74990264892577,4.086973165153198
2022-12-08,139.9841640195035,141.12480845757423,138.7451974772698,140.26931762695312,62128300,0.012132679401420043,144.82844619750978,142.61338287353516,3.178956278093452
2022-12-09,139.96449489513216,143.14060047218985,138.54852454565471,139.78750610351562,76097000,-0.0034349031676256248,144.59687576293945,142.61173034667968,3.3731163248681897
2022-12-12,140.31850830999085,142.08847150955347,138.70587850686456,142.07864379882812,70462700,0.016390146438522546,144.34072494506836,142.73993255615235,3.359391288378765
2022-12-13,147.00500937638787,147.4671667934874,141.83279839446703,143.04226684570312,93886200,0.006782321544674952,144.20257034301758,142.8039645385742,3.3527976826248964
2022-12-14,142.92427726159215,144.21241242784126,138.80420126905452,140.8199920654297,82291200,-0.015535791128579945,143.86677017211915,142.75188690185547,3.3376533771471752
2022-12-15,138.75503452609877,139.43352160827794,133.7598121718234,134.2219696044922,98931900,-0.04685430217800213,143.26252517700195,142.56195983886718,3.9163928368440106
2022-12-16,134.40879318099954,135.35276341025192,131.49818579850947,132.26516723632812,160156900,-0.014578853029277639,142.4655517578125,142.3519415283203,4.444029807225297
2022-12-19,132.8551509782634,132.94364536804903,129.12840885731634,130.16087341308594,79592600,-0.015909659868968307,141.53533935546875,142.20468048095702,4.971779550560681
2022-12-20,129.1972093009086,131.02616804412892,127.72224305650941,130.09202575683594,77432800,-0.0005289427955166293,140.762947845459,142.04956298828125,5.489869838826337
2022-12-21,130.76070405901197,134.52678732015247,130.5345467103143,133.18948364257812,85928000,0.023809744430699054,140.03873977661132,141.9846676635742,5.485602323397157
2022-12-22,132.10785363301125,132.31434056379908,128.12544063659777,130.02322387695312,77852100,-0.023772595846394684,139.112459564209,141.86901306152345,5.5368330229658556
2022-12-23,128.7350936895975,130.21006041152802,127.47645662054781,129.65940856933594,63814900,-0.002798079425883837,138.31352005004882,141.65478576660155,5.696179197111808
2022-12-27,129.18743096288975,129.2169290987198,126.57181955561124,127.85995483398438,69007800,-0.013878312073198229,137.61586074829103,141.49508026123047,6.086126593322837
2022-12-28,127.50595548300566,128.8432592520272,123.76937760067855,123.93653869628906,85438400,-0.030685261407995545,136.87198638916016,141.17778259277344,6.799377185749742
2022-12-29,125.85399366425621,128.30243635978945,125.59833816334043,127.44696044921875,75703700,0.02832434881477619,135.96635894775392,140.90438446044922,6.787581194439524
2022-12-30,126.26697469654857,127.78126710171549,125.30332657301084,127.7615966796875,77034200,0.00246876213728231,135.06269607543945,140.6351190185547,6.605232001216333
2023-01-03,128.10576142344397,128.71540946850325,122.09773035328112,122.98271179199219,112117500,-0.03740470541923879,133.94467010498047,140.27950408935547,6.665660951206894
2023-01-04,124.77234386397704,126.51280869797894,122.99255318811515,124.25119018554688,89113600,0.010314282187077861,132.94808502197264,139.8730795288086,6.543250497530448
2023-01-05,125.0083349534918,125.63765344479737,122.67789249421179,122.93354797363281,80962700,-0.010604664711431733,132.0685127258301,139.3975015258789,6.652569231081424
2023-01-06,123.90705557556224,128.1156191203873,122.8057442493749,127.45680236816406,87754700,0.0367943044766057,131.51195907592773,138.95564727783204,6.543166841482748
2023-01-09,128.29260255023266,131.18353963295718,127.72228030225448,127.97793579101562,70790800,0.0040887062374768135,130.89738998413085,138.582919921875,6.247912082445262
2023-01-10,128.08606049318604,129.06937130152838,125.9817759634987,128.5482177734375,63896200,0.004456096114514141,130.33542556762694,138.31093170166017,5.902096272379824
2023-01-11,129.0595847172529,131.28186245070447,128.28277553296553,131.26220703125,69458900,0.021112616766074677,129.79460372924805,137.87843109130858,5.226280009411444
2023-01-12,131.64567480294028,132.0193227611732,129.24639368399414,131.1835174560547,71379600,-0.0005994838649678869,129.20166625976563,137.49147766113282,4.220021566656024
2023-01-13,129.8265664212103,132.6683349676498,129.46274610687883,132.51100158691406,57809700,0.01011929056791816,128.78621673583984,137.1838885498047,3.331486929602577
2023-01-17,132.57984966159466,134.99878678874634,131.89153482883353,133.67132568359375,63646600,0.0087564359395369,128.75868453979493,137.00984649658204,3.286167323046593
2023-01-18,134.53663801277594,136.2967583598761,132.77650266153844,132.95350646972656,69672800,-0.005370031382544216,128.79310150146483,136.94219451904297,3.3281608434994965
2023-01-19,131.84235433638028,133.9761376268957,131.53753029546903,133.0124969482422,58280400,0.0004436925364510458,128.93568267822266,136.88103302001954,3.448740025441913
2023-01-20,133.02233471040634,135.71661273457056,131.98002726434026,135.56910705566406,80223600,0.019220826359020338,129.20953674316405,136.8603839111328,3.749720103075049
2023-01-23,135.81489982286553,140.92812862349226,135.5985702195713,138.7550048828125,81760300,0.023500175639869836,129.4878128051758,136.8920458984375,4.235655976822268
2023-01-24,137.9683546796287,140.77079684177573,137.9585269717819,140.15130615234375,66435100,0.010063069585926065,129.9942169189453,137.04268829345702,4.862149039404602
2023-01-25,138.53872531246566,140.05301807827476,136.49343605439017,139.49253845214844,65799300,-0.0047004035729730775,130.48587341308593,136.94416076660156,5.303627683501236
2023-01-26,140.78065564701856,141.8426334902846,139.53184628445516,141.55747985839844,54105100,0.014803239149299374,131.17074966430664,136.83127716064453,5.807186005762318
2023-01-27,140.77080718806803,144.77287517943125,140.69214050710963,143.49456787109375,70555800,0.013684109201668404,132.14865112304688,136.78506134033202,6.160834010564981
2023-01-30,142.54079133466578,143.12094131391822,140.46600420175812,140.61349487304688,64015300,-0.020077923790362884,132.80697784423828,136.646611328125,6.333043840764326
2023-01-31,140.31849689379183,141.93112656571586,139.90550801485074,141.8819580078125,65874500,0.009020920331372695,133.51299591064452,136.55811309814453,6.525140067718837
2023-02-01,141.56728874190614,144.16322923439725,138.96152054070433,143.00291442871094,77663600,0.007900626948189604,134.51400604248047,136.4540786743164,6.358181009918564
2023-02-02,146.41502317640206,148.65697138188685,145.6972102432423,148.30299377441406,118339000,0.037062736566430665,135.71659622192382,136.44483612060546,6.585427212721972
2023-02-03,145.5595309829737,154.75349514117664,145.36287177724367,151.9215545654297,154357300,0.024399782492050548,137.16599655151367,136.57247009277344,6.810086582630142
2023-02-06,150.02377712562708,150.54493079230497,148.26364190831887,149.19778442382812,69858300,-0.01792879324723129,138.25304565429687,136.60295288085936,6.913108291205026
2023-02-07,148.12598902287087,152.63938353904294,148.12598902287087,152.06906127929688,83322600,0.019244768724663297,139.45760192871094,136.67335754394531,7.124145553035154
2023-02-08,151.31189384284664,152.00020850727236,148.64711456554969,149.3845977783203,64120100,-0.017652923470384052,140.4994209289551,136.74828552246095,6.966606040402318
2023-02-09,151.213581264491,151.75440537570756,147.9096553354024,148.35214233398438,56007100,-0.006911391533604094,141.3539176940918,136.8790655517578,6.820534834568596
2023-02-10,147.19010514987264,149.0415427118315,146.95374470434558,148.716552734375,57450700,0.002456387852965536,142.2305694580078,137.0771160888672,6.566562829945124
2023-02-13,148.65743217523777,151.91715888947925,148.62788900472555,151.51339721679688,62199000,0.018806544604468955,143.18068923950196,137.19619384765625,6.460086117266763
2023-02-14,149.80964612462722,151.4345954776921,148.56878800441328,150.8732452392578,61707600,-0.004225051970969118,144.04078521728516,137.29696166992187,6.269700156343132
2023-02-15,150.78461690781828,153.1383177826238,150.55811427879883,152.9709014892578,65573800,0.013903434281363092,145.04165496826172,137.4495150756836,5.9985001739252155
2023-02-16,151.17854429955682,153.95572244720177,151.02098573800205,151.37551879882812,68167900,-0.010429321360453159,145.959806060791,137.5933676147461,5.439694467882663
2023-02-17,150.03616431892533,150.6762863218937,148.55894582557343,150.23312377929688,59144100,-0.007546762043137534,146.69300689697266,137.78753021240234,4.929813658050711
2023-02-21,147.9188545173904,149.00215442484804,146.15604651567105,146.2249755859375,58867200,-0.026679523746358513,147.0665054321289,137.94027221679687,4.566326091907044
2023-02-22,146.60900607426132,147.67260518894304,144.92498541296462,146.64840698242188,51011300,0.0028957528957529455,147.3913604736328,138.06785400390626,4.269965825388271
2023-02-23,147.8105044744373,148.05670759936388,145.00379786650186,147.1309814453125,48394200,0.003290690112634387,147.773282623291,138.21472351074217,3.8469309174772746
2023-02-24,144.87576101262292,144.9545478123535,143.50687229977612,144.48184204101562,55469600,-0.018005313213257823,147.91950073242188,138.26278747558592,3.6487088890156723
2023-02-27,145.46665970602933,146.90447752822308,145.21059884097443,145.6734619140625,44998500,0.00824754070278666,148.0284454345703,138.31541137695314,3.540559985166268
2023-02-28,144.81665531660641,146.81582313308783,144.5999954030627,145.1711883544922,50547000,-0.0034479413955756932,148.25633010864257,138.40243530273438,3.1649356263590085
2023-03-01,144.6000382811085,144.9939573168816,142.80767210613058,143.10311889648438,55479000,-0.014245729345121916,148.31738815307617,138.5800582885742,3.0449953528821614
2023-03-02,142.1872382713636,144.48185327566276,141.7145174362223,143.69400024414062,52238100,0.004129059885016773,148.35194244384766,138.80863494873046,2.9848401358206793
2023-03-03,145.79161175732688,148.8149928448926,145.0924034132026,148.7362060546875,70732300,0.035089884072960764,148.37360305786132,139.1801416015625,2.9860378694508944
2023-03-06,151.45432771735832,153.92621703534178,151.12935277334321,151.4937286376953,87558000,0.018539686174285697,148.35221176147462,139.6081756591797,2.960708423233919
2023-03-07,151.36567408118486,151.69066400049135,148.83471383986452,149.29757690429688,56182000,-0.014496651136303051,148.35720138549806,139.93033752441406,2.96229211733204
2023-03-08,150.4892077170001,151.1391876253047,149.52409559763862,150.5482940673828,47204800,0.008377344020041866,148.28116302490236,140.34083892822267,2.880384329285876
2023-03-09,151.2277963802791,152.1929083670859,147.9483691410299,148.3029022216797,53833600,-0.014914761137699295,148.22707824707032,140.71370880126952,2.8687065201592503
2023-03-10,147.92868001277867,148.64758887079853,145.36816171354923,146.24464416503906,68572400,-0.01387874428488245,148.12170333862304,141.08140258789064,2.9023800697325743
2023-03-13,145.56514829028342,150.8142012619364,145.45681830298673,148.18475341796875,84457100,0.013266190115928334,148.09511337280273,141.56636688232422,2.8990777144833726
2023-03-14,148.98243524821328,151.07023295988367,147.82036369988242,150.2725372314453,73695900,0.014089059537641946,148.03307037353517,142.02287841796874,2.834634515052207
2023-03-15,148.89382292012243,150.92253451978002,147.6431066809658,150.66648864746094,77167900,0.0026215795864874547,148.02273254394532,142.48097625732422,2.8240887209088843
2023-03-16,149.84908663995225,154.0837837636838,149.33697988783769,153.48304748535156,76161100,0.01869399667553795,148.04833984375,143.0909829711914,2.8732121547664407
2023-03-17,153.70953434482817,154.35951419092353,151.93686886777078,152.64593505859375,98944600,-0.00545410350180664,148.1118606567383,143.65887786865235,2.963272353030301
2023-03-20,152.71489092530072,155.42312546588803,151.80885014610277,155.00949096679688,73641400,0.015483909920666283,148.35067901611328,144.30039672851564,3.3148433336804204
2023-03-21,154.93069227015488,156.9790888157361,154.1625247817563,156.8609161376953,73938300,0.011943947169628544,148.88247604370116,144.88847900390624,3.7768331166644855
2023-03-22,156.88062840402722,159.67749219321786,155.41325242402124,155.43295288085938,75701800,-0.009103371904206181,149.32170333862305,145.4375793457031,4.007126344815911
2023-03-23,156.41773262448348,159.09642316640492,155.2851895124044,156.51620483398438,67622100,0.006969255444534417,149.79096450805665,145.99693908691407,4.277490888810044
2023-03-24,156.44728881765926,157.90480687220796,155.45263376473136,157.81617736816406,59196500,0.008305673751536125,150.45768127441406,146.52801849365235,4.4424310137247485
2023-03-27,157.5108907515981,158.3282868109909,155.4723219600322,155.8760986328125,52390300,-0.01229328176429989,150.96781311035156,147.0218701171875,4.449922973333739
2023-03-28,155.57080817581272,156.08291480553032,153.61102618902072,155.2556610107422,45992200,-0.003980325575968169,151.47203674316407,147.47676330566406,4.3282087368331705
2023-03-29,156.94956160428092,158.60405440029712,156.92987617396892,158.32830810546875,51305700,0.019790886043852263,152.2332962036133,147.96990295410157,4.112329204701699
2023-03-30,159.07672328299577,160.00244921246374,158.8206775049261,159.8941192626953,49501700,0.009889647505002763,153.043302154541,148.50871520996094,3.93339427491902
2023-03-31,159.97293860815142,162.49405610459849,159.45098920585787,162.39556884765625,68749800,0.01564441266818095,153.72627029418945,149.09637664794923,4.313657172330935
2023-04-03,161.7751332479675,163.76444342844442,161.725889623748,163.64627075195312,56976200,0.007701576546526034,154.33389739990236,149.657919921875,4.8099845642041315
2023-04-04,164.06975594835677,164.30610131295074,162.60238002597387,163.11448669433594,46278300,-0.003249594721429605,155.0247428894043,150.14510955810547,5.035515721591616
2023-04-05,162.23798454444034,162.54327395468036,159.3426339632527,161.27285766601562,51511700,-0.011290407526900914,155.56097106933595,150.5675405883789,5.104288620221922
2023-04-06,159.96308282888376,162.45467221127325,159.53962067833683,162.1592254638672,45390100,0.0054960754753112795,156.2537872314453,151.02087432861327,5.006727037959485
2023-04-10,158.96844706639095,159.56918334960938,157.64880179736934,159.56918334960938,47716900,-0.015972215622323205,156.92001419067384,151.3811083984375,4.4615948074566445
2023-04-11,159.88429605818737,159.8941387722609,158.0722298566841,158.3578338623047,47644200,-0.007591374862467526,157.4286682128906,151.67837371826172,3.965633304750539
2023-04-12,158.77147274218814,159.59871163720814,157.35334033527027,157.66848754882812,50133100,-0.004353092592034091,157.79846572875977,152.01947357177735,3.5902719533602587
2023-04-13,159.1752417539843,163.28190788405584,158.96842452673738,163.04554748535156,68445600,0.03410358036737193,158.41741867065429,152.44274536132812,3.3554018997589843
2023-04-14,162.09027277975596,163.794009087704,161.33197803499354,162.70086669921875,49386500,-0.0021140153254647354,158.87830963134766,152.83670440673828,3.2740383460387767
2023-04-17,162.58270789230806,162.87815467656333,161.53880894471416,162.7205810546875,41516200,0.00012116933282957376,159.38204193115234,153.12505615234375,3.0306577973966013
2023-04-18,163.57738134329617,164.86748346446845,163.13420364495934,163.94175720214844,49923000,0.00750474303585813,159.82865524291992,153.36546020507814,3.010467522925639
2023-04-19,163.2819130529251,165.60607111909823,163.02585218946155,165.08412170410156,47720200,0.00696811185538615,160.23981552124025,153.6831869506836,3.1424661474019127
2023-04-20,163.56749547193866,165.32046042282218,163.04554607797024,164.11898803710938,52456400,-0.0058463143337437184,160.67411727905272,153.92418548583984,3.041783296992462
2023-04-21,162.5432913390932,163.9220227028112,161.991798793606,162.5137481689453,58337300,-0.009780951536217719,160.97399444580077,154.18676849365235,2.902756824839054
2023-04-24,162.49404087672,163.08493430890758,161.40089854610392,162.81903076171875,41949600,0.001878503180272828,161.22413711547853,154.47610626220703,2.830983367426087
2023-04-25,162.68116189989732,163.78414697340926,161.24332919160244,161.28273010253906,48714100,-0.009435633242578567,161.49446868896484,154.7274298095703,2.5362135477892775
2023-04-26,160.58349205788602,162.76977657727082,160.32744626830737,161.27285766601562,45498800,-6.12119878995454e-05,161.79532852172852,154.92261901855468,2.0715016350977793
2023-04-27,162.6811372537476,165.9999497127407,162.6811372537476,165.85223388671875,64902300,0.028395207271558975,162.17152481079103,155.2221987915039,2.091826689455948
2023-04-28,165.93103698503495,167.2703823718156,165.33030085507355,167.1029510498047,55275900,0.007541153554435853,162.53196640014647,155.50483978271484,2.290404066963348
2023-05-01,166.70906903109534,167.86129792357815,166.07878959348815,167.0143585205078,52472900,-0.0005301673533609774,162.76290588378907,155.81761657714844,2.499259247473304
2023-05-02,167.50673256610264,167.76279339985444,164.99545801480568,165.9802703857422,48425700,-0.006191612169912042,162.8796058654785,156.13255950927734,2.5953233453264444
2023-05-03,166.92568277045305,168.3241144157863,164.62122562365215,164.9068145751953,65136000,-0.006467369935306944,162.96922225952147,156.5061962890625,2.6345093047202646
2023-05-04,162.38573893481126,164.50307988258416,161.81454585901537,163.27206420898438,81235400,-0.00991317654411128,163.0691825866699,156.83866943359374,2.604513949287988
2023-05-05,168.3832383689214,171.65282310766082,168.1665784150509,170.9339141845703,113453200,0.04692688864262129,163.50791702270507,157.3147280883789,3.129339835905336
2023-05-08,169.86044681233003,171.20965008439242,169.49607101524845,170.86495971679688,55962800,-0.00040339840167102903,164.07270584106445,157.84239044189454,3.3895762383126504
2023-05-09,170.42178299192224,170.90433143409618,168.99380806621033,169.16122436523438,45326900,-0.009971239008784383,164.61287536621094,158.31214569091796,3.2902800324801715
2023-05-10,170.39224965147537,171.38690478906514,169.28924951921832,170.92404174804688,53724500,0.010420930620639313,165.27565307617186,158.82720275878907,3.149884912143256
2023-05-11,171.20966280003566,171.9384144483228,169.5551699505623,171.11117553710938,49514700,0.0010948359701108412,165.67893447875977,159.38736389160155,3.3587353344254756
2023-05-12,171.2196142676148,171.6535334613317,168.63584185680983,170.18414306640625,45533100,-0.0054177201915258655,166.05309829711913,159.91716674804687,3.4256693802043996
2023-05-15,170.7659972586019,170.81530899814229,169.09935977781652,169.69107055664062,37266700,-0.0028972882013644785,166.4016227722168,160.33626403808594,3.4233623679377683
2023-05-16,169.61217478294208,170.74626955321972,169.42479920138675,169.69107055664062,42110300,0.0,166.6890884399414,160.70021087646484,3.447238300004023
2023-05-17,169.33607370599472,170.53919306240596,168.06389984598047,170.30252075195312,57951600,0.003603313912197814,166.95000839233398,161.12030975341796,3.5161654986384265
2023-05-18,170.60819152451643,172.81722786089622,170.19400003291315,172.62985229492188,65496700,0.013665866674742455,167.37555160522462,161.56194091796874,3.667274812430234
2023-05-19,173.9513327998332,173.9513327998332,172.5213826746833,172.73834228515625,55809500,0.000628454399932199,167.88678131103515,162.0506497192383,3.666523245094221
2023-05-22,171.57463586444004,172.2945540862593,171.05196458153654,171.79159545898438,43570900,-0.005480814587238481,168.33540954589844,162.56158874511718,3.5612283027889244
2023-05-23,170.7364424785807,170.9829861706954,168.91201313779877,169.18814086914062,50747300,-0.015154726183710943,168.7306800842285,162.98165649414062,3.152498431708265
2023-05-24,168.72461766792532,170.03623176135926,168.16250594092847,169.46424865722656,45143500,0.001631957102120385,169.14024963378907,163.36549072265626,2.6196699690458347
2023-05-25,170.02634463618594,171.49573497151061,169.31629781123684,170.59832763671875,56058300,0.006692142965128101,169.37755432128907,163.7641275024414,2.5191834287193617
2023-05-26,170.92379413047703,173.33991896491864,170.71669083708804,173.00460815429688,54835000,0.014104947867380035,169.67263717651366,164.15455871582031,2.583547534924695
2023-05-30,174.51345913931758,176.51539231960112,174.12885165758402,174.8487548828125,55964400,0.010659523744424693,170.0643569946289,164.59861511230469,2.7479801215236987
2023-05-31,174.87833424607143,176.87041104464083,174.3162075312564,174.7994384765625,99625300,-0.000282051801187011,170.50531539916992,164.9944140625,2.7656620710957998
2023-06-01,175.24323239604442,177.62977324467488,174.4838737017158,177.60018920898438,68901800,0.01602265291485705,171.13998413085938,165.4091995239258,2.867850671990856
2023-06-02,178.52719900186148,179.26683000310032,176.7816656255451,178.44830322265625,61996900,0.004775411656087192,171.89879608154297,165.86950653076173,2.677963037562029
2023-06-05,180.10507993454968,182.3929972823034,175.57852688511534,177.0972442626953,121946500,-0.007571150498837609,172.20696258544922,166.28112731933595,2.905998959637308
2023-06-06,177.48186345973468,177.62978364684957,174.97697127382227,176.7323760986328,64848400,-0.002060270139050191,172.500333404541,166.65945129394532,3.055700764927527
2023-06-07,175.97298038220674,178.7046879636189,174.86846975629078,175.36155700683594,61944600,-0.007756468407530637,172.8103500366211,167.04916046142577,3.013335109959897
2023-06-08,175.44046308150416,178.33981894141047,175.0065588784877,178.0735626220703,50214900,0.015465223173906084,173.16782608032227,167.50551849365235,3.196305816153117
2023-06-09,178.99070336218668,179.71060666093933,178.13273621096323,178.4581756591797,48900000,0.0021598547894818854,173.5351760864258,167.90811584472655,3.365225519986889
2023-06-12,178.76390437463206,181.34767745099242,178.468048934722,181.24905395507812,54274900,0.01563883686241674,174.0884216308594,168.3352145385742,3.6801243545176683
2023-06-13,180.27273686584886,181.60406367252176,179.91771337450308,180.7756805419922,54929100,-0.0026117290146147054,174.64265213012695,168.70281677246095,3.8152208763941386
2023-06-14,180.8348467124019,181.84074910193183,179.50351991974284,181.40682983398438,57462900,0.0034913395988880325,175.22844009399415,169.05802795410156,3.9131040682897225
2023-06-15,181.4166932611595,183.94129793003785,181.23917400121888,183.43833923339844,65433200,0.011198637897333885,175.8852310180664,169.46450500488282,4.138685029483066
2023-06-16,184.14839232814637,184.4048073735327,181.7224110612984,182.36341857910156,101256200,-0.005859847285954789,176.37190933227538,169.88631622314452,4.304696758722147
2023-06-20,181.86046794433722,183.52710548415504,181.86046794433722,182.45216369628906,49799100,0.00048663881100141637,176.85760040283202,170.29217498779298,4.419613205458143
2023-06-21,182.34366316376426,182.8466218007744,180.06560242478363,181.4166717529297,49515700,-0.005675416078282591,177.3388542175293,170.72912475585937,4.36261183015962
2023-06-22,181.19971869233248,184.46395407144706,181.1306792503188,184.41464233398438,51245300,0.016525331173187885,178.10017929077148,171.25026092529296,4.190563268701133
2023-06-23,182.98469303577104,184.96689848868263,182.45215034536935,184.09906005859375,53117000,-0.00171126474230332,178.83191986083983,171.77887237548828,3.868591318434262
2023-06-26,184.24698696904443,185.45012108460458,182.66910172140945,182.70855712890625,48088700,-0.007553014823893922,179.43743133544922,172.1721325683594,3.4355522782073864
2023-06-27,183.3199642296852,185.78540030520836,183.10300465121298,185.4599609375,50730800,0.015058976174019856,180.06019897460936,172.627314453125,3.3355361578765557
2023-06-28,185.33178721386028,187.27455239917202,185.00636283468697,186.633544921875,51216800,0.006327964151628951,180.6494384765625,173.10557373046876,3.406618105029748
2023-06-29,186.46591313429835,187.44223149955704,186.3278492789131,186.96885681152344,46347300,0.0017966324852738413,181.25790939331054,173.56611572265626,3.3935209344503052
2023-06-30,188.98060924884163,191.79119732203722,188.61571448028383,191.2882537841797,85213200,0.02310222700356168,181.94231262207032,174.09019836425782,3.951445028023777
2023-07-03,191.10093714903454,191.19956064074086,189.10885998965753,189.7991943359375,31458200,-0.007784374726543364,182.50985717773438,174.6038024902344,4.228629182567811
2023-07-05,188.92147125163748,190.311965971159,187.98459336367247,188.68478393554688,46920300,-0.005871523344920804,183.08923416137696,175.1272232055664,4.241800626983232
2023-07-06,187.2153769807983,189.36524537083605,186.5842258571581,189.15814208984375,45094300,0.0025087245745187836,183.7105224609375,175.6540054321289,4.171119972112468
2023-07-07,188.76372643846292,190.00630129793683,187.60990370155855,188.04380798339844,46815000,-0.005891018457540365,184.34463500976562,176.1892269897461,3.7808155579891656
2023-07-10,186.6433878022031,187.36330604998784,184.45407912216882,186.00238037109375,59922200,-0.010856127804457771,184.7410758972168,176.68381744384766,3.4934165348519257
2023-07-11,186.5447914459214,186.68285528837708,184.02018687082855,185.47972106933594,46638100,-0.0028099602849976923,185.0921531677246,177.0763671875,3.1662769015242036
2023-07-12,187.0575799007695,189.04965668897157,185.864317131752,187.14634704589844,60750200,0.008985488909267314,185.38701782226562,177.47723510742188,3.0624403458535756
2023-07-13,187.86627557643092,188.54673850979384,187.15622860664624,187.9057159423828,41342300,0.0040576207255498264,185.74351959228517,177.8950622558594,2.9085157639487527
2023-07-14,187.59998771190843,188.53685056119244,187.00829198764853,188.0536346435547,41616200,0.0007871963895831335,186.07585983276368,178.33652954101564,2.763012922757355
2023-07-17,189.2469126832782,191.6334686208352,189.1581605746784,191.3080291748047,50520200,0.017305672062220667,186.46934432983397,178.86455383300782,2.923345667464522
2023-07-18,190.6768538720752,191.64330071063998,189.75970372238763,191.0515899658203,48288200,-0.001340451888457106,186.90375289916992,179.42014434814453,2.926621733365442
2023-07-19,190.4303150490968,195.48938034906212,189.9865244553515,192.4026641845703,80507300,0.007071776890167358,187.401277923584,179.84951934814453,2.975407415969081
2023-07-20,192.39280905028917,193.7537348839622,189.8386203157028,190.4599151611328,59581200,-0.010097308328193555,187.85344009399415,180.24141845703124,2.6916896932983643
2023-07-21,191.4164716546598,192.27443863277517,188.58614067832426,189.2863311767578,71951700,-0.006161842419083907,188.0970245361328,180.64392059326173,2.582327121710821
2023-07-24,190.73602285584008,192.21528467718613,189.59205676918674,190.08514404296875,45377800,0.004220129690532204,188.39632873535157,181.02714263916016,2.4373960765251543
2023-07-25,190.65713123041024,191.75178560391285,190.2527960456413,190.943115234375,37283200,0.004513615178744823,188.808056640625,181.42378143310546,2.0978945749972455
2023-07-26,190.99243214213982,192.9351972994816,190.64728006234532,191.8109588623047,47471900,0.004545037546205499,189.12560653686523,181.85631774902345,2.0444145924663717
2023-07-27,193.30993672945922,194.47361545879667,189.88790988625553,190.54864501953125,47460200,-0.00658103087675832,189.32136154174805,182.27346923828125,1.9796498425546838
2023-07-28,191.97863804110338,193.91154718487954,191.45596662398776,193.1226043701172,48291400,0.013508148275324094,189.62904891967773,182.74209991455078,2.070888374932313
2023-07-31,193.34941650238693,193.7734794641123,192.5604737033273,193.73402404785156,38824100,0.0031659664063072857,189.75133743286133,183.21072998046876,2.2393815520617246
2023-08-01,193.52690392813534,194.0101198390568,192.58016971551623,192.90560913085938,35175100,-0.0042760424817664955,189.90665817260742,183.6162451171875,2.3479712855355404
2023-08-02,192.34347668203839,192.48154051645844,189.19759252290805,189.91749572753906,50389300,-0.015490028604058348,189.96829376220703,183.95982818603517,2.3303215937944386
2023-08-03,188.92147165885288,189.7103992851957,188.05363321247987,188.52699279785156,61235200,-0.00732161575931034,189.9367362976074,184.2945361328125,2.3460903776929767
2023-08-04,182.95514900922737,184.78943469803295,179.40491378965757,179.4739532470703,115956800,-0.04801985867609093,189.50824356079102,184.50025238037108,3.29906838680532
2023-08-07,179.61197056531847,180.59814508763776,174.89805755245857,176.3773193359375,97576100,-0.017253946074670123,189.0269905090332,184.63851379394532,4.366687269562274
2023-08-08,177.20569866966517,177.77768168655697,175.1248698685598,177.31417846679688,67823000,0.005311675755061085,188.61871337890625,184.77283081054688,5.04487357127189
2023-08-09,178.36942738973787,178.4285954688005,174.56279214243577,175.7264862060547,60378500,-0.008954119035886832,188.04772033691407,184.82726837158202,5.808728619975807
2023-08-10,176.99859377509202,178.25103959448677,175.1445959609342,175.5094757080078,54686900,-0.0012349333485927039,187.42790832519532,184.84048278808595,6.450578554055609
2023-08-11,175.10462674008653,176.3883728930982,174.34424265962002,175.56874084472656,52036700,0.0003376748547603281,186.8036636352539,184.85586883544923,6.970026055998688
2023-08-14,175.74649049543365,177.44500246999712,175.09473274674426,177.21788024902344,43675600,0.00939312656889979,186.09915618896486,184.84822265625,7.19910564833178
2023-08-15,176.6451282666605,177.23762299403361,174.8379899652799,175.2329864501953,43622600,-0.011200302114205307,185.3082260131836,184.78391632080078,7.489469639712687
2023-08-16,174.91699954220002,176.30937200366554,174.29486573787133,174.36399841308594,46964900,-0.004959043697839172,184.4062927246094,184.7292514038086,7.6740380705395514
2023-08-17,174.92689581745674,175.29226839022536,171.31261851419777,171.8261260986328,66062900,-0.014555024761709445,183.47460327148437,184.6311264038086,8.023582638715942
2023-08-18,170.14737119397137,172.91239237884375,169.8116226038202,172.3100128173828,61172200,0.002816141699384156,182.62578735351562,184.57009552001952,8.27056231257236
2023-08-21,172.88274314562352,173.92949746098708,171.56935789788312,173.6431121826172,46311900,0.007736633196395948,181.80368576049804,184.48148651123046,8.307166369679791
2023-08-22,174.8478727981476,175.46012191641384,174.04799506153495,175.0157470703125,42038900,0.007904919869506477,181.00731735229493,184.41263793945313,8.146791866157459
2023-08-23,176.28963972003098,179.2817827873095,176.10201110060572,178.85714721679688,52722800,0.021948882947893322,180.35962677001953,184.3647998046875,7.747830380268118
2023-08-24,178.41277199096436,178.8374075605793,173.8109887437673,174.17637634277344,54945800,-0.0261704435459309,179.54101333618163,184.23281372070312,7.474738405218977
2023-08-25,175.16388093182096,176.91175631972774,173.62337343895007,176.37850952148438,51449600,0.01264312201774831,178.70380859375,184.13224731445314,6.778783270937656
2023-08-28,177.83999456976295,178.33374768816518,176.31924159506977,177.93875122070312,43820700,0.008845985281606517,177.91404495239257,184.0222555541992,5.782412326937553
2023-08-29,177.4548654120463,182.58989476243158,177.25736718090633,181.81964111328125,53003900,0.021810256989859056,177.35974655151367,184.01138000488282,4.699671346662569
2023-08-30,182.62942352828824,185.50307057198083,182.43192527543482,185.30555725097656,60813900,0.019172384877404136,177.12914962768554,184.06844787597657,4.129653031457727
2023-08-31,185.4931879048022,186.75719481874472,185.13768501849643,185.52281188964844,60794500,0.0011724129696639718,176.97894058227538,184.15057067871095,3.7283983518682886
2023-09-01,187.12258052751662,187.54720101813678,185.92769123419916,187.09295654296875,45766500,0.008463350880290932,177.35989074707032,184.20413696289063,4.336405868243529
2023-09-05,185.92766852324166,187.60642607121574,185.26604116890505,187.32992553710938,45280000,0.0012665842612102907,177.90752105712892,184.26875427246094,4.865139524343865
2023-09-06,186.04615504969036,186.4905448774819,179.2027445739978,180.624755859375,81755800,-0.035793371819848985,178.07304992675782,184.22707824707032,4.900082612852183
2023-09-07,172.99135904079122,175.98351721110967,171.3718491931888,175.3416290283203,112488800,-0.029249184619897006,178.0538070678711,184.02471160888672,4.910527229274541
2023-09-08,176.12173147198052,177.98811753082185,175.56871535945672,175.95384216308594,65551300,0.0034915446956793605,178.076025390625,183.81111755371094,4.899401860242003
2023-09-11,177.82024612940288,178.0473683330804,175.12434339280344,177.11911010742188,58953100,0.006622577432869425,178.15354385375977,183.61412261962892,4.869819309288727
2023-09-12,177.24751388848827,177.87951732730735,172.6358612060169,174.0973663330078,90370200,-0.017060518046761786,177.99751815795898,183.27030487060546,4.950693153706258
2023-09-13,174.30474566083996,175.0848841389881,171.80635572558617,172.0334930419922,84267900,-0.011854707135936282,177.83754348754883,182.91499084472656,5.0943364500410455
2023-09-14,171.82612118103754,173.89989073979382,171.41137028291678,173.5443878173828,60895800,0.008782561748146511,177.79656295776368,182.61218292236327,5.126941714869147
2023-09-15,174.27510652680778,174.29486087176767,171.6483512368518,172.82347106933594,109259500,-0.004154076989256961,177.84643020629883,182.28548950195312,5.070351837672511
2023-09-18,174.2751309871455,177.13890868226434,173.96900640397726,175.74652099609375,67257600,0.016913500861148068,178.01825561523438,182.03954376220702,4.929119218650308
2023-09-19,175.30212586469654,177.38576479928514,174.91699900323943,176.832763671875,51826900,0.006180735013271654,178.17773818969727,181.85615142822266,4.830729085336155
2023-09-20,177.0203888259045,177.45489404541186,173.20861358406935,173.29750061035156,58436200,-0.01999212695721564,178.09182586669922,181.61250701904297,4.9046371123301125
2023-09-21,172.36923745366522,174.09737357666756,171.68785565712008,171.75697326660156,63149100,-0.008889495453334728,177.73681716918946,181.30471954345703,5.099421309062864
2023-09-22,172.48773574692532,174.8676297137013,171.87548661966315,172.60623168945312,56725400,0.004944535332101818,177.65830993652344,180.99872985839843,5.1687357551971544
2023-09-25,172.02359502231215,174.75899170155245,171.97421669351675,173.88011169433594,46172700,0.007380266589532614,177.53339004516602,180.71525939941407,5.231109121117897
2023-09-26,172.63586851438868,173.01111068359924,169.51534481079926,169.8115997314453,64588900,-0.023398374450337767,177.1270324707031,180.28533081054687,5.506382652999294
2023-09-27,170.46336179203436,170.87811270067803,166.93797153448685,168.30072021484375,66921800,-0.008897386980577293,176.45108642578126,179.83031341552734,5.7254275848432385
2023-09-28,167.22430983558627,169.88070413963854,165.52579782856736,168.5574493408203,56294400,0.0015254190573208426,175.61368103027343,179.35340911865234,5.585285161935995
2023-09-29,169.87084635964763,170.90773103963988,168.21182785802986,169.0709686279297,51861100,0.0030465534992230037,174.7910888671875,178.92563018798828,5.250543081278408
2023-10-02,169.0808338409062,172.12235512412923,168.79444856905252,171.5792236328125,52164500,0.014835515672727118,174.0154022216797,178.57148803710936,4.417323462351689
2023-10-03,170.1078129668395,171.46070671019788,168.68581669291316,170.24606323242188,49594600,-0.0077699407431965906,173.1612091064453,178.17470642089845,3.1878111000822233
2023-10-04,168.95244285882518,172.03347264460572,168.83394692911625,171.49034118652344,53020300,0.007308703240925141,172.70448837280273,177.7856509399414,2.6753853189106573
2023-10-05,171.61871413723316,173.2579782200924,170.52258153582127,172.7247314453125,48527900,0.007198016227902171,172.57364349365236,177.40392639160157,2.6026255648480525
2023-10-06,171.6286058875163,175.76625988669193,171.0163417068709,175.2725067138672,57266700,0.014750494889965271,172.5395767211914,177.0984036254883,2.560164936319959
2023-10-09,174.60098214625398,176.81300162773064,173.60360623261292,176.75375366210938,42390800,0.008451108368412452,172.52130889892578,176.77102661132812,2.5268550508200365
2023-10-10,175.87486944103904,177.4746247468579,175.72673446240606,176.16123962402344,43698000,-0.003352200594385235,172.62450256347657,176.41957092285156,2.634458822975921
2023-10-11,175.9736185461729,177.60301297187604,175.3811238107674,177.5536346435547,47551100,0.007904094127079375,172.9005096435547,176.11253143310546,2.8496587529078963
2023-10-12,177.82026707710477,180.06189553412176,176.80312172309905,178.4522705078125,56743100,0.005061207933376721,173.14590377807616,175.88322692871094,3.107661577443826
2023-10-13,179.15342336284206,179.65704624189655,175.91440332167903,176.61553955078125,51427100,-0.010292561432838965,173.33550720214845,175.64499786376953,3.2012256657137628
2023-10-16,174.54174811745375,176.84263973108403,174.3047411678942,176.4871368408203,52517000,-0.0007270181904012185,173.37253799438477,175.58526153564452,3.234692092781451
2023-10-17,174.44299912050275,176.19088966345473,172.61612132571108,174.93675231933594,57549400,-0.008784688500458326,173.27773742675782,175.5564501953125,3.154739855233078
2023-10-18,173.3863659573123,175.36137864838344,172.9222367694585,173.6431121826172,54764400,-0.007394901983531099,173.2950180053711,175.4830288696289,3.155800201221587
2023-10-19,173.84059314667203,175.61810740546204,173.00122187734726,173.26785278320312,59302900,-0.0021610957941101683,173.37056198120118,175.43385620117186,3.1350601587086993
2023-10-20,173.1197103596996,173.22833664495803,170.4830706009531,170.72007751464844,64244000,-0.014704258335460074,173.27625427246093,175.3380682373047,3.1871983242977815
2023-10-23,168.77470794688867,171.8359684831129,167.80694090892598,170.83859252929688,55980100,0.0006942066590747142,173.124178314209,175.2434652709961,3.229155332413936
2023-10-24,170.88799016172553,171.50023932449824,169.30797385167378,171.2731170654297,43816600,0.0025434799578925027,173.1972541809082,175.12457000732422,3.1661689309767107
2023-10-25,169.7325797223047,170.8978298690587,168.51793618108192,168.9623260498047,57157000,-0.013491848897350445,173.23033447265624,174.9991567993164,3.115365768598142
2023-10-26,168.24143389027685,169.23882483986895,163.60015755926395,164.80491638183594,70625300,-0.02460554234287282,173.04270782470704,174.80797515869142,3.500769185706727
2023-10-27,164.82468576422622,166.8490767618186,164.7456834493569,166.11831665039062,58499100,0.007969424076595288,172.89507522583008,174.69381896972655,3.731719556669683
2023-10-30,166.90832288755587,169.03145545417337,166.7601878982554,168.16244506835938,51131000,0.012305256031884593,172.72423629760743,174.6108676147461,3.870750574212859
2023-10-31,167.23420217717043,168.76482492650203,165.80230595130433,168.63645935058594,44846000,0.002818788000102268,172.6437561035156,174.51073455810547,3.9410827228753234
2023-11-01,168.86358325166134,172.05322449399938,167.99457285522465,171.79647827148438,56934900,0.01873864603815556,172.65906295776367,174.4463491821289,3.936959522140975
2023-11-02,173.32709544733643,175.55885407348563,173.2678474852133,175.3514862060547,77334800,0.020693136264134937,172.79040069580077,174.37623596191406,3.982813035700577
2023-11-03,172.06311427874405,174.61088250590672,171.18423421755685,174.4429931640625,79829200,-0.005180982845646498,172.74892501831056,174.38156829833986,3.959857791268654
2023-11-06,174.17635419198152,177.18823614800198,174.00847994055556,176.99073791503906,63841300,0.014605027721465547,172.76077423095703,174.39381286621094,3.9728056963773923
2023-11-07,176.94135477067297,180.1606346460721,176.73398690556192,179.5483856201172,70530000,0.014450743215195017,172.9301315307617,174.4260055541992,4.1915666114302415
2023-11-08,180.07176426042716,181.1580120556029,179.3212498937122,180.60501098632812,49340300,0.00588490596872604,173.08270034790038,174.40171295166016,4.4181255327957265
2023-11-09,180.67415869856794,181.81965455110011,179.53851741631973,180.1310272216797,53763500,-0.0026244220027998866,173.16663818359376,174.29822235107423,4.539780588597307
2023-11-10,181.91086536697577,184.48177017271385,181.47578777634308,184.31365966796875,66133400,0.023219944452665953,173.55154418945312,174.27403930664062,5.134919989768187
2023-11-13,183.7401702602705,183.9478113332898,182.14818998578377,182.73158264160156,43627500,-0.008583612463759938,173.8637664794922,174.1868118286133,5.499695729982278
2023-11-14,185.59912547957174,186.00454008995078,184.21480130754796,185.342041015625,60108400,0.01428575365181084,174.38403091430663,174.1470541381836,6.0692165253367945
2023-11-15,185.7474572062222,187.3789832148446,185.67823345303117,185.90565490722656,53790500,0.003040939273750931,174.9971580505371,174.2526721191406,6.5876789162186
2023-11-16,187.4482222334322,188.82266388785246,186.5385061665612,187.58665466308594,54412900,0.009042219596269163,175.71309814453124,174.49757263183594,7.144398911943556
2023-11-17,188.1205630942755,188.24911285385338,186.45937429973029,187.56683349609375,50922700,-0.00010566405711420757,176.55543594360353,174.7298324584961,7.5085789806557734
2023-11-20,187.76460727588125,189.76200213676566,187.75472463510502,189.30714416503906,46505100,0.009278349676791642,177.47886352539064,174.97359313964844,7.894254412415884
2023-11-21,189.26759612132614,189.37636552049437,187.61628985249988,188.50621032714844,38134500,-0.00423086958193386,178.34051818847655,175.26177001953124,8.118555468553392
2023-11-22,189.3467401313375,190.77061015607987,188.69412360666138,189.1687469482422,39617700,0.0035146673414310214,179.35083923339843,175.60447509765626,8.147304988804356
2023-11-24,188.7336553269539,188.76331834061182,187.13179223741543,187.84373474121094,24048300,-0.007004392789014879,180.50278015136718,175.89046203613282,7.59223647087689
2023-11-27,187.79427548166112,188.53588093642713,186.78568783853885,187.6657257080078,40552600,-0.0009476442397632345,181.58015060424805,176.18730712890624,6.944818193013542
2023-11-28,187.6558347269926,188.9412871423915,187.28008315178343,188.26889038085938,38415400,0.00321403746249338,182.58547286987306,176.43775451660156,6.328176155902062
2023-11-29,188.76331653900834,189.93999969621768,186.85492560121705,187.2504425048828,43014200,-0.005409538845829953,183.51617202758788,176.64610809326172,5.480748128117102
2023-11-30,187.71514418509676,188.18978247653794,186.0836184362666,187.82391357421875,48794400,0.0030625885934607577,184.31754379272462,176.93663635253907,4.807312862547556
2023-12-01,188.19969953750024,189.4159283197641,187.11200544734405,189.09951782226562,45704800,0.006791490091823782,185.00494537353515,177.28348724365233,4.425533274530803
2023-12-04,187.85361573572166,187.9228394923183,185.35193435249073,187.3097686767578,43389500,-0.009464588625709758,185.6482841491699,177.57755798339844,3.6821134584338084
2023-12-05,188.081033613139,192.2241233156588,188.05135551468544,191.25509643554688,66628400,0.021063117992514035,186.36150207519532,177.92505767822266,3.275996207771218
2023-12-06,192.27358406476233,192.58011192579394,189.95977851245675,190.1674346923828,41089700,-0.005686968679188165,186.8924545288086,178.33217437744142,2.9588335985073475
2023-12-07,191.4627754603769,192.817436726138,191.42321471638212,192.09561157226562,47477700,0.010139364202929046,187.46698455810548,178.80807220458985,2.7841509226067984
2023-12-08,192.0263616366492,193.79633503305183,191.50229501018384,193.51947021484375,53406400,0.007412239305854662,188.13640670776368,179.3073126220703,2.5249515173178563
2023-12-11,190.94856782781682,191.32431940935732,189.2774811684409,191.0177764892578,60943700,-0.012927348978418407,188.47161254882812,179.74624877929688,2.4341199739178148
2023-12-12,190.9189246189266,192.54056806660662,189.57414602172835,192.5306854248047,52696900,0.00792025204854152,188.9615676879883,180.16527801513672,2.1921014840359656
2023-12-13,192.90636098407165,195.78379307923447,192.66905695180947,195.74424743652344,70404200,0.016691167979941746,189.4816780090332,180.67524169921876,2.500466753565498
2023-12-14,195.8036348613561,197.3857175620074,193.964452594447,195.8926239013672,66831600,0.0007580118792092083,189.98102645874025,181.1632873535156,2.7349555394570864
2023-12-15,195.3191123528845,196.1793699091571,194.79504567055722,195.35867309570312,128538400,-0.0027257320619326064,190.3696273803711,181.61596618652345,2.9225575297899473
2023-12-18,193.8951918855721,194.4291561998814,192.21422273548694,193.6974334716797,55751900,-0.00850353658580405,190.6761573791504,181.9844647216797,2.934593442695234
2023-12-19,193.96443406555753,194.74558515548247,193.69745188302565,194.73570251464844,40714100,0.005360262262434912,190.94758529663085,182.34410369873046,3.050083536761706
2023-12-20,194.69616113684165,195.46742966263125,192.6493377685547,192.6493377685547,52242800,-0.010713827609176163,191.15474166870118,182.6738656616211,3.0160496691391394
2023-12-21,193.90511142023345,194.87413831888384,191.33420648650613,192.50099182128906,46482500,-0.0007700309224205615,191.32135391235352,182.97281280517578,2.9925132737385756
2023-12-22,192.9954077755279,193.2228443252002,190.81015202156473,191.43310546875,37149600,-0.005547432989490564,191.50082244873047,183.23242950439453,2.878432069322739
2023-12-26,191.44301198734334,191.71987686773375,190.67174337939798,190.8892822265625,28919300,-0.0028408003979033536,191.6620002746582,183.51790435791017,2.739270945819642
2023-12-27,190.33552729492325,191.33421726083122,188.95118798803827,190.98812866210938,48087700,0.0005178207723026684,191.7979621887207,183.80792419433592,2.627182765013709
2023-12-28,191.96702917839156,192.4812131469618,191.00788498748184,191.41329956054688,34049900,0.002226164010380449,192.0061050415039,184.13745513916015,2.4033009914462733
2023-12-29,191.72973752393827,192.2241411947973,189.5840274029703,190.3750762939453,42672100,-0.005423987094863025,192.13366317749023,184.4720944213867,2.2311828960801576
2024-01-02,185.05528848269014,186.33085840634024,181.83178197139316,183.56219482421875,82488700,-0.03578662502652008,191.8567970275879,184.67798126220703,2.8774650722167148
2024-01-03,182.15809638511382,183.79952025374087,181.37693010719954,182.18775939941406,58414500,-0.0074875734958435025,191.6006965637207,184.90733489990234,3.470320571227728
2024-01-04,180.11123597031312,181.04071720671112,178.85546161628733,179.87393188476562,71983600,-0.01270023585709612,191.03163833618163,185.08804168701172,4.351287755759494
2024-01-05,179.95303087035154,180.71440156415224,178.15339449300276,179.15208435058594,62379700,-0.004013074749720458,190.4808708190918,185.24562103271484,5.099279904457714
2024-01-08,180.05193047893468,183.52265400582175,179.46853775144191,183.48309326171875,59144500,0.024175040590972863,190.05024490356445,185.53603637695312,5.314841111632843
2024-01-09,181.86143345023166,183.07766218215258,180.68475037086026,183.06777954101562,42841800,-0.0022634985780991546,189.52766036987305,185.9012936401367,5.4674182841237595
2024-01-10,182.28661640904596,184.31365913260458,181.8614214601624,184.10601806640625,46792900,0.00567133401625175,189.18207244873048,186.26104766845702,5.5854403311812515
2024-01-11,184.4521049955326,184.9564063690912,181.5647895230864,183.5127410888672,49128400,-0.003222474657645691,188.7311752319336,186.5680535888672,5.664328238020173
2024-01-12,183.97748271061099,184.64987951630312,183.11722519297732,183.83905029296875,40477800,0.001778128331392237,188.13591537475585,186.87210540771486,5.512047532894684
2024-01-16,180.12115895148446,182.19764543114704,178.9049149905355,181.57470703125,65603000,-0.01231698737624165,187.42001953125,187.06766998291016,5.379803766123871
2024-01-17,179.2411232206481,180.88253205239923,178.28197882705663,180.6353302001953,47317400,-0.005173500463877989,186.6838523864746,187.17334686279298,5.2419082015676715
2024-01-18,184.0071435872404,187.02300881659582,183.75005912545993,186.5187225341797,78005800,0.032570551549710114,186.3249168395996,187.4148614501953,4.975385115867616
2024-01-19,187.21091817907703,189.80158889565502,186.70663180624828,189.41595458984375,68903000,0.015533196969720553,186.05892944335938,187.6633657836914,4.632453577325231
2024-01-22,190.14766376550878,193.143748944668,190.1081030206995,191.71986389160156,60133900,0.012163227256894116,186.01245574951173,187.9067953491211,4.567058235632343
2024-01-23,192.83720939883855,193.55903452389106,191.66052626402544,192.9954071044922,42355600,0.00665316147737216,186.03717651367188,188.15460327148438,4.605206919021932
2024-01-24,193.23271418014866,194.18197579456825,192.16480052192722,192.32301330566406,53631300,-0.0034839886032317358,186.08167190551757,188.39844299316405,4.664009922929686
2024-01-25,193.0349547434494,194.07320538533628,190.9485708187439,191.9967041015625,54822100,-0.0016966726887902572,186.13704299926758,188.55210388183593,4.73019390046158
2024-01-26,192.09558049769083,192.5800863732271,189.7916578927919,190.2662811279297,44594000,-0.009012774368863385,186.1009506225586,188.7027978515625,4.693845211972308
2024-01-29,189.86087972294905,190.04875551955823,187.4580852833725,189.58401489257812,47145600,-0.003585849428006771,186.00948638916014,188.78763732910156,4.601800825737843
2024-01-30,188.80286821503816,189.65324309628332,185.37170567810733,185.93531799316406,55859400,-0.01924580456575664,185.7874984741211,188.78823059082032,4.485745839534964
2024-01-31,184.94652570867123,185.00586682539145,182.28664653050623,182.33607482910156,55467800,-0.01935750132309355,185.72619247436523,188.68321899414062,4.525957760415313
2024-02-01,181.93066720224104,184.85752846784007,181.76257176566293,184.76853942871094,64885400,0.01334055590419636,185.85523147583007,188.62725311279297,4.45601396567884
2024-02-02,177.84689023760967,185.23328233515724,177.2437171517322,183.7698516845703,102551700,-0.005405074625953521,186.0500274658203,188.5165072631836,4.2616966185680765
2024-02-05,186.04407104136263,187.13176501057416,183.75992879401906,185.57933044433594,69668800,0.00984643968082155,186.37138977050782,188.45796966552734,3.944707081067959
2024-02-06,184.76852130142626,187.19109601961685,184.67953227102765,187.18121337890625,43490800,0.0086317960665927,186.5562957763672,188.41821899414063,3.8884668747674334
2024-02-07,188.50622203381667,188.91163664571195,186.49894443287428,187.2899932861328,53439000,0.0005811475695820523,186.76740646362305,188.40714416503906,3.8027727429307516
2024-02-08,187.27021997882892,187.418535043408,185.2530596605407,186.2122039794922,40962000,-0.005754655055137059,186.87271575927736,188.37807373046874,3.7540433695983895
2024-02-09,186.77650719907678,188.10321111496148,186.13296840440984,186.9745330810547,45155200,0.004093872932444675,187.04580535888672,188.35218658447266,3.6698324039392434
2024-02-12,186.54880424779185,186.796321504533,184.9349868995182,185.29141235351562,41781900,-0.009001871537282713,187.11842346191406,188.31300598144531,3.6170275421576057
2024-02-13,183.92512331150874,184.360756090923,181.68755769129083,183.20236206054688,56529500,-0.011274404282606842,187.1998062133789,188.22057495117187,3.5022185342012477
2024-02-14,183.47959151637605,183.68749754312392,180.6281880058035,182.32119750976562,54630500,-0.004809788153768646,187.28409957885742,188.08500854492186,3.3530153647660588
2024-02-15,181.72716915991907,182.65783644316613,179.5490203671251,182.03408813476562,65434500,-0.0015747448948421061,187.05986785888672,187.97949493408203,3.5510024496318677
2024-02-16,181.59845842120637,183.0142649801448,179.86583763061847,180.49948120117188,49752500,-0.00843032724979309,186.61404418945312,187.76438262939453,3.791230206389184
2024-02-20,179.984623854957,180.61826736487214,178.21240712023044,179.7569122314453,53665600,-0.0041139673354460005,186.01589660644532,187.5561721801758,3.885806536319952
2024-02-21,180.13318356154335,181.07374623255754,178.8658962581704,180.50941467285156,41371400,0.004186222560595532,185.39159698486327,187.3244482421875,3.704216178604831
2024-02-22,181.65785591778803,183.12316891523534,180.6479964148563,182.5390167236328,52292200,0.011243746230409135,184.90239715576172,187.10483917236328,3.3717829496975216
2024-02-23,183.1726595934398,183.20236045475278,180.4202689919066,180.7073974609375,45119700,-0.010034124734376149,184.33793182373046,186.89863159179689,3.0513663386007783
2024-02-26,180.43019254491847,180.9450175834942,178.85597124394113,179.3609161376953,40867400,-0.007451168807481978,183.79266357421875,186.63523620605469,2.9072043407848946
2024-02-27,179.3014951345761,182.09348175278842,177.77678047240937,180.81629943847656,54318900,0.008114272228984198,183.35427780151366,186.33667724609376,2.6363876418526058
2024-02-28,180.6975189384851,181.30146173701146,178.34116458472795,179.61834716796875,48953900,-0.006625244926635743,183.0384292602539,186.0111917114258,2.6887725566997336
2024-02-29,179.46984202762675,180.75693496542868,177.74711623943745,178.9550018310547,136682600,-0.003693082290161298,182.86937561035157,185.6831182861328,2.837437265369462
2024-03-01,177.76690051629518,178.73716395290236,175.61845249589473,177.8758087158203,73563100,-0.006030527809740671,182.52473907470704,185.3666857910156,3.008088698566319
2024-03-04,174.4006596751229,175.14321147352493,172.06409607852763,173.36109924316406,81510100,-0.02538124495540084,182.00430145263672,184.93919372558594,3.6195975200222548
2024-03-05,169.06417026385637,170.3314573247722,167.9354922531265,168.43052673339844,95132400,-0.028441054719258507,181.14686126708983,184.4548175048828,4.6208377705517165
2024-03-06,169.36119643359416,169.53941670485264,167.00482743895031,167.44046020507812,68587700,-0.005878189349175722,180.15982360839843,183.9536068725586,5.31956592116711
2024-03-07,167.47015957545335,169.0344703547855,166.81672553933012,167.3216552734375,71765100,-0.000709535386459903,179.16140670776366,183.47137786865235,5.766054797452342
2024-03-08,167.32166963491963,171.9749911536114,167.26226790901475,169.03448486328125,76267000,0.01023674781990791,178.30252075195312,183.0342819213867,5.937337134797649
2024-03-11,171.22256991091453,172.64827197645664,170.34140892696936,171.03445434570312,60139500,0.011831724656891751,177.50551681518556,182.6352084350586,5.7797475757018315
2024-03-12,171.43043622416553,172.30170175265368,169.3116892312768,171.5096435546875,59825400,0.0027783244656887085,176.81642837524413,182.2371353149414,5.622031979532007
2024-03-13,171.05420861255666,171.47003573897365,169.06416044875456,169.4304962158203,52488700,-0.012122626435313144,176.12783508300782,181.8182437133789,5.64207062768061
2024-03-14,171.1928340614332,172.57892461566286,170.34137411890524,171.2819366455078,72913500,0.010927433201453507,175.57587203979492,181.57263854980468,5.5434075967144265
2024-03-15,169.47010369924573,170.90570068359375,168.5988381717502,170.90570068359375,121752700,-0.0021965886729360395,175.01945266723632,181.3469973754883,5.41813661349146
2024-03-18,173.82641511894556,175.94516209588443,171.79677072295308,171.99478149414062,75604200,0.006372407744099418,174.59421768188477,181.1894143676758,5.297811415073308
2024-03-19,172.6086342803731,174.85609525037736,171.31164624406932,174.33135986328125,55215200,0.0135851701362244,174.32294006347655,181.09299987792969,5.156565351694816
2024-03-20,173.97494430389506,176.89564514160156,173.35119593354977,176.89564514160156,53423100,0.01470925988491878,174.14225158691406,180.96125091552733,4.98896959678368
2024-03-21,175.29172116809335,175.72735394947048,169.14338597139206,169.66812133789062,106181300,-0.04085755643065969,173.49870681762695,180.69325775146484,4.6686846701550335
2024-03-22,170.05426688241553,171.33146450930536,168.37115239719608,170.56910705566406,71160100,0.005310282866745064,172.99179229736328,180.42251953125,4.386665211000988
2024-03-25,168.8760716915293,170.23246134793257,167.76718417070535,169.15328979492188,54288300,-0.00830054917435985,172.4814109802246,180.1353305053711,4.1963165739340065
2024-03-26,168.31174106723407,169.71763732680742,167.8959138727621,168.02462768554688,57388400,-0.006672421865063116,171.84182739257812,179.81904205322266,3.8167469711733863
2024-03-27,168.71764293581896,171.87596510768358,168.42061924778187,171.58883666992188,60273300,0.021212420068832394,171.4403518676758,179.6193246459961,3.349388663339634
2024-03-28,170.04434616825796,170.51957504542207,168.8166552027259,169.7770233154297,65672700,-0.010559039793349156,170.98145294189453,179.40215850830077,2.85836369516573
2024-04-01,169.48991432845702,169.54931605122675,167.79688969325008,168.3414306640625,46240500,-0.00845575345434102,170.50473403930664,179.03861267089843,2.4075208378753192
2024-04-02,167.40089107386055,167.65830361021796,166.55932626663449,167.16326904296875,49329500,-0.006998643271868499,170.19484252929686,178.59355895996094,2.419361445719987
2024-04-03,167.11374996517486,168.98497988400436,166.90584392266877,167.9652099609375,47691700,0.004797351251623505,170.17157669067382,178.11846588134765,2.439375583099137
2024-04-04,168.59885072968464,170.21266810452119,167.14346313476562,167.14346313476562,53704400,-0.0048923632838192566,170.1567268371582,177.6014270019531,2.457711553881592
2024-04-05,167.90581505219322,168.69787335368648,167.2721714324497,167.8959197998047,42104800,0.004501861161225085,170.18544006347656,177.11288513183592,2.425996314712739
2024-04-08,167.3513719945941,167.51968192191484,166.5692240844266,166.77713012695312,37425500,-0.006663590599375935,170.07257232666015,176.60849365234375,2.532533581543452
2024-04-09,167.02464767080627,168.39094781013864,166.67813256359855,167.98501586914062,42373800,0.007242514254010901,169.92010040283202,176.16286834716797,2.5631859460333497
2024-04-10,167.1236748074244,167.41078821247058,165.45045553411236,166.11380004882812,49709300,-0.011139182924328028,169.65030822753906,175.69346405029296,2.6688657188638225
2024-04-11,166.66822184170525,173.7175238179071,166.49001666248702,173.3016815185547,91070300,0.04327082679231786,169.84386749267577,175.44079132080077,2.7897268880535306
2024-04-12,172.5294102738014,176.58869902312352,172.47991891196477,174.7966766357422,101670900,0.008626547094567227,170.0196044921875,175.2900033569336,2.9886940621723266
2024-04-15,173.61851932570818,174.8759113224836,170.7869210734751,170.97503662109375,73531800,-0.021863344819835095,170.0230712890625,175.01413330078125,2.9898160079538836
2024-04-16,170.04436539186383,172.0343988146065,166.59892920522176,167.69790649414062,73711200,-0.01916730179865811,169.8082275390625,174.69269439697266,2.995053719923977
2024-04-17,167.92563121825307,168.95529649982927,166.3316192626953,166.3316192626953,50901200,-0.008147312390528016,169.4082405090332,174.30774017333985,2.8915928547979344
2024-04-18,166.36129252101995,166.96523521407434,164.8959946340493,165.38111877441406,43122900,-0.00571449068129426,168.83251419067383,173.87173828125,2.4321545676842913
2024-04-19,164.559379327856,164.74747975255278,162.45052746983075,163.36138916015625,68149400,-0.01221257679973009,168.5171775817871,173.39316619873046,2.710975423970132
2024-04-22,163.8762247169617,165.59893510418706,163.13367296874276,164.1930389404297,48116400,0.005090858889906347,168.1983741760254,172.95278289794922,2.829296131841712
2024-04-23,163.70792820716713,165.39104261951863,163.28219064755024,165.24252319335938,49537800,0.006391770684690545,168.00283584594726,172.5181427001953,2.894222028486484
2024-04-24,164.8861093338651,167.6187098522012,164.5593998092657,167.34149169921875,48251800,0.012702350855555933,167.96867904663085,172.15914428710937,2.8979799617074415
2024-04-25,167.84640961058278,168.9156860278579,166.4801094484109,168.2028350830078,50558300,0.005147219467466213,167.79937896728515,171.8591537475586,2.7715045012190056
2024-04-26,168.19292468782604,169.63841695172266,167.49986430971396,167.61868286132812,44838400,-0.0034729035416758425,167.69146194458008,171.56510345458983,2.73218785518545
2024-04-29,171.64827897757164,174.28186646983917,171.38097119165224,171.77699279785156,68169400,0.024808153038427205,167.86324005126954,171.35996154785155,2.879246133995285
2024-04-30,171.60868084411632,173.2521991943247,168.31174889120035,168.6384735107422,65934800,-0.018270894349645572,167.9370002746582,171.12274139404298,2.879266388614951
2024-05-01,167.8959009696714,170.9948217396029,167.43056733625505,167.61868286132812,50383100,-0.006047200429320165,167.91967391967773,170.87997680664063,2.880130204780027
2024-05-02,170.79680537480178,171.69777183075684,169.19289835753364,171.3116455078125,94214900,0.022031927368977078,168.1280830383301,170.69602142333986,2.970398970106567
2024-05-03,184.7963833456082,185.14291355827163,180.84601747897057,181.55886840820312,163224100,0.05981626567192899,168.81123046875,170.67641845703125,4.221750811908127
2024-05-06,180.53910014061182,182.3707188474722,178.62825898838415,179.90545654296875,78569700,-0.009106753526999078,169.46764678955077,170.66037963867188,4.861053918107447
2024-05-07,181.6281680754234,183.06376520709566,179.51933122687228,180.58859252929688,77305800,0.003797194367837209,170.0978256225586,170.6849331665039,5.44108053882207
2024-05-08,181.0341096024307,181.25192597526086,179.64800403830677,180.92520141601562,45057100,0.0018639543174032713,170.83839569091796,170.68711120605468,5.861976123811718
2024-05-09,180.74701199258516,182.82616313989396,180.30148392023486,182.737060546875,48983000,0.010014409914588018,171.31016464233397,170.7494854736328,6.423442456559902
2024-05-10,183.31206939842306,183.50044009541958,180.56586910059414,181.47796630859375,50759500,-0.006890196408507299,171.64422912597655,170.7999447631836,6.77824728983744
2024-05-13,183.84742393900163,185.4931713127623,183.03445892506747,184.68020629882812,72044800,0.017645337642747894,172.3294876098633,170.93603271484375,7.373656482689025
2024-05-14,185.89964252722956,186.68286641073877,184.69011878206607,185.82032775878906,52393600,0.006173490287942007,173.2356086730957,171.18521728515626,7.871251840640795
2024-05-15,186.29621459797372,189.0126735344407,185.76084369802737,188.09066772460938,70400000,0.012217931123054582,174.3235610961914,171.57842010498047,8.355617100218117
2024-05-16,188.83421956137332,189.45881387860598,188.03117836935675,188.20962524414062,52845200,0.0006324477496428837,175.46498641967773,171.99380340576172,8.624655211550685
2024-05-17,187.8824709799172,189.1713095252472,187.55530322495105,188.2393798828125,41282900,0.00015809307644754078,176.70888595581056,172.4121578979492,8.581041568036133
2024-05-20,187.70403175639103,190.2717851507536,187.38677266186554,189.3993377685547,44361300,0.006162142514835711,177.9692008972168,172.8194549560547,8.496700533375675
2024-05-21,189.44890089382775,191.07481584379752,189.28036268210627,190.69808959960938,42309400,0.006857214213925822,179.2419792175293,173.21272766113282,8.395930932648799
2024-05-22,190.61877317517173,191.16405275409193,188.63594934473116,189.26052856445312,34648500,-0.007538413406104727,180.33793106079102,173.56774536132812,8.188788829146368
2024-05-23,189.33983451815809,189.35966699130785,185.0272019643745,185.27505493164062,51005900,-0.0210581343243752,181.19154205322266,173.88463653564452,7.7344430972821305
2024-05-24,187.1984232707908,188.94330296502375,186.4251079843019,188.34844970703125,36327000,0.016588281549961392,182.2280303955078,174.225966796875,7.189624283152818
2024-05-28,189.86527247896473,191.34248153890573,187.47598148636735,188.35833740234375,52280100,5.249682345609408e-05,183.0570976257324,174.57501953125,6.869967735352556
2024-05-29,187.98160889548626,190.5989356775744,187.88246165547932,188.65576171875,53068000,0.0015790345174417908,184.0579620361328,174.90823913574218,6.070404494924004
2024-05-30,189.12175436970267,190.52955764421512,188.99288109200768,189.64720153808594,49889100,0.005255285130458809,185.1593879699707,175.2145559692383,4.795136354881991
2024-05-31,189.7959119633218,190.9162123421418,188.27905284340878,190.5989532470703,75158300,0.00501853811321995,186.1237533569336,175.48862213134765,3.6713844204407753
2024-06-03,191.24336235629542,193.31542486412093,190.86663609575578,192.36366271972656,50080500,0.009258757420187225,186.66399307250975,175.94253295898437,3.758242330955052
2024-06-04,192.96841099700254,193.64257895328527,191.37223723797064,192.680908203125,47471400,0.0016491965213860649,187.3027656555176,176.3847689819336,3.6326600834600344
2024-06-05,193.72188613227584,195.20900403542353,193.19643901671662,194.18785095214844,54156800,0.007820924050424338,187.98272857666015,176.88546020507812,3.582159402017367
2024-06-06,194.0093990023229,194.81244022862765,192.50244866402238,192.80978393554688,41181800,-0.007096566596955345,188.57695770263672,177.38116333007812,3.32640996918774
2024-06-07,192.9783133981505,195.2486550396786,192.4726987931798,195.19908142089844,53103900,0.012391992961053644,189.2000587463379,177.85336822509765,3.3420611975560828
2024-06-10,195.20900753042525,195.60558138834554,190.49980075281104,191.4614715576172,97010200,-0.019147681618552403,189.69923400878906,178.2870571899414,2.8350981172020187
2024-06-11,191.98689659289002,205.3808802210458,191.96707924808354,205.37095642089844,172373300,0.07264900217324088,190.73377151489257,179.02764770507812,4.302537394114137
2024-06-12,205.58908283581826,218.30889945026047,205.1231180281253,211.24014282226562,198134300,0.028578463594134407,192.0047622680664,179.90918518066405,6.137827994390152
2024-06-13,212.8958066808934,214.888539245905,209.7827737762817,212.4001007080078,97862700,0.005491181128002509,193.22023391723633,180.79788299560548,7.563374298035863
2024-06-14,212.01345147179217,213.32210737882852,209.4853479747781,210.66513061523438,70122700,-0.008168405226693154,194.343009185791,181.66831634521483,8.40079482494921
2024-06-17,211.53754196526575,217.06962191331422,210.89313031273133,214.8092041015625,93728300,0.01967137833501731,195.6715003967285,182.60658203125,9.423394141676848
2024-06-18,215.72132373307375,216.75240063817128,211.1707464886947,212.4496612548828,79943300,-0.01098436566788863,196.82401657104492,183.52003265380858,10.00738562248439
2024-06-20,212.09275812722348,212.40010854906527,207.0563985691976,207.87925720214844,86172500,-0.021512879925240758,197.68307495117188,184.31791748046874,10.189621425455574
2024-06-21,208.58315742215362,210.07027533194446,205.33132746963062,205.70806884765625,241805100,-0.010444468504045346,198.50545196533204,185.1098028564453,10.137669387050758
2024-06-24,205.93608683303725,210.87331399723786,204.8157865138524,206.35247802734375,80727000,0.0031326392945953963,199.5593231201172,185.7708187866211,9.77912383211461
2024-06-25,207.35378999494392,209.56464939365068,206.8184342324815,207.2744903564453,55549700,0.004468142752225068,200.5056251525879,186.42037506103514,9.550211812531009
2024-06-26,209.68362348048936,213.01476817493463,208.8310086144187,211.41859436035156,66213200,0.019993314164129528,201.65863800048828,187.22924621582033,9.397289341288076
2024-06-27,212.8462361886446,213.88722177256454,210.5263358320774,212.2613067626953,49772700,0.003985989997206119,202.83891525268555,188.1205142211914,9.15754678064882
2024-06-28,213.91696855097956,214.2143951724623,208.49394377490637,208.81118774414062,82542700,-0.016254111835897977,203.79711456298827,188.9701055908203,8.695541529623144
2024-07-01,210.2685364182596,215.6419868499251,210.09999821846176,214.88851928710938,60402900,0.02910443453066036,205.01159286499023,189.9602536010742,8.447874391906687
2024-07-02,214.293668724795,218.48735180877674,213.2526983679821,218.3782958984375,58046200,0.016239939773913692,206.31232452392578,191.06059173583984,8.400581462146393
2024-07-03,218.11060173486678,219.6472930908203,217.1489310533617,219.6472930908203,37369800,0.00581100418959668,207.66064376831054,192.16967681884765,8.26047083281041
2024-07-05,219.74645469045154,224.50523511983306,219.74645469045154,224.39617919921875,60412400,0.02162050823196293,209.17106018066406,193.35274993896485,8.42742089014176
2024-07-08,225.13972278278513,225.89320550199054,221.3327047505454,225.86346435546875,59085900,0.006538815239573781,210.82374420166016,194.52318939208985,8.289894741358516
2024-07-09,225.9725055332989,227.42988222637766,224.4259054004998,226.716064453125,48076100,0.0037748473401364446,212.39959335327148,195.69345397949218,8.157961841123154
2024-07-10,227.3307526887298,231.07828847688273,227.28117906796422,230.97914123535156,62627700,0.018803593792569462,214.3754768371582,196.96066314697265,7.585328050214903
2024-07-11,229.40280147827102,230.39421338925845,223.83107137940016,225.61561584472656,64710600,-0.02322082142109938,215.3877098083496,198.03743560791017,7.670771100268109
2024-07-12,226.9540218514806,230.64207551688347,226.71607753741577,228.5601043701172,53046500,0.013050907466516382,216.2537078857422,199.23586822509765,8.141138124777314
2024-07-15,234.44910163171727,235.1926606193721,231.0882156126273,232.386962890625,62631300,0.01674333554866947,217.25305099487304,200.5312338256836,8.839928450366282
2024-07-16,232.98180687397965,234.24090427881208,230.33473879844306,232.80335998535156,43234300,0.001791826398293006,218.3599624633789,201.76106811523437,9.34330247017117
2024-07-17,227.47946461019197,229.47221227385296,224.69359950369105,226.91436767578125,57345900,-0.025295993622862056,218.96522064208983,202.66817810058595,9.492079618705587
2024-07-18,228.3023336745397,228.46096321097224,220.36112971273346,222.2547149658203,66034600,-0.020534850911770874,219.45547332763672,203.51516326904297,9.390513800003301
2024-07-19,222.88923571935766,224.8522270905052,221.36245288688534,222.38360595703125,49151500,0.000579924665403686,220.18069076538086,204.35106353759767,9.001460739364688
2024-07-22,225.06044629209634,225.8238378140571,221.17411283226946,222.03665161132812,48201800,-0.0015601615245423028,220.99711990356445,205.1732925415039,8.335580957680747
2024-07-23,222.44308791792702,224.9910238167192,220.76759935066607,223.0775909423828,39960300,0.004688141905854426,221.8333755493164,205.98010314941405,7.59512531374574
2024-07-24,222.0762625279836,222.86939506256107,215.2652677100796,216.66314697265625,61777600,-0.0287543179152554,222.30280838012695,206.68380676269533,6.90688224249205
2024-07-25,217.04981289629316,218.95333716975932,212.77682977395946,215.6221923828125,51391200,-0.004804483846877372,222.51298828125,207.302646484375,6.616074632764818
2024-07-26,216.8217851678197,217.6050090608147,214.15488466672127,216.08815002441406,41601300,0.002160991113448585,222.70433044433594,207.9080029296875,6.354135675957781
2024-07-29,215.0967318967012,217.41663210574902,213.89711684474761,216.36573791503906,36311800,0.0012846048734909132,223.08205795288086,208.4735043334961,5.6727907516650395
2024-07-30,217.3075942808937,218.43780333279796,214.26395224147618,216.9209442138672,41643800,0.002566054608175161,223.18367919921874,209.04773071289063,5.534814466603663
2024-07-31,219.53827220377053,221.89783756706774,218.73523091700034,220.1727752685547,50036300,0.014990857920484935,223.2734031677246,209.68639862060547,5.466944101726071
2024-08-01,222.44305961814192,222.55211552070895,215.15619200105087,216.48468017578125,62501000,-0.01675091340550572,223.11527252197266,210.22810546875,5.620919844022277
2024-08-02,217.2679231335739,223.66254232334134,215.84030263063204,217.97183227539062,105568600,0.006869548914047119,222.79405517578124,210.77358032226562,5.726442369210995
2024-08-05,197.3802115476467,211.6664621054212,194.3167520967801,207.47279357910156,119548600,-0.04816695160420703,221.8745216369629,211.13782562255858,6.615212323327173
2024-08-06,203.53688424769564,208.18660889381388,199.3432157724579,205.45030212402344,69660500,-0.009748224912713765,220.8112335205078,211.54133056640626,7.452171936909178
2024-08-07,205.12311510057037,211.80523672133984,204.61750047992084,208.01805114746094,63516400,0.01249815160596568,219.66317901611328,211.93472259521485,7.571000941956807
2024-08-08,211.27982425167653,212.36045976406422,207.03658185433542,211.4781036376953,47161100,0.01663342422038938,218.95630340576173,212.39711791992187,7.645609480302888
2024-08-09,210.27848952903548,214.91829038971974,210.1496011292121,214.3829345703125,42201600,0.01373584727047561,218.2474449157715,212.91166137695313,7.360222552935685
2024-08-12,214.4623401059105,217.8767320905019,213.9958359256548,215.91146850585938,38028100,0.007129923557630757,217.4236701965332,213.4369467163086,6.574445608051978
2024-08-13,217.38043273085663,220.2390087017958,217.38043273085663,219.62362670898438,44155300,0.0171929644535036,216.76468353271486,214.0174401855469,5.529171672073869
2024-08-14,218.92885985517657,221.37054778476931,218.06532277692483,220.07029724121094,41960600,0.002033800001028263,216.42248001098633,214.57157287597656,5.05981056950455
2024-08-15,222.9288713384501,223.67329096872731,221.10255033510867,223.0479736328125,46414000,0.013530569226876787,216.46214294433594,215.17891418457032,5.110786916363446
2024-08-16,222.25391598005478,225.14226768918678,221.98592068094572,224.36807250976562,44340200,0.005918452678374431,216.56136627197264,215.78251861572267,5.249189450676802
2024-08-19,224.0405257400108,224.30852103873067,221.38045847347976,224.20925903320312,40687800,-0.0007078256491043211,216.6699966430664,216.4105081176758,5.389079165957949
2024-08-20,224.09014645304697,225.4797235950926,223.77252016614798,224.8246307373047,30299000,0.0027446310948757713,216.7573486328125,217.0030191040039,5.511182392889975
2024-08-21,224.83457153469638,226.2836998547364,223.37550792716294,224.7154541015625,34765500,-0.0004856079842504579,217.15996398925782,217.6680987548828,5.790964296486176
2024-08-22,226.09512887719345,226.64103964823346,222.23407290784718,222.85939025878906,43695300,-0.00825961814773346,217.52182388305664,218.01786743164064,5.914611473709617
2024-08-23,223.98096305377334,226.52191275369313,222.66085720360698,225.1521759033203,38677300,0.010288036962987412,217.97502517700195,218.29610809326172,6.1418708438036
2024-08-26,225.07279660900764,225.58893181224732,222.22415556593285,225.4896697998047,30602200,0.0014989590712606304,218.43122177124025,218.55789947509766,6.3513228768789265
2024-08-27,224.31843379232603,227.14723425887112,223.21669220638537,226.3333282470703,35934600,0.0037414505419013366,218.9018409729004,218.87126342773436,6.578191413725312
2024-08-28,226.22416240429726,228.149730282918,224.00082364270057,224.8048095703125,38052200,-0.006753396367190079,219.1334426879883,219.07117553710938,6.705600253464939
2024-08-29,228.38796742499142,231.18697758967758,227.1770435151196,228.08026123046875,51906300,0.014570202774651042,219.71322174072264,219.3837875366211,6.960955638462927
2024-08-30,228.4772755570311,228.68570457235603,225.78743262658827,227.29612731933594,52990800,-0.0034379735751901563,220.17943649291993,219.77212493896485,7.147925943027854
2024-09-03,226.84944927892798,227.29609797078044,219.52435620963286,221.11245727539062,50190600,-0.027205347125240142,220.86141967773438,220.08021270751954,6.492399575888924
2024-09-04,220.01074262314262,220.12984491677884,215.86183603349318,219.20677185058594,43840200,-0.00861862532888047,221.5492431640625,220.33729858398436,5.4126901815026045
2024-09-05,219.9809527371486,223.80229748015876,219.87177059333374,220.72537231445312,36615400,0.0069277078032163875,222.18460922241212,220.60631622314452,4.389934001676351
2024-09-06,222.2837029728863,223.56411324365834,218.13481142105056,219.177001953125,48423000,-0.007014917882309679,222.5695541381836,220.761484375,3.682188123282023
2024-09-09,219.17700018247805,219.6236489368284,215.09757995493325,219.26632690429688,67180000,0.00040754709835377767,222.8137237548828,220.90158477783203,3.246940846111583
2024-09-10,217.29112653781655,219.83207646515766,215.1174187834135,218.47227478027344,51591000,-0.0036214047785367853,222.9417640686035,221.0948065185547,3.001657766025839
2024-09-11,219.81221238330573,221.43007391385896,216.2687680395375,221.00328063964844,44587100,0.01158502085411306,223.01074676513673,221.21710174560548,2.936535263852496
2024-09-12,220.8444620021775,221.88665238000266,218.18441013407553,221.11245727539062,37455600,0.0004940045931725034,223.0628547668457,221.27178497314452,2.8904971569139
2024-09-13,221.91644846858938,222.37301734416337,220.25887596851652,220.844482421875,36766600,-0.001211939195184586,222.95268020629882,221.29572875976564,2.9327792477566095
2024-09-16,214.9288136198369,215.6037619118882,212.32831274384958,214.71046447753906,59357400,-0.02777528275584551,222.4697998046875,221.10201446533202,3.438864587000937
2024-09-17,214.14471619981742,215.28615358843467,212.904016801209,215.17697143554688,45519300,0.0021727257641726005,222.0181854248047,220.88828460693358,3.7750602613425244
2024-09-18,215.9313221513165,221.05293280374121,215.92138686335736,219.04795837402344,59894900,0.017989782608479832,221.72935180664064,220.73492248535158,3.7700211909224532
2024-09-19,223.31597824995185,228.11004268622213,222.95865620671253,227.16709899902344,66781300,0.037065584565443066,221.85193405151367,220.658681640625,3.9095018884322528
2024-09-20,228.25889437635817,231.35567496568984,225.9263736470506,226.50205993652344,318679900,-0.002927532487892792,222.0340675354004,220.67641052246094,4.04152880085885
2024-09-23,225.64847983003366,227.74278104335218,224.12986496132828,224.7849578857422,54146000,-0.007580955560679947,222.01570663452148,220.60090759277344,4.027427031500445
2024-09-24,226.94872814757065,227.64353192764617,224.05045616714196,225.67825317382812,43556100,0.0039739994014189595,222.02513580322267,220.4667333984375,4.036199686531249
2024-09-25,223.2563961324406,225.59883710649478,222.35317851779175,224.68568420410156,42308700,-0.004398159573497096,221.94275360107423,220.3043798828125,3.9597282562072746
2024-09-26,225.60876888531146,226.7998372114188,223.73283210674714,225.82713317871094,36636700,0.0050802033901389265,221.99386978149414,220.28263519287108,4.004959375910761
2024-09-27,226.76013618443497,227.81224676693589,225.60876359989413,226.09510803222656,34026000,0.0011866370960107453,221.89461212158204,220.35944305419923,3.868450288853667
2024-09-30,228.32838978012126,231.26637268066406,227.94129216556473,231.26637268066406,54541900,0.02287207668243929,222.09312438964844,220.53709838867186,4.2438725627169465
2024-10-01,227.81225543239978,227.9412778656533,222.07526286618742,224.52688598632812,63285000,-0.029141662993270145,222.26384582519532,220.58690307617186,4.270937303711389
2024-10-02,224.20925878310885,225.67824256269316,221.360617941662,225.09263610839844,32880600,0.0025197433242127865,222.55813903808593,220.62720397949218,4.251943127741906
2024-10-03,223.46483520314058,225.12240767637772,221.65838486968212,223.9908905029297,34044200,-0.004894631936951388,222.72141494750977,220.77375885009766,4.240543344743227
2024-10-04,226.2043247736995,226.30358679092132,222.46238601950515,225.11251831054688,37245100,0.005007470639090572,223.01819076538087,220.96356536865235,4.186789646965306
2024-10-07,222.8296017820206,224.01074997862722,219.68319006872073,220.04051208496094,39505400,-0.02253098256663366,223.05690002441406,221.04261260986328,4.153724157578692
2024-10-08,222.6311156567822,224.29860847272343,221.58892507419034,224.09017944335938,31855700,0.018404189846798813,223.33779525756836,221.1971014404297,4.015010639404107
2024-10-09,223.55416342639623,228.0405364361267,223.15714569962594,227.83209228515625,33591100,0.016698245550482493,223.67923583984376,221.41532440185546,4.095588204670278
2024-10-10,226.0851959438118,227.7923994519787,225.47973405841245,227.3358154296875,28183500,-0.00217825702468466,223.9904037475586,221.55858520507812,4.1266063849159265
2024-10-11,227.59388209213523,227.7030642360917,225.64845893034402,225.85690307617188,31759200,-0.006505408532836432,224.24102478027345,221.74602966308595,4.0774056869282
2024-10-14,226.99836439928595,230.00581860221664,226.89911753216435,229.5790252685547,39882100,0.01648000190247667,224.9844528198242,221.97817352294922,3.5724712816725868
2024-10-15,231.87181141001133,235.72294688412148,230.64103225198252,232.1100311279297,64751400,0.01102455181353923,225.83110580444335,222.47091827392578,3.1012664620479913
2024-10-16,229.87678174389526,230.3929017691756,228.12986736523644,230.05543518066406,34082200,-0.008851818843336523,226.3814796447754,222.96302093505858,2.795813242364272
2024-10-17,231.69315867439417,232.11004699556463,228.8048220166126,230.4226837158203,32993800,0.0015963480057223922,226.54425888061525,223.41111358642578,2.935258018059419
2024-10-18,234.4226930307779,234.4226930307779,232.26884075534687,233.25148010253906,46431500,0.012276553423913317,226.88172988891603,223.84658111572264,3.295981246426724
2024-10-21,232.7055796017645,235.08773156933626,232.7055796017645,234.72047424316406,36254500,0.006297898474124208,227.3785057067871,224.25333190917968,3.6886746379801045
2024-10-22,232.14974382855843,234.4624093106695,230.86934872103873,234.10508728027344,38846600,-0.0026217864669662028,227.7998474121094,224.61720428466796,3.9558454778555636
2024-10-23,232.33831918874512,233.3904297884605,226.06533615950997,229.0430145263672,52287000,-0.021623078817787023,228.01771392822266,224.80559204101561,3.894825792062124
2024-10-24,228.26882480795348,229.10258628095696,226.71051430099084,228.8544464111328,31109500,-0.0008232869080260219,228.16907958984376,224.98127502441406,3.863914956411319
2024-10-25,228.03062932515897,231.484732210271,227.86189602437614,229.68820190429688,38802300,0.0036431692992595632,228.34873428344727,225.11407958984375,3.845898672769501
2024-10-28,231.58399967772363,232.98349712196287,230.81972458948547,231.66339111328125,36087100,0.008599436943685035,228.36858520507812,225.25998596191405,3.8627386679718483
2024-10-29,231.36563017470797,232.5864741436605,230.59143496071306,231.93138122558594,35417200,0.0011568082078778907,228.73880996704102,225.41442840576173,3.829853545591054
2024-10-30,230.87925826342104,231.7328600109945,227.8420287171323,228.387939453125,47070900,-0.015277974691205953,228.90357513427733,225.48569458007813,3.734429855280892
2024-10-31,227.63358238786932,228.11994197442104,223.693120129287,224.22911071777344,64370100,-0.018209493659384512,228.91548614501954,225.47596771240234,3.718281085513036
2024-11-01,219.32586653780092,223.67328184782377,218.6310779402587,221.25143432617188,65276700,-0.013279615577432402,228.7224319458008,225.44380859375,4.0145550834433905
2024-11-04,219.34572401852256,221.13231895883285,218.0752491010658,220.35812377929688,44944500,-0.0040375356191276746,228.7383125305176,225.34792755126952,3.978873634696674
2024-11-05,220.14969745378525,222.28369429475046,219.49460455688452,221.78741455078125,28111300,0.006486217739428035,228.62317428588867,225.27388244628906,4.150091805186482
2024-11-06,220.95365355112233,224.38791581537038,219.54422098922427,221.06283569335938,54561100,-0.0032669971778582774,228.28471145629882,225.16847259521484,4.480858382283732
2024-11-07,222.95864433437472,226.18446269494834,222.89909318788202,225.7874298095703,42137700,0.021372177287929617,228.20729217529296,225.188125,4.511388408367518
2024-11-08,225.72780810336752,227.20835428792034,224.9726384261151,225.51914978027344,38328800,-0.0011881973656511224,228.19040451049804,225.1369027709961,4.521271123118113
2024-11-11,223.5715733715174,224.26712634517858,220.0937933412938,222.80645751953125,42005600,-0.012028655940682698,227.85177612304688,225.047109375,4.663188386897212
2024-11-12,223.1244332571579,224.15782408060912,221.94198562097503,222.80645751953125,40398300,0.0,227.38659744262696,225.08098937988282,4.680057763544719
2024-11-13,222.58787261698694,225.2111120360391,221.34580821096,223.69082641601562,48566200,0.003969224708879171,227.06836700439453,225.1706704711914,4.705352434392369
2024-11-14,223.59146688403666,227.41701609796436,223.57158960851197,226.77114868164062,44923900,0.013770445194280168,226.88579025268555,225.29158599853517,4.638719774784383
2024-11-15,224.96266960797624,225.47937257835642,222.8462024481905,223.57156372070312,47923700,-0.014109312315692013,226.40179443359375,225.37947723388672,4.4403280640614
2024-11-18,223.8199993254601,228.28149999782985,223.74050538640262,226.57241821289062,44633700,0.013422344247394191,225.99439163208007,225.5255990600586,3.9876314752099353
2024-11-19,225.53901477922054,228.6988344551977,225.22105418122663,226.8307647705078,36211800,0.0011402383381653447,225.63067550659179,225.6927688598633,3.5123334468088236
2024-11-20,226.61215353970658,228.47027695087482,224.45593165289552,227.5461883544922,35169600,0.00315399714279585,225.55583419799805,225.82362701416017,3.4512114276234533
2024-11-21,227.42695953023323,228.69883223369175,224.2770861035494,227.06924438476562,42108300,-0.0020960314614610898,225.4665740966797,225.94276275634766,3.3838359313222077
2024-11-22,226.6121530455377,229.25526960886552,226.6121530455377,228.41065979003906,38168300,0.0059075169290669916,225.4026969909668,226.09408630371092,3.311228585181578
2024-11-25,229.99057974831032,231.7692092379923,228.28149797848934,231.39161682128906,90152800,0.013050866513805381,225.38910827636718,226.42770935058593,3.2846343776399016
2024-11-26,231.8486905145537,234.07447518116308,231.8486905145537,233.5677032470703,45986200,0.009404344270008247,225.4709243774414,226.79552398681642,3.4712491287684255
2024-11-27,232.98148163119754,234.19373774290258,232.32566796514345,233.4385528564453,33498400,-0.0005529462713789179,225.72345504760742,227.08333587646484,3.8569181288863867
2024-11-29,233.31931239062584,236.3002669685808,232.48464874765904,235.8233184814453,28481400,0.010215817378145475,226.30316543579102,227.2564602661133,4.446722183269454
2024-12-02,235.76369091824088,239.26133321145704,235.654388648958,238.06895446777344,48137100,0.009522535772919394,227.1440414428711,227.48779815673828,4.997187527336635
2024-12-03,238.2875760799829,241.21884512379424,237.38334952948236,241.1095428466797,38861000,0.012771881095138049,228.18161239624024,227.81428985595704,5.628504810999684
2024-12-04,241.32812877991805,242.5602620666903,239.71841824290905,241.4672393798828,44383900,0.0014835436581230876,229.1656036376953,228.13006958007813,6.148078881534803
2024-12-05,242.4410361127995,242.98753231090083,240.59284370740727,241.49705505371094,40033900,0.00012347709736815204,230.18731460571288,228.46629699707032,6.4224547871239315
2024-12-06,241.36788746709487,243.0769692456264,240.5431549096241,241.29832458496094,36870600,-0.0008229105266140957,230.9628593444824,228.77572082519532,6.789220357004578
2024-12-09,240.29475369946152,245.67041216886827,240.21525975684386,245.1835174560547,44649200,0.01610120119058589,231.9460777282715,229.15748901367186,7.359331790196376
2024-12-10,245.32261857013248,246.63424582967986,243.7824557106041,246.19703674316406,36914800,0.004133717052538177,233.11560668945313,229.45610229492186,7.6819567786401235
2024-12-11,246.3858091597837,249.2077755123232,244.69658964103184,244.92514038085938,45205800,-0.005166172506095412,234.22154083251954,229.8640673828125,7.7117868154559925
2024-12-12,245.32263454558526,247.16089600762038,244.12030947937123,246.38584899902344,32777500,0.005963898258433797,235.3562919616699,230.289931640625,7.75032327474946
2024-12-13,246.24671899982582,247.70737273801882,244.67674782957272,246.55474853515625,33155300,0.0006855082660752743,236.3454719543457,230.74120880126952,7.858665715497501
2024-12-16,246.41563368868003,249.78411156803347,246.07778066556844,249.44625854492188,51694800,0.011727658976129263,237.63920669555665,231.22788360595703,7.774441241891268
2024-12-17,248.49237939681157,252.2185726786221,248.19428090188288,251.87078857421875,51356400,0.009719648807080539,238.90412521362305,231.8644891357422,7.935465144562782
2024-12-18,250.559158393614,252.66569465886903,246.16722071424974,246.47525024414062,56774100,-0.0214218503091248,239.8863494873047,232.31219055175782,7.569749858597578
2024-12-19,245.92875304737495,250.4001849209636,245.52135228225407,248.20420837402344,60882300,0.007014733236583526,240.91925048828125,232.71963287353515,7.197553150138345
2024-12-20,246.4653249902114,253.3811464831127,244.13025293349912,252.8743896484375,147495300,0.01881588271612422,242.20950775146486,233.23040435791015,6.890489489906028
2024-12-23,253.15260355822258,254.02700659111463,251.84097626600598,253.64942932128906,40858800,0.0030649195987346722,243.47144622802733,233.7862548828125,6.53215483463084
2024-12-24,253.86804957710976,256.5707679464462,253.6693071300515,256.56085205078125,23234700,0.011478136328879396,244.72990798950195,234.32589141845702,6.506869386648717
2024-12-26,256.5509233376362,258.4488016383409,255.99448083651092,257.3756408691406,27237100,0.0031758111646671416,245.92030487060546,234.83120361328125,6.535033063757327
2024-12-27,256.19317709309894,257.05767945175137,251.4534699071419,253.9674072265625,42355300,-0.013242254127347697,246.94674758911134,235.30944305419922,6.0668057824631045
2024-12-30,250.62873106361576,251.8906728018858,249.15813098648073,250.5989227294922,35557500,-0.01326345192816536,247.68552780151367,235.71296783447266,5.515567918167431
2024-12-31,250.83741118103507,251.67207488235135,247.84651017510492,248.83023071289062,39480700,-0.007057859616223405,248.22359161376954,236.02454284667968,5.031740875311717
2025-01-02,247.34964638751123,247.51858047528103,240.28479918438643,242.30191040039062,55740700,-0.026236041713245895,248.28320999145507,236.17617156982422,4.949404217216281
2025-01-03,241.8150177001953,242.6298040057451,240.3543488544026,241.8150177001953,40244100,-0.002009446394338199,248.30059890747071,236.33037017822267,4.924746579926511
2025-01-06,242.75898865424097,245.75982034447205,241.65603491404494,243.44461059570312,45045600,0.006739006166805561,248.39797668457032,236.61840209960937,4.800834431517279
2025-01-07,241.4374487975533,243.9911405526811,239.81780708502322,240.67234802246094,40856000,-0.011387652273174287,248.3666778564453,236.85476013183595,4.851331339216789
2025-01-08,240.38417847646193,242.1628232218062,238.52605495049286,241.1592254638672,37628900,0.002022988703965334,248.16546325683595,237.08418060302733,5.068883470170645
2025-01-10,238.48628640867517,238.63534322792128,231.52079498772144,235.3463592529297,61710900,-0.02410385171770446,247.62292938232423,237.1578399658203,5.816247105590877
2025-01-13,232.04743903723335,233.18020116738663,228.26162915914,232.9119110107422,49630700,-0.01034410835976085,247.02226791381835,237.17745056152344,6.667541129311812
2025-01-14,233.2596800887061,234.62097773623856,230.9941559742804,231.79901123046875,39435300,-0.0047782003738834344,246.2929260253906,237.2456719970703,7.488129949663666
2025-01-15,233.15037337402552,237.44295487436693,232.9416999002932,236.35986328125,39832000,0.019675890878786184,245.7831817626953,237.48828704833986,7.809475057846279
2025-01-16,235.8432019589194,236.4990004602556,226.58236221549976,226.81089782714844,71759100,-0.04040011413756417,244.65141372680665,237.59947631835936,8.8248499655672
2025-01-17,230.64637201374376,230.81529094249188,227.0294813062853,228.51995849609375,68488300,0.007535178800128772,243.4838722229004,237.76271301269531,9.348579888739673
2025-01-21,222.57792910461188,222.99526090225285,217.98726416864307,221.2265625,98070400,-0.03191579433189162,242.22143783569337,237.75149597167967,10.550848443763057
2025-01-22,218.39465138442915,222.6971640978084,218.39465138442915,222.4090118408203,64126500,0.005344970004767413,240.9316780090332,237.7784194946289,11.32894924068087
2025-01-23,223.3132424800993,225.58869773276695,220.88873040600683,222.24009704589844,60234800,-0.000759478195257568,239.39996337890625,237.70747283935546,11.694309390957011
2025-01-24,223.35297985225768,224.19758968028435,220.00437919561992,221.3656768798828,54697900,-0.0039345742628749125,237.78577575683593,237.62440338134766,11.85095320793778
2025-01-27,222.5978054024586,230.67618150163648,222.5580508531902,228.40072631835938,94863400,0.03178021786229279,236.37776947021484,237.73628875732422,11.155321543063863
2025-01-28,229.3844597561093,238.66516132615985,229.3447052045828,236.74740600585938,75707600,0.03654401552062425,235.3463577270508,238.01510772705078,10.006136538349208
2025-01-29,232.6336842670617,238.33724933385383,232.52438199561368,237.84042358398438,45486100,0.004616809098630492,234.54000854492188,238.29809967041015,9.028625529313032
2025-01-30,237.1547951903121,239.26133146080375,235.7040725307193,236.08164978027344,55658300,-0.007394764006926291,233.81414489746095,238.48430969238282,8.216657894788204
2025-01-31,245.62071750771995,245.62071750771995,231.95800933839706,234.5017547607422,100959800,-0.0066921551124439205,233.09772109985352,238.7029135131836,7.424995428642493
2025-02-03,228.52992572925916,230.35824094469035,224.2671520837408,226.56248474121094,73063300,-0.03385590878682998,232.31074981689454,238.70271484375,7.229640461217616
2025-02-04,225.80732831191588,231.6500046289628,225.2111312813077,231.3220977783203,45067300,0.021007948613143146,231.78610382080078,238.79254150390625,6.8756916559354355
2025-02-05,227.0791817096477,231.19289841511937,226.82083777153602,230.99417114257812,39620300,-0.0014176191504905455,231.16358184814453,238.86150115966797,6.304481631598472
2025-02-06,229.8216550685821,232.31573010563136,228.96711414866223,231.73941040039062,29925300,0.0032262253810400043,230.71693496704103,238.95490447998046,5.898743665774799
2025-02-07,231.1233398047693,232.51444580894437,225.81722939017394,226.1848907470703,39707200,-0.023968817577137314,229.96821823120118,238.9103890991211,5.435724029810685
2025-02-10,228.36336710225459,229.3779949636392,226.005813710008,226.4534454345703,33115600,0.0011873237271198267,229.5235725402832,238.8116256713867,5.335431960958125
2025-02-11,227.000572314181,233.99362125199642,226.93094812871882,231.3973388671875,53718400,0.021831831364410137,229.44784393310547,238.76821838378908,5.295406729614086
2025-02-12,229.98480349517558,235.71453849328682,229.4675323792709,235.625,45243300,0.018270137217260674,229.63914337158204,238.81194732666015,5.451618186229599
2025-02-13,235.66480095549997,241.06625350434595,234.33184765944378,240.26051330566406,53614100,0.019673266018733315,229.83417587280275,238.90069122314452,5.765447651227852
2025-02-14,239.981993568851,244.25939586817944,239.72336558929686,243.31439208984375,40896200,0.012710697826132211,230.6593505859375,239.00559997558594,6.450316592535515
2025-02-18,242.86674847770814,243.8913336127375,240.56889220053384,243.18507385253906,48822500,-0.0005314861821118511,231.39260635375976,239.04711059570312,7.004091147139643
2025-02-19,243.37407429304395,244.716969605811,241.88195827091008,243.5829620361328,32204200,0.0016361538037281687,232.51042633056642,239.08942504882813,7.079824771718787
2025-02-20,243.65259654249155,245.4829218502696,243.00600383864503,244.5379180908203,32316900,0.003920455054429617,233.61687164306642,239.1502423095703,7.146924314272666
2025-02-21,244.65729095432025,247.38289505871285,243.93113206298463,244.2593994140625,53197400,-0.00113895905768846,234.71783676147462,239.20946380615234,6.9965477547578665
2025-02-24,243.64264638435856,247.55199828948733,243.1353323966777,245.80125427246094,51326400,0.0063123665336812795,235.93961563110352,239.22181854248046,6.668026723422979
2025-02-25,246.69650753214344,248.68599549611233,243.62275227067275,245.74154663085938,48013300,-0.00024291023973121995,236.80665664672853,239.21270874023438,6.762889541655522
2025-02-26,243.04581476744292,243.69239232640413,237.87314875998453,239.0966796875,44433600,-0.02704006316579821,236.92412033081055,239.09613952636718,6.782180850338626
2025-02-27,238.15166004001364,241.1856322165831,235.81400561415145,236.05274963378906,41153600,-0.012730959115322515,236.8347366333008,238.8894775390625,6.78124911245995
2025-02-28,235.70459571566596,240.8175794410065,228.9900734891547,240.5688934326172,56833400,0.019131926257306642,237.05909881591796,238.7697604370117,6.82908435872646
2025-03-03,240.51916291712755,242.74739510665418,234.86902386386396,236.7789306640625,47184000,-0.01575416802428886,237.17295761108397,238.51641387939452,6.8031365810403
2025-03-04,236.46059966619734,238.80819608105105,233.44651142335266,234.68994140625,53798100,-0.008822530163278386,237.57933044433594,238.17279693603516,6.364585970015085
2025-03-05,234.18262069274581,235.30668622205877,228.02515316620742,234.50094604492188,47227600,-0.0008052980890261852,237.738272857666,237.9333108520508,6.238544756437261
2025-03-06,233.20778757123546,236.60981025581015,231.93451645578955,234.09310913085938,45170400,-0.001739169589466738,237.8932197570801,237.6510888671875,6.099152282348941
2025-03-07,233.87426828677374,240.10136041796665,233.5261018066448,237.81346130371094,46273600,0.01589261720118329,238.1969223022461,237.34987030029296,5.9253505328064655
2025-03-10,234.30201287196223,234.9187645202326,223.04151782981955,226.2843780517578,72071200,-0.04847952335729799,238.20189666748047,236.80256927490234,5.914767928655049
2025-03-11,222.63366659789358,224.65299583409444,216.3070937419303,219.6792755126953,76137400,-0.029189388131564797,237.86318817138672,236.06493774414062,6.756953660030452
2025-03-12,218.98294858814833,220.58448707211764,213.7804415985268,215.8395538330078,62547500,-0.017478761575147272,237.08529891967774,235.23421600341797,8.267256469125618
2025-03-13,214.81497612462363,215.70029772842102,207.3245545879158,208.5779266357422,61368300,-0.0336436351368844,235.73294525146486,234.32642639160156,10.444247103753925
2025-03-14,210.13967261110687,212.8254784087618,208.4784519318959,212.36790466308594,60107600,0.018170561422649945,234.33831481933595,233.56180603027343,11.6055567953866
2025-03-17,212.18883784213668,214.0888025037831,208.8663965620962,212.87521362304688,48073400,0.0023888212334428616,232.81635589599608,232.84270568847657,12.33919214406991
2025-03-18,213.0343879953175,214.019174884069,210.3784232206469,211.57211303710938,42432400,-0.006121429375262943,231.2357078552246,232.22810974121094,12.950708516700741
2025-03-19,213.0940452987452,217.61017604964766,212.62651443867486,214.1086883544922,54385400,0.011989176082662256,229.7619941711426,231.67398315429688,13.147222322852747
2025-03-20,212.86527847830126,216.3468825511506,211.10457731145533,212.97470092773438,48862900,-0.005296316723403138,228.18383331298827,231.0645849609375,13.17456299924349
2025-03-21,210.44804823896536,217.68978368973626,210.16952111998106,217.12278747558594,94127800,0.01947689810001929,226.82700271606444,230.59359375,12.824557483638444
2025-03-24,219.83843988574125,220.31591279023903,217.43116105321957,219.56985473632812,44299500,0.011270430382703811,225.51543273925782,230.16180633544923,12.102970224755255
2025-03-25,219.60965673355645,222.92215637067883,218.9232808837126,222.57398986816406,34493600,0.013681910640436001,224.35705490112304,229.90635894775392,11.135234489661398
2025-03-26,222.3352199198642,223.83729303324841,219.31120492080973,220.36563110351562,34466100,-0.009921908512115496,223.42050247192384,229.65543334960938,10.605380490683629
2025-03-27,220.22639996083643,223.80748486169014,219.40076052040095,222.67347717285156,37094800,0.010472804029280969,222.75153884887695,229.47292266845704,10.180068099118406
2025-03-28,220.50488863250547,222.63364006926244,216.5358548246797,216.75469970703125,39818600,-0.026580522929660955,221.56082916259766,229.08081939697266,9.344827186432623
2025-03-31,215.86939419548492,224.43414081005062,215.09349507460487,220.96249389648438,65299300,0.01941270106318549,220.77000732421874,228.9638513183594,8.631184330280004
2025-04-01,218.65466729819107,222.5043215641154,217.74944665223015,222.01690673828125,36412700,0.004771908676459935,220.1363555908203,228.83379028320311,7.997398981241395
2025-04-02,220.15674221426906,224.0063965120705,219.85831598824518,222.71322631835938,35905900,0.00313633583274342,219.54696960449218,228.86352355957033,7.285749269176565
2025-04-03,204.45969456936825,206.39945769712665,200.19224908119847,202.12205505371094,103419000,-0.09245598748236983,217.94841690063475,228.45778442382812,7.432116518313902
2025-04-04,192.87091122900438,198.82943318150367,186.3553350717911,187.38987731933594,125910900,-0.07288753189482533,215.427237701416,227.76078002929688,8.770669493764593
2025-04-07,176.26862197387908,193.12952861035487,173.70218080411468,180.50624084472656,160466300,-0.0367343026906346,213.13833084106446,226.94359130859374,11.374914358448626
2025-04-08,185.71869040589692,189.33955773730443,168.32062862424334,171.5137481689453,120859500,-0.049818181541527395,210.73005447387695,225.80585174560548,14.567828434772588
2025-04-09,171.04621878540135,199.55558397169528,170.9865365771085,197.80484008789062,184395900,0.1532885392548704,209.82831878662108,225.0270004272461,14.791360421087436
2025-04-10,188.07624843340898,193.7562279640405,182.03814529024513,189.4191436767578,121880000,-0.042393787772871505,208.87037963867186,224.05857482910156,15.480922927291957
2025-04-11,185.12186726950821,198.49121408156802,185.0820690088969,197.1085205078125,87435900,0.04059450740721626,208.1074104309082,223.27911224365235,15.674294624626281
2025-04-14,210.32866545443895,211.82078139531484,200.10269875392328,201.45555114746094,101352900,0.022053996592583225,207.53642730712892,222.61818817138672,15.69944950041774
2025-04-15,200.7990028314966,202.44032418337582,198.74983284066025,201.07752990722656,51343900,-0.0018764498574560529,207.01169815063477,222.10848907470702,15.73281077083136
2025-04-16,197.31743142832593,199.64512887500646,191.35890907242805,193.24893188476562,59732400,-0.03893323150564321,205.96871032714844,221.34702575683593,15.927789937552914
2025-04-17,196.16350125239885,197.78493872612725,193.39811432307044,195.9446563720703,52164700,0.013949492299973665,205.11720809936523,220.64603546142578,15.988634098077355
2025-04-21,192.25418258208256,192.78139570274652,188.8123615658979,192.14476013183594,46742500,-0.01939270154435302,203.86830673217773,219.8541424560547,15.977035104262816
2025-04-22,195.0892017003565,200.53045296496776,194.93999616163734,198.690185546875,52976400,0.03406507370041245,202.82432327270507,219.3042483520508,15.574141293797256
2025-04-23,204.9172632087338,206.9067512010516,201.7340854567431,203.52462768554688,52929200,0.024331559837067696,201.87185516357422,218.84567199707033,14.86929165021634
2025-04-24,203.81309077731203,207.73238443559362,201.87334307751462,207.27479553222656,47311000,0.018426113288234847,201.21731338500976,218.3632211303711,14.289164770105751
2025-04-25,205.28531450927932,208.6475540878433,205.1162098506388,208.18002319335938,38222300,0.004367282856598376,200.49264068603514,217.8143215942383,13.488852550959873
2025-04-28,208.89625889548412,210.38837503045187,206.36961558551846,209.0355224609375,38743100,0.004109420560413302,200.10668182373047,217.18982177734375,13.103998385866328
2025-04-29,207.59310986089218,211.1244537916441,207.27478452266,210.09986877441406,36827600,0.0050917006877404525,199.56355056762695,216.52553131103517,12.400296594986637
2025-04-30,208.19993964532281,212.45744310704663,205.58375784941018,211.38311767578125,52286500,0.006107804392514904,199.03186111450196,215.8894921875,11.588276396599499
2025-05-01,207.98108655162656,213.43227966302132,207.80202473083082,212.1988067626953,57365700,0.00385881850870029,198.50614013671876,215.26180908203125,10.658598199255037
2025-05-02,205.00677646592024,205.90205512568554,201.09744003856807,204.2706756591797,101010600,-0.037361808129212304,198.6135711669922,214.45646423339844,10.707677512365573
2025-05-05,202.03252954096354,203.0272736250085,197.1682315771274,197.8446502685547,69018500,-0.03145838417525315,199.1363098144531,213.52816925048828,10.381125631996818
2025-05-06,197.1682179665783,199.59538061408486,195.98447015970467,197.4666290283203,51216500,-0.001910697305796516,199.9843292236328,212.56147674560546,9.42815839611555
2025-05-07,198.1231564563361,198.39174158064424,192.23427392267118,195.218505859375,68536700,-0.01138482578047606,201.1695671081543,211.5510159301758,6.7782801497924225
2025-05-08,196.68078271707188,198.99853803284546,193.65675249053749,196.45199584960938,50478900,0.006318509532712513,201.10192489624023,210.69812225341798,6.820245154083667
2025-05-09,197.95405738682032,199.48595647897335,196.50172445806652,197.4865264892578,36453900,0.005266073450536091,201.50529403686522,209.92679779052733,6.312596974225371
2025-05-12,210.13634313336473,210.435160708662,205.93301745006437,209.95704650878906,63775800,0.0631461813685279,202.14772033691406,209.3145608520508,6.49280979635813
2025-05-13,209.59847136477597,212.55673652410627,208.17412935394688,212.08859252929688,51909300,0.010152295700247338,202.67937240600585,208.82075408935546,6.858202024963572
2025-05-14,211.59057778761635,213.09462076548897,209.74789716231066,211.49098205566406,49325800,-0.0028177398251642005,203.20004501342774,208.35677490234374,7.120468388029956
2025-05-15,210.11643191755599,212.11849916658366,208.71199985896817,210.6144561767578,45029500,-0.0041445071103577424,204.06832122802734,207.87904510498046,6.898478474258878
2025-05-16,211.52084551122164,211.73002236916358,208.9410837213976,210.42518615722656,54737900,-0.0008986563551572901,204.79234771728517,207.4056866455078,6.75948695433116
2025-05-19,207.0884445111699,208.65223273202483,203.45285841572866,207.9550018310547,46140500,-0.011739014569891792,205.5828598022461,206.8085174560547,6.094282635613427
2025-05-20,206.84938410987283,207.64622592622177,204.2198167548668,206.04258728027344,42496600,-0.009196290225973569,205.95047988891602,206.403681640625,5.874408531987154
2025-05-21,204.3592586621154,206.22186440009241,199.91689108628387,201.2914276123047,59211800,-0.02305911477177236,205.8388198852539,206.03592468261718,5.94376049000451
2025-05-22,199.91690559460176,201.94883789272,198.91088686006037,200.5643310546875,46742400,-0.0036121585814256063,205.50329666137696,205.7304202270508,6.046939966358303
2025-05-23,192.9046989896,196.91877297523902,192.6955373289648,194.49838256835938,78432900,-0.030244403151994836,204.81921463012696,205.44882934570313,6.486131281175298
2025-05-27,197.51641281084125,199.94677348688452,196.64984031499387,199.4188690185547,56288500,0.025298341226390075,204.3383819580078,205.1898486328125,6.513510496470096
2025-05-28,199.79736291846774,201.9289060786693,199.11008702875665,199.62803649902344,45339700,0.0010488851004830657,203.81479034423828,204.92490509033203,6.446542203350676
2025-05-29,202.77554227533128,203.0046291598645,197.72556941325453,199.15988159179688,51396800,-0.002345136061230768,203.20362854003906,204.67666046142577,6.268209024367048
2025-05-30,198.5821728136608,201.1619498266407,196.00241099917397,200.05633544921875,70819900,0.0045011768949494435,202.59650497436525,204.3956134033203,5.930024785393359
2025-06-02,199.48856723355908,201.3312628058232,199.32919584599733,200.9029541015625,35423300,0.004231901231434243,202.42811889648436,204.15417846679688,5.927797473299248
2025-06-03,200.55437033168948,202.96480586317466,200.16591202699755,202.46678161621094,46381600,0.007783994623881352,202.6592254638672,203.86105834960938,5.8289747226905435
2025-06-04,202.10819540070028,205.42503857555045,201.30139858491114,202.0185546875,43604000,-0.0022138294743113685,202.88682174682617,203.51003234863282,5.703061873740075
2025-06-05,202.69585814733983,203.94091870107042,199.35908978394463,199.8372039794922,55126100,-0.010797774052893838,203.11775665283204,203.05529663085937,5.46473797387594
2025-06-06,202.19783403313102,204.8871617909174,201.2515910514923,203.11419677734375,46607700,0.01639831188885066,203.45086669921875,202.71026794433592,5.235266347550879
2025-06-09,203.58233063284266,205.18596915505242,199.22960401477,200.65394592285156,72862600,-0.012112648419101646,203.60923767089844,202.26987731933593,5.091272435627773
2025-06-10,199.80734330812555,203.54252533508333,199.77746306778945,201.86915588378906,54672600,0.0060562475128433935,203.20484313964843,201.9721664428711,4.87724336564699
2025-06-11,202.6958722895077,203.69192080198684,197.62598900862739,197.99452209472656,60989900,-0.019193788036113046,202.50013961791993,201.51280700683594,4.532089417113551
2025-06-12,198.29333609984755,198.890956077424,196.58013147350607,198.41285705566406,43904600,0.002112861287835832,201.84623336791992,201.0407260131836,4.088337833251591
2025-06-13,198.94075911963023,199.57822954037988,194.92668495173118,195.67372131347656,51447300,-0.013805233102505254,201.09919662475585,200.49993591308595,3.7531216092404147
2025-06-16,196.52037110088898,197.90487790098294,195.78328974313985,197.6359405517578,43020700,0.010028016154186137,200.45973434448243,200.41021362304687,3.115955004157468
2025-06-17,196.4207613301707,197.6060614779548,194.43863454049264,194.86692810058594,38856200,-0.014010672570188287,199.805330657959,200.55975463867188,2.819200142803917
2025-06-18,195.16573699325735,196.7893008408277,194.2991796996429,195.80320739746094,45394700,0.004804711122616601,199.29336166381836,200.86569396972655,2.543115317654669
2025-06-20,197.45666110928434,200.90298042554332,196.08210930882012,200.20574951171875,96813500,0.022484525012509637,199.23907775878905,201.43953399658204,2.5095871338203564
2025-06-23,200.83324176458547,201.50059236215068,198.1737943867686,200.70375061035156,55814300,0.0024874465386104383,199.24604873657228,201.49751220703126,2.51365243206905
2025-06-24,201.78945874554142,202.63610603642124,199.4089034764897,199.50851440429688,54064000,-0.005955226060399554,199.49655532836914,201.69929962158204,2.2515959902975577
2025-06-25,200.65396860223956,202.8651975026319,199.82724651799433,200.76353454589844,39525700,0.006290559304443111,199.56378860473632,201.77239990234375,2.269161686995706
2025-06-26,200.63404307360597,201.8392684520338,198.67184150130464,200.20574951171875,50799100,-0.0027783184602787614,199.5926742553711,201.7474038696289,2.2736951014266182
2025-06-27,201.09222774816857,202.41697405518968,199.20969672208463,200.28543090820312,73188600,0.0003979975434207361,199.6489517211914,201.73156188964845,2.2763470054822657
2025-06-30,201.211736268348,206.57048164253425,198.4726031076903,204.3592529296875,91912800,0.02034008166750545,199.86409759521484,201.95376831054688,2.5083920109222007
2025-07-01,205.85334490237685,209.35943993298892,205.32544040497007,206.99880981445312,78788900,0.012916258240941003,200.16889038085938,202.17485137939454,2.9692769091025264
2025-07-02,208.08449026524102,212.49697770796604,207.31752868499885,211.6005401611328,67941800,0.022230709204581922,200.62557830810547,202.56396697998048,3.898356854983488
2025-07-03,211.31165415399877,213.80177506176915,210.97300135818003,212.7061309814453,34955800,0.005224896020920244,201.15995712280272,202.84428588867186,4.7408343289417925
2025-07-07,211.83958469799765,215.37555986284275,207.97492690746134,209.12037658691406,50229000,-0.016857785800466818,201.62411575317384,202.95620086669922,5.0489416819061494
2025-07-08,209.26980118177752,210.59453234535175,207.62631199643187,209.18014526367188,42848900,0.00028580991356896845,201.92741317749022,202.99430786132814,5.318180753403154
2025-07-09,208.70202548866368,210.49491569520316,206.40115605631001,210.3056640625,48749400,0.005380619644419049,202.40999908447264,203.03682067871094,5.625568836185938
2025-07-10,209.67816220166208,212.63642743345136,209.2000631819418,211.57066345214844,44443600,0.00601505145040937,202.89507446289062,203.08752349853515,5.983366275360032
2025-07-11,209.73794232575938,211.29177557167307,209.03074119537857,210.3256072998047,39765800,-0.005884824162426194,203.51162872314453,203.09203826904297,6.086254527634172
2025-07-14,209.10044482334126,210.07658325197187,206.71988962428105,207.79562377929688,38840100,-0.012028889648712626,203.98076705932618,203.02028839111327,6.033942216993611
2025-07-15,208.39325734338402,211.05270487364396,208.09443976951917,208.28369140625,42296300,0.00234878684197648,204.61126556396485,202.94198608398438,5.773434153207459
2025-07-16,209.46900551017632,211.5606982702429,207.81556132948495,209.32955932617188,47490500,0.0050213625121611205,205.19594650268556,203.0431637573242,5.619928813491489
2025-07-17,209.7379236663323,210.96305897069354,208.761785269157,209.19009399414062,48068100,-0.0006662476741469137,205.91210479736327,203.27007263183594,5.125248833381053
2025-07-18,210.0367321724359,210.95309492429405,208.87135730762196,210.3455047607422,48974600,0.005523257552692451,206.63921966552735,203.52765014648438,4.622522918111424
2025-07-21,211.26189276464606,214.92734394651046,210.79374875413163,211.640380859375,51377400,0.00615594851958301,207.21095123291016,203.85608764648438,4.490171605001715
2025-07-22,212.29776458434165,214.1006098348481,211.39135685335447,213.5527801513672,46404100,0.009036079429770583,207.85340270996093,204.19810333251954,4.428920718511649
2025-07-23,214.15041924441525,214.29982043425818,211.57065737650467,213.30377197265625,46989300,-0.0011660263965397322,208.5431655883789,204.5144482421875,4.124671237828579
2025-07-24,213.05477516619655,214.83771055173221,212.68624207244096,212.9153289794922,46022600,-0.0018210788753133533,209.1507553100586,204.57361389160155,3.8006591654529727
2025-07-25,213.85158759699283,214.38946224202752,212.55672164240056,213.0348358154297,40268800,0.0005612880787413399,209.79220962524414,204.5925387573242,3.254946613010046
2025-07-28,213.18425263148458,214.00101967144602,212.2180844005514,213.2041778564453,37858000,0.0007949030512659494,210.43814697265626,204.62680267333985,2.451818402712122
2025-07-29,213.33365491441555,213.96117031669576,209.9869466315705,210.43516540527344,51411700,-0.012987608774891357,210.74194259643554,204.62321685791017,1.9923283998117927
2025-07-30,211.06266703997414,211.5507362671114,206.89919168476044,208.22393798828125,45512500,-0.010507879767783224,210.80319900512694,204.57919189453125,1.887247143498976
2025-07-31,207.66616446381488,209.01082086651627,206.34141808889078,206.7498016357422,80698400,-0.007079571958830355,210.56066207885743,204.555087890625,2.0811197382689817
2025-08-01,210.03671752861544,212.73601533219744,200.70374904924734,201.5802764892578,104434500,-0.025003773186647038,210.00436935424804,204.4658416748047,2.829777604727107
2025-08-04,203.70186769022786,207.0585613783641,200.88304868853191,202.5464630126953,75109300,0.004793060810634353,209.6756736755371,204.4909423828125,3.2833174121906503
2025-08-05,202.59624780213056,204.52858421879685,201.36115745633876,202.11814880371094,44155100,-0.0021146466969286237,209.32257385253905,204.52201873779296,3.6935244574366295
2025-08-06,204.81744899810374,214.52892145014,204.77759854868273,212.40733337402344,108483100,0.05090678215297206,209.42765731811522,204.88019775390626,3.7523940406211063
2025-08-07,218.01508808955717,219.97730473834642,215.7241736307253,219.16053771972656,90224800,0.03179364967503995,209.80715103149413,205.27503112792968,4.321214106544442
2025-08-08,219.95737356583322,230.08718413442585,218.3836152444713,228.44371032714844,113854000,0.04235786562676558,210.71305618286132,205.8513446044922,6.006243235825979
2025-08-11,227.27701087414155,228.91238364576833,224.12592192869855,226.53909301757812,61806100,-0.00833735937331237,211.65022964477538,206.3989288330078,6.9198811461512735
2025-08-12,227.36674823663387,230.14888579943394,226.429412881848,229.0021209716797,55626200,0.010872419065924621,212.68615112304687,206.97784454345702,7.87434954101209
2025-08-13,230.4181341091737,234.33703985510917,229.77992501054072,232.6717529296875,69878500,0.01602444528652036,213.85326080322267,207.61322052001952,9.000049427227637
2025-08-14,233.39969406647393,234.4567012802976,230.19875827485632,232.12330627441406,51916300,-0.0023571690519698096,214.99992141723632,208.2063510131836,9.800026127016073
2025-08-15,233.33985018068216,233.6190590405621,228.69299310222902,230.9366455078125,56038700,-0.005112200001143763,216.02947845458985,208.78471282958984,10.351418809890605
2025-08-18,231.04634466466607,232.46233685580373,229.46083388892833,230.23863220214844,37476200,-0.003022531587090427,216.95939102172852,209.39274139404296,10.763551265481652
2025-08-19,230.62753117126795,232.2130419457167,228.70298322789472,229.90956115722656,39402600,-0.0014292607707683258,217.7772300720215,209.92864868164062,11.107018586463788
2025-08-20,229.33119207499826,229.81981519856654,225.13307755654054,225.3723907470703,42263900,-0.019734587754066668,218.3806610107422,210.423017578125,11.178794389561919
2025-08-21,225.63166356522294,225.88095827873425,223.14868274098328,224.26551818847656,30621200,-0.004911305040181113,218.94817047119142,210.87094482421875,11.174839657661554
2025-08-22,225.53193619713707,228.44369658121065,224.77408575714253,227.11744689941406,42477800,0.012716750813830835,219.6523010253906,211.4534033203125,11.226184945022187
2025-08-25,225.84106025439092,228.6531118971015,225.59176554347297,226.51914978027344,30983100,-0.0026343071715032584,220.31804962158202,212.0155291748047,11.218472162443675
2025-08-26,226.22996704217394,228.84258604761433,224.05612439304167,228.6630859375,54575100,0.009464701590599311,221.22944564819335,212.67531646728514,11.113253377139454
2025-08-27,227.96506627689797,230.24859923631865,227.6160475796746,229.8397674560547,31259500,0.005145918125483151,222.31023712158202,213.3193930053711,10.829335936848974
2025-08-28,230.16884905542523,232.75153884501827,228.69301327644948,231.9039306640625,38074700,0.008980879291928812,223.56794357299805,214.06013305664064,10.378345656496904
2025-08-29,231.85405874294378,232.7216147258446,230.71727541448905,231.485107421875,39418400,-0.0018060204541949787,225.0631851196289,214.7737710571289,9.121980817661779
2025-09-02,228.6032698757151,230.19876225122124,226.32970313085187,229.0719451904297,44075600,-0.01042469754672981,226.38945922851562,215.35109497070312,7.451200783993502
2025-09-03,236.5408165177042,238.17618932549604,233.69885053091846,237.79725646972656,66427800,0.038089829254487784,228.1734146118164,216.09296508789063,5.292889278185701
2025-09-04,237.7772812570227,239.22318747047024,236.07211403385233,239.10353088378906,47549400,0.005493227438596593,229.5082244873047,216.88486541748046,4.398221155731005
2025-09-05,239.3229322237051,240.63921565449175,237.8171975861315,239.01380920410156,54870400,-0.0003752419688486386,230.50088806152343,217.64987091064452,4.174588144175744
2025-09-08,238.62491556233425,239.47250850410185,235.6732593017711,237.20892333984375,48999500,-0.007551387387481734,230.93914871215821,218.38993438720703,4.401201070538352
2025-09-09,236.33140663047269,238.10638391026913,232.70167593051625,233.6888885498047,66313900,-0.01483938605882873,231.29663848876953,219.05800354003907,4.3145131252708575
2025-09-10,231.53496736029473,231.76431424305812,225.31256565050364,226.1501922607422,83440800,-0.03225954103271722,231.15404205322267,219.49382232666017,4.43965307990142
2025-09-11,226.23995033725743,229.7998710451417,226.010588238333,229.3810577392578,50208600,0.014286370691166894,230.98950729370117,219.94146728515625,4.441422622129402
2025-09-12,228.57335925244223,233.84842918261825,228.373926506362,233.40968322753906,55824200,0.01756302603182114,231.05382614135743,220.37765014648437,4.467941221387389
2025-09-15,236.33139853346725,237.5180438551372,234.36695488957946,236.03224182128906,42699500,0.01123586030144863,231.30860595703126,220.84417236328125,4.60411779474291
2025-09-16,236.51088466190768,240.53949594661788,235.65332541334,237.4781494140625,63421100,0.006125890181851501,231.67058181762695,221.4113278198242,4.796149798198774
2025-09-17,238.2958480596019,239.42266510979977,237.05934071942244,238.3157958984375,46508000,0.003527257082143187,232.0908935546875,221.99404083251954,4.997801843841022
2025-09-18,239.29302360434258,240.51954939992544,235.98238232851827,237.20892333984375,44249600,-0.004644562289381149,232.68272018432617,222.5321060180664,4.85924629119046
2025-09-19,240.5494606794321,245.60516498271895,239.53234916144805,244.8074188232422,163741300,0.032032924294809195,233.70981521606444,223.19684112548828,5.148805479310073
2025-09-22,247.5995237986898,255.9160073848096,247.42002368458668,255.35755920410156,105517400,0.04309567263758818,235.12182083129883,224.09748016357423,6.8402218416312826
2025-09-23,255.15815615601056,256.6140289111009,252.86464151383097,253.7122344970703,60275200,-0.006443219116596399,236.48147506713866,225.01581237792968,7.690076997231002
2025-09-24,254.49998437943248,255.01852163586054,250.33176892231356,251.5981903076172,42303700,-0.008332448743135101,237.62823028564452,225.88210235595704,8.158609661931095
2025-09-25,252.49566170312627,256.4444966190252,250.99989343760635,256.14532470703125,55202100,0.018073001216163398,238.94350814819336,226.81841766357422,8.921643806962093
2025-09-26,253.38315498635407,256.87328100426123,253.06405044687503,254.73931884765625,46076300,-0.0054890943685314,240.08527755737305,227.72940216064453,9.420576786932177
2025-09-29,253.8418726304012,254.28063380560434,252.29624220529692,253.7122344970703,40127700,-0.0040319034973952395,241.1966339111328,228.5967367553711,9.660627753241348
2025-09-30,254.1410137555297,255.1980209495745,252.39595068950493,253.9116668701172,37704300,0.0007860573749713939,242.4386199951172,229.44216247558595,9.616433962822384
2025-10-01,254.32049261064776,258.0599285933123,254.21080232618834,254.72933959960938,48713900,0.0032203038937570483,243.28522415161132,230.26569366455078,9.926638807112912
2025-10-02,255.85613542550084,257.45162766856953,253.43299812845933,256.40460205078125,42630200,0.006576637201686664,244.15027770996093,231.12771026611327,10.29023596177091
2025-10-03,253.9515436206674,258.5086431914624,253.23357360959045,257.2920837402344,49155600,0.0034612549164674267,245.06419143676757,232.0152453613281,10.616544084970414
2025-10-06,257.2621558739689,258.33912604890287,254.3304629034206,255.96583557128906,44664100,-0.005154640398047805,246.00203704833984,232.87386535644532,10.71412908264642
2025-10-07,256.0855101139428,256.6738420114173,254.70939836699205,255.75645446777344,31955800,-0.0008180041021814688,247.10541534423828,233.72491088867187,10.513762504353332
2025-10-08,255.79633660873378,257.7906945345413,255.38748958216482,257.3320007324219,36496900,0.006160338232429563,248.66450576782228,234.66284759521486,9.506483253702207
2025-10-09,257.08267167133846,257.27213808351553,252.42584836214985,253.32330322265625,38322000,-0.015577920734133444,249.8616180419922,235.56483489990234,8.392611798233014
2025-10-10,254.22079760361632,255.65673769030235,243.31165772832736,244.5780792236328,61999100,-0.034521987862036085,250.42003784179687,236.32140045166017,7.57174697554139
2025-10-13,248.67648318296307,248.98560621270488,244.86725241658198,246.96133422851562,38142900,0.009744352447480287,250.96649246215821,237.22902160644531,6.8375026076596175
2025-10-14,245.90431694508948,248.14796941642882,244.00966795095763,247.07101440429688,35478000,0.0004441188177246591,251.4461357116699,238.11951263427736,6.142670405345402
2025-10-15,248.78616738422895,251.10959602979932,246.77186176083558,248.63658142089844,33893600,0.006336506208048043,251.96217498779296,239.0498812866211,5.365962097857533
2025-10-16,247.54965348458146,248.33741809379524,244.43846029169785,246.7519073486328,39777000,-0.007580035333075941,252.43932418823243,239.7367727661133,4.30429689210064
2025-10-17,247.3203043073955,252.66518358811555,246.57242016484557,251.5782470703125,49147000,0.01955948293789933,252.77786560058593,240.385126953125,3.9217056675626942
2025-10-20,255.168106265739,263.63416054313814,254.90884523128253,261.50018310546875,90483000,0.039438767662544505,253.0849967956543,241.04625640869142,4.3513648413316135
2025-10-21,261.141213133835,264.5415968076956,261.0913359303388,262.0286865234375,46695900,0.002021044160246621,253.50081939697264,241.7560482788086,4.789743063994583
2025-10-22,261.9090191460537,262.1084670888602,254.70938662410154,257.72088623046875,45015300,-0.01644018580608131,253.80695419311525,242.33042358398438,4.856930642862353
2025-10-23,259.2066564378435,259.8847307097371,257.2821086816683,258.84765625,32754900,0.004372055505519334,253.94207077026368,242.85394165039062,4.961861391493364
2025-10-24,260.4531458541269,263.3848541030092,258.44880663072195,262.07855224609375,38253700,0.012481843733494369,254.30903244018555,243.4530465698242,5.284808465708419
2025-10-27,264.13273028939324,268.3607587413759,263.9033682058253,268.0516357421875,44888200,0.022791195406501652,255.0260025024414,244.19534637451173,6.108134637269076
2025-10-28,268.23110734142335,269.12859257872884,267.39348082722177,268.2410888671875,41534800,0.0007067784700340862,255.74247360229492,244.9553955078125,6.77459267830081
2025-10-29,268.5203194424725,270.6443152614699,266.35642794866993,268.93914794921875,51086700,0.0026023570250897077,256.4529640197754,245.73598724365235,7.380760386678145
2025-10-30,271.2226702585742,273.36662916750566,267.72259312931254,270.63433837890625,69886500,0.006303249053230431,257.16445083618163,246.64122619628907,8.032898224639686
2025-10-31,276.2085578376442,276.53764389728985,268.4006608909581,269.60723876953125,86167100,-0.0037951562818203666,257.7802085876465,247.54806060791014,8.501532843482153
2025-11-03,269.6571458353552,270.08592548154905,265.4988962118729,268.2909851074219,50194600,-0.004882115436205092,258.39646606445314,248.3715313720703,8.804407272972618
2025-11-04,267.5730004152706,270.72408938596277,266.86501191822913,269.2781982421875,49274800,0.0036796358788213634,259.07255325317385,249.2267123413086,9.105044054234265
2025-11-05,267.8521863717013,270.93349568379296,266.17693326929896,269.3778991699219,43683100,0.00037025250608935245,259.67484817504885,250.04100860595702,9.378166595846036
2025-11-06,267.1342708755924,272.6287059365568,267.1342708755924,269.0089416503906,51204000,-0.0013696651457605347,260.45913009643556,250.82439208984374,9.474429243660033
2025-11-07,269.03885049148494,271.5218466038475,266.0173996929098,267.7126159667969,48227400,-0.004818894404181151,261.61585693359376,251.54056579589843,8.823343206041107
2025-11-10,268.46119877683986,273.2223721938244,266.9639805623884,268.9303283691406,41312400,0.004548580566314353,262.714306640625,252.28947021484376,8.251924632888269
2025-11-11,269.3096487524697,275.3983427074405,269.2996575494418,274.73956298828125,46208300,0.021601262506795837,264.09773406982424,253.20282257080078,7.798136457509974
2025-11-12,274.49005224267427,275.2187095291286,271.19618380015726,272.962890625,48398000,-0.006466751071293797,265.3140495300293,253.90613525390626,7.128013695157498
2025-11-13,273.6016390736082,276.1868626363035,271.58539619817094,272.4438171386719,49602800,-0.001901626573266424,266.59864501953126,254.5729409790039,5.7976390743247865
2025-11-14,270.5473523374902,275.4482508823214,269.10005949599775,271.90484619140625,47431300,-0.001978282909578022,267.61497497558594,255.23076171875,4.704559057690489
2025-11-17,268.3214829895084,269.98836893107386,265.237217022597,266.9639892578125,45018300,-0.01817127205638569,267.88816528320314,255.82586303710937,4.484271263480319
2025-11-18,269.48928956232544,270.20795552947055,264.8279672087311,266.94403076171875,45677300,-7.47610048428271e-05,268.13393249511716,256.4909658813477,4.276096072073885
2025-11-19,265.0376012369211,271.70520656667077,265.0076580872151,268.0619812011719,40424500,0.004187958188325291,268.65098724365237,257.32920166015623,3.5066980041497597
2025-11-20,270.327749378444,274.91922505965954,265.42688147061517,265.7562561035156,45823600,-0.008601462569680418,268.9964172363281,258.05670562744143,2.74848684838946
2025-11-21,265.4568071090486,272.8230952896135,265.17732758833057,270.98651123046875,59030800,0.019680647235321702,269.4418151855469,258.8082421875,2.243885851523397
2025-11-24,270.397645153795,276.48633959077114,270.397645153795,275.4083557128906,65585800,0.016317581500066458,269.80965118408204,259.595764465332,2.5815783740103866
2025-11-25,274.75950033189645,279.8600396675645,274.7395483878858,276.45635986328125,46914200,0.0038052736187974556,270.22041473388674,260.3753286743164,2.9466323844187934
2025-11-26,276.4464065684995,279.0116481613461,276.11703191175064,277.0353088378906,33431400,0.002094178534708613,270.62522277832034,261.1497189331055,3.296680561666627
2025-11-28,276.7458380127342,278.4826014787427,275.4781737009374,278.3328857421875,20135600,0.0046837961187689015,271.01015014648436,261.97219818115235,3.7200633517731405
2025-12-01,277.4944549964911,282.89442609469603,275.62792768573877,282.57501220703125,46587700,0.01524119743713337,271.6585388183594,262.7275500488281,4.509103494945637
2025-12-02,282.47518456741903,286.86701880065203,282.10587559562896,285.6592712402344,53669500,0.010914832876105063,272.526953125,263.3335842895508,5.409083463698263
2025-12-03,285.6692634925469,288.0847586222564,282.77461708045536,283.623046875,43538700,-0.007128157809805358,273.24419555664065,263.9318005371094,5.88569026731743
2025-12-04,283.5731318378766,284.20196835267484,278.07334059490756,280.179443359375,43989100,-0.012141479874668626,273.7842727661133,264.50342559814453,6.006581456267056
2025-12-05,280.01974631085085,280.6186397013617,277.53434330937836,278.26300048828125,47265800,-0.006840055245008081,274.2469757080078,264.9457791137695,5.975717219761059
2025-12-08,277.6142094762677,279.15136205700173,275.6378704438954,277.3746643066406,38211800,-0.003192433705098474,274.730078125,265.3984860229492,5.807851080793531
2025-12-09,277.6441787437343,279.5107061083118,276.4064879695729,276.6659851074219,32193300,-0.0025549528865235205,275.1168609619141,265.85756103515627,5.656901554329773
2025-12-10,277.23491184461454,279.2312028389952,275.92734368017386,278.26300048828125,33038300,0.005772358970110858,275.29303283691405,266.3445877075195,5.69923946117207
2025-12-11,278.5824273392719,279.07150890817053,273.3022288840155,277.514404296875,33248000,-0.002690246960942222,275.52060852050784,266.8002890014648,5.692166329263223
2025-12-12,277.38461586894516,278.70217518025987,276.30663218031253,277.763916015625,39532900,0.0008990946591842519,275.78661346435547,267.2274752807617,5.665059128168428
2025-12-15,279.63046152672615,279.63046152672615,272.33402020742307,273.6016540527344,50409100,-0.014984890847580368,275.8714538574219,267.55366668701174,5.616362262506444
2025-12-16,272.3140798989353,274.9891026980292,271.2859911871425,274.1007385253906,37648600,0.0018241281266524467,276.2282913208008,267.91636474609373,5.234364305136267
2025-12-17,274.50001118897205,275.6478724530811,271.13626563598973,271.33587646484375,50138700,-0.010087028861802017,276.44788360595703,268.22795318603517,4.906207869191793
2025-12-18,273.1025913325419,273.12257373871984,266.4549687260805,271.68524169921875,51630700,0.001287574790797219,276.62904663085936,268.5150180053711,4.639927605016416
2025-12-19,271.6453053723066,274.09077415448866,269.399477884542,273.1625061035156,144632000,0.005437411303821804,276.9993591308594,268.9118020629883,3.974301248343919
2025-12-22,272.3539780142796,273.37210596231955,270.00836035897595,270.4674987792969,36571800,-0.009865948891234266,276.9734085083008,269.4295904541016,4.017093273041768
2025-12-23,270.3377490962612,271.99467443806464,269.06012395403746,271.85491943359375,29642000,0.005129713035979311,276.7957366943359,269.9274621582031,4.165787494946203
2025-12-24,271.8349404799371,274.9192064044749,271.69521595033444,273.3022155761719,17910600,0.005323781322749355,276.63802947998045,270.45208618164065,4.238383539116114
2025-12-26,273.65160578690546,274.8593534534055,272.35399820928086,272.89300537109375,21521800,-0.0014972809650131147,276.4309143066406,270.93721466064454,4.318402764276617
2025-12-29,272.1843267483383,273.8512128461511,271.8449608988494,273.2523498535156,23715200,0.0013167962364342145,276.17688751220703,271.4672235107422,4.349946343594999
2025-12-30,272.30405905646904,273.57169281796894,271.77504318392386,272.57354736328125,22139600,-0.0024841597541549465,275.6768142700195,271.8871295166016,4.145798293505653
2025-12-31,272.553621806917,273.17246717497864,271.24605357156486,271.3558349609375,27293600,-0.004467463604312272,274.9616424560547,272.08424255371096,3.5195486169601544
