Date,Open,High,Low,Close,Volume,Lag_1,Lag_2,Lag_3,Lag_5,Lag_10,MA10,MA20,MA50,STD20
2018-01-02,39.776189634537445,40.27643070005527,39.565805677893536,40.2670783996582,102223600,,,,,,,,,
2018-01-03,40.33019115208112,40.80238241744237,40.19695119893329,40.26006317138672,118071600,40.2670783996582,,,,,,,,
2018-01-04,40.3325285848356,40.54992497445396,40.22500210267125,40.44707107543945,89738400,40.26006317138672,40.2670783996582,,,,,,,
2018-01-05,40.54290869011677,40.9940590344742,40.451743391332485,40.907569885253906,94640000,40.44707107543945,40.26006317138672,40.2670783996582,,,,,,
2018-01-08,40.75562286376953,41.05015603918301,40.65744157177521,40.75562286376953,82271200,40.907569885253906,40.44707107543945,40.26006317138672,,,,,,
2018-01-09,40.80237298108045,40.92158802389,40.53588956955712,40.750946044921875,86336000,40.75562286376953,40.907569885253906,40.44707107543945,40.2670783996582,,,,,
2018-01-10,40.47744886221662,40.74393226497454,40.4400468068122,40.74159240722656,95839600,40.750946044921875,40.75562286376953,40.907569885253906,40.26006317138672,,,,,
2018-01-11,40.8117253834916,41.02210929584681,40.788351771134415,40.973018646240234,74670800,40.74159240722656,40.750946044921875,40.75562286376953,40.44707107543945,,,,,
2018-01-12,41.18340935111223,41.459245154422774,41.0595181171993,41.3961296081543,101672400,40.973018646240234,40.74159240722656,40.750946044921875,40.907569885253906,,,,,
2018-01-16,41.5854802262497,41.93378037295478,41.17406808868144,41.18575668334961,118263600,41.3961296081543,40.973018646240234,40.74159240722656,40.75562286376953,,40.768484878540036,,,
2018-01-17,41.176390621417674,41.901040446396664,40.92393560860837,41.8659782409668,137547200,41.18575668334961,41.3961296081543,40.973018646240234,40.750946044921875,40.2670783996582,40.9283748626709,,,
2018-01-18,41.9290910063812,42.099736587663685,41.66728368925117,41.903377532958984,124773600,41.8659782409668,41.18575668334961,41.3961296081543,40.74159240722656,40.26006317138672,41.092706298828126,,,
2018-01-19,41.75144328474837,41.97818843235449,41.4709348901725,41.71638107299805,129700400,41.903377532958984,41.8659782409668,41.18575668334961,40.973018646240234,40.44707107543945,41.21963729858398,,,
2018-01-22,41.44520807643533,41.557410684789765,41.281578529489984,41.37508010864258,108434400,41.71638107299805,41.903377532958984,41.8659782409668,41.3961296081543,40.907569885253906,41.26638832092285,,,
2018-01-23,41.44520916986427,41.94545012192714,41.33300655854965,41.384429931640625,130756400,41.37508010864258,41.71638107299805,41.903377532958984,41.18575668334961,40.75562286376953,41.32926902770996,,,
2018-01-24,41.4335355022149,41.445224095841,40.48681648822852,40.725250244140625,204420400,41.384429931640625,41.37508010864258,41.71638107299805,41.8659782409668,40.750946044921875,41.32669944763184,,,
2018-01-25,40.79304264101837,40.89589656869833,39.862688274304936,39.998268127441406,166116000,40.725250244140625,41.384429931640625,41.37508010864258,41.903377532958984,40.74159240722656,41.25236701965332,,,
2018-01-26,40.206289742269604,40.206289742269604,39.75279962447954,40.09174728393555,156572000,39.998268127441406,40.725250244140625,41.384429931640625,41.71638107299805,40.973018646240234,41.16423988342285,,,
2018-01-29,39.77619070677116,39.77619070677116,39.05388063992829,39.261924743652344,202561600,40.09174728393555,39.998268127441406,40.725250244140625,41.37508010864258,41.3961296081543,40.950819396972655,,,
2018-01-30,38.6938832793173,39.12399627428952,38.499864103281,39.030494689941406,184192800,39.261924743652344,40.09174728393555,39.998268127441406,41.384429931640625,41.18575668334961,40.73529319763183,40.751889038085935,,0.7853884247696177
2018-01-31,39.00711212032881,39.37411310023853,38.92062298841524,39.13801574707031,129915600,39.030494689941406,39.261924743652344,40.09174728393555,40.725250244140625,41.8659782409668,40.46249694824219,40.69543590545654,,0.8591817128471226
2018-02-01,39.07723735439629,39.41618498573111,38.98139593191671,39.21982955932617,188923200,39.13801574707031,39.030494689941406,39.261924743652344,39.998268127441406,41.903377532958984,40.1941421508789,40.64342422485352,,0.9164988147381765
2018-02-02,38.8037598511883,38.990766636131845,37.42459150008796,37.51809310913086,346375200,39.21982955932617,39.13801574707031,39.030494689941406,40.09174728393555,41.71638107299805,39.774313354492186,40.496975326538085,,1.1530195118214046
2018-02-05,37.190826320809336,38.30818708507509,36.46617651460954,36.580718994140625,290954000,37.51809310913086,39.21982955932617,39.13801574707031,39.261924743652344,41.37508010864258,39.294877243041995,40.28063278198242,,1.4417098718257457
2018-02-06,36.19268567354218,38.270790367350905,35.99866645876102,38.1094970703125,272975200,36.580718994140625,37.51809310913086,39.21982955932617,39.030494689941406,41.384429931640625,38.96738395690918,40.14832649230957,,1.5153623042696804
2018-02-07,38.12352610597919,38.19599039124016,37.183823122658545,37.29368591308594,206434400,38.1094970703125,36.580718994140625,37.51809310913086,39.13801574707031,40.725250244140625,38.62422752380371,39.975463485717775,,1.635435327225869
2018-02-08,37.46898854974237,37.63495794612659,36.23942536923537,36.26747512817383,217562000,37.29368591308594,38.1094970703125,36.580718994140625,39.21982955932617,39.998268127441406,38.25114822387695,39.75175762176514,,1.8206370103432814
2018-02-09,36.86601145387924,37.05847236599864,35.262936939379905,36.71110153198242,282690400,36.26747512817383,37.29368591308594,38.1094970703125,37.51809310913086,40.09174728393555,37.91308364868164,39.53866176605224,,1.9170368779528544
2018-02-12,37.201625228363696,38.46671505344137,36.969260475488554,38.18975830078125,243278000,36.71110153198242,36.26747512817383,37.29368591308594,36.580718994140625,39.261924743652344,37.80586700439453,39.378343200683595,,1.8873664520664617
2018-02-13,38.01139496551214,38.66858560404621,37.94098104327619,38.57235336303711,130196800,38.18975830078125,36.71110153198242,36.26747512817383,38.1094970703125,39.030494689941406,37.760052871704104,39.24767303466797,,1.8456531098868987
2018-02-14,38.26722221611662,39.32342012499602,38.22967123455398,39.28351974487305,162579600,38.57235336303711,38.18975830078125,36.71110153198242,37.29368591308594,39.13801574707031,37.774603271484374,39.11855010986328,,1.7401539689556074
2018-02-15,39.85152308844231,40.62606901581881,39.666103234935505,40.60260009765625,204588800,39.28351974487305,38.57235336303711,38.18975830078125,36.26747512817383,39.21982955932617,37.91288032531738,39.053511238098146,,1.6527030549789758
2018-02-16,40.45472919022899,41.03211898521176,40.316250761428385,40.47115707397461,160704400,40.60260009765625,39.28351974487305,38.57235336303711,36.71110153198242,37.51809310913086,38.20818672180176,38.99125003814697,,1.568412458989744
2018-02-20,40.381967200086905,40.900675720101226,40.234098347646515,40.335025787353516,135722000,40.47115707397461,40.60260009765625,39.28351974487305,38.18975830078125,36.580718994140625,38.58361740112305,38.93924732208252,,1.5010073284011605
2018-02-21,40.56505183441155,40.86782706998189,40.13787662950637,40.15196228027344,149886400,40.335025787353516,40.47115707397461,40.60260009765625,38.57235336303711,38.1094970703125,38.78786392211914,38.87762393951416,,1.418361689238997
2018-02-22,40.3232788393338,40.827905159769244,40.30215574641867,40.48757553100586,123967600,40.15196228027344,40.335025787353516,40.47115707397461,39.28351974487305,37.29368591308594,39.10725288391113,38.86574020385742,,1.402978869377075
2018-02-23,40.7622019110345,41.22692803805628,40.73168837767528,41.19172286987305,135249600,40.48757553100586,40.15196228027344,40.335025787353516,40.60260009765625,36.26747512817383,39.599677658081056,38.925412940979,,1.4771060540666918
2018-02-26,41.3912125284881,42.10473112126682,41.358353190295645,42.00615310668945,152648800,41.19172286987305,40.48757553100586,40.15196228027344,40.47115707397461,36.71110153198242,40.12918281555176,39.021133232116696,,1.612490396390839
2018-02-27,42.03667557380085,42.36057381022389,41.81604700695905,41.87002944946289,155712400,42.00615310668945,41.19172286987305,40.48757553100586,40.335025787353516,38.18975830078125,40.49720993041992,39.15153846740723,,1.733880632204736
2018-02-28,42.074225856264114,42.39343245337469,41.79022800216865,41.80665588378906,151128400,41.87002944946289,42.00615310668945,41.19172286987305,40.15196228027344,38.57235336303711,40.82064018249512,39.29034652709961,,1.8320270946910258
2018-03-01,41.9052378328404,42.19628032785042,40.525141647587134,41.074363708496094,195208000,41.80665588378906,41.87002944946289,42.00615310668945,40.48757553100586,39.28351974487305,40.999724578857425,39.387163925170896,,1.874232231630164
2018-03-02,40.557999950612896,41.37948720362311,40.475849792751795,41.35836410522461,153816000,41.074363708496094,41.80665588378906,41.87002944946289,41.19172286987305,40.60260009765625,41.075300979614255,39.49409065246582,,1.9245114973224173
2018-03-05,41.12364926720145,41.71746684872899,40.961698366530335,41.50153350830078,113605600,41.35836410522461,41.074363708496094,41.80665588378906,42.00615310668945,40.47115707397461,41.178338623046876,39.69326267242432,,1.9153537013013546
2018-03-06,41.75737398689694,41.83717475100933,41.33958930254335,41.466331481933594,95154000,41.50153350830078,41.35836410522461,41.074363708496094,41.87002944946289,40.335025787353516,41.291469192504884,39.93754329681396,,1.8059171835892245
2018-03-07,41.06027110203652,41.27385859802717,40.90301543683224,41.08139419555664,126814000,41.466331481933594,41.50153350830078,41.35836410522461,41.80665588378906,40.15196228027344,41.384412384033205,40.08613815307617,,1.7694845198211977
2018-03-08,41.18701077288144,41.571935973323356,41.09078215882034,41.52968978881836,95096400,41.08139419555664,41.466331481933594,41.50153350830078,41.074363708496094,40.48757553100586,41.488623809814456,40.29793834686279,,1.6682688667332364
2018-03-09,41.76910835419292,42.24791649869535,41.63532156620826,42.243221282958984,128740800,41.52968978881836,41.08139419555664,41.466331481933594,41.35836410522461,41.19172286987305,41.593773651123044,40.596725654602054,,1.4259496200862303
2018-03-12,42.31597330142616,42.80886700334209,42.29719960470139,42.651611328125,128828400,42.243221282958984,41.52968978881836,41.08139419555664,41.50153350830078,42.00615310668945,41.6583194732666,40.89375114440918,,1.169644829998901
2018-03-13,42.85580825010609,43.06939575890961,42.069529876916704,42.240867614746094,126774000,42.651611328125,42.243221282958984,41.52968978881836,41.466331481933594,41.87002944946289,41.695403289794925,41.09630661010742,,1.0176309612112031
2018-03-14,42.32301671345703,42.36995811673612,41.73389082089603,41.88175964355469,117473600,42.240867614746094,42.651611328125,42.243221282958984,41.08139419555664,41.80665588378906,41.70291366577148,41.2617769241333,40.357476959228514,0.8390116575620453
2018-03-15,41.89584799922378,42.30424579003283,41.79492414608478,41.931053161621094,90975200,41.88175964355469,42.240867614746094,42.651611328125,41.52968978881836,41.074363708496094,41.78858261108398,41.3941535949707,40.39075645446778,0.7092927620675271
2018-03-16,41.931056957763644,42.0413712517957,41.68930527034882,41.7831916809082,157618800,41.931053161621094,41.88175964355469,42.240867614746094,42.243221282958984,41.35836410522461,41.83106536865235,41.4531831741333,40.4212190246582,0.6887797025015017
2018-03-19,41.618891880252036,41.65409704324905,40.75985008912387,41.144775390625,133787200,41.7831916809082,41.931053161621094,41.88175964355469,42.651611328125,41.50153350830078,41.795389556884764,41.48686408996582,40.43517311096191,0.6538140774954103
2018-03-20,41.13069152832031,41.49683953309172,41.06027762400275,41.13069152832031,78597600,41.144775390625,41.7831916809082,41.931053161621094,42.240867614746094,41.466331481933594,41.76182556152344,41.52664737701416,40.43963554382324,0.6022089745013414
2018-03-21,41.083743285691064,41.09547953238162,40.196537473159985,40.19888687133789,148219600,41.13069152832031,41.144775390625,41.7831916809082,41.88175964355469,41.08139419555664,41.67357482910156,41.52899360656738,40.42850082397461,0.5966368938871806
2018-03-22,39.90081719691221,40.52984012541462,39.57222366432153,39.63090133666992,165963200,40.19888687133789,41.13069152832031,41.144775390625,41.931053161621094,41.52968978881836,41.48369598388672,41.48615989685059,40.40609992980957,0.6975537784578535
2018-03-23,39.52291999681884,39.88202694835137,38.71316909790039,38.71316909790039,164115200,39.63090133666992,40.19888687133789,41.13069152832031,41.7831916809082,42.243221282958984,41.13069076538086,41.36223220825195,40.36553146362305,0.9330388261553848
2018-03-26,39.44781747650699,40.628411664082556,39.06523800187792,40.55095672607422,150164800,38.71316909790039,39.63090133666992,40.19888687133789,41.144775390625,42.651611328125,40.92062530517578,41.28947238922119,40.35709022521973,0.9369132277516813
2018-03-27,40.764546408113944,41.109571370737015,39.17790360863543,39.511192321777344,163690400,40.55095672607422,38.71316909790039,39.63090133666992,41.13069152832031,42.240867614746094,40.647657775878905,41.17153053283691,40.31939147949219,1.005912766928094
2018-03-28,39.25535512087376,39.90550460608626,38.77185176834323,39.07462692260742,166674000,39.511192321777344,40.55095672607422,38.71316909790039,40.19888687133789,41.88175964355469,40.36694450378418,41.03492908477783,40.277168884277344,1.0965441125752284
2018-03-29,39.38679033049858,40.31155078767656,39.17320279721128,39.3797492980957,153594000,39.07462692260742,39.511192321777344,40.55095672607422,39.63090133666992,41.931053161621094,40.11181411743164,40.950198364257815,40.22744430541992,1.1571346180690212
2018-04-02,39.11217610913106,39.65201123119887,38.60285451256873,39.12156295776367,150347200,39.3797492980957,39.07462692260742,39.511192321777344,38.71316909790039,41.7831916809082,39.84565124511719,40.838358306884764,40.171808013916014,1.2218922807950066
2018-04-03,39.34687815170326,39.607407016668866,38.69907829513425,39.522911071777344,121112000,39.12156295776367,39.3797492980957,39.07462692260742,40.55095672607422,41.144775390625,39.68346481323242,40.739427185058595,40.1279386138916,1.2452488002239597
2018-04-04,38.69908517590817,40.37256933160999,38.6732668664508,40.2786865234375,138422000,39.522911071777344,39.12156295776367,39.3797492980957,39.511192321777344,41.13069152832031,39.59826431274414,40.680044937133786,40.1060107421875,1.2370511198178367
2018-04-05,40.50635822090288,40.89362930170126,40.38900291382461,40.5579948425293,107732800,40.2786865234375,39.522911071777344,39.12156295776367,39.07462692260742,40.19888687133789,39.63417510986328,40.65387496948242,40.08948204040527,1.2336452540087437
2018-04-06,40.128472267405044,40.482883990273784,39.47832289128992,39.520572662353516,140021200,40.5579948425293,40.2786865234375,39.522911071777344,39.3797492980957,39.63090133666992,39.62314224243164,40.55341911315918,40.06538848876953,1.240357049236233
2018-04-09,39.87264768313758,40.62606688890287,39.865606649917375,39.91254806518555,116070800,39.520572662353516,40.5579948425293,40.2786865234375,39.12156295776367,38.71316909790039,39.743080139160156,40.43688545227051,40.06367408752441,1.1813219407640156
2018-04-10,40.60493471440127,40.839645319686824,40.259909838119526,40.663612365722656,113634400,39.91254806518555,39.520572662353516,40.5579948425293,39.522911071777344,40.55095672607422,39.754345703125,40.33748550415039,40.075111389160156,1.062858519605386
2018-04-11,40.42421230284707,40.82087385529702,40.29981595084088,40.47350311279297,89726400,40.663612365722656,39.91254806518555,39.520572662353516,40.2786865234375,39.511192321777344,39.85057678222656,40.24911727905273,40.09934295654297,0.9652693893973815
2018-04-12,40.70117124541933,41.07436028792793,40.61432587688714,40.87250900268555,91557200,40.47350311279297,40.663612365722656,39.91254806518555,40.5579948425293,39.07462692260742,40.030364990234375,40.19865474700928,40.13618324279785,0.8995707074390937
2018-04-13,41.02271875981588,41.271511425086416,40.8044396188746,41.010982513427734,100497200,40.87250900268555,40.47350311279297,40.663612365722656,39.520572662353516,39.3797492980957,40.19348831176758,40.15265121459961,40.173642578125,0.8269050518023443
2018-04-16,41.08139942006313,41.353664598056646,41.0344580124711,41.266822814941406,86313600,41.010982513427734,40.87250900268555,40.47350311279297,39.91254806518555,39.12156295776367,40.40801429748535,40.12683277130127,40.214582443237305,0.7800489738903343
2018-04-17,41.42407245506441,41.99911267229984,41.40529517848783,41.834815979003906,106421600,41.266822814941406,41.010982513427734,40.87250900268555,40.663612365722656,39.522911071777344,40.639204788208005,40.16133480072021,40.30091690063477,0.8403709485621557
2018-04-18,41.7339028752358,41.970962939576346,41.51562367531091,41.740943908691406,83018000,41.834815979003906,41.266822814941406,41.010982513427734,40.47350311279297,40.2786865234375,40.7854305267334,40.19184741973877,40.40412139892578,0.8871935456913798
2018-04-19,40.78331502653571,41.16589447365878,40.525135499803376,40.5579948425293,139235200,41.740943908691406,41.834815979003906,41.266822814941406,40.87250900268555,40.5579948425293,40.7854305267334,40.20980281829834,40.453091354370116,0.8909693661637088
2018-04-20,40.04162516124711,40.187144570368126,38.828168347966916,38.896236419677734,261964400,40.5579948425293,41.740943908691406,41.834815979003906,41.010982513427734,39.520572662353516,40.72299690246582,40.17306957244873,40.485142364501954,0.9303662252474239
2018-04-23,39.15676207117359,39.17788516145341,38.51365386526357,38.783573150634766,146062000,38.896236419677734,40.5579948425293,41.740943908691406,41.266822814941406,39.91254806518555,40.610099411010744,40.176589775085446,40.53546432495117,0.9246674515355843
2018-04-24,38.88450667946601,39.03941654299841,37.84004517183039,38.24374771118164,134768000,38.783573150634766,38.896236419677734,40.5579948425293,41.834815979003906,40.663612365722656,40.36811294555664,40.06122932434082,40.56611724853516,1.015012449515049
2018-04-25,38.16864489208386,38.82583543069064,38.119357660993536,38.410396575927734,113528400,38.24374771118164,38.783573150634766,38.896236419677734,41.740943908691406,40.47350311279297,40.16180229187012,40.00618953704834,40.570530014038084,1.074510308933437
2018-04-26,38.520701702278025,38.89858590345385,38.344668756042076,38.54417419433594,111852000,38.410396575927734,38.24374771118164,38.783573150634766,40.5579948425293,40.87250900268555,39.928968811035155,39.97966690063477,40.56996643066406,1.1048335580514599
2018-04-27,38.49254441988215,38.56999935976334,37.70157072022894,38.09823226928711,142623200,38.54417419433594,38.410396575927734,38.24374771118164,38.896236419677734,41.010982513427734,39.63769378662109,39.91559104919433,40.54626068115235,1.1763070552497883
2018-04-30,38.05363485006051,39.257697923260864,37.98556676309641,38.78827667236328,169709600,38.09823226928711,38.54417419433594,38.410396575927734,38.783573150634766,41.266822814941406,39.38983917236328,39.898926734924316,40.50997421264648,1.1904238648747925
2018-05-01,39.05819166644517,39.71303266229741,38.790621726653995,39.6895637512207,214277600,38.78827667236328,38.09823226928711,38.54417419433594,38.24374771118164,41.834815979003906,39.17531394958496,39.90725936889648,40.49434234619141,1.1882345818247484
2018-05-02,41.12835602572174,41.71982800786609,40.79272143508263,41.44287109375,266157600,39.6895637512207,38.78827667236328,38.09823226928711,38.410396575927734,41.740943908691406,39.14550666809082,39.96546859741211,40.516499252319335,1.234983612934747
2018-05-03,41.28090316830111,41.66113320985868,40.94291931740563,41.51795959472656,136272800,41.44287109375,39.6895637512207,38.78827667236328,38.54417419433594,40.5579948425293,39.241503143310545,40.01346683502197,40.5438191986084,1.27715906542291
2018-05-04,41.83717238903761,43.245436256270295,41.818395107706486,43.14685821533203,224805200,41.51795959472656,41.44287109375,39.6895637512207,38.09823226928711,38.896236419677734,39.666565322875975,40.194781112670896,40.59700485229492,1.4493060012624213
2018-05-07,43.46371415611706,44.04814493310454,43.36279030101084,43.459022521972656,169805600,43.14685821533203,41.51795959472656,41.44287109375,38.78827667236328,38.783573150634766,40.13411026000976,40.37210483551026,40.642350845336914,1.6198767375472096
2018-05-08,43.41911505261652,43.70780808695571,43.10929534247727,43.66790771484375,113611200,43.459022521972656,43.14685821533203,41.51795959472656,39.6895637512207,38.24374771118164,40.67652626037598,40.522319602966306,40.6755859375,1.7797407070768243
2018-05-09,43.7852611249509,43.98476297690126,43.473095611593955,43.97537612915039,92844800,43.66790771484375,43.459022521972656,43.14685821533203,41.44287109375,38.410396575927734,41.233024215698244,40.69741325378418,40.71769287109375,1.939752063596013
2018-05-10,44.06456535393887,44.68185174084153,44.04343867998312,44.60439682006836,111957200,43.97537612915039,43.66790771484375,43.459022521972656,41.51795959472656,38.54417419433594,41.839046478271484,40.88400764465332,40.773647689819335,2.1278558027436847
2018-05-11,44.64682115330001,44.7811202353957,44.16616310265883,44.43476486206055,104848800,44.60439682006836,43.97537612915039,43.66790771484375,43.14685821533203,38.09823226928711,42.47269973754883,41.05519676208496,40.84085571289062,2.271485439661132
2018-05-14,44.53372248173257,44.656243653269094,44.26276586287573,44.331092834472656,83115200,44.43476486206055,44.60439682006836,43.97537612915039,43.459022521972656,38.78827667236328,43.026981353759766,41.20841026306152,40.900310287475584,2.386921579450308
2018-05-15,44.008285328036614,44.07661587132766,43.61245281112909,43.92817687988281,94780800,44.331092834472656,44.43476486206055,44.60439682006836,43.66790771484375,39.6895637512207,43.450842666625974,41.31307830810547,40.94884315490722,2.46059616480073
2018-05-16,43.841004468520254,44.40412571212167,43.824509647791004,44.33815002441406,76732400,43.92817687988281,44.331092834472656,44.43476486206055,43.97537612915039,41.44287109375,43.74037055969238,41.4429386138916,41.00627952575684,2.5512314072627866
2018-05-17,44.29574027728579,44.510151372329275,43.90933077186677,44.057769775390625,69176000,44.33815002441406,43.92817687988281,44.331092834472656,44.60439682006836,41.51795959472656,43.99435157775879,41.617927360534665,41.065807037353515,2.6067589018016033
2018-05-18,44.10490308433846,44.25098366663279,43.85515101968935,43.897560119628906,73190800,44.057769775390625,44.33815002441406,43.92817687988281,44.43476486206055,43.14685821533203,44.06942176818848,41.86799354553223,41.11316444396973,2.571576512892269
2018-05-21,44.2957413967529,44.594974273485356,44.038921205760296,44.20856475830078,73603200,43.897560119628906,44.057769775390625,44.33815002441406,44.331092834472656,43.459022521972656,44.14437599182129,42.13924312591553,41.15247131347656,2.5145911795374456
2018-05-22,44.385279304995024,44.50308713532342,44.00829280986027,44.09782791137695,60962800,44.20856475830078,43.897560119628906,44.057769775390625,43.92817687988281,43.66790771484375,44.18736801147461,42.43194713592529,41.1813956451416,2.3740689509125676
2018-05-23,43.906994559275475,44.41356696187028,43.767978540403256,44.38058090209961,80233600,44.09782791137695,44.20856475830078,43.897560119628906,44.33815002441406,43.97537612915039,44.22788848876953,42.73045635223389,41.22418991088867,2.2115725994924396
2018-05-24,44.47717701426208,44.49366824387088,43.874001393175,44.331092834472656,92936000,44.38058090209961,44.09782791137695,44.20856475830078,44.057769775390625,44.60439682006836,44.20055809020996,43.019802284240725,41.27317657470703,2.0038472387549358
2018-05-25,44.34994425694681,44.68451813500634,44.21328671319679,44.432411193847656,69844000,44.331092834472656,44.38058090209961,44.09782791137695,43.897560119628906,44.43476486206055,44.20032272338867,43.33651123046875,41.32320373535156,1.655297600147741
2018-05-29,44.201500640550265,44.472457219965484,44.02949861480413,44.27218246459961,90056400,44.432411193847656,44.331092834472656,44.38058090209961,44.20856475830078,44.331092834472656,44.194431686401366,43.61070652008057,41.37298355102539,1.2720802416343011
2018-05-30,44.229779925474894,44.295752034505206,44.00830059006872,44.17794418334961,74762000,44.27218246459961,44.432411193847656,44.331092834472656,44.09782791137695,43.92817687988281,44.219408416748045,43.83512554168701,41.43364692687988,0.8791351817985693
2018-05-31,44.11197362013253,44.34994419353032,43.85750822129398,44.02950668334961,109931200,44.17794418334961,44.27218246459961,44.432411193847656,44.38058090209961,44.33815002441406,44.1885440826416,43.96445732116699,41.49162322998047,0.675319152250657
2018-06-01,44.293396778992886,44.828241829945235,44.23684771666393,44.82353210449219,93770000,44.02950668334961,44.17794418334961,44.27218246459961,44.331092834472656,44.057769775390625,44.265120315551755,44.12973594665527,41.58411613464355,0.3887484010821948
2018-06-04,45.153383085968876,45.57277865594449,45.085056129264544,45.198150634765625,105064800,44.82353210449219,44.02950668334961,44.17794418334961,44.432411193847656,43.897560119628906,44.39517936706543,44.23230056762695,41.69546112060547,0.386376714801331
2018-06-05,45.49032190729074,45.69530640222667,45.32303318949462,45.54686737060547,86264000,45.198150634765625,44.82353210449219,44.02950668334961,44.27218246459961,44.20856475830078,44.529009628295896,44.336692810058594,41.83213508605957,0.4441801724926681
2018-06-06,45.622271460181125,45.72829781152777,45.219367010811325,45.704734802246094,83734400,45.54686737060547,45.198150634765625,44.82353210449219,44.17794418334961,44.09782791137695,44.689700317382815,44.43853416442871,41.935210647583006,0.5112140681844723
2018-06-07,45.742423647629074,45.75656001185925,45.318314744675604,45.58220672607422,85388800,45.704734802246094,45.54686737060547,45.198150634765625,44.02950668334961,44.38058090209961,44.80986289978027,44.518875694274904,42.05663093566895,0.5586559519786364
2018-06-08,45.04265402342088,45.23821549056052,44.71279347355301,45.16753005981445,106627200,45.58220672607422,45.704734802246094,45.54686737060547,44.82353210449219,44.331092834472656,44.893506622314455,44.54703235626221,42.17848899841309,0.5770804765383627
2018-06-11,45.08505809281272,45.23113865191412,44.816456383543546,45.05678176879883,73234000,45.16753005981445,45.58220672607422,45.704734802246094,45.198150634765625,44.432411193847656,44.95594367980957,44.57813320159912,42.29202964782715,0.5873809341092837
2018-06-12,45.09449373664577,45.38194521050095,45.03794466802796,45.30419158935547,67644400,45.05678176879883,45.16753005981445,45.58220672607422,45.54686737060547,44.27218246459961,45.05914459228516,44.62678813934326,42.41568222045898,0.6058528852804553
2018-06-13,45.337174592969205,45.44555940171566,44.870656492735385,44.931915283203125,86553600,45.30419158935547,45.05678176879883,45.16753005981445,45.704734802246094,44.17794418334961,45.13454170227051,44.676975059509275,42.5238623046875,0.5861905113532235
2018-06-14,45.132186622912144,45.13689994342156,44.81881732042377,44.955474853515625,86440400,44.931915283203125,45.30419158935547,45.05678176879883,45.58220672607422,44.02950668334961,45.22713851928711,44.707841300964354,42.61739807128906,0.5836578048477205
2018-06-15,44.7740470200036,44.8046782086226,44.357006263123864,44.4936637878418,246876800,44.955474853515625,44.931915283203125,45.30419158935547,45.16753005981445,44.82353210449219,45.19415168762207,44.72963600158691,42.69611145019531,0.5659761511292534
2018-06-18,44.267482185920976,44.583206384745495,44.10726162839729,44.47011184692383,73939600,44.4936637878418,44.955474853515625,44.931915283203125,45.05678176879883,45.198150634765625,45.12134780883789,44.75826358795166,42.795102233886716,0.5353239456426822
2018-06-19,43.62188314112478,43.90226635171033,43.2236921005594,43.75147247314453,134314000,44.47011184692383,44.4936637878418,44.955474853515625,45.30419158935547,45.54686737060547,44.9418083190918,44.73540897369385,42.8718807220459,0.568741717647878
2018-06-20,43.90698467710195,44.10725585377342,43.76090050653034,43.942325592041016,82514800,43.75147247314453,44.47011184692383,44.4936637878418,44.931915283203125,45.704734802246094,44.76556739807129,44.72763385772705,42.93745498657226,0.578889057507246
2018-06-21,44.11902362059803,44.378202233488864,43.574752128736236,43.69727325439453,102847600,43.942325592041016,43.75147247314453,44.47011184692383,44.955474853515625,45.58220672607422,44.57707405090332,44.693468475341795,43.00193038940429,0.6192095992791866
2018-06-22,43.852795049886204,43.8598632336105,43.51822117116477,43.5700569152832,108801600,43.69727325439453,43.942325592041016,43.75147247314453,44.4936637878418,45.16753005981445,44.41732673645019,44.65541667938233,43.05588134765625,0.6643860907323422
2018-06-25,43.211910133811,43.570046939756935,42.58281675990922,42.92210388183594,126652400,43.5700569152832,43.69727325439453,43.942325592041016,44.47011184692383,45.05678176879883,44.20385894775391,44.57990131378174,43.094103775024415,0.7687090707063173
2018-06-26,43.115310134188796,43.94938797353978,43.009280212947836,43.454593658447266,98276800,42.92210388183594,43.5700569152832,43.69727325439453,43.75147247314453,45.30419158935547,44.01889915466309,44.53902187347412,43.137859191894535,0.8067336000829242
2018-06-27,43.64308664748483,44.12609945793199,43.360348581313914,43.3909797668457,101141200,43.454593658447266,42.92210388183594,43.5700569152832,43.942325592041016,44.931915283203125,43.86480560302734,44.49967365264892,43.16898246765137,0.8436206699071241
2018-06-28,43.37685028509541,43.87399953844859,43.30616485853516,43.70671081542969,69460800,43.3909797668457,43.454593658447266,42.92210388183594,43.69727325439453,44.955474853515625,43.73992919921875,44.48353385925293,43.20829780578613,0.8560848483148129
2018-06-29,43.89284334908779,44.10489961774891,43.09646479717635,43.61481857299805,90950800,43.70671081542969,43.3909797668457,43.454593658447266,43.5700569152832,44.4936637878418,43.652044677734374,44.423098182678224,43.26943428039551,0.8733107635380252
2018-07-02,43.310870122267346,44.130811570292906,43.216621705982554,44.102535247802734,70925200,43.61481857299805,43.70671081542969,43.3909797668457,42.92210388183594,44.47011184692383,43.61528701782227,44.368317413330075,43.37356025695801,0.8563323795926624
2018-07-03,44.24626212598361,44.28396149351073,43.24489559550557,43.33443069458008,55819200,44.102535247802734,43.61481857299805,43.70671081542969,43.454593658447266,43.75147247314453,43.57358283996582,44.25769557952881,43.46457740783691,0.8387959944430531
2018-07-05,43.65016518948845,43.92112541341989,43.419262800087296,43.68315124511719,66416800,43.33443069458008,44.102535247802734,43.61481857299805,43.3909797668457,43.942325592041016,43.547665405273435,44.156616401672366,43.573365478515626,0.7745910419046619
2018-07-06,43.687867834498626,44.39706988118077,43.63603208674531,44.28868865966797,69940800,43.68315124511719,43.33443069458008,44.102535247802734,43.70671081542969,43.69727325439453,43.606806945800784,44.09194049835205,43.69093132019043,0.699673240301197
2018-07-09,44.64917535845704,44.92720016005415,44.60205293727909,44.90364074707031,79026400,44.28868865966797,43.68315124511719,43.33443069458008,43.61481857299805,43.5700569152832,43.740165328979494,44.07874603271485,43.81812065124512,0.6805490326606404
2018-07-10,44.93427859588051,45.06857769589515,44.809398948202585,44.849456787109375,63756400,44.90364074707031,44.28868865966797,43.68315124511719,44.102535247802734,42.92210388183594,43.93290061950684,44.06837978363037,43.95314514160156,0.6662971012177263
2018-07-11,44.41355569937035,44.715143482285086,44.203857887887295,44.26747512817383,75326000,44.849456787109375,44.90364074707031,44.28868865966797,43.33443069458008,43.454593658447266,44.01418876647949,44.01654396057129,44.062729110717775,0.6023530089633505
2018-07-12,44.6562504658173,45.09920920303333,44.604414715921344,45.009674072265625,72164400,44.26747512817383,44.849456787109375,44.90364074707031,43.68315124511719,43.3909797668457,44.17605819702148,44.02043190002441,44.16913131713867,0.6087888857019523
2018-07-13,45.02145266730081,45.20051932204773,44.97903996775959,45.08035659790039,50055600,45.009674072265625,44.26747512817383,44.849456787109375,44.28868865966797,43.70671081542969,44.313422775268556,44.02667598724365,44.24188102722168,0.619431382186843
2018-07-16,45.12511762037944,45.391360903359555,44.86593892521994,44.98139190673828,60172400,45.08035659790039,45.009674072265625,44.26747512817383,44.90364074707031,43.61481857299805,44.45008010864258,44.051062393188474,44.31114967346191,0.6477377820924558
2018-07-17,44.708081328191334,45.20758548689798,44.578491967618255,45.10862731933594,62138000,44.98139190673828,45.08035659790039,45.009674072265625,44.849456787109375,44.102535247802734,44.5506893157959,44.08298816680908,44.35038505554199,0.6841889736094745
2018-07-18,45.18637208262621,45.19108540259918,44.750481662975155,44.86122131347656,65573600,45.10862731933594,44.98139190673828,45.08035659790039,44.26747512817383,43.33443069458008,44.70336837768555,44.138475608825686,44.37842903137207,0.700689267100321
2018-07-19,44.693935361208126,45.36779629624371,44.693935361208126,45.20993423461914,81147200,44.86122131347656,45.10862731933594,44.98139190673828,45.009674072265625,43.68315124511719,44.85604667663574,44.20185604095459,44.40926956176758,0.7383320714081721
2018-07-20,45.18638213243153,45.33953091112191,44.80704068245835,45.10627365112305,82704800,45.20993423461914,44.86122131347656,45.10862731933594,45.08035659790039,44.28868865966797,44.93780517578125,44.27230606079102,44.431887512207034,0.7546924791950841
2018-07-23,44.92719589230041,45.22878726865295,44.66330748260312,45.14632034301758,63957600,45.10627365112305,45.20993423461914,44.86122131347656,44.98139190673828,44.90364074707031,44.962073135375974,44.35111923217774,44.44272598266602,0.7597842771543344
2018-07-24,45.344238015820956,45.62933457754806,45.24999317957946,45.47382736206055,74791600,45.14632034301758,45.10627365112305,45.20993423461914,45.10862731933594,44.849456787109375,45.02451019287109,44.478705406188965,44.46350723266602,0.7204163578983803
2018-07-25,45.487955463759825,45.909709478060186,45.339516458198204,45.90264129638672,66839600,45.47382736206055,45.14632034301758,45.10627365112305,44.86122131347656,44.26747512817383,45.18802680969238,44.60110778808594,44.4949382019043,0.7448114042979526
2018-07-26,45.85317123292575,46.17125386401282,45.617555534405035,45.75892639160156,76304000,45.90264129638672,45.47382736206055,45.14632034301758,45.20993423461914,45.009674072265625,45.26295204162598,44.71950511932373,44.531553192138674,0.7303896602947795
2018-07-27,45.94270404769693,45.9898264659988,44.79054348344733,44.99788284301758,96096000,45.75892639160156,45.90264129638672,45.47382736206055,45.10627365112305,45.08035659790039,45.2547046661377,44.784063720703124,44.544747848510745,0.6922236350020072
2018-07-30,45.21465005836353,45.2853354853208,44.547860810814726,44.74577713012695,84118000,44.99788284301758,45.75892639160156,45.90264129638672,45.14632034301758,44.98139190673828,45.231143188476565,44.84061164855957,44.55850799560547,0.6355551216701244
2018-07-31,44.83766271788807,45.271194687816894,44.61147009280662,44.835304260253906,157492000,44.74577713012695,44.99788284301758,45.75892639160156,45.47382736206055,45.10862731933594,45.20381088256836,44.87725009918213,44.57726287841797,0.6114305836865166
2018-08-01,46.918146914157724,47.53781364713079,46.489324692851646,47.47655487060547,271742800,44.835304260253906,44.74577713012695,44.99788284301758,45.90264129638672,44.86122131347656,45.46534423828125,45.0843563079834,44.64262268066406,0.7476747730807028
2018-08-02,47.259795643672035,49.097598749071246,47.20560504150239,48.86433792114258,249616000,47.47655487060547,44.835304260253906,44.74577713012695,45.75892639160156,45.20993423461914,45.83078460693359,45.34341564178467,44.737952880859375,1.0663263142000257
2018-08-03,48.7795141514494,49.182418547865296,48.41430912684515,49.005706787109375,133789600,48.86433792114258,47.47655487060547,44.835304260253906,44.99788284301758,45.10627365112305,46.22072792053223,45.57926654815674,44.83045539855957,1.3137210868036981
2018-08-06,49.008063284816416,49.30258289590306,48.7889424198688,49.26017379760742,101701600,49.005706787109375,48.86433792114258,47.47655487060547,44.74577713012695,45.14632034301758,46.63211326599121,45.79709320068359,44.92903701782227,1.5378562955464474
2018-08-07,49.31907110165512,49.36148019425983,48.71589199911434,48.79835891723633,102349600,49.26017379760742,49.005706787109375,48.86433792114258,44.835304260253906,45.47382736206055,46.96456642150879,45.99453830718994,45.016355972290036,1.6585492623412605
2018-08-08,48.548621707361086,48.963304096363274,48.18812992940101,48.83135986328125,90102000,48.79835891723633,49.26017379760742,49.005706787109375,47.47655487060547,45.90264129638672,47.257438278198244,46.22273254394531,45.10753952026367,1.7212034434274839
2018-08-09,49.3685494382247,49.427453353804616,48.81956451359469,49.21540069580078,93970400,48.83135986328125,48.79835891723633,49.26017379760742,48.86433792114258,45.75892639160156,47.60308570861817,46.43301887512207,45.20828865051269,1.8193178242853705
2018-08-10,49.0286148009558,49.44002519266483,48.86546923859156,49.068809509277344,98444800,49.21540069580078,48.83135986328125,48.79835891723633,49.005706787109375,44.99788284301758,48.01017837524414,46.63244152069092,45.30907470703125,1.8807996447347843
2018-08-13,49.4896818929809,49.87744668704269,49.10901007136139,49.38564682006836,103563600,49.068809509277344,49.21540069580078,48.83135986328125,49.26017379760742,44.74577713012695,48.47416534423828,46.85265426635742,45.40031700134277,1.9343847151071443
2018-08-14,49.690661587811235,49.7852369637203,49.24141953269484,49.593719482421875,82992000,49.38564682006836,49.068809509277344,49.21540069580078,48.79835891723633,44.835304260253906,48.95000686645508,47.076908874511716,45.4882283782959,1.9809759189266132
2018-08-15,49.46839996655359,49.82779284898479,49.25796671198787,49.709571838378906,115230400,49.593719482421875,49.38564682006836,49.068809509277344,48.83135986328125,47.47655487060547,49.173308563232425,47.319326400756836,45.571482467651364,1.9921868968621008
2018-08-16,50.066600893302926,50.55367090797726,50.00039741215219,50.43781661987305,114001600,49.709571838378906,49.593719482421875,49.38564682006836,49.21540069580078,48.86433792114258,49.33065643310547,47.58072052001953,45.666144104003905,2.04316926460894
2018-08-17,50.466183320989956,51.532535490008144,50.399979846645785,51.44505310058594,141708000,50.43781661987305,49.709571838378906,49.593719482421875,49.068809509277344,49.005706787109375,49.574591064453124,47.89765949249268,45.783401031494144,2.1289662054349674
2018-08-20,51.56800870100237,51.823362921071144,50.861045725428916,50.94380187988281,121150800,51.44505310058594,50.43781661987305,49.709571838378906,49.38564682006836,49.26017379760742,49.742953872680665,48.18753356933594,45.89892646789551,2.1293194081196485
2018-08-21,51.26062262083593,51.352834849865985,50.60567731793008,50.844482421875,104639200,50.94380187988281,51.44505310058594,50.43781661987305,49.593719482421875,48.79835891723633,49.947566223144534,48.45606632232666,46.01468048095703,2.1076177713379765
2018-08-22,50.62222837910076,51.156585944720106,50.56075115648966,50.84684753417969,76072400,50.844482421875,50.94380187988281,51.44505310058594,49.709571838378906,48.83135986328125,50.149114990234374,48.70327663421631,46.12553359985352,2.0821623047725017
2018-08-23,50.75227555879988,51.31973854252035,50.74045634465841,50.950889587402344,75532800,50.84684753417969,50.844482421875,50.94380187988281,50.43781661987305,49.21540069580078,50.32266387939453,48.962874794006346,46.2459130859375,2.018432676865265
2018-08-24,51.213349043221534,51.28427877137062,50.861049092863915,51.10931396484375,73905600,50.950889587402344,50.84684753417969,50.844482421875,51.44505310058594,49.068809509277344,50.52671432495117,49.268446350097655,46.368989868164064,1.841422496112156
2018-08-27,51.343367836297325,51.71931327754481,51.1494873139784,51.53015899658203,82100400,51.10931396484375,50.950889587402344,50.84684753417969,50.94380187988281,49.38564682006836,50.74116554260254,49.60766544342041,46.50971977233887,1.5691988356629563
2018-08-28,51.783162574157686,52.14491855568263,51.761883659437096,51.94630813598633,91107200,51.53015899658203,51.10931396484375,50.950889587402344,50.844482421875,49.593719482421875,50.97642440795899,49.96321563720703,46.659243698120115,1.1909928256873805
2018-08-29,52.05271233047196,52.84243146580002,51.87774753435485,52.72184371948242,109019200,51.94630813598633,51.53015899658203,51.10931396484375,50.84684753417969,49.709571838378906,51.27765159606933,50.22548007965088,46.83865112304687,1.1921168407653975
2018-08-30,52.78568406644188,53.9702573574271,52.58470689450583,53.20655059814453,195175200,52.72184371948242,51.94630813598633,51.53015899658203,50.950889587402344,50.43781661987305,51.554524993896486,50.44259071350098,47.023935623168946,1.3197496092788281
2018-08-31,53.55647159158061,54.11447480869955,53.43588748059386,53.8212890625,173360400,53.20655059814453,52.72184371948242,51.94630813598633,51.10931396484375,51.44505310058594,51.79214859008789,50.68336982727051,47.226415939331055,1.4740655751266254
2018-09-04,54.005719306205876,54.18777705269031,53.584852825321335,53.993896484375,109560400,53.8212890625,53.20655059814453,52.72184371948242,51.53015899658203,50.94380187988281,52.09715805053711,50.92005596160889,47.43489273071289,1.6075186887754485
2018-09-05,54.14285341285009,54.30363223674393,53.22309420206611,53.64159393310547,133332000,53.993896484375,53.8212890625,53.20655059814453,51.94630813598633,50.844482421875,52.376869201660156,51.162217712402345,47.64928253173828,1.6356317735090702
2018-09-06,53.49027852572328,53.755096048130156,52.324621069428616,52.75021743774414,137160000,53.64159393310547,53.993896484375,53.8212890625,52.72184371948242,50.84684753417969,52.5672061920166,51.35816059112549,47.83519500732422,1.5753279901118378
2018-09-07,52.4546669488255,53.28694031504542,52.185123173027854,52.324623107910156,150479200,52.75021743774414,53.64159393310547,53.993896484375,53.20655059814453,50.950889587402344,52.704579544067386,51.513621711730956,48.01386787414551,1.5045680247185844
2018-09-10,52.24186001307081,52.45465998116174,51.18260084633692,51.62238311767578,158066000,52.324623107910156,52.75021743774414,53.64159393310547,53.8212890625,51.10931396484375,52.755886459350585,51.64130039215088,48.17218132019043,1.3901809671782375
2018-09-11,51.54673818110723,53.03396093140113,51.20389787590232,52.92756271362305,142996000,51.62238311767578,52.324623107910156,52.75021743774414,53.993896484375,51.53015899658203,52.895626831054685,51.818396186828615,48.35843620300293,1.3110602102101143
2018-09-12,53.18527027618349,53.19945622059127,51.97941449205581,52.270240783691406,197114800,52.92756271362305,51.62238311767578,52.324623107910156,53.64159393310547,51.94630813598633,52.9280200958252,51.95222225189209,48.5217903137207,1.2042793741247653
2018-09-13,52.8495121102655,53.991527300779616,52.62489295197468,53.53282928466797,166825600,52.270240783691406,52.92756271362305,51.62238311767578,52.75021743774414,52.72184371948242,53.00911865234375,52.143385124206546,48.72575828552246,1.1307533643247751
2018-09-14,53.376775937249185,53.6344968245139,52.61306936702936,52.9251708984375,127997200,53.53282928466797,52.270240783691406,52.92756271362305,52.324623107910156,53.20655059814453,52.980980682373044,52.26775283813477,48.91059867858887,1.0683567991661234
2018-09-17,52.525603871297875,52.71475824693131,51.37176903479124,51.51599884033203,148780400,52.9251708984375,53.53282928466797,52.270240783691406,51.62238311767578,53.8212890625,52.75045166015625,52.27130012512207,49.05514488220215,1.0655956156637738
2018-09-18,51.49470675410538,52.45466440089387,51.33629103116489,51.60110855102539,126286800,51.51599884033203,52.9251708984375,53.53282928466797,52.92756271362305,53.993896484375,52.51117286682129,52.3041654586792,49.18909423828125,1.0321079313765127
2018-09-19,51.662586001449505,51.9273999330875,50.90597219118434,51.6318473815918,108495200,51.60110855102539,51.51599884033203,52.9251708984375,52.270240783691406,53.64159393310547,52.31019821166992,52.34353370666504,49.3247420501709,0.9875548940918606
2018-09-20,52.073992180573526,52.55633231761007,51.81626763486653,52.02433776855469,106435200,51.6318473815918,51.60110855102539,51.51599884033203,53.53282928466797,52.75021743774414,52.237610244750975,52.40240821838379,49.47987930297852,0.9268657171078151
2018-09-21,52.20167199078347,52.338808803475615,51.37648799310484,51.46397399902344,384986800,52.02433776855469,51.6318473815918,51.60110855102539,52.9251708984375,52.324623107910156,52.1515453338623,52.428062438964844,49.60896530151367,0.8909814446869883
2018-09-24,51.26536138174706,52.31516093786843,51.2204368199305,52.20403289794922,110773600,51.46397399902344,52.02433776855469,51.6318473815918,51.51599884033203,51.62238311767578,52.20971031188965,52.482798385620114,49.75143882751465,0.8377376169082701
2018-09-25,51.95813791715987,52.684016706504345,51.94631509368086,52.535057067871094,98217600,52.20403289794922,51.46397399902344,52.02433776855469,51.60110855102539,52.92756271362305,52.17045974731445,52.53304328918457,49.90251213073731,0.807171805181511
2018-09-26,52.25367577807399,52.903891200651834,51.9604864341698,52.116539001464844,95938800,52.535057067871094,52.20403289794922,51.46397399902344,51.6318473815918,52.270240783691406,52.1550895690918,52.541554832458495,50.04267036437988,0.8015369739914452
2018-09-27,52.92044888482368,53.53992575525717,52.8542418072406,53.187625885009766,120724800,52.116539001464844,52.535057067871094,52.20403289794922,52.02433776855469,53.53282928466797,52.12056922912598,52.56484394073486,50.209198455810544,0.8137251884391457
2018-09-28,53.14980496952614,53.398069834890045,52.967747195035955,53.374427795410156,91717600,53.187625885009766,52.116539001464844,52.535057067871094,51.46397399902344,52.9251708984375,52.16549491882324,52.57323780059814,50.37248832702637,0.8215215155469655
2018-10-01,53.89696364312672,54.24453373923677,53.51865853436576,53.73381805419922,94403200,53.374427795410156,53.187625885009766,52.116539001464844,52.20403289794922,51.51599884033203,52.387276840209964,52.568864250183104,50.54503921508789,0.8147323236071023
2018-10-02,53.73144499079402,54.38166049673322,53.58485210395696,54.211421966552734,99152800,53.73381805419922,53.374427795410156,53.187625885009766,52.535057067871094,51.60110855102539,52.648308181762694,52.57974052429199,50.726341247558594,0.8359331231064632
2018-10-03,54.39347992524257,55.202111089246685,54.329639578452706,54.87109375,114619200,54.211421966552734,53.73381805419922,53.374427795410156,52.116539001464844,51.6318473815918,52.972232818603516,52.64121551513672,50.914286575317384,0.954878967061452
2018-10-04,54.56608563865395,54.937301318347934,53.60849479660541,53.90641403198242,128168000,54.87109375,54.211421966552734,53.73381805419922,53.187625885009766,52.02433776855469,53.16044044494629,52.699025344848636,51.0743620300293,0.9959414835024639
2018-10-05,53.899315681414315,54.00571385150835,52.15437270372623,53.03157043457031,134322000,53.90641403198242,54.87109375,54.211421966552734,53.374427795410156,51.46397399902344,53.317200088500975,52.73437271118164,51.21981491088867,0.9944982815523402
2018-10-08,52.53978519538805,53.15216918862936,52.06453440498348,52.908634185791016,118655600,53.03157043457031,53.90641403198242,54.87109375,53.73381805419922,52.20403289794922,53.38766021728516,52.798685264587405,51.37802993774414,0.9597870905120192
2018-10-09,52.87788730397269,53.736172895235825,52.549233077184034,53.64159393310547,107564000,52.908634185791016,53.03157043457031,53.90641403198242,54.211421966552734,52.535057067871094,53.498313903808594,52.83438682556152,51.55594627380371,0.977941649336429
2018-10-10,53.30822500274197,53.51865827828025,51.08330449551882,51.15660095214844,167962400,53.64159393310547,52.908634185791016,53.03157043457031,54.87109375,52.116539001464844,53.402320098876956,52.77870483398438,51.6823722076416,1.0413989204146967
2018-10-11,50.72153542820455,51.89901549857534,50.201363784862224,50.70498275756836,212497600,51.15660095214844,53.64159393310547,52.908634185791016,53.90641403198242,53.187625885009766,53.154055786132815,52.637312507629396,51.746940765380856,1.1224387518498724
2018-10-12,52.11654480060176,52.69819370350563,51.27008201426514,52.51613235473633,161351600,50.70498275756836,51.15660095214844,53.64159393310547,53.03157043457031,53.374427795410156,53.06822624206543,52.61686058044434,51.81997665405274,1.12064273924003
2018-10-15,52.29150849334037,52.44992418497444,51.37174934722611,51.393028259277344,123164000,52.51613235473633,50.70498275756836,51.15660095214844,52.908634185791016,53.73381805419922,52.83414726257324,52.6107120513916,51.867723083496095,1.1273180964833072
2018-10-16,51.76424921811775,52.72420684082225,51.25117047250022,52.52559280395508,116736000,51.393028259277344,52.51613235473633,50.70498275756836,53.64159393310547,54.211421966552734,52.665564346313474,52.65693626403809,51.933031463623045,1.1024205001567893
2018-10-17,52.561061472294256,52.64145089276612,51.86119150958556,52.29861068725586,91541600,52.52559280395508,51.393028259277344,52.51613235473633,51.15660095214844,54.87109375,52.40831604003906,52.69027442932129,52.00303649902344,1.0796356490897956
2018-10-18,51.51125865851134,51.95577081093266,50.36215029617322,51.07620620727539,130325200,52.29861068725586,52.52559280395508,51.393028259277344,50.70498275756836,53.90641403198242,52.12529525756836,52.64286785125732,52.047933425903324,1.1300546441681951
2018-10-19,51.55855433205612,52.315168192303574,51.40959468175978,51.85410690307617,132314800,51.07620620727539,52.29861068725586,52.52559280395508,52.51613235473633,53.03157043457031,52.00754890441895,52.66237449645996,52.10070755004883,1.111854529762528
2018-10-22,51.96759627834825,52.81169612366842,51.76662270171441,52.170936584472656,115168400,51.85410690307617,51.07620620727539,52.29861068725586,51.393028259277344,52.908634185791016,51.93377914428711,52.66071968078613,52.16275009155274,1.112596982025443
2018-10-23,51.03127894622945,52.785678210129554,50.76409832307149,52.66272735595703,155071200,52.170936584472656,51.85410690307617,51.07620620727539,52.52559280395508,53.64159393310547,51.83589248657226,52.66710319519043,52.22829170227051,1.1122042314625855
2018-10-24,52.63200152357531,53.01739960993079,50.72627557904296,50.856319427490234,163702000,52.66272735595703,52.170936584472656,51.85410690307617,52.29861068725586,51.15660095214844,51.805864334106445,52.6040922164917,52.25354370117188,1.1787454537592668
2018-10-25,51.47580005736859,52.34354194395916,51.24881410296684,51.96996307373047,119423200,50.856319427490234,52.66272735595703,52.170936584472656,51.07620620727539,50.70498275756836,51.93236236572265,52.543209075927734,52.298751525878906,1.1784657541796704
2018-10-26,51.04783511210514,52.0621734864531,50.284128331310725,51.14241409301758,189033600,51.96996307373047,50.856319427490234,52.66272735595703,51.85410690307617,52.51613235473633,51.79499053955078,52.43160839080811,52.31284347534179,1.201075327578883
2018-10-29,51.82573227135982,51.94395329351893,48.72834004766354,50.18246078491211,183742000,51.14241409301758,51.96996307373047,50.856319427490234,52.170936584472656,51.393028259277344,51.673933792114255,52.25404052734375,52.28759162902832,1.2595188080923303
2018-10-30,49.924726306779235,50.87758726765469,49.48021780499368,50.43307876586914,146640000,50.18246078491211,51.14241409301758,51.96996307373047,52.66272735595703,52.52559280395508,51.46468238830566,52.06512336730957,52.277377166748046,1.2335684373290299
2018-10-31,51.27954555631616,52.12364167690508,51.21806832318598,51.74769973754883,153435600,50.43307876586914,50.18246078491211,51.14241409301758,50.856319427490234,52.29861068725586,51.40959129333496,51.90895366668701,52.295441513061526,1.0425585725374964
2018-11-01,51.792627782293415,52.575250330223895,51.262996332298286,52.54214859008789,233292800,51.74769973754883,50.43307876586914,50.18246078491211,51.96996307373047,51.07620620727539,51.55618553161621,51.84074039459229,52.32934753417969,0.9450610132504714
2018-11-02,49.54643601853852,50.515846331621,48.57229224609191,49.05699920654297,365314800,52.54214859008789,51.74769973754883,50.43307876586914,51.14241409301758,51.85410690307617,51.27647476196289,51.64201183319092,52.2914697265625,1.0884789979877754
2018-11-05,48.30510423366641,48.32638314907276,46.85571353178706,47.664344787597656,264654800,49.05699920654297,52.54214859008789,51.74769973754883,50.18246078491211,52.170936584472656,50.82581558227539,51.37979736328125,52.22257034301758,1.3640751335426964
2018-11-06,47.74236754506671,48.40440585745062,47.68798689600997,48.179786682128906,127531600,47.664344787597656,49.05699920654297,52.54214859008789,50.43307876586914,52.66272735595703,50.37752151489258,51.10670700073242,52.15556289672852,1.432445390580667
2018-11-07,48.699960659016895,49.66700760551551,48.264908230328544,49.64099884033203,133697600,48.179786682128906,47.664344787597656,49.05699920654297,51.74769973754883,50.856319427490234,50.255989456176756,51.030926895141604,52.10945671081543,1.469282937531979
2018-11-08,49.82132566766374,49.85454290419516,49.0549542402841,49.46780014038086,101450400,49.64099884033203,48.179786682128906,47.664344787597656,52.54214859008789,51.96996307373047,50.0057731628418,50.96906776428223,52.044375839233396,1.509228615955259
2018-11-09,48.77023347938126,48.87937427397922,47.987251640765706,48.51398468017578,137463200,49.46780014038086,49.64099884033203,48.179786682128906,49.05699920654297,51.14241409301758,49.742930221557614,50.7689603805542,51.950524520874026,1.557846254347824
2018-11-12,47.21612935039931,47.41780773297329,45.97996678297015,46.07012939453125,204542000,48.51398468017578,49.46780014038086,49.64099884033203,47.664344787597656,50.18246078491211,49.33169708251953,50.5028154373169,51.79550132751465,1.869192105151663
2018-11-13,45.46746713543031,46.78429582169561,45.424757201491744,45.609825134277344,187531600,46.07012939453125,48.51398468017578,49.46780014038086,48.179786682128906,50.43307876586914,48.84937171936035,50.157027053833005,51.6278199005127,2.1006519927828915
2018-11-14,46.00606949744506,46.14368479083384,44.11505123237931,44.321475982666016,243204000,45.609825134277344,46.07012939453125,48.51398468017578,49.64099884033203,51.74769973754883,48.10674934387207,49.75817031860352,51.44141754150391,2.4075274392202153
2018-11-15,44.69872824786671,45.54814450930108,44.34519912826086,45.41527557373047,185915200,44.321475982666016,45.609825134277344,46.07012939453125,49.46780014038086,52.54214859008789,47.39406204223633,49.47512378692627,51.294718704223634,2.571593694074746
2018-11-16,45.19937035516797,46.25995429565413,44.9526142307228,45.91828918457031,147713200,45.41527557373047,44.321475982666016,45.609825134277344,48.51398468017578,49.05699920654297,47.08019104003906,49.17833290100098,51.166592025756835,2.6245661650814704
2018-11-19,45.08073505230195,45.24682124683419,43.892028552427426,44.09844970703125,167701200,45.91828918457031,45.41527557373047,44.321475982666016,46.07012939453125,47.664344787597656,46.723601531982425,48.7747085571289,51.016113357543944,2.757476800318907
2018-11-20,42.32130943637899,43.05683851163266,41.64272573882717,41.99150848388672,271300800,44.09844970703125,45.91828918457031,45.41527557373047,45.609825134277344,48.179786682128906,46.104773712158206,48.24114761352539,50.79739227294922,2.9883216132881167
2018-11-21,42.643994348703465,42.77212054847709,41.889487071573676,41.94405746459961,124496800,41.99150848388672,44.09844970703125,45.91828918457031,44.321475982666016,49.64099884033203,45.33507957458496,47.79553451538086,50.59086860656738,3.232353349030908
2018-11-23,41.507490510580666,41.90135460850539,40.83365308403461,40.87873077392578,94496000,41.94405746459961,41.99150848388672,44.09844970703125,45.41527557373047,49.46780014038086,44.476172637939456,47.240972900390624,50.33778663635254,3.4242141149809857
2018-11-26,41.34139771589679,41.50985523537514,40.397072578660236,41.431556701660156,179994000,40.87873077392578,41.94405746459961,41.99150848388672,45.91828918457031,48.51398468017578,43.76792984008789,46.75543003082275,50.10791435241699,3.528773750232332
2018-11-27,40.69365492557858,41.46714753070529,40.544179202951334,41.34139633178711,165549600,41.431556701660156,40.87873077392578,41.94405746459961,44.09844970703125,46.07012939453125,43.29505653381348,46.3133768081665,49.9044223022461,3.629206376184669
2018-11-28,41.932203103325314,43.01414023001662,41.50512170583987,42.93109893798828,184250000,41.34139633178711,41.431556701660156,40.87873077392578,41.99150848388672,45.609825134277344,43.02718391418457,45.93827781677246,49.73102210998535,3.5681744838867657
2018-11-29,43.3391999516029,43.372417193579416,42.162353797963114,42.60129928588867,167080000,42.93109893798828,41.34139633178711,41.431556701660156,41.94405746459961,44.321475982666016,42.85516624450683,45.48095779418945,49.55041114807129,3.364745430291058
2018-11-30,42.776860200784085,42.78635290696132,42.003371186044795,42.37113571166992,158126000,42.60129928588867,42.93109893798828,41.34139633178711,40.87873077392578,45.41527557373047,42.55075225830078,44.97240715026855,49.357347106933595,2.9889870417815656
2018-12-03,43.76627592803061,43.88016308346337,42.995158116098935,43.85169219970703,163210000,42.37113571166992,42.60129928588867,42.93109893798828,41.431556701660156,45.91828918457031,42.344092559814456,44.712141799926755,49.20510147094726,2.8373836713022977
2018-12-04,42.933470529047675,43.27513564881861,41.82306251019987,41.92271423339844,165377200,43.85169219970703,42.37113571166992,42.60129928588867,41.34139633178711,44.09844970703125,42.12651901245117,44.4250602722168,48.99947509765625,2.8133260280571664
2018-12-06,40.75298356449691,41.46953100520734,40.4350466147937,41.45529556274414,172393600,41.92271423339844,43.85169219970703,42.37113571166992,42.93109893798828,41.99150848388672,42.07289772033691,44.08883571624756,48.77787986755371,2.741895775576275
2018-12-07,41.16346234054781,41.40072939361831,39.93204575584665,39.97712707519531,169126400,41.45529556274414,41.92271423339844,43.85169219970703,42.60129928588867,41.94405746459961,41.87620468139649,43.60564212799072,48.53509162902832,2.5572597191869564
2018-12-10,39.1490601674904,40.35674848800182,38.75282465963804,40.2404899597168,248104000,39.97712707519531,41.45529556274414,41.92271423339844,42.37113571166992,40.87873077392578,41.81238059997558,43.14427661895752,48.27614891052246,2.2589489643945613
2018-12-11,40.729248827696416,40.76009107183554,39.623583881623,40.01033020019531,189126800,40.2404899597168,39.97712707519531,41.45529556274414,43.85169219970703,41.431556701660156,41.6702579498291,42.7190938949585,48.008866958618164,1.9778564495866817
2018-12-12,40.43028940365676,40.79093620431171,40.10286345370511,40.12184524536133,142510800,40.01033020019531,40.2404899597168,39.97712707519531,41.92271423339844,41.34139633178711,41.548302841186526,42.4216796875,47.73662750244141,1.892833631590686
2018-12-13,40.4516388148951,40.94515444685699,40.228607329061695,40.5607795715332,127594400,40.12184524536133,40.01033020019531,40.2404899597168,41.45529556274414,42.93109893798828,41.31127090454102,42.16922740936279,47.46361465454102,1.7784913591640035
2018-12-14,40.09812804123451,40.1171098380698,39.21549440063509,39.26294708251953,162814800,40.5607795715332,40.12184524536133,40.01033020019531,39.97712707519531,42.60129928588867,40.9774356842041,41.91630096435547,47.15145172119141,1.8156114594643746
2018-12-17,39.25582820608512,39.943904744588174,38.61046161430654,38.89755630493164,177151600,39.26294708251953,40.5607795715332,40.12184524536133,40.2404899597168,42.37113571166992,40.63007774353027,41.59041500091553,46.85127456665039,1.7377907517643107
2018-12-18,39.23921640915953,39.74933899527448,39.00432078305257,39.402931213378906,135366000,38.89755630493164,39.26294708251953,40.5607795715332,40.01033020019531,43.85169219970703,40.18520164489746,41.26464710235596,46.57870178222656,1.4745295973896753
2018-12-19,39.38632766402629,39.7303641394197,37.74681158935484,38.173892974853516,196189200,39.402931213378906,38.89755630493164,39.26294708251953,40.12184524536133,41.92271423339844,39.81031951904297,40.96841926574707,46.284006958007815,1.4703708516946878
2018-12-20,38.05762010916007,38.463348216247596,36.84756074809764,37.21057891845703,259092000,38.173892974853516,39.402931213378906,38.89755630493164,40.5607795715332,41.45529556274414,39.385847854614255,40.72937278747558,45.95538665771485,1.670323109945165
2018-12-21,37.21771196972524,37.52615987838151,35.50227210307426,35.76326370239258,382978400,37.21057891845703,38.173892974853516,39.402931213378906,39.26294708251953,39.97712707519531,38.96446151733399,40.42033309936524,45.64751991271973,1.9773224392208244
2018-12-24,35.15109251882243,35.95780221376421,34.78095670531993,34.8379020690918,148676800,35.76326370239258,37.21057891845703,38.173892974853516,38.89755630493164,40.2404899597168,38.42420272827148,40.11829166412353,45.330178298950194,2.3330023997995313
2018-12-26,35.18669870684758,37.30549139242431,34.811816392339566,37.291255950927734,234330000,34.8379020690918,35.76326370239258,37.21057891845703,39.402931213378906,40.01033020019531,38.15229530334473,39.91127662658691,45.025680770874025,2.393252192722823
2018-12-27,36.975680308293434,37.19634045254991,35.60665262499373,37.049232482910156,212468400,37.291255950927734,34.8379020690918,35.76326370239258,38.173892974853516,40.12184524536133,37.84503402709961,39.696668434143064,44.73880485534668,2.4500309974983376
2018-12-28,37.369555992471305,37.611569368803295,36.66961900113825,37.0682258605957,169165600,37.049232482910156,37.291255950927734,34.8379020690918,37.21057891845703,40.5607795715332,37.49577865600586,39.403524780273436,44.429657516479494,2.392740022910334
2018-12-31,37.61393008515579,37.81086209224743,37.12753210334212,37.426490783691406,140014000,37.0682258605957,37.049232482910156,37.291255950927734,35.76326370239258,39.26294708251953,37.31213302612305,39.14478435516357,44.132215118408205,2.307001483022124
2019-01-02,36.750288975035055,37.689867977237725,36.59369187126671,37.469207763671875,148158800,37.426490783691406,37.0682258605957,37.049232482910156,34.8379020690918,38.89755630493164,37.16929817199707,38.899687957763675,43.86007514953613,2.2042975963070455
2019-01-03,34.16170203892372,34.574547927015324,33.69191438723821,33.736995697021484,365248800,37.469207763671875,37.426490783691406,37.0682258605957,37.291255950927734,39.402931213378906,36.60270462036133,38.39395313262939,43.497732925415036,2.168377043690134
2019-01-04,34.29220295413125,35.24601741169735,34.11899903898665,35.177207946777344,234428400,33.736995697021484,37.469207763671875,37.426490783691406,37.049232482910156,38.173892974853516,36.30303611755371,38.05667781829834,43.15785835266113,2.114555110602202
2019-01-07,35.28160408429917,35.31244995449789,34.61725572428317,35.098907470703125,219111200,35.177207946777344,33.736995697021484,37.469207763671875,37.0682258605957,37.21057891845703,36.09186897277832,37.73885841369629,42.80658195495605,2.0536635092736764
2019-01-08,35.485645667649806,36.0218713099174,35.23888962424999,35.76799392700195,164101200,35.098907470703125,35.177207946777344,33.736995697021484,37.426490783691406,35.76326370239258,36.09234199523926,37.52840175628662,42.50481544494629,2.0277257484553344
2019-01-09,35.89611645994749,36.66486270672353,35.502256061427595,36.375396728515625,180396400,35.76799392700195,35.098907470703125,35.177207946777344,37.469207763671875,34.8379020690918,36.24609146118164,37.335147094726565,42.192924118041994,1.9378340241051573
2019-01-10,36.183217066092084,36.53199984154206,35.79409933557466,36.49166488647461,143122800,36.375396728515625,35.76799392700195,35.098907470703125,33.736995697021484,37.291255950927734,36.16613235473633,37.159213829040525,41.89990913391113,1.8394023729542537
2019-01-11,36.27337113673844,36.467928145951724,35.94831296535054,36.13338088989258,108092800,36.49166488647461,36.375396728515625,35.76799392700195,35.177207946777344,37.049232482910156,36.07454719543457,36.95979061126709,41.618927536010744,1.7131745942500476
2019-01-14,35.79172814036254,35.891379845195914,35.404981774617916,35.590049743652344,129756800,36.13338088989258,36.49166488647461,36.375396728515625,35.098907470703125,37.0682258605957,35.92672958374023,36.71125411987305,41.322066955566406,1.5120226505310261
2019-01-15,35.65411777539392,36.39438975385984,35.601918738921825,36.31846618652344,114843600,35.590049743652344,36.13338088989258,36.49166488647461,35.76799392700195,37.426490783691406,35.81592712402344,36.56403007507324,41.0134822845459,1.3888216212291842
2019-01-16,36.32083304295525,36.98518137158213,36.30185124837653,36.762149810791016,122278800,36.31846618652344,35.590049743652344,36.13338088989258,36.375396728515625,37.469207763671875,35.745221328735354,36.45725975036621,40.69788230895996,1.2776127643251036
2019-01-17,36.58657033252364,37.40751573779752,36.363538775351834,36.98043441772461,119284800,36.762149810791016,36.31846618652344,35.590049743652344,36.49166488647461,33.736995697021484,36.06956520080566,36.336134910583496,40.45635101318359,1.0837775059114327
2019-01-18,37.369553633249645,37.45971625451414,37.00890676859886,37.208213806152344,135004000,36.98043441772461,36.762149810791016,36.31846618652344,36.13338088989258,35.177207946777344,36.27266578674316,36.28785095214844,40.247228393554686,1.0170504321329965
2019-01-22,37.11093212681015,37.186855683764556,36.21168817452131,36.37303161621094,121576000,37.208213806152344,36.98043441772461,36.762149810791016,35.590049743652344,35.098907470703125,36.400078201293944,36.24597358703613,40.011093292236325,0.9940399923142846
2019-01-23,36.574715826308925,36.809611518898286,35.99341225378036,36.520145416259766,92522400,36.37303161621094,37.208213806152344,36.98043441772461,36.31846618652344,35.76799392700195,36.47529335021973,36.28381767272949,39.748676223754885,0.989090823429366
2019-01-24,36.565210574963224,36.6529981897714,36.002889050218684,36.23066329956055,101766000,36.520145416259766,36.37303161621094,37.208213806152344,36.762149810791016,36.375396728515625,36.460820007324216,36.35345573425293,39.483933486938476,0.9291443926407927
2019-01-25,36.89027913828178,37.51903897969798,36.61505211762605,37.43124771118164,134142000,36.23066329956055,36.520145416259766,36.37303161621094,36.98043441772461,36.49166488647461,36.554778289794925,36.36045532226562,39.2622787475586,0.9370744833517597
2019-01-28,36.96383036040819,37.09195658871479,36.45845402993215,37.0848388671875,104768400,37.43124771118164,36.23066329956055,36.520145416259766,37.208213806152344,36.13338088989258,36.64992408752441,36.362235641479494,39.08257293701172,0.9384847056496628
2019-01-29,37.07297331497307,37.519036488429236,36.565222017267494,36.700462341308594,166348800,37.0848388671875,37.43124771118164,36.23066329956055,36.37303161621094,35.590049743652344,36.76096534729004,36.34384746551514,38.90438568115234,0.9274620129179908
2019-01-30,38.73383245886544,39.42190521671021,38.01728520303353,39.20836639404297,244439200,36.700462341308594,37.0848388671875,37.43124771118164,36.520145416259766,36.31846618652344,37.04995536804199,36.43294124603271,38.80212348937988,1.1054441361703848
2019-01-31,39.41242410665209,40.098125636928835,39.04465950838577,39.49072265625,162958400,39.20836639404297,36.700462341308594,37.0848388671875,36.23066329956055,36.762149810791016,37.32281265258789,36.53401699066162,38.683632431030276,1.2832930657557915
2019-02-01,39.61410265633867,40.09337942283648,39.36971429863973,39.50970458984375,130672400,39.49072265625,39.20836639404297,36.700462341308594,37.43124771118164,36.98043441772461,37.5757396697998,36.822652435302736,38.55546073913574,1.2702084564210603
2019-02-04,39.72087632465673,40.729261252002615,39.69003045070155,40.631980895996094,125982000,39.50970458984375,39.49072265625,39.20836639404297,37.0848388671875,37.208213806152344,37.91811637878418,37.09539108276367,38.48613136291504,1.468456570559386
2019-02-05,41.01397692943241,41.54070999970741,40.89297205344229,41.32716751098633,144406400,40.631980895996094,39.50970458984375,39.49072265625,36.700462341308594,36.37303161621094,38.41352996826172,37.40680408477783,38.47284454345703,1.6694366062194879
2019-02-06,41.43867303368532,41.65696182241028,41.011595402857196,41.34139633178711,112958400,41.32716751098633,40.631980895996094,39.50970458984375,39.20836639404297,36.520145416259766,38.89565505981445,37.68547420501709,38.46079132080078,1.838127333087736
2019-02-07,40.90481834388098,41.270211452977485,40.41604903467955,40.55841064453125,126966800,41.34139633178711,41.32716751098633,40.631980895996094,39.49072265625,36.23066329956055,39.328429794311525,37.894624900817874,38.45438491821289,1.917483414876652
2019-02-08,40.26771162677322,40.66564643059835,40.13188767381337,40.606075286865234,95280000,40.55841064453125,41.34139633178711,41.32716751098633,39.50970458984375,37.43124771118164,39.64591255187988,38.1003454208374,38.437875289916995,1.978773650352024
2019-02-11,40.75858597472105,40.79671238747757,40.32967292104731,40.372562408447266,83973600,40.606075286865234,40.55841064453125,41.34139633178711,40.631980895996094,37.0848388671875,39.97468490600586,38.31230449676514,38.4184986114502,1.9840262838168694
2019-02-12,40.532200544203434,40.74665516967043,40.436884549380984,40.72044372558594,89134000,40.372562408447266,40.606075286865234,40.55841064453125,41.32716751098633,36.700462341308594,40.37668304443359,38.568824195861815,38.374285507202146,1.9448076902180647
2019-02-13,40.83960316682641,41.09933254456883,40.48932446490647,40.55127716064453,89960800,40.72044372558594,40.372562408447266,40.606075286865234,41.34139633178711,39.20836639404297,40.51097412109375,38.78046474456787,38.333285064697264,1.9171447552208554
2019-02-14,40.439287190333225,40.80862546752188,40.36065282411193,40.69901657104492,87342800,40.55127716064453,40.72044372558594,40.372562408447266,40.55841064453125,39.49072265625,40.63180351257324,38.977308082580564,38.29984268188477,1.901048688176279
2019-02-15,40.80623611906368,40.91346345759115,40.44880923334926,40.60845947265625,98507200,40.69901657104492,40.55127716064453,40.72044372558594,40.606075286865234,39.50970458984375,40.74167900085449,39.158709335327146,38.23497802734375,1.8733695832785051
2019-02-19,40.43928799608219,40.85151940666658,40.38686508422347,40.7299919128418,75891200,40.60845947265625,40.69901657104492,40.55127716064453,40.372562408447266,40.631980895996094,40.75148010253906,39.33479824066162,38.211123580932615,1.8456935423466319
2019-02-20,40.79194536512053,41.29949277774976,40.74428916750655,40.992103576660156,104457600,40.7299919128418,40.60845947265625,40.69901657104492,40.72044372558594,41.32716751098633,40.717973709106445,39.56575183868408,38.20185974121094,1.741640432755556
2019-02-21,40.93729152317362,41.07311184292857,40.57986465359283,40.76095962524414,68998800,40.992103576660156,40.7299919128418,40.60845947265625,40.55127716064453,41.34139633178711,40.659930038452146,39.7777925491333,38.21753639221191,1.604049061760431
2019-02-22,40.8848794625303,41.22324321911487,40.83722326114031,41.216094970703125,75652800,40.76095962524414,40.992103576660156,40.7299919128418,40.69901657104492,40.55841064453125,40.725698471069336,40.02706413269043,38.23704849243164,1.397937502433565
2019-02-25,41.499648872153486,41.90711352229098,41.449607503854075,41.516326904296875,87493600,41.216094970703125,40.76095962524414,40.992103576660156,40.60845947265625,40.606075286865234,40.8167236328125,40.23131809234619,38.26716842651367,1.2932131151253292
2019-02-26,41.39241441823523,41.771286013409664,41.26373871380323,41.5401496887207,68280800,41.516326904296875,41.216094970703125,40.76095962524414,40.7299919128418,40.372562408447266,40.93348236083985,40.454083633422854,38.29553451538086,1.090529132046524
2019-02-27,41.2732773821219,41.699805218546146,41.15889815564964,41.668827056884766,111341600,41.5401496887207,41.516326904296875,41.216094970703125,40.992103576660156,40.72044372558594,41.028320693969725,40.70250186920166,38.317695465087894,0.6785246515276029
2019-02-28,41.53777599764727,41.678363048433425,41.2041753537565,41.25897979736328,112861600,41.668827056884766,41.5401496887207,41.516326904296875,40.76095962524414,40.55127716064453,41.0990909576416,40.80503253936767,38.357616119384765,0.5900265137571581
2019-03-01,41.528236712468996,41.735543135571554,41.197021288508566,41.69265365600586,103544800,41.25897979736328,41.668827056884766,41.5401496887207,41.216094970703125,40.69901657104492,41.19845466613769,40.91512908935547,38.41351806640625,0.5347173490068402
2019-03-04,41.86422115680062,42.35508684168328,41.45437136174755,41.902347564697266,109744800,41.69265365600586,41.25897979736328,41.668827056884766,41.516326904296875,40.60845947265625,41.327843475341794,41.03476123809814,38.46350639343262,0.4671118144750856
2019-03-05,41.923781668935256,41.93807815928566,41.59018113838086,41.82608413696289,78949600,41.902347564697266,41.69265365600586,41.25897979736328,41.5401496887207,40.7299919128418,41.437452697753905,41.09446640014649,38.536550216674804,0.48873312575536043
2019-03-06,41.6211790174735,41.816574174024296,41.44723224254707,41.5854377746582,83241600,41.82608413696289,41.902347564697266,41.69265365600586,41.668827056884766,40.992103576660156,41.49678611755371,41.10737991333008,38.624047393798826,0.4985193446677072
2019-03-07,41.43054421304361,41.566368186765395,40.989719863594985,41.104095458984375,99185600,41.5854377746582,41.82608413696289,41.902347564697266,41.25897979736328,40.76095962524414,41.53109970092773,41.09551486968994,38.73086402893066,0.4954711060390544
2019-03-08,40.584637390153304,41.23992008169563,40.3892422605175,41.2017936706543,95997600,41.104095458984375,41.5854377746582,41.82608413696289,41.69265365600586,41.216094970703125,41.52966957092285,41.12768402099609,38.858141860961915,0.4793887484356729
2019-03-11,41.81655706066394,42.681527506223055,41.78319736904366,42.62910461425781,128044000,41.2017936706543,41.104095458984375,41.5854377746582,41.902347564697266,41.516326904296875,41.640947341918945,41.22883548736572,38.964898834228514,0.5686555526568583
2019-03-12,42.891219115734174,43.527438429638856,42.74109868533032,43.10805892944336,129870400,42.62910461425781,41.2017936706543,41.104095458984375,41.82608413696289,41.5401496887207,41.797738265991214,41.36561031341553,39.08607536315918,0.671531780512864
2019-03-13,43.42735521176513,43.677554693258266,43.11043635333161,43.298683166503906,124130000,43.10805892944336,42.62910461425781,41.2017936706543,41.5854377746582,41.668827056884766,41.960723876953125,41.49452228546143,39.21068450927734,0.7798889432104813
2019-03-14,43.82054106149008,43.868200895214414,43.501240536772094,43.780033111572266,94318000,43.298683166503906,43.10805892944336,42.62910461425781,41.104095458984375,41.25897979736328,42.212829208374025,41.65596008300781,39.33775535583496,0.8993832282047495
2019-03-15,44.04691043760487,44.63785523657547,43.78241438212483,44.34952926635742,156171600,43.780033111572266,43.298683166503906,43.10805892944336,41.2017936706543,41.69265365600586,42.47851676940918,41.83848571777344,39.47536178588867,1.0523701456540626
2019-03-18,44.27328067856524,44.89043693766361,44.2708955054987,44.80227279663086,104879200,44.34952926635742,43.780033111572266,43.298683166503906,42.62910461425781,41.902347564697266,42.76850929260254,42.04817638397217,39.69666732788086,1.2016182360975853
2019-03-19,44.88090335634377,45.03340534638429,44.30186992001534,44.44722366333008,126585600,44.80227279663086,44.34952926635742,43.780033111572266,43.10805892944336,41.82608413696289,43.030623245239255,42.23403797149658,39.882067642211915,1.272394515852252
2019-03-20,44.375741144089886,45.15255128641642,44.018314235196435,44.83563232421875,124140800,44.44722366333008,44.80227279663086,44.34952926635742,43.298683166503906,41.5854377746582,43.35564270019531,42.426214408874515,40.07680213928223,1.3620422891035013
2019-03-21,45.278837530094265,46.782412668747526,45.228796167797555,46.4869384765625,204136800,44.83563232421875,44.44722366333008,44.80227279663086,43.780033111572266,41.104095458984375,43.893927001953124,42.71251335144043,40.291181030273435,1.5782250109409146
2019-03-22,46.546512238552936,47.10648249507304,45.45993505954188,45.52427291870117,169630800,46.4869384765625,44.83563232421875,44.44722366333008,44.34952926635742,41.2017936706543,44.326174926757815,42.92792224884033,40.47415855407715,1.65535484429874
2019-03-25,45.63388456100003,45.74587861908732,44.46390988385612,44.973838806152344,175381200,45.52427291870117,46.4869384765625,44.83563232421875,44.80227279663086,42.62910461425781,44.560648345947264,43.10079784393311,40.6438020324707,1.6805269735146533
2019-03-26,45.66962270436676,45.96033017793337,43.98256747013785,44.50917434692383,199202000,44.973838806152344,45.52427291870117,46.4869384765625,44.44722366333008,43.10805892944336,44.70075988769531,43.24924907684326,40.811317901611325,1.6664869068643182
2019-03-27,44.97620805998751,45.21687414252472,44.45198278594525,44.909488677978516,119393600,44.50917434692383,44.973838806152344,45.52427291870117,44.83563232421875,43.298683166503906,44.861840438842776,43.41128215789795,40.99770668029785,1.6622742979224923
2019-03-28,45.023874875034785,45.16922862786753,44.68551117609868,44.96907043457031,83121600,44.909488677978516,44.50917434692383,44.973838806152344,46.4869384765625,43.780033111572266,44.980744171142575,43.596786689758304,41.17071876525879,1.615810391854925
2019-03-29,45.23356445269698,45.2931356005877,44.926175293457625,45.26215744018555,94256000,44.96907043457031,44.909488677978516,44.50917434692383,45.52427291870117,44.34952926635742,45.07200698852539,43.775261878967285,41.34071891784668,1.5913696598079612
2019-04-01,45.664869594343756,45.67439938040992,44.88806295425262,45.569557189941406,111448000,45.26215744018555,44.96907043457031,44.909488677978516,44.973838806152344,44.80227279663086,45.148735427856444,43.95862236022949,41.512501373291016,1.5754023178991963
2019-04-02,45.5337998404147,46.33682135310815,45.52427005695858,46.23197555541992,91062800,45.569557189941406,45.26215744018555,44.96907043457031,44.50917434692383,44.44722366333008,45.32721061706543,44.178916931152344,41.69297660827637,1.5695419767433512
2019-04-03,46.048497688881305,46.822922617672326,46.024667775160154,46.54889678955078,93087200,46.23197555541992,45.569557189941406,45.26215744018555,44.909488677978516,44.83563232421875,45.49853706359863,44.427089881896975,41.896493911743164,1.5297858887481814
2019-04-04,46.41546260570076,46.79195276656098,46.02229441102144,46.629920959472656,76457200,46.54889678955078,46.23197555541992,45.569557189941406,44.96907043457031,46.4869384765625,45.512835311889646,44.70338115692139,42.09868942260742,1.3907227937371511
2019-04-05,46.81100893546065,46.96589610699699,46.687099925418465,46.94206619262695,74106400,46.629920959472656,46.54889678955078,46.23197555541992,45.26215744018555,45.52427291870117,45.65461463928223,44.99039478302002,42.31291748046875,1.210722864224546
2019-04-08,46.80384382445424,47.71170724145007,46.78478062701376,47.68073272705078,103526800,46.94206619262695,46.629920959472656,46.54889678955078,45.569557189941406,44.973838806152344,45.92530403137207,45.24297618865967,42.51790718078613,1.2190899730982814
2019-04-09,47.73317206117505,48.33603179875124,47.473439087978925,47.537776947021484,143072800,47.68073272705078,46.94206619262695,46.629920959472656,46.23197555541992,44.50917434692383,46.22816429138184,45.46446208953857,42.72696594238281,1.2131851426976126
2019-04-10,47.34238048248308,47.833249790891394,47.22323818776864,47.80465316772461,86781200,47.537776947021484,47.68073272705078,46.94206619262695,46.54889678955078,44.909488677978516,46.51768074035645,45.68976058959961,42.94904975891113,1.2082012135303455
2019-04-11,47.85946211752939,47.89520335222447,47.28519537386603,47.40671920776367,83603200,47.80465316772461,47.537776947021484,47.68073272705078,46.629920959472656,44.96907043457031,46.76144561767578,45.87109489440918,43.113016815185546,1.1782792656485337
2019-04-12,47.46629151971839,47.690279625122976,46.753822893813584,47.387657165527344,111042800,47.40671920776367,47.80465316772461,47.537776947021484,46.94206619262695,45.26215744018555,46.97399559020996,46.02300128936768,43.27095550537109,1.167583799188298
2019-04-15,47.31856233696164,47.621184835604666,47.18273835239689,47.473445892333984,70146400,47.387657165527344,47.40671920776367,47.80465316772461,47.68073272705078,45.569557189941406,47.16438446044922,46.15655994415283,43.4302303314209,1.173358648503626
2019-04-16,47.528251819139626,47.98337267920693,47.31379347996625,47.47821044921875,102785600,47.473445892333984,47.387657165527344,47.40671920776367,47.537776947021484,46.23197555541992,47.2890079498291,46.308109283447266,43.56715492248535,1.1361112189380096
2019-04-17,47.547307445984586,48.462323072559556,47.32570451341118,48.40275192260742,115627200,47.47821044921875,47.473445892333984,47.387657165527344,47.80465316772461,46.54889678955078,47.47439346313477,46.486465263366696,43.70866661071777,1.1722077149551702
2019-04-18,48.40036639173176,48.64579923684503,48.25739781446443,48.576698303222656,96783200,48.40275192260742,47.47821044921875,47.473445892333984,47.40671920776367,46.629920959472656,47.669071197509766,46.590953254699706,43.85337265014648,1.2619547648771487
2019-04-22,48.33126412020742,48.83404475360525,48.214503361460345,48.73634719848633,77758000,48.576698303222656,48.40275192260742,47.47821044921875,47.387657165527344,46.94206619262695,47.8484992980957,46.751556968688966,44.01693138122559,1.3220220541040875
2019-04-23,48.71251655805477,49.50362313511346,48.58622601734535,49.43928527832031,93292000,48.73634719848633,48.576698303222656,48.40275192260742,47.473445892333984,47.68073272705078,48.02435455322266,46.974829292297365,44.19359558105469,1.3817169888909135
2019-04-24,49.41069711912076,49.677574720140036,49.3368294714054,49.363040924072266,70162400,49.43928527832031,48.73634719848633,48.576698303222656,47.47821044921875,47.537776947021484,48.20688095092773,47.217522621154785,44.37340515136719,1.3517979131408633
2019-04-25,49.28438458699548,49.50598743131461,48.87691648378763,48.915042877197266,74172800,49.363040924072266,49.43928527832031,48.73634719848633,48.40275192260742,47.80465316772461,48.317919921875,47.41780033111572,44.53729713439942,1.287022787925372
2019-04-26,48.82451383821142,48.848343752952516,48.162082930875414,48.68154525756836,74596400,48.915042877197266,49.363040924072266,49.43928527832031,48.576698303222656,47.40671920776367,48.44540252685547,47.603424072265625,44.69990249633789,1.178397108106346
2019-04-29,48.705367877898986,49.079476422813116,48.576695801391914,48.755409240722656,88818800,48.68154525756836,48.915042877197266,49.363040924072266,48.73634719848633,47.387657165527344,48.582177734375,47.77808666229248,44.86103034973144,1.0667011400681288
2019-04-30,48.386074191108,48.467090089008494,47.4448506724918,47.81657409667969,186139600,48.755409240722656,48.68154525756836,48.915042877197266,49.43928527832031,47.473445892333984,48.61649055480957,47.89043750762939,45.00519264221192,0.931625622956548
2019-05-01,50.01117140720834,51.30505499845377,49.85628424061624,50.163673400878906,259309200,47.81657409667969,48.755409240722656,48.68154525756836,49.363040924072266,47.47821044921875,48.885036849975585,48.087022399902345,45.19386627197266,0.9769661069288504
2019-05-02,50.00164766466942,50.671226917030545,49.594182969003235,49.83723068237305,127985200,50.163673400878906,47.81657409667969,48.755409240722656,48.915042877197266,48.40275192260742,49.02848472595215,48.25143909454346,45.370768814086915,0.9811790532700455
2019-05-03,50.251827921445944,50.47819751368422,50.09455924795819,50.45675277709961,83569600,49.83723068237305,50.163673400878906,47.81657409667969,48.68154525756836,48.576698303222656,49.21649017333984,48.44278068542481,45.56468467712402,1.0206651506435984
2019-05-06,48.6791498523468,49.76334529835149,48.49090665482442,49.67756271362305,129772400,50.45675277709961,49.83723068237305,50.163673400878906,48.755409240722656,48.73634719848633,49.310611724853516,48.57955551147461,45.73391403198242,0.9918559225930935
2019-05-07,49.05803373574075,49.42499041337888,47.854695800035216,48.33841323852539,155054800,49.67756271362305,50.45675277709961,49.83723068237305,47.81657409667969,49.43928527832031,49.200524520874026,48.61243953704834,45.87035575866699,0.9711746893574433
2019-05-08,48.10965396395561,48.92935347903369,48.07391273228292,48.347938537597656,105358000,48.33841323852539,49.67756271362305,50.45675277709961,50.163673400878906,49.363040924072266,49.09901428222656,48.65294761657715,46.006511535644535,0.9403993629216926
2019-05-09,47.752215532417296,48.05721942189739,46.86103376994049,47.828468322753906,139634400,48.347938537597656,48.33841323852539,49.67756271362305,49.83723068237305,48.915042877197266,48.990356826782225,48.65413837432861,46.12970436096192,0.9392831126868644
2019-05-10,47.22330340337194,47.56536448730354,46.11101450339134,47.1658935546875,164834800,47.828468322753906,48.347938537597656,48.33841323852539,50.45675277709961,48.68154525756836,48.83879165649414,48.642097091674806,46.2478426361084,0.9574835649575298
2019-05-13,44.90065443085275,45.32403977104099,43.73813138927743,44.42464065551758,229722400,47.1658935546875,47.828468322753906,48.347938537597656,49.67756271362305,48.755409240722656,48.40571479797363,48.49394626617432,46.30248237609863,1.321742603470557
2019-05-14,44.58968277824102,45.3766564067439,44.350480579312546,45.12788772583008,146118800,44.42464065551758,47.1658935546875,47.828468322753906,48.33841323852539,47.81657409667969,48.13684616088867,48.37666835784912,46.36699317932129,1.5079947231365658
2019-05-15,44.55619868228515,45.86702583004832,44.496398127096036,45.668487548828125,106178800,45.12788772583008,44.42464065551758,47.1658935546875,48.347938537597656,50.163673400878906,47.6873275756836,48.28618221282959,46.443841247558595,1.615226486434415
2019-05-16,45.42688825122322,46.039245266520595,45.17094015892705,45.467552185058594,132125600,45.668487548828125,45.12788772583008,44.42464065551758,47.828468322753906,49.83723068237305,47.25035972595215,48.139422225952146,46.5214835357666,1.7331214964601827
2019-05-17,44.7140629787205,45.66369595129546,44.67339904500029,45.20921325683594,131516400,45.467552185058594,45.668487548828125,45.12788772583008,47.1658935546875,50.45675277709961,46.72560577392578,47.971047973632814,46.60358589172363,1.8481627970900878
2019-05-20,43.89839107594167,44.09692935038118,43.12337459318291,43.7955322265625,154449200,45.20921325683594,45.467552185058594,45.668487548828125,44.42464065551758,49.67756271362305,46.13740272521973,47.72400722503662,46.6554606628418,2.058705200995859
2019-05-21,44.30503541950881,44.97001729820006,44.18064924329761,44.635135650634766,113459200,43.7955322265625,45.20921325683594,45.467552185058594,45.12788772583008,48.33841323852539,45.76707496643066,47.48379974365234,46.69558128356934,2.1271680099476966
2019-05-22,44.17107963556311,44.422242678436454,43.666362841765874,43.721378326416016,118994400,44.635135650634766,43.7955322265625,45.20921325683594,45.668487548828125,48.347938537597656,45.3044189453125,47.201716613769534,46.70784767150879,2.236125417485329
2019-05-23,43.00857438825279,43.18558175477957,42.532560495966365,42.9750862121582,146118800,43.721378326416016,44.635135650634766,43.7955322265625,45.467552185058594,47.828468322753906,44.81908073425293,46.90471878051758,46.70137573242187,2.3860300013499796
2019-05-24,43.10423430651815,43.568287143398116,42.72629440483175,42.81001663208008,94858800,42.9750862121582,43.721378326416016,44.635135650634766,45.20921325683594,47.1658935546875,44.38349304199219,46.61114234924317,46.68197540283203,2.513703234948023
2019-05-28,42.79806098088244,43.19752825231062,42.55646805143749,42.63301086425781,111792800,42.81001663208008,42.9750862121582,43.721378326416016,43.7955322265625,44.42464065551758,44.20433006286621,46.305022430419925,46.64764503479004,2.6097876161854576
2019-05-29,42.20006316366321,42.90092769825239,42.09959865033098,42.4296989440918,113924800,42.63301086425781,42.81001663208008,42.9750862121582,44.635135650634766,45.12788772583008,43.93451118469238,46.035678672790525,46.60019355773926,2.7211767879931306
2019-05-30,42.56603514665155,42.87221370220988,42.259856591093225,42.649757385253906,84873600,42.4296989440918,42.63301086425781,42.81001663208008,43.721378326416016,45.668487548828125,43.632638168334964,45.65998287200928,46.564244232177735,2.6387041767395716
2019-05-31,42.154596523878126,42.575594670315766,41.85798817518111,41.87712478637695,108174400,42.649757385253906,42.4296989440918,42.63301086425781,42.9750862121582,45.467552185058594,43.2735954284668,45.26197757720947,46.5050740814209,2.5750307780233737
2019-06-03,42.00390878409617,42.55885600339575,40.728960589625665,41.45374298095703,161584400,41.87712478637695,42.649757385253906,42.4296989440918,42.81001663208008,45.20921325683594,42.898048400878906,44.81182708740234,46.404410171508786,2.4001002033995626
2019-06-04,41.96563498785348,43.01573251076257,41.74556939956014,42.97028350830078,123872000,41.45374298095703,41.87712478637695,42.649757385253906,42.63301086425781,43.7955322265625,42.81552352905273,44.47646312713623,46.35333038330078,2.138810030605596
2019-06-05,44.080184117507756,44.250019297013125,43.32908930449805,43.663970947265625,119093600,42.97028350830078,41.45374298095703,41.87712478637695,42.4296989440918,44.635135650634766,42.71840705871582,44.24274101257324,46.32713302612305,1.9408167425642897
2019-06-06,43.79314958363369,44.36484283100569,43.57068958699141,44.3050422668457,90105200,43.663970947265625,42.97028350830078,41.45374298095703,42.649757385253906,43.721378326416016,42.77677345275879,44.04059619903565,46.32305038452149,1.6843334953898825
2019-06-07,44.613602808905426,45.90768763912735,44.4365955097193,45.48429870605469,122737600,44.3050422668457,43.663970947265625,42.97028350830078,41.87712478637695,42.9750862121582,43.02769470214844,43.923387718200686,46.33454658508301,1.4754865797547687
2019-06-10,45.88136887468619,46.73292803874346,45.83591987717714,46.065555572509766,104883600,45.48429870605469,44.3050422668457,43.663970947265625,41.45374298095703,42.81001663208008,43.353248596191406,43.868370819091794,46.356476287841794,1.3645638232421813
2019-06-11,46.610948421278835,46.88363882764626,46.30955491422111,46.5989875793457,107731600,46.065555572509766,45.48429870605469,44.3050422668457,42.97028350830078,42.63301086425781,43.74984626770019,43.977088165283206,46.383212890625,1.4918920636054462
2019-06-12,46.39326612217786,46.87645558984888,46.259313473699386,46.45067596435547,73012800,46.5989875793457,46.065555572509766,45.48429870605469,43.663970947265625,42.4296989440918,44.15194396972656,44.04322757720947,46.40083526611328,1.5727265161009676
2019-06-13,46.57266682669041,47.07259854029726,46.30954660107747,46.441104888916016,86698400,46.45067596435547,46.5989875793457,46.065555572509766,44.3050422668457,42.649757385253906,44.53107872009277,44.081858444213864,46.4050178527832,1.6234207539610133
2019-06-14,45.8191886319466,46.30715958311369,45.52018583958195,46.10383987426758,75046000,46.441104888916016,46.45067596435547,46.5989875793457,45.48429870605469,41.87712478637695,44.95375022888184,44.11367282867432,46.396116714477536,1.6578747111942254
2019-06-17,46.14210618535647,46.63486581817367,45.96748958898146,46.3789176940918,58676400,46.10383987426758,46.441104888916016,46.45067596435547,46.065555572509766,41.45374298095703,45.446267700195314,44.17215805053711,46.391096649169924,1.7180946859724133
2019-06-18,46.89560067509566,47.90981585388891,46.69467166608227,47.46968460083008,106204000,46.3789176940918,46.10383987426758,46.441104888916016,46.5989875793457,42.97028350830078,45.89620780944824,44.35586566925049,46.40164901733399,1.8657861642651483
2019-06-19,47.76389181421512,47.811735172431156,47.19698378872574,47.330936431884766,84496800,47.46968460083008,46.3789176940918,46.10383987426758,46.45067596435547,43.663970947265625,46.26290435791016,44.490655708312985,46.39465309143066,1.980851616856687
2019-06-20,47.92894825704651,47.986358104546575,47.36921593118183,47.71127700805664,86056000,47.330936431884766,47.46968460083008,46.3789176940918,46.441104888916016,44.3050422668457,46.60352783203125,44.69015064239502,46.39812309265137,2.0968188778499113
2019-06-21,47.553407198246234,48.04377253215675,47.39792354850374,47.548622131347656,191202400,47.71127700805664,47.330936431884766,47.46968460083008,46.10383987426758,45.48429870605469,46.809960174560544,44.91882743835449,46.39300247192383,2.1486824657858183
2019-06-24,47.491215693151446,47.87872584119384,47.40271202381546,47.50078582763672,72881600,47.548622131347656,47.71127700805664,47.330936431884766,46.3789176940918,46.065555572509766,46.953483200073244,45.15336589813232,46.39488380432129,2.1623470528420445
2019-06-25,47.46490339125709,47.66344170794164,46.71380842991327,46.78078842163086,84281200,47.50078582763672,47.548622131347656,47.71127700805664,47.46968460083008,46.5989875793457,46.971663284301755,45.360754776000974,46.38274642944336,2.106072203511852
2019-06-26,47.30702611814578,48.07725759186515,47.20656161939147,47.792606353759766,104270000,46.78078842163086,47.50078582763672,47.548622131347656,47.330936431884766,46.45067596435547,47.105856323242186,45.628900146484376,46.389129638671875,2.054008115265389
2019-06-27,47.90982142160545,48.21600368750745,47.73759914382003,47.778263092041016,83598800,47.792606353759766,46.78078842163086,47.50078582763672,47.71127700805664,46.441104888916016,47.23957214355469,45.88532543182373,46.39513069152832,1.981352918358377
2019-06-28,47.52469168182497,47.72083923918838,47.1347945750101,47.342899322509766,124442400,47.778263092041016,47.792606353759766,46.78078842163086,47.548622131347656,46.10383987426758,47.363478088378905,46.15861415863037,46.37393363952637,1.7644820773323628
2019-07-01,48.59871861867151,48.91446732715429,47.99592795243673,48.211212158203125,109012000,47.342899322509766,47.778263092041016,47.792606353759766,47.50078582763672,46.3789176940918,47.54670753479004,46.496487617492676,46.366623916625976,1.4317585669855257
2019-07-02,48.17772417850372,48.58915232452939,48.16576333648064,48.49346923828125,67740800,48.211212158203125,47.342899322509766,47.778263092041016,46.78078842163086,47.46968460083008,47.649085998535156,46.7726469039917,46.36176635742188,1.2349570721771093
2019-07-03,48.62502883489124,48.90250429660593,48.483900395720205,48.895328521728516,45448000,48.49346923828125,48.211212158203125,47.342899322509766,47.792606353759766,47.330936431884766,47.80552520751953,47.03421478271484,46.35088722229004,1.0870243394128092
2019-07-05,48.6417651514746,49.05558390419779,48.53412124966637,48.85226058959961,69062000,48.895328521728516,48.49346923828125,48.211212158203125,47.778263092041016,47.71127700805664,47.91962356567383,47.26157569885254,46.340671615600584,0.9534939788361041
2019-07-08,48.034190594932134,48.17531900929946,47.46010680601736,47.84522247314453,101354400,48.85226058959961,48.895328521728516,48.49346923828125,47.342899322509766,47.548622131347656,47.949283599853516,47.37962188720703,46.31927520751953,0.8638072574416882
2019-07-09,47.649091215132835,48.201647872072776,47.555802476298,48.13706588745117,82312000,47.84522247314453,48.85226058959961,48.895328521728516,48.211212158203125,47.50078582763672,48.01291160583496,47.483197402954104,46.308385620117186,0.8210868909403578
2019-07-10,48.28297482406582,48.73267256467266,48.21360412874839,48.61307144165039,71588400,48.13706588745117,47.84522247314453,48.85226058959961,48.49346923828125,46.78078842163086,48.196139907836915,47.58390159606934,46.30553886413574,0.8303915249016836
2019-07-11,48.6321995013914,48.89053831965134,48.24947816503057,48.2590446472168,80767200,48.61307144165039,48.13706588745117,47.84522247314453,48.895328521728516,47.792606353759766,48.24278373718262,47.6743200302124,46.314388275146484,0.7983390504641483
2019-07-12,48.426494590976,48.79725880699689,48.36669402871252,48.629817962646484,70380800,48.2590446472168,48.61307144165039,48.13706588745117,48.85226058959961,47.778263092041016,48.32793922424317,47.783755683898924,46.283711166381835,0.7699006435771968
2019-07-15,48.81878382184684,49.2445635130071,48.79725649643611,49.086692810058594,67789600,48.629817962646484,48.2590446472168,48.61307144165039,47.84522247314453,47.342899322509766,48.50231857299805,47.932898330688474,46.268700408935544,0.7142478732381399
2019-07-16,48.93838981534798,49.301978274892384,48.67766022623897,48.91686248779297,67467200,49.086692810058594,48.629817962646484,48.2590446472168,48.13706588745117,48.211212158203125,48.57288360595703,48.05979557037354,46.237902603149415,0.6458010903983377
2019-07-17,48.80921022118632,49.05797890617675,48.62263279495951,48.64176940917969,56430000,48.91686248779297,49.086692810058594,48.629817962646484,48.61307144165039,48.49346923828125,48.587713623046874,48.11839981079102,46.217186737060544,0.6426055257029339
2019-07-18,48.797255539973115,49.246956906066245,48.725494140074105,49.194332122802734,74162400,48.64176940917969,48.91686248779297,49.086692810058594,48.2590446472168,48.895328521728516,48.6176139831543,48.21156959533691,46.23430511474609,0.6573397328579184
2019-07-19,49.22543030950413,49.39526551603992,48.40496832917344,48.459983825683594,83717200,49.194332122802734,48.64176940917969,48.91686248779297,48.629817962646484,48.85226058959961,48.578386306762695,48.24900493621826,46.23654602050781,0.6486100046899363
2019-07-22,48.71353210630533,49.56987651762095,48.7039656231899,49.56748580932617,89111600,48.459983825683594,49.194332122802734,48.64176940917969,49.086692810058594,47.84522247314453,48.75061264038086,48.34994812011719,46.27132637023926,0.6896707466676625
2019-07-23,49.86409602597792,49.97173629421098,49.5842262186613,49.95499038696289,73420800,49.56748580932617,48.459983825683594,49.194332122802734,48.91686248779297,48.13706588745117,48.93240509033203,48.4726583480835,46.32710830688477,0.7466133049631846
2019-07-24,49.67513109219279,50.029149402153855,49.555529966536255,49.91433334350586,59966400,49.95499038696289,49.56748580932617,48.459983825683594,48.64176940917969,48.61307144165039,49.062531280517575,48.62933559417725,46.43690216064453,0.7002347302430841
2019-07-25,49.96694883497979,50.05067106733842,49.45027119228103,49.5196418762207,55638400,49.91433334350586,49.95499038696289,49.56748580932617,49.194332122802734,48.2590446472168,49.18859100341797,48.715687370300294,46.524737243652346,0.6981042653469952
2019-07-26,49.62967672847252,50.1678817358878,49.54834884778114,49.691871643066406,70475600,49.5196418762207,49.91433334350586,49.95499038696289,48.459983825683594,48.629817962646484,49.29479637145996,48.81136779785156,46.60520492553711,0.6939861333824615
2019-07-29,49.864098572785444,50.385557683272346,49.85931350619357,50.155921936035156,86693600,49.691871643066406,49.5196418762207,49.91433334350586,49.56748580932617,49.086692810058594,49.40171928405762,48.952018928527835,46.69897232055664,0.6651667645841325
2019-07-30,49.9358620581026,50.27074740921103,49.58901951404553,49.94064712524414,135742800,50.155921936035156,49.691871643066406,49.5196418762207,49.95499038696289,48.91686248779297,49.50409774780273,49.03849067687988,46.793600997924806,0.676116365123225
2019-07-31,51.76814519291497,52.95219547888276,50.54343096661381,50.95964050292969,277125600,49.94064712524414,50.155921936035156,49.691871643066406,49.91433334350586,48.64176940917969,49.73588485717774,49.1617992401123,46.93688316345215,0.7872404064977259
2019-08-01,51.16535872118057,52.15326516054023,49.45267342174729,49.8569221496582,216071600,50.95964050292969,49.94064712524414,50.155921936035156,49.5196418762207,49.194332122802734,49.80214385986328,49.20987892150879,47.04131889343262,0.7993799503426701
2019-08-02,49.163234154260714,49.37851470178692,48.23034691506533,48.802040100097656,163448400,49.8569221496582,50.95964050292969,49.94064712524414,49.691871643066406,48.459983825683594,49.83634948730469,49.20736789703369,47.14293212890625,0.8006403135925309
2019-08-05,47.35965283602837,47.517523540558116,46.065567840975476,46.24736022949219,209572000,48.802040100097656,49.8569221496582,50.95964050292969,50.155921936035156,49.56748580932617,49.50433692932129,49.127474784851074,47.20837760925293,0.9988946620571567
2019-08-06,46.95779455449021,47.37879286336873,46.41480440834536,47.12284469604492,143299200,46.24736022949219,48.802040100097656,49.8569221496582,49.94064712524414,49.95499038696289,49.221122360229494,49.07676372528076,47.29463417053223,1.0746901670881368
2019-08-07,46.742507730135785,47.735195505332065,46.36217706782614,47.610809326171875,133457600,47.12284469604492,46.24736022949219,48.802040100097656,50.95964050292969,49.91433334350586,48.990769958496095,49.02665061950684,47.39419013977051,1.1198685413557035
2019-08-08,47.88829307510755,48.684837061406505,47.69453982302289,48.66091537475586,108038000,47.610809326171875,47.12284469604492,46.24736022949219,49.8569221496582,49.5196418762207,48.90489730834961,49.046744155883786,47.51881446838379,1.1089225160374068
2019-08-09,48.33435586806552,48.68491595492223,47.851730305039446,48.25992202758789,98478800,48.66091537475586,47.610809326171875,47.12284469604492,48.802040100097656,49.691871643066406,48.761702346801755,49.02824935913086,47.63101776123047,1.1192782976860827
2019-08-12,47.93097076329877,48.51444257030938,47.81811826695935,48.13746643066406,89927600,48.25992202758789,48.66091537475586,47.610809326171875,46.24736022949219,50.155921936035156,48.55985679626465,48.98078804016113,47.75622459411621,1.1366599569855798
2019-08-13,48.267131545137225,50.937165649678846,48.13746950693572,50.1760139465332,188874000,48.13746643066406,48.25992202758789,48.66091537475586,47.12284469604492,49.94064712524414,48.58339347839355,49.043745613098146,47.930670013427736,1.16738859875792
2019-08-14,48.78095677565512,49.568520645476625,48.64409173261856,48.68251037597656,146189600,50.1760139465332,48.13746643066406,48.25992202758789,47.610809326171875,50.95964050292969,48.35568046569824,49.04578266143799,48.04491455078125,1.1666855821963624
2019-08-15,48.852993722567405,49.25637851041577,47.94297083087483,48.44000244140625,108909600,48.68251037597656,50.1760139465332,48.13746643066406,48.66091537475586,49.8569221496582,48.21398849487305,49.008066177368164,48.14043518066406,1.173801780439383
2019-08-16,49.04988847143179,49.74140951677776,48.944239015747925,49.58293533325195,110481600,48.44000244140625,48.68251037597656,50.1760139465332,48.25992202758789,48.802040100097656,48.29207801818848,49.06421375274658,48.245993041992186,1.1730623677329064
2019-08-19,50.57219353284465,51.07882804853604,50.43052887765902,50.50736618041992,97654400,49.58293533325195,48.44000244140625,48.68251037597656,48.13746643066406,46.24736022949219,48.71807861328125,49.11120777130127,48.34645439147949,1.2124500741582092
2019-08-20,50.634616760971866,51.227691316707656,50.50015516617898,50.50975799560547,107537200,50.50736618041992,49.58293533325195,48.44000244140625,50.1760139465332,47.12284469604492,49.056769943237306,49.1389461517334,48.435338439941404,1.2388291105255984
2019-08-21,51.14126462439481,51.29973516626406,50.80751034118719,51.05722427368164,86141600,50.50975799560547,50.50736618041992,49.58293533325195,48.68251037597656,47.610809326171875,49.40141143798828,49.19609069824219,48.52450317382812,1.3012647574105045
2019-08-22,51.189276167751544,51.48941498513007,50.60340461002002,51.01399612426758,89014800,51.05722427368164,50.50975799560547,50.50736618041992,48.44000244140625,48.66091537475586,49.63671951293945,49.270808410644534,48.61576957702637,1.3622919822077357
2019-08-23,50.286469354040136,50.91556297045818,48.262334401212634,48.6561164855957,187272000,51.01399612426758,51.05722427368164,50.50975799560547,49.58293533325195,48.25992202758789,49.67633895874023,49.21902065277099,48.66006980895996,1.3651269833102582
2019-08-26,49.429257136875236,49.748605248722136,49.237167578736795,49.580528259277344,104174400,48.6561164855957,51.01399612426758,51.05722427368164,50.50736618041992,48.13746643066406,49.82064514160156,49.19025096893311,48.72960357666015,1.3503257262307387
2019-08-27,49.90948253160488,50.07515974076012,48.86980125519638,49.02107238769531,103493200,49.580528259277344,48.6561164855957,51.01399612426758,50.50975799560547,50.1760139465332,49.70515098571777,49.14427223205566,48.782446670532224,1.339038498081391
2019-08-28,49.00667191279658,49.395650682194926,48.819385567248915,49.35002899169922,63755200,49.02107238769531,49.580528259277344,48.6561164855957,51.05722427368164,48.68251037597656,49.771902847290036,49.06379165649414,48.820053558349606,1.270820069087715
2019-08-29,50.0631602076527,50.260053051987526,49.621356699521705,50.18561553955078,83962000,49.35002899169922,49.02107238769531,49.580528259277344,51.01399612426758,48.44000244140625,49.946464157104494,49.08022632598877,48.87714714050293,1.2836772874935183
2019-08-30,50.46173818969739,50.5313687808023,49.751007883111264,50.12078094482422,84573600,50.18561553955078,49.35002899169922,49.02107238769531,48.6561164855957,49.58293533325195,50.000248718261716,49.146163368225096,48.92533721923828,1.30236894800518
2019-09-03,49.56612630727239,49.69818812822895,49.03548289552534,49.390846252441406,80092000,50.12078094482422,50.18561553955078,49.35002899169922,49.580528259277344,50.50736618041992,49.88859672546387,49.30333766937256,48.96218170166016,1.1095249698504415
2019-09-04,50.03675026808803,50.29847047880786,49.77983330506893,50.22883987426758,76752400,49.390846252441406,50.12078094482422,50.18561553955078,49.02107238769531,50.50975799560547,49.860504913330075,49.458637428283694,49.01674278259277,1.0002502828341948
2019-09-05,50.903553620893206,51.37657278490871,50.785897861950716,51.21089553833008,95654800,50.22883987426758,49.390846252441406,50.12078094482422,49.35002899169922,51.05722427368164,49.87587203979492,49.6386417388916,49.105344924926754,0.9737994144048194
2019-09-06,51.39577117230135,51.48461108870742,51.0259981022255,51.20608139038086,77449200,51.21089553833008,50.22883987426758,49.390846252441406,50.18561553955078,51.01399612426758,49.89508056640625,49.76590003967285,49.17361442565918,1.0051039591685105
2019-09-09,51.58546887972169,51.96964811295189,50.68025265249834,51.42459487915039,109237600,51.20608139038086,51.21089553833008,50.22883987426758,50.12078094482422,48.6561164855957,50.17192840576172,49.924133682250975,49.246541061401366,1.004646743119273
2019-09-10,51.35014804449725,52.05127185370454,50.83391076513622,52.03206253051758,127111600,51.42459487915039,51.20608139038086,51.21089553833008,49.390846252441406,49.580528259277344,50.41708183288574,50.11886348724365,49.340324325561525,1.0174730492526578
2019-09-11,52.3610251708255,53.71525152055803,52.27938461882768,53.68643569946289,177158400,52.03206253051758,51.42459487915039,51.20608139038086,50.22883987426758,49.02107238769531,50.8836181640625,50.29438457489014,49.44982879638672,1.2932604447955733
2019-09-12,53.976971102844466,54.365949877044244,53.51115502500784,53.56637954711914,128906800,53.68643569946289,52.03206253051758,51.42459487915039,51.21089553833008,49.35002899169922,51.305253219604495,50.538578033447266,49.55128700256348,1.4270531422353225
2019-09-13,52.82443464006696,53.014120770564304,52.10890468762575,52.524295806884766,159053200,53.56637954711914,53.68643569946289,52.03206253051758,51.20608139038086,50.18561553955078,51.53912124633789,50.74279270172119,49.6238663482666,1.402968951338569
2019-09-16,52.27937831072937,52.855647033642335,52.23855987155783,52.800418853759766,84632400,52.524295806884766,53.56637954711914,53.68643569946289,51.42459487915039,50.12078094482422,51.807085037231445,50.90366687774658,49.7028295135498,1.446757935343427
2019-09-17,52.81483190453855,53.02132756869173,52.61313582378596,52.99251174926758,73274800,52.800418853759766,52.524295806884766,53.56637954711914,52.03206253051758,49.390846252441406,52.16725158691406,51.027924156188966,49.805775299072266,1.5159933893718522
2019-09-18,53.07895615977941,53.50875705605579,52.68997737232846,53.48954772949219,101360000,52.99251174926758,52.800418853759766,52.524295806884766,53.68643569946289,50.22883987426758,52.49332237243652,51.1769136428833,49.912824935913086,1.6061333149019927
2019-09-19,53.307049108889316,53.72724341657254,52.91326716138404,53.054935455322266,88242400,53.48954772949219,52.99251174926758,52.800418853759766,53.56637954711914,51.21089553833008,52.677726364135744,51.27679920196533,50.001662216186524,1.659529390554302
2019-09-20,53.155796135159825,53.43912547264002,52.21696086112126,52.279388427734375,221652400,53.054935455322266,53.48954772949219,52.99251174926758,52.524295806884766,51.20608139038086,52.785057067871094,51.34006881713867,50.082069091796875,1.6730491699770047
2019-09-23,52.57231054140675,52.78600921665871,52.260165462190585,52.517086029052734,76662000,52.279388427734375,53.054935455322266,53.48954772949219,52.800418853759766,51.42459487915039,52.89430618286133,51.53311729431152,50.159814453125,1.5664104470920925
2019-09-24,53.071745622463716,53.42230937106519,52.14972006049818,52.267372131347656,124763200,52.517086029052734,52.279388427734375,53.054935455322266,52.99251174926758,52.03206253051758,52.917837142944336,51.66745948791504,50.22342803955078,1.5041129894000425
2019-09-25,52.47626488474743,53.184591670853635,52.137707462518556,53.071739196777344,87613600,52.267372131347656,52.517086029052734,52.279388427734375,53.48954772949219,53.68643569946289,52.85636749267578,51.86999282836914,50.30652557373047,1.397987341810013
2019-09-26,52.824431771617654,53.05013674812319,52.543502278670516,52.79801940917969,75334000,53.071739196777344,52.267372131347656,52.517086029052734,53.054935455322266,53.56637954711914,52.779531478881836,52.042392349243165,50.38965057373047,1.2783539426270862
2019-09-27,52.95409485593707,53.05494473156102,52.17133407059121,52.541107177734375,101408000,52.79801940917969,53.071739196777344,52.267372131347656,52.279388427734375,52.524295806884766,52.781212615966794,52.16016693115235,50.456586074829104,1.204667819823371
2019-09-30,53.040529136604164,53.92413970007018,53.01411677472275,53.777671813964844,103909600,52.541107177734375,52.79801940917969,53.071739196777344,52.517086029052734,52.800418853759766,52.87893791198731,52.343011474609376,50.56293983459473,1.1553502742844095
2019-10-01,54.04179249498683,54.79814079095974,53.832893402806675,53.926536560058594,139223200,53.777671813964844,52.541107177734375,52.79801940917969,52.267372131347656,52.99251174926758,52.9723403930664,52.56979598999023,50.65012084960937,0.9767157302982841
2019-10-02,53.5591677213098,53.68402648733403,52.32739692001443,52.57471466064453,138449200,53.926536560058594,53.777671813964844,52.541107177734375,53.071739196777344,53.48954772949219,52.88085708618164,52.68708972930908,50.70251533508301,0.8068878148835577
2019-10-03,52.44746277412271,53.05494719260859,51.6550991210978,53.021331787109375,114426000,52.57471466064453,53.926536560058594,53.777671813964844,52.79801940917969,53.054935455322266,52.87749671936035,52.777611541748044,50.76465530395508,0.7305000257041416
2019-10-04,54.17865555013315,54.622862444828854,53.75846122523863,54.507606506347656,138478800,53.021331787109375,52.57471466064453,53.926536560058594,52.541107177734375,52.279388427734375,53.10031852722168,52.942687797546384,50.864414596557616,0.7297132681236015
2019-10-07,54.3299328547412,55.20873658677315,54.22668318942507,54.51961898803711,122306000,54.507606506347656,53.021331787109375,52.57471466064453,53.777671813964844,52.517086029052734,53.300571823120116,53.097439002990725,50.96096954345703,0.7189281048443115
2019-10-08,54.221881339577685,54.75972776925968,53.8641145411307,53.88092041015625,111820000,54.51961898803711,54.507606506347656,53.021331787109375,53.926536560058594,52.267372131347656,53.46192665100098,53.18988189697266,51.03546951293945,0.6931316079590162
2019-10-09,54.512420654296875,54.69490376434556,54.17866638461821,54.512420654296875,74770400,53.88092041015625,54.51961898803711,54.507606506347656,52.57471466064453,53.071739196777344,53.60599479675293,53.231181144714355,51.12690498352051,0.7468046888212156
2019-10-10,54.72850967565127,55.331190753868945,54.577242206069194,55.24715042114258,113013600,54.512420654296875,53.88092041015625,54.51961898803711,53.021331787109375,52.79801940917969,53.85090789794922,53.315219688415525,51.21265518188476,0.8707876724594974
2019-10-11,55.93387975980706,57.06000139993357,55.78020880305277,56.716644287109375,166795600,55.24715042114258,54.512420654296875,53.88092041015625,54.507606506347656,52.541107177734375,54.26846160888672,53.52483711242676,51.34984962463379,1.134912277270404
2019-10-14,56.40209028471779,57.17765169810714,56.34686576310509,56.6349983215332,96427600,56.716644287109375,55.24715042114258,54.512420654296875,54.51961898803711,53.777671813964844,54.55419425964355,53.71656608581543,51.5065087890625,1.315606976451904
2019-10-15,56.759854250095415,57.06239287164702,56.39728786256741,56.50293731689453,87360000,56.6349983215332,56.716644287109375,55.24715042114258,53.88092041015625,53.926536560058594,54.81183433532715,53.892087364196776,51.71162033081055,1.4420210266572038
2019-10-16,56.03472639321673,56.48373664287502,55.993907945757734,56.274837493896484,73903200,56.50293731689453,56.6349983215332,56.716644287109375,54.512420654296875,52.57471466064453,55.181846618652344,54.03135185241699,51.89466018676758,1.5327415453946946
2019-10-17,56.44771784318485,56.70223502398383,56.070745319870674,56.49333953857422,67585200,56.274837493896484,56.50293731689453,56.6349983215332,55.24715042114258,53.021331787109375,55.52904739379883,54.20327205657959,52.072310791015624,1.6084235418388548
2019-10-18,56.327652182971896,57.04558556492881,56.255618132854494,56.76465606689453,97433600,56.49333953857422,56.274837493896484,56.50293731689453,56.716644287109375,54.507606506347656,55.75475234985352,54.427535438537596,52.234385604858396,1.6384681236174758
2019-10-21,57.0311814328969,57.864367125177715,56.9831599524487,57.74911117553711,87247200,56.76465606689453,56.49333953857422,56.274837493896484,56.6349983215332,54.51961898803711,56.077701568603516,54.68913669586182,52.424169387817386,1.7323747334352348
2019-10-22,57.90519420446426,58.154908138327166,57.535421055865456,57.617061614990234,82293600,57.74911117553711,56.76465606689453,56.49333953857422,56.50293731689453,53.88092041015625,56.45131568908691,54.956621170043945,52.613761291503906,1.7516633293950241
2019-10-23,58.130888664552984,58.40461512439032,57.91958976088768,58.39020538330078,75828800,57.617061614990234,57.74911117553711,56.76465606689453,56.274837493896484,54.512420654296875,56.839094161987305,55.222544479370114,52.778045120239256,1.8513235711798948
2019-10-24,58.70954952666312,58.77918378053314,58.06125044639696,58.48624801635742,69275200,58.39020538330078,57.617061614990234,57.74911117553711,56.49333953857422,55.24715042114258,57.16300392150879,55.506955909729,52.974119873046874,1.8956490634845176
2019-10-25,58.38540931615225,59.242603940499954,58.31817850890162,59.20658874511719,73477200,58.48624801635742,58.39020538330078,57.617061614990234,56.76465606689453,56.716644287109375,57.41199836730957,55.840229988098145,53.18945159912109,1.9323535452812166
2019-10-28,59.40828511149882,59.847688843365425,59.24020808221215,59.79966735839844,96572800,59.20658874511719,58.48624801635742,58.39020538330078,57.74911117553711,56.6349983215332,57.7284652709961,56.141329765319824,53.39378623962402,2.0590696775874817
2019-10-29,59.780451077157984,59.9677374114046,58.24374175415912,58.41661834716797,142839600,59.79966735839844,59.20658874511719,58.48624801635742,57.617061614990234,56.50293731689453,57.91983337402344,56.365833854675294,53.55197128295899,2.0496364025681104
2019-10-30,58.76957895706002,58.89924097507983,57.917187665272955,58.4094123840332,124522000,58.41661834716797,59.79966735839844,59.20658874511719,58.39020538330078,56.274837493896484,58.13329086303711,56.657568740844724,53.70996437072754,1.8907061039401267
2019-10-31,59.365063861542914,59.82847648047376,56.96875268058943,59.73003005981445,139162000,58.4094123840332,58.41661834716797,59.79966735839844,58.48624801635742,56.49333953857422,58.456959915161136,56.99300365447998,53.8834204864502,1.8047902576082746
2019-11-01,59.917323202335595,61.45163300835245,59.82608347432118,61.42522430419922,151125200,59.73003005981445,58.4094123840332,58.41661834716797,59.20658874511719,56.76465606689453,58.923016738891604,57.33888454437256,54.091645050048825,1.9596293783478074
2019-11-04,61.78776829370831,61.912630719316276,61.31955618049986,61.828590393066406,103272000,61.42522430419922,59.73003005981445,58.4094123840332,59.79966735839844,57.74911117553711,59.33096466064453,57.70433311462402,54.355094528198244,2.0837838291999846
2019-11-05,61.720540736224365,61.99427084278033,61.54526436432109,61.73975372314453,79897600,61.828590393066406,61.42522430419922,59.73003005981445,58.41661834716797,57.617061614990234,59.743233871459964,58.09727478027344,54.598279037475585,2.06574846403748
2019-11-06,61.65331800351261,61.82619827037496,61.317163964504836,61.766170501708984,75864400,61.73975372314453,61.828590393066406,61.42522430419922,58.4094123840332,58.39020538330078,60.08083038330078,58.45996227264404,54.85318099975586,2.0398373256164817
2019-11-07,62.31284456311313,62.70058775080912,62.161119287475856,62.47901916503906,94940400,61.766170501708984,61.73975372314453,61.828590393066406,59.73003005981445,58.48624801635742,60.48010749816895,58.82155570983887,55.115760803222656,2.0809088603843735
2019-11-08,62.30081895457208,62.722274875332666,61.85768903983962,62.650028228759766,69986400,62.47901916503906,61.766170501708984,61.73975372314453,61.42522430419922,59.20658874511719,60.8244514465332,59.118224906921384,55.365049057006836,2.185354957317135
2019-11-11,62.206886797370636,63.211159215108815,62.20207280445758,63.14613723754883,81821200,62.650028228759766,62.47901916503906,61.766170501708984,61.828590393066406,59.79966735839844,61.15909843444824,59.44378185272217,55.62555618286133,2.2789386549744672
2019-11-12,62.9895835347863,63.288220102882214,62.83786560415839,63.08832550048828,87388800,63.14613723754883,62.650028228759766,62.47901916503906,61.73975372314453,58.41661834716797,61.62626914978027,59.773051261901855,55.89950576782226,2.3072361160594603
2019-11-13,62.88844372983046,63.767478813815906,62.87399440184441,63.69282150268555,102734400,63.08832550048828,63.14613723754883,62.650028228759766,61.766170501708984,58.4094123840332,62.154610061645506,60.14395046234131,56.168785400390625,2.3115181414394708
2019-11-14,63.51941415220653,63.7915553774023,63.122042983829644,63.25209426879883,89182800,63.69282150268555,63.08832550048828,63.14613723754883,62.47901916503906,59.73003005981445,62.50681648254395,60.48188819885254,56.409609375,2.2427516672206305
2019-11-15,63.50255217696832,64.0083006253325,63.34119892343502,64.00348663330078,100206400,63.25209426879883,63.69282150268555,63.08832550048828,62.650028228759766,61.42522430419922,62.7646427154541,60.84382972717285,56.6655574798584,2.1948812842586287
2019-11-18,64.01312410296957,64.40568132510607,63.635023558282754,64.32621002197266,86703200,64.00348663330078,63.25209426879883,63.69282150268555,63.14613723754883,61.828590393066406,63.014404678344725,61.17268466949463,56.92358978271484,2.1995137181440008
2019-11-19,64.51887757210454,64.54296223689062,63.91439437873861,64.13114166259766,76167200,64.32621002197266,64.00348663330078,63.25209426879883,63.08832550048828,61.73975372314453,63.25354347229004,61.498388671875,57.16557136535644,2.1263720259332017
2019-11-20,63.95052001576698,64.0805639810246,62.71264022711498,63.38456344604492,106234400,64.13114166259766,64.32621002197266,64.00348663330078,63.69282150268555,61.766170501708984,63.41538276672363,61.74810657501221,57.35953392028809,2.0333712369926564
2019-11-21,63.50497968466305,63.58204767524024,62.90048911733583,63.10038375854492,121395200,63.38456344604492,64.13114166259766,64.32621002197266,63.25209426879883,62.47901916503906,63.47751922607422,61.978813362121585,57.550214004516604,1.9012709468477393
2019-11-22,63.240052360746795,63.38214231017823,62.81859650494602,63.044979095458984,65325200,63.10038375854492,63.38456344604492,64.13114166259766,64.00348663330078,62.650028228759766,63.51701431274414,62.17073287963867,57.76062767028809,1.7976096858848907
2019-11-25,63.26897510656946,64.16728114713578,63.22321643683277,64.15042114257812,84020400,63.044979095458984,63.10038375854492,63.38456344604492,64.32621002197266,63.14613723754883,63.61744270324707,62.38827056884766,57.98762771606445,1.7583989736604804
2019-11-26,64.2876744119495,64.34065772923968,63.21838008089831,63.649471282958984,105207600,64.15042114257812,63.044979095458984,63.10038375854492,64.13114166259766,63.08832550048828,63.67355728149414,62.649913215637206,58.20076690673828,1.5077840212457303
2019-11-27,63.96012738993233,64.53812978101467,63.895105428258134,64.50440979003906,65235600,63.649471282958984,64.15042114257812,63.044979095458984,63.38456344604492,63.69282150268555,63.754716110229495,62.9546630859375,58.42106414794922,1.1875383874665761
2019-11-29,64.20580352668654,64.54296680875088,64.0372182108502,64.36234283447266,46617600,64.50440979003906,63.649471282958984,64.15042114257812,63.10038375854492,63.25209426879883,63.86574096679688,63.18627872467041,58.64721229553223,0.9543553639026864
2019-12-02,64.36712854544369,64.60314641398823,63.447156426385185,63.61814498901367,94487200,64.36234283447266,64.50440979003906,63.649471282958984,63.044979095458984,64.00348663330078,63.82720680236817,63.295924758911134,58.873987426757814,0.8629764829847223
2019-12-03,62.20930043557878,62.503115708653056,61.722822542288654,62.48385238647461,114430400,63.61814498901367,64.36234283447266,64.50440979003906,64.15042114257812,64.32621002197266,63.64297103881836,63.328687858581546,59.07332275390625,0.8154676661567104
2019-12-04,62.874008927329,63.413470229056855,62.780080924112625,63.035362243652344,67181600,62.48385238647461,63.61814498901367,64.36234283447266,63.649471282958984,64.13114166259766,63.53339309692383,63.39346828460693,59.288682556152345,0.7295334101540986
2019-12-05,63.529052579721196,64.03480106846754,63.27377133913998,63.96013641357422,74424400,63.035362243652344,62.48385238647461,63.61814498901367,64.50440979003906,63.38456344604492,63.590950393676756,63.503166580200194,59.506450500488285,0.6301420603045131
2019-12-06,64.4177276122505,65.26545336433453,64.3743722789269,65.19561004638672,106075600,63.96013641357422,63.035362243652344,62.48385238647461,64.36234283447266,63.10038375854492,63.800473022460935,63.63899612426758,59.75440231323242,0.6879027993055754
2019-12-09,65.024595735291,65.21725826429457,63.798762571715265,64.2828369140625,128042400,65.19561004638672,63.96013641357422,63.035362243652344,63.61814498901367,63.044979095458984,63.92425880432129,63.72063655853272,59.98923690795898,0.6607079623473662
2019-12-10,64.68744509771174,65.04146825890689,64.02756074204926,64.6585464477539,90420400,64.2828369140625,65.19561004638672,63.96013641357422,62.48385238647461,64.15042114257812,63.975071334838866,63.79625701904297,60.20685440063477,0.677822427771352
2019-12-11,64.73802401273718,65.28953113493121,64.6633667099047,65.21005249023438,78756800,64.6585464477539,64.2828369140625,65.19561004638672,63.035362243652344,63.649471282958984,64.13112945556641,63.902343368530275,60.43252471923828,0.7255482847530691
2019-12-12,64.48997619221315,65.64115256416365,64.3791955584024,65.37623596191406,137310400,65.21005249023438,64.6585464477539,64.2828369140625,63.96013641357422,64.50440979003906,64.2183120727539,63.9865140914917,60.68855514526367,0.7943468587840512
2019-12-13,65.37625243087754,66.30104642565348,65.24861176531338,66.26492309570312,133587600,65.37623596191406,65.21005249023438,64.6585464477539,65.19561004638672,64.36234283447266,64.40857009887695,64.13715553283691,60.95342697143555,0.923000540190229
2019-12-16,66.71043240289573,67.623187308464,66.70561841103523,67.39920806884766,128186000,66.26492309570312,65.37623596191406,65.21005249023438,64.2828369140625,63.61814498901367,64.78667640686035,64.30694160461425,61.211259002685544,1.175030640501649
2019-12-17,67.32939453528536,67.85922045100963,67.14394921761478,67.53169250488281,114158400,67.39920806884766,66.26492309570312,65.37623596191406,64.6585464477539,62.48385238647461,65.29146041870118,64.46721572875977,61.47150047302246,1.3787510426717322
2019-12-18,67.38475724722979,67.89050566637485,67.22099333233885,67.37030792236328,116028400,67.53169250488281,67.39920806884766,66.26492309570312,65.21005249023438,63.035362243652344,65.72495498657227,64.62917404174804,61.7412882232666,1.5201890969528786
2019-12-19,67.31252943237541,67.71712534090744,67.1800748008847,67.43775939941406,98369200,67.37030792236328,67.53169250488281,67.39920806884766,65.37623596191406,63.96013641357422,66.07271728515624,64.8318338394165,61.999794998168944,1.61287907374445
2019-12-20,67.97000364021376,68.07114894305518,67.08614715319112,67.29808044433594,275978000,67.43775939941406,67.37030792236328,67.53169250488281,66.26492309570312,65.19561004638672,66.28296432495117,65.04171867370606,62.24081359863281,1.6484381648662285
2019-12-23,67.5605836287108,68.45647873677,67.52204963647512,68.39627075195312,98572000,67.29808044433594,67.43775939941406,67.37030792236328,67.39920806884766,64.2828369140625,66.69430770874024,65.30928325653076,62.47440612792969,1.739084058182304
2019-12-24,68.562448734815,68.61061806486987,68.13617882730028,68.46129608154297,48478800,68.39627075195312,67.29808044433594,67.43775939941406,67.53169250488281,64.6585464477539,67.07458267211913,65.524827003479,62.71093208312988,1.8514133318255896
2019-12-26,68.59377651700305,69.83647060071867,68.56487785103917,69.81961059570312,93121200,68.46129608154297,68.39627075195312,67.29808044433594,67.37030792236328,65.21005249023438,67.53553848266601,65.83333396911621,62.97726554870606,2.028112568875503
2019-12-27,70.11099073385043,70.79736320865955,69.38849493923185,69.7930908203125,146266000,69.81961059570312,68.46129608154297,68.39627075195312,67.43775939941406,65.37623596191406,67.97722396850585,66.09776802062989,63.24763061523438,2.1844751115114422
2019-12-30,69.7112155576161,70.48910541724575,68.69009042144484,70.20732879638672,144114400,69.7930908203125,69.81961059570312,68.46129608154297,67.29808044433594,66.26492309570312,68.37146453857422,66.39001731872558,63.521910400390624,2.3264530817668443
2019-12-31,69.82441870841632,70.7275386917613,69.72567670828415,70.7203140258789,100805600,70.20732879638672,69.7930908203125,69.81961059570312,68.39627075195312,67.39920806884766,68.70357513427734,66.74512577056885,63.80102355957031,2.421194224691778
2020-01-02,71.34406947838406,72.39410082239243,71.09119881769524,72.33389282226562,135480400,70.7203140258789,70.20732879638672,69.7930908203125,68.46129608154297,67.53169250488281,69.18379516601563,67.2376277923584,64.09271919250489,2.5089959144387866
2020-01-03,71.56320547713457,72.38925722098051,71.40666619485818,71.6306381225586,146322800,72.33389282226562,70.7203140258789,70.20732879638672,69.81961059570312,67.37030792236328,69.60982818603516,67.66739158630371,64.37299072265625,2.487354493204389
2020-01-06,70.75401351048198,72.23994237629597,70.50354624985978,72.20140838623047,118387200,71.6306381225586,72.33389282226562,70.7203140258789,69.7930908203125,67.43775939941406,70.0861930847168,68.07945518493652,64.64921478271485,2.5232534800003137
2020-01-07,72.21105649751387,72.46633779595872,71.6426965801033,71.86185455322266,108872000,72.20140838623047,71.6306381225586,72.33389282226562,70.20732879638672,67.29808044433594,70.54257049560547,68.41276741027832,64.91672691345215,2.56225020111504
2020-01-08,71.56559876638666,73.31885447118653,71.56559876638666,73.01781463623047,132079200,71.86185455322266,72.20140838623047,71.6306381225586,70.7203140258789,68.39627075195312,71.00472488403321,68.84951629638672,65.19295143127441,2.565689996744524
2020-01-09,73.99318724898775,74.76144156312063,73.74272737606113,74.56877899169922,170108400,73.01781463623047,71.86185455322266,72.20140838623047,72.33389282226562,68.46129608154297,71.61547317504883,69.34502792358398,65.48833366394042,2.6686053925381703
2020-01-10,74.80239504412852,75.30091887725054,74.23643856809193,74.73736572265625,140644800,74.56877899169922,73.01781463623047,71.86185455322266,71.6306381225586,69.81961059570312,72.10724868774415,69.82139358520507,65.8147486114502,2.7409990525359413
2020-01-13,75.05288582822318,76.36060178633993,74.93487315391599,76.3341064453125,121532000,74.73736572265625,74.56877899169922,73.01781463623047,72.20140838623047,69.7930908203125,72.76135025024413,70.369287109375,66.17324249267578,2.8964651463811415
2020-01-14,76.27145539086204,76.48097793968802,75.18048732487429,75.30330657958984,161954400,76.3341064453125,74.73736572265625,74.56877899169922,71.86185455322266,70.20732879638672,73.27094802856445,70.82120628356934,66.48470802307129,2.927319790088728
2020-01-15,75.10344034713454,75.98247543934815,74.54952248725758,74.9806137084961,121923600,75.30330657958984,76.3341064453125,74.73736572265625,73.01781463623047,70.7203140258789,73.69697799682618,71.20027656555176,66.75581581115722,2.9516412444853093
2020-01-16,75.52248200660513,76.03064118697364,75.16123412136378,75.91985321044922,108829200,74.9806137084961,75.30330657958984,76.3341064453125,74.56877899169922,72.33389282226562,74.05557403564453,71.61968460083008,67.03764106750488,2.9985028490769974
2020-01-17,76.16791647174253,76.76277166888072,75.86206254796348,76.76036834716797,137816400,75.91985321044922,74.9806137084961,75.30330657958984,74.73736572265625,71.6306381225586,74.56854705810547,72.08918762207031,67.33805335998535,3.033064568592942
2020-01-21,76.38947268651397,76.83019183971173,76.1028821310267,76.24015808105469,110843200,76.76036834716797,75.91985321044922,74.9806137084961,76.3341064453125,72.20140838623047,74.9724220275879,72.52930755615235,67.62753311157226,2.960359090781964
2020-01-22,76.72423978617735,77.06381371935198,76.41838585398544,76.51231384277344,101832400,76.24015808105469,76.76036834716797,75.91985321044922,75.30330657958984,71.86185455322266,75.43746795654297,72.99001922607422,67.90819900512696,2.816906572343682
2020-01-23,76.56529382668359,76.96025438766408,76.01860061750638,76.88078308105469,104472000,76.51231384277344,76.24015808105469,76.76036834716797,74.9806137084961,73.01781463623047,75.82376480102539,73.4142448425293,68.19281410217285,2.726096698361627
2020-01-24,77.12642473209515,77.86818383448923,76.46895092458591,76.65921020507812,146537600,76.88078308105469,76.51231384277344,76.24015808105469,75.91985321044922,74.56877899169922,76.03280792236328,73.82414054870605,68.46307556152344,2.5529989583345287
2020-01-27,74.67236453066312,75.08418516629278,73.42485661478304,74.40504455566406,161940000,76.65921020507812,76.88078308105469,76.51231384277344,76.76036834716797,74.73736572265625,75.99957580566407,74.0534122467041,68.68940994262695,2.374072107212348
2020-01-28,75.28406170066347,76.68088393464757,75.18531972883665,76.50989532470703,162234000,74.40504455566406,76.65921020507812,76.88078308105469,76.24015808105469,76.3341064453125,76.01715469360352,74.38925247192383,68.94575141906738,2.2090286785856024
2020-01-29,78.13793027321145,78.95675744540253,77.39857441186852,78.11143493652344,216229200,76.50989532470703,74.40504455566406,76.65921020507812,76.51231384277344,75.30330657958984,76.29796752929687,74.78445777893066,69.24293823242188,2.127003802380559
2020-01-30,77.19626294921763,78.05121329496869,76.76517176985938,77.99822998046875,126743200,78.11143493652344,76.50989532470703,74.40504455566406,76.88078308105469,74.9806137084961,76.59972915649413,75.14835357666016,69.52283309936523,2.0147015270295685
2020-01-31,77.29021440201876,77.71167041513803,74.24610164905711,74.5399169921875,199588400,77.99822998046875,78.11143493652344,76.50989532470703,76.65921020507812,75.91985321044922,76.46173553466797,75.25865478515625,69.72710723876953,1.9101818764972647
2020-02-03,73.28516622775322,75.49841264105945,72.7842389592195,74.33519744873047,173788400,74.5399169921875,77.99822998046875,78.11143493652344,74.40504455566406,76.76036834716797,76.21921844482422,75.39388275146484,69.93118835449219,1.7267498785038222
2020-02-04,75.93671379066781,76.9795201431656,75.53211792000401,76.78926086425781,136616400,74.33519744873047,74.5399169921875,77.99822998046875,76.50989532470703,76.24015808105469,76.27412872314453,75.6232753753662,70.19928230285645,1.5787137619680924
2020-02-05,77.91396003658885,78.21259669148851,76.81336346644713,77.41544342041016,118826800,76.78926086425781,74.33519744873047,74.5399169921875,78.11143493652344,76.51231384277344,76.3644416809082,75.90095481872558,70.48558349609375,1.3548328298015715
2020-02-06,77.68515330009288,78.32335641079244,77.12883215929374,78.3209457397461,105425600,77.41544342041016,76.78926086425781,74.33519744873047,77.99822998046875,76.88078308105469,76.50845794677734,76.16611137390137,70.79110282897949,1.2776122199820865
2020-02-07,77.82125391424971,78.06989925267796,76.76632167871378,77.2563705444336,117684000,78.3209457397461,77.41544342041016,76.78926086425781,74.5399169921875,76.65921020507812,76.56817398071288,76.30049095153808,71.0532218170166,1.2415949761302283
2020-02-10,75.84414097834794,77.62328338623047,75.76448107418051,77.62328338623047,109348800,77.2563705444336,78.3209457397461,77.41544342041016,74.33519744873047,74.40504455566406,76.88999786376954,76.4447868347168,71.33269805908203,1.2178409911839476
2020-02-11,78.11817322586252,78.19059132825674,76.93770658748598,77.15496826171875,94323200,77.62328338623047,77.2563705444336,78.3209457397461,76.78926086425781,76.50989532470703,76.9545051574707,76.4858299255371,71.58570922851563,1.227706756537915
2020-02-12,77.60398368209574,78.9920538114317,77.60398368209574,78.98722839355469,113730400,77.15496826171875,77.62328338623047,77.2563705444336,77.41544342041016,78.11143493652344,77.04208450317383,76.67002601623535,71.87820693969726,1.3142554937952178
2020-02-13,78.26059867524006,78.75064746940821,78.05782062596876,78.42475128173828,94747600,78.98722839355469,77.15496826171875,77.62328338623047,78.3209457397461,77.99822998046875,77.08473663330078,76.84223289489746,72.17433906555176,1.3068629611870486
2020-02-14,78.3933612458328,78.69270656111114,77.93711251400148,78.44406127929688,80113600,78.42475128173828,78.98722839355469,77.15496826171875,77.2563705444336,74.5399169921875,77.47515106201172,76.96844329833985,72.4935432434082,1.3346873033977393
2020-02-18,76.12900107799734,77.1887659353896,75.94794846047884,77.0077133178711,152531200,78.44406127929688,78.42475128173828,78.98722839355469,77.62328338623047,74.33519744873047,77.74240264892578,76.980810546875,72.77299026489258,1.3338034600655455
2020-02-19,77.24912158938099,78.35233737517142,77.24912158938099,78.12300109863281,93984000,77.0077133178711,78.44406127929688,78.42475128173828,77.15496826171875,76.78926086425781,77.87577667236329,77.0749526977539,73.05624755859375,1.3451742211861222
2020-02-20,77.88403818760548,78.3716707670257,76.8170311225917,77.32156372070312,100566000,78.12300109863281,77.0077133178711,78.44406127929688,78.98722839355469,77.41544342041016,77.86638870239258,77.11541519165038,73.29876663208007,1.339518575513916
2020-02-21,76.91600019658557,77.3577728316972,74.9558044913532,75.57138061523438,129554000,77.32156372070312,78.12300109863281,77.0077133178711,78.42475128173828,78.3209457397461,77.5914321899414,77.04994506835938,73.52453750610351,1.382887027272272
2020-02-24,71.75960997813098,73.43011814732492,69.8211400810818,71.98169708251953,222195200,75.57138061523438,77.32156372070312,78.12300109863281,78.44406127929688,77.2563705444336,77.06396484375,76.81606941223144,73.67100051879883,1.7884963036579213
2020-02-25,72.6503953158895,73.03180965186876,69.07279323243056,69.54352569580078,230673600,71.98169708251953,75.57138061523438,77.32156372070312,77.0077133178711,77.62328338623047,76.25598907470703,76.57299346923828,73.75766998291016,2.3694413565774624
2020-02-26,69.16936277352076,71.9092946933909,69.16212096129591,70.6467514038086,198054800,69.54352569580078,71.98169708251953,75.57138061523438,78.12300109863281,77.15496826171875,75.60516738891602,76.27983627319335,73.86308029174805,2.715145971779141
2020-02-27,67.85852928583456,69.04140503149553,65.89350114490772,66.0286865234375,320605600,70.6467514038086,69.54352569580078,71.98169708251953,77.32156372070312,78.98722839355469,74.3093132019043,75.67569885253906,73.85835556030274,3.5131333471404527
2020-02-28,62.10348270400579,67.20916656577968,61.88862999768775,65.99007415771484,426510000,66.0286865234375,70.6467514038086,69.54352569580078,75.57138061523438,78.42475128173828,73.06584548950195,75.07529106140137,73.83017288208008,4.0762947375270775
2020-03-02,68.14338175177791,72.76867383608672,67.04258234775999,72.13378143310547,341397200,65.99007415771484,66.0286865234375,70.6467514038086,71.98169708251953,78.44406127929688,72.43481750488282,74.95498428344726,73.92221466064453,4.128105058074885
2020-03-03,73.30700681770827,73.3866667341741,68.99311992366323,69.84286499023438,319475600,72.13378143310547,65.99007415771484,66.0286865234375,69.54352569580078,77.0077133178711,71.71833267211915,74.73036766052246,73.97166580200195,4.282918037735458
2020-03-04,71.56164999828624,73.24181619852034,70.76260504877715,73.08248901367188,219178400,69.84286499023438,72.13378143310547,65.99007415771484,70.6467514038086,78.12300109863281,71.21428146362305,74.54502906799317,74.08456039428711,4.269314048033452
2020-03-05,71.33955724756618,72.31241302487865,70.34739243241086,70.7119140625,187572800,73.08248901367188,69.84286499023438,72.13378143310547,66.0286865234375,77.32156372070312,70.55331649780274,74.20985260009766,74.15283706665039,4.295165171581322
2020-03-06,68.07579124975517,70.2049720207652,67.88991319528947,69.77285766601562,226176800,70.7119140625,73.08248901367188,69.84286499023438,65.99007415771484,75.57138061523438,69.97346420288086,73.78244819641114,74.18036880493165,4.289845905271596
2020-03-09,63.670179502443226,67.1319051551366,63.48912685930832,64.25437927246094,286744800,69.77285766601562,70.7119140625,73.08248901367188,72.13378143310547,71.98169708251953,69.200732421875,73.1323486328125,74.09623046875,4.701154124905315
2020-03-10,66.90258302825225,69.14763308452109,65.0268727397902,68.88208770751953,285290000,64.25437927246094,69.77285766601562,70.7119140625,69.84286499023438,69.54352569580078,69.13458862304688,72.69528884887696,74.07748001098633,4.667874247929096
2020-03-11,66.96291749628936,67.88748961967876,65.627949126833,66.48976135253906,255598800,68.88208770751953,64.25437927246094,69.77285766601562,73.08248901367188,70.6467514038086,68.71888961791993,72.16202850341797,74.01141342163086,4.740222341092275
2020-03-12,61.784814276675704,65.17894700154001,59.86806983845157,59.92359161376953,418474000,66.48976135253906,68.88208770751953,64.25437927246094,70.7119140625,66.0286865234375,68.10838012695312,71.2088466644287,73.80573867797851,5.190828554767628
2020-03-13,63.94538103600016,67.57367559511492,61.06301877546382,67.10293579101562,370732000,59.92359161376953,66.48976135253906,68.88208770751953,69.77285766601562,65.99007415771484,68.2196662902832,70.64275588989258,73.73339111328124,4.97535700897743
2020-03-16,58.40757727472599,62.5428168089279,57.93684117686896,58.47034454345703,322423600,67.10293579101562,59.92359161376953,66.48976135253906,64.25437927246094,72.13378143310547,66.85332260131835,69.64407005310059,73.45612014770508,5.3197206800671495
2020-03-17,59.749772593000145,62.187945473114404,57.550586794967394,61.041282653808594,324056000,58.47034454345703,67.10293579101562,59.92359161376953,68.88208770751953,69.84286499023438,65.97316436767578,68.84574851989746,73.24433303833008,5.35442511368845
2020-03-18,57.88130708495126,60.35086338320519,57.241585722974655,59.54698944091797,300233600,61.041282653808594,58.47034454345703,67.10293579101562,66.48976135253906,73.08248901367188,64.61961441040039,67.91694793701171,72.99124465942383,5.270941153391136
2020-03-19,59.72081881991735,61.03646731467495,58.56691024737155,59.090755462646484,271857200,59.54698944091797,61.041282653808594,58.47034454345703,59.92359161376953,70.7119140625,63.45749855041504,67.00540752410889,72.7358226776123,5.133534481982284
2020-03-20,59.67011594836406,60.79264444451166,55.03999854094989,55.33934020996094,401693200,59.090755462646484,59.54698944091797,61.041282653808594,67.10293579101562,69.77285766601562,62.01414680480957,65.99380550384521,72.38225318908691,5.345754872147281
2020-03-23,55.05930867623348,55.160697700443244,51.32479637531141,54.163700103759766,336752800,55.33934020996094,59.090755462646484,59.54698944091797,58.47034454345703,64.25437927246094,61.005078887939455,65.10290565490723,71.97415161132812,5.763712734865957
2020-03-24,57.05812866753022,59.79323063321941,56.56083807077307,59.597694396972656,287531200,54.163700103759766,55.33934020996094,59.090755462646484,61.041282653808594,68.88208770751953,60.076639556884764,64.60561408996583,71.67135818481445,5.789416714310118
2020-03-25,60.53192552123785,62.34245170831376,58.97487373705756,59.269386291503906,303602000,59.597694396972656,54.163700103759766,55.33934020996094,59.54698944091797,66.48976135253906,59.35460205078125,64.03674583435058,71.33006378173827,5.7231631720035505
2020-03-26,59.51079529315195,62.44625922344338,59.472169846872056,62.38832473754883,252087200,59.269386291503906,59.597694396972656,54.163700103759766,59.090755462646484,59.92359161376953,59.60107536315918,63.85472774505615,71.07176414489746,5.7143595205923825
2020-03-27,61.014739603264104,61.76791740598874,59.638740277699725,59.8053092956543,204216800,62.38832473754883,59.269386291503906,59.597694396972656,55.33934020996094,67.10293579101562,58.87131271362305,63.54548950195313,70.76825805664062,5.759887195247135
2020-03-30,60.529521124828726,61.68342967850782,60.20603760216864,61.51203155517578,167976400,59.8053092956543,62.38832473754883,59.269386291503906,54.163700103759766,58.47034454345703,59.17548141479492,63.01440200805664,70.48010162353516,5.405089336330792
2020-03-31,61.70272768965909,63.365993747799614,60.833673734330254,61.3864860534668,197002000,61.51203155517578,59.8053092956543,62.38832473754883,59.597694396972656,61.041282653808594,59.21000175476074,62.59158306121826,70.17262397766113,5.168383185855021
2020-04-01,59.50596168562525,60.041877740721404,57.726819101176545,58.156517028808594,176218400,61.3864860534668,61.51203155517578,59.8053092956543,59.269386291503906,59.54698944091797,59.07095451354981,61.8452844619751,69.81095115661621,4.622615922572041
2020-04-02,58.01891951220774,59.18006982201146,57.188490836952404,59.12696075439453,165934000,58.156517028808594,61.3864860534668,61.51203155517578,62.38832473754883,59.090755462646484,59.07457504272461,61.26603679656982,69.46324409484863,4.155304710680447
2020-04-03,58.61277240805976,59.31284110700112,57.68819653151743,58.2772216796875,129880000,59.12696075439453,58.156517028808594,61.3864860534668,59.8053092956543,55.33934020996094,59.36836318969726,60.69125499725342,69.0911728668213,3.6851345736694197
2020-04-06,60.568131689303875,63.51566611882468,60.20120105165565,63.36117172241211,201820400,58.2772216796875,59.12696075439453,58.156517028808594,61.51203155517578,54.163700103759766,60.2881103515625,60.64659461975098,68.82521209716796,3.6448726021152416
2020-04-07,65.3720644929947,65.58933353543772,62.52350615550967,62.6273078918457,202887200,63.36117172241211,58.2772216796875,59.12696075439453,61.3864860534668,59.597694396972656,60.591071701049806,60.333855628967285,68.5896573638916,3.1335249578490822
2020-04-08,63.42634690897305,64.54404618126709,63.06183266990903,64.230224609375,168895200,62.6273078918457,63.36117172241211,58.2772216796875,58.156517028808594,59.269386291503906,61.08715553283692,60.220878791809085,68.34406394958496,2.9342966090439866
2020-04-09,64.86513503536223,65.19585671097452,63.89952086210519,64.69373321533203,161834800,64.230224609375,62.6273078918457,63.36117172241211,59.12696075439453,62.38832473754883,61.31769638061523,60.45938587188721,68.07570991516113,3.0981502944239625
2020-04-13,64.77097468626023,66.07214313145124,64.17229133387406,65.96350860595703,131022800,64.69373321533203,64.230224609375,62.6273078918457,58.2772216796875,59.8053092956543,61.933516311645505,60.40241451263428,67.8350154876709,2.9776877864526585
2020-04-14,67.59297682109842,69.58455560243435,67.12223707141726,69.29486846923828,194994800,65.96350860595703,64.69373321533203,64.230224609375,63.36117172241211,61.51203155517578,62.711800003051756,60.94364070892334,67.73011451721192,3.538883213757881
2020-04-15,68.17234288135833,69.1210568119712,67.74506136385055,68.66239166259766,131154400,69.29486846923828,65.96350860595703,64.69373321533203,62.6273078918457,61.3864860534668,63.43939056396484,61.324696159362794,67.61665840148926,3.9377772973099354
2020-04-16,69.37454631683273,69.57249897577765,68.16028687860133,69.20797729492188,157125200,68.66239166259766,69.29486846923828,65.96350860595703,64.230224609375,58.156517028808594,64.54453659057617,61.80774555206299,67.46503273010254,4.285439588031445
2020-04-17,68.72517714348913,69.27075152318855,66.83498322406335,68.2689208984375,215250000,69.20797729492188,68.66239166259766,69.29486846923828,64.69373321533203,59.12696075439453,65.45873260498047,62.266653823852536,67.28210227966309,4.466764238372968
2020-04-20,67.09810395402242,67.99853426971617,66.83255863780644,66.85186767578125,130015200,68.2689208984375,69.20797729492188,68.66239166259766,65.96350860595703,58.2772216796875,66.31619720458984,62.84228019714355,67.0527207183838,4.264277998942827
2020-04-21,66.69497200558625,66.92913374203486,64.07574203406564,64.78546905517578,180991600,66.85186767578125,68.2689208984375,69.20797729492188,69.29486846923828,63.36117172241211,66.45862693786621,63.373368644714354,66.80330268859863,3.7578997627519026
2020-04-22,66.05040482183006,67.08602784822331,65.71003238672124,66.65150451660156,116862400,64.78546905517578,66.85186767578125,68.2689208984375,68.66239166259766,62.6273078918457,66.8610466003418,63.726059150695804,66.58386711120606,3.7156642022958044
2020-04-23,66.59597413685326,68.01542772017612,66.35457066668404,66.39319610595703,124814400,66.65150451660156,64.78546905517578,66.85186767578125,69.20797729492188,64.230224609375,67.07734375,64.08224964141846,66.36863166809081,3.6057797322373757
2020-04-24,66.91704870248016,68.31960235496462,66.86876505886688,68.30994415283203,126161200,66.39319610595703,66.65150451660156,64.78546905517578,68.2689208984375,64.69373321533203,67.43896484375,64.37833061218262,66.15508598327636,3.7012234289401538
2020-04-27,68.02750161594408,68.68895219864656,67.58091104598891,68.35823059082031,117087600,68.30994415283203,66.39319610595703,66.65150451660156,66.85186767578125,65.96350860595703,67.67843704223633,64.80597667694092,65.95375556945801,3.638619600113298
2020-04-28,68.81931364694016,69.00036629064134,67.1584635837108,67.25019073486328,112004800,68.35823059082031,68.30994415283203,66.39319610595703,64.78546905517578,69.29486846923828,67.47396926879883,65.09288463592529,65.72987815856933,3.5911388286741803
2020-04-29,68.73481211774124,69.92734583940624,68.53203408860236,69.45902252197266,137280800,67.25019073486328,68.35823059082031,68.30994415283203,66.65150451660156,68.66239166259766,67.55363235473632,65.49651145935059,65.57890434265137,3.6062574344396467
2020-04-30,69.99733575831296,71.10055118981447,69.60867977631433,70.92432403564453,183064000,69.45902252197266,67.25019073486328,68.35823059082031,66.39319610595703,69.20797729492188,67.72526702880859,66.13490180969238,65.4349308013916,3.360228276396256
2020-05-01,69.10177190288344,72.17966741995511,69.00521194830733,69.78253173828125,240616800,70.92432403564453,69.45902252197266,67.25019073486328,68.30994415283203,68.2689208984375,67.87662811279297,66.66768035888671,65.28415016174317,3.0179154005454483
2020-05-04,69.80667664361658,70.89781817578982,69.11867496549594,70.7698745727539,133568000,69.78253173828125,70.92432403564453,69.45902252197266,68.35823059082031,66.85186767578125,68.26842880249023,67.29231300354004,65.18812004089355,2.4243646551073157
2020-05-05,71.2285148811078,72.66245223551824,71.08367131021836,71.83202362060547,147751200,70.7698745727539,69.78253173828125,70.92432403564453,67.25019073486328,64.78546905517578,68.9730842590332,67.7158555984497,65.18512657165527,2.441318342705631
2020-05-06,72.53209353947886,73.20319497472518,72.14826285856589,72.57313537597656,142333600,71.83202362060547,70.7698745727539,69.78253173828125,69.45902252197266,66.65150451660156,69.5652473449707,68.21314697265625,65.24571876525879,2.361918762983843
2020-05-07,73.1983559121912,73.6690955962119,72.8966015934725,73.32388305664062,115215200,72.57313537597656,71.83202362060547,70.7698745727539,70.92432403564453,66.39319610595703,70.25831604003906,68.66782989501954,65.29926139831542,2.4291623657701065
2020-05-08,73.98229650289032,75.1223827731926,73.65551811313698,75.06912994384766,133838400,73.32388305664062,72.57313537597656,71.83202362060547,69.78253173828125,68.30994415283203,70.93423461914062,69.18659973144531,65.48007026672363,2.6349525234724087
2020-05-11,74.57775171164975,76.74415709638575,74.36957888241814,76.2503662109375,145946400,75.06912994384766,73.32388305664062,72.57313537597656,70.7698745727539,68.35823059082031,71.72344818115235,69.70094261169433,65.68527610778808,2.957007998159935
2020-05-12,76.93296121988755,77.38319101183461,75.25793117438776,75.37895965576172,162301200,76.2503662109375,75.06912994384766,73.32388305664062,71.83202362060547,67.25019073486328,72.53632507324218,70.00514717102051,65.75017967224122,3.2147538400295073
2020-05-13,75.55808267285332,76.4779036027934,73.39409274246334,74.46882629394531,200622400,75.37895965576172,76.2503662109375,75.06912994384766,72.57313537597656,69.45902252197266,73.03730545043945,70.29546890258788,65.84269889831543,3.346592199051796
2020-05-14,73.70879158063562,74.98685245577319,72.98745894244641,74.92633819580078,158929200,74.46882629394531,75.37895965576172,76.2503662109375,73.32388305664062,70.92432403564453,73.43750686645508,70.58138694763184,65.879575881958,3.489995004013721
2020-05-15,72.70181680027588,74.52934407916516,72.66792527667609,74.48335266113281,166348400,74.92633819580078,74.46882629394531,75.37895965576172,75.06912994384766,69.78253173828125,73.90758895874023,70.8921085357666,65.95500465393066,3.5494114895939783
2020-05-18,75.80497413426188,76.61102048338427,75.11511038710799,76.23825073242188,135178400,74.48335266113281,74.92633819580078,74.46882629394531,76.2503662109375,70.7698745727539,74.45442657470703,71.36142768859864,66.08431251525879,3.607160987190211
2020-05-19,76.25522871352638,77.10000541594032,75.76627615398213,75.79774475097656,101729600,76.23825073242188,74.48335266113281,74.92633819580078,75.37895965576172,71.83202362060547,74.85099868774414,71.91204147338867,66.3151798248291,3.3841329737162007
2020-05-20,76.65461600601195,77.34205706251838,76.61588599602642,77.27186584472656,111504800,75.79774475097656,76.23825073242188,74.48335266113281,74.46882629394531,72.57313537597656,75.32087173461915,72.44305953979492,66.48297538757325,3.3482880792628227
2020-05-21,77.13387754437865,77.67366726497515,76.4585365069764,76.69575500488281,102688800,77.27186584472656,75.79774475097656,76.23825073242188,74.92633819580078,73.32388305664062,75.65805892944336,72.95818748474122,66.68709526062011,3.1555053255368137
2020-05-22,76.43431323052285,77.27183551713587,76.33265345783,77.18953704833984,81803200,76.69575500488281,77.27186584472656,75.79774475097656,74.48335266113281,75.06912994384766,75.87009963989257,73.4021671295166,67.03241416931152,3.0910980665841126
2020-05-26,78.30541740950063,78.48453717513182,76.61101888750217,76.66669464111328,125522000,77.18953704833984,76.69575500488281,77.27186584472656,76.23825073242188,76.2503662109375,75.91173248291015,73.81759033203124,67.22368934631348,2.9317425500112604
2020-05-27,76.52390248864035,77.14598335609439,75.78562421645006,77.00074768066406,112945200,76.66669464111328,77.18953704833984,76.69575500488281,75.79774475097656,75.37895965576172,76.07391128540038,74.30511817932128,67.59429740905762,2.570636398893321
2020-05-28,76.67637525704153,78.29089831885972,76.4004341829612,77.03462219238281,133560800,77.00074768066406,76.66669464111328,77.18953704833984,77.27186584472656,74.46882629394531,76.33049087524414,74.6838981628418,67.9141641998291,2.3692250779506705
2020-05-29,77.27668877080987,77.73659554294788,76.60377068012559,76.9595947265625,153532400,77.03462219238281,77.00074768066406,76.66669464111328,76.69575500488281,74.92633819580078,76.53381652832032,74.9856616973877,68.26241630554199,2.246336134410661
2020-06-01,76.91363146277382,78.02709542555057,76.78291858091427,77.90606689453125,80791200,76.9595947265625,77.03462219238281,77.00074768066406,77.18953704833984,74.48335266113281,76.87608795166015,75.3918384552002,68.63872253417969,1.973923537670594
2020-06-02,77.63978920771235,78.2909231828301,77.19924365819143,78.26671600341797,87642800,77.90606689453125,76.9595947265625,77.03462219238281,76.66669464111328,76.23825073242188,77.07893447875976,75.7666805267334,69.09727005004883,1.7490350382216089
2020-06-03,78.58621903033732,78.95898884323296,78.01496072344597,78.69756317138672,104491200,78.26671600341797,77.90606689453125,76.9595947265625,77.00074768066406,75.79774475097656,77.36891632080078,76.10995750427246,69.58794731140136,1.6038623476705622
2020-06-04,78.52085794063949,78.81858326292213,77.64702850562604,78.0197982788086,87560400,78.69756317138672,78.26671600341797,77.90606689453125,77.03462219238281,77.27186584472656,77.44370956420899,76.38229064941406,69.95638938903808,1.4240451713942197
2020-06-05,78.26912701737099,80.30240419943048,78.2400813612976,80.24188995361328,137250400,78.0197982788086,78.69756317138672,78.26671600341797,76.9595947265625,76.69575500488281,77.79832305908204,76.72819099426269,70.37583946228027,1.481107287903983
2020-06-08,79.93932296340279,80.75021537775042,79.23009773769596,80.71632385253906,95654400,80.24188995361328,78.0197982788086,78.69756317138672,77.90606689453125,77.18953704833984,78.15100173950195,77.01055068969727,70.74239944458007,1.6739187765854826
2020-06-09,80.39679094356325,83.65729064511632,80.36532236126617,83.2651596069336,147712400,80.71632385253906,80.24188995361328,78.0197982788086,78.26671600341797,76.66669464111328,78.81084823608398,77.36129035949708,71.21159645080566,2.1681906510644335
2020-06-10,84.21160210008814,85.87453198047866,83.77347966007517,85.40736389160156,166651600,83.2651596069336,80.71632385253906,80.24188995361328,78.69756317138672,77.00074768066406,79.65150985717773,77.86271057128906,71.68950309753419,2.763494955163695
2020-06-11,84.55291522831224,84.97651490391192,81.20527075656385,81.30693054199219,201662400,85.40736389160156,83.2651596069336,80.71632385253906,78.0197982788086,77.03462219238281,80.07874069213867,78.20461578369141,72.0879119873047,2.7444431916368783
2020-06-12,83.44187634114364,84.18740853476542,80.90027823694467,82.00889587402344,200146000,81.30693054199219,85.40736389160156,83.2651596069336,80.24188995361328,76.9595947265625,80.58367080688477,78.55874366760254,72.56495956420899,2.7560909780786096
2020-06-15,80.665491974399,83.67425858934295,80.50331054070764,83.02312469482422,138808800,82.00889587402344,81.30693054199219,85.40736389160156,80.71632385253906,77.90606689453125,81.09537658691406,78.98573226928711,73.04288284301758,2.752990841465921
2020-06-16,85.07335265810912,85.4945368687229,83.4418908130573,85.22342681884766,165428800,83.02312469482422,82.00889587402344,81.30693054199219,83.2651596069336,78.26671600341797,81.79104766845703,79.4349910736084,73.58180694580078,3.0028383233175413
2020-06-17,85.96654258564811,86.02705683600927,84.98379175074255,85.10482025146484,114406400,85.22342681884766,83.02312469482422,82.00889587402344,85.40736389160156,78.69756317138672,82.43177337646485,79.90034484863281,74.01667991638183,3.128056747530809
2020-06-18,85.06123476532262,85.55503301794639,84.53112944713651,85.1386947631836,96820400,85.10482025146484,85.22342681884766,83.02312469482422,81.30693054199219,78.0197982788086,83.14366302490234,80.29368629455567,74.46690765380859,3.2714643380809267
2020-06-19,85.8430918789263,86.30783714893171,83.54596609025744,84.65216827392578,264476000,85.1386947631836,85.10482025146484,85.22342681884766,82.00889587402344,80.24188995361328,83.58469085693359,80.6915069580078,74.87534652709961,3.2945978860558136
2020-06-22,85.04430780115948,87.0098095125726,84.99831637895207,86.86699676513672,135445200,84.65216827392578,85.1386947631836,85.10482025146484,83.02312469482422,80.71632385253906,84.19975814819335,81.17537994384766,75.31881179809571,3.4597181902765968
2020-06-23,88.10874933547481,90.13718820813904,87.68998805980996,88.72115325927734,212155600,86.86699676513672,84.65216827392578,85.1386947631836,85.22342681884766,83.2651596069336,84.74535751342773,81.77810287475586,75.7739646911621,3.6761557603045616
2020-06-24,88.35080675031271,89.26820486684538,86.78227469992099,87.15504455566406,192623200,88.72115325927734,86.86699676513672,84.65216827392578,85.10482025146484,85.40736389160156,84.92012557983398,82.28581771850585,76.13116821289063,3.6828278197207687
2020-06-25,87.30996064055707,88.35080275936323,86.55232106785238,88.31207275390625,137522400,87.15504455566406,88.72115325927734,86.86699676513672,85.1386947631836,81.30693054199219,85.62063980102539,82.84969024658203,76.5241618347168,3.6998068582890125
2020-06-26,88.20800742576003,88.42828022008003,85.45097417587026,85.5986328125,205256800,88.31207275390625,87.15504455566406,88.72115325927734,84.65216827392578,82.00889587402344,85.97961349487305,83.28164215087891,76.85197494506836,3.473316752702334
2020-06-29,85.5066347136651,87.66578639039905,85.02978213117639,87.57138061523438,130646000,85.5986328125,88.31207275390625,87.15504455566406,86.86699676513672,83.02312469482422,86.43443908691407,83.76490783691406,77.2380241394043,3.356445396683045
2020-06-30,87.15985911945725,88.58800096545747,87.1404978146636,88.3023681640625,140223200,87.57138061523438,85.5986328125,88.31207275390625,88.72115325927734,85.22342681884766,86.74233322143554,84.26669044494629,77.66703414916992,3.2393266469358846
2020-07-01,88.37984062385425,88.92204587845694,88.08695375546539,88.13536071777344,110737200,88.3023681640625,87.57138061523438,85.5986328125,87.15504455566406,85.10482025146484,87.0453872680664,84.73858032226562,78.13403198242187,3.0682528488911824
2020-07-02,89.04065881814572,89.67484690422407,88.02160103220285,88.13536071777344,114041600,88.13536071777344,88.3023681640625,87.57138061523438,88.31207275390625,85.1386947631836,87.3450538635254,85.24435844421387,78.56370910644532,2.715929520874952
2020-07-06,89.56107543992535,90.96016437699369,89.5296068531223,90.49299621582031,118655600,88.13536071777344,88.13536071777344,88.3023681640625,85.5986328125,84.65216827392578,87.92913665771485,85.75691375732421,79.04570510864258,2.6893399558350524
2020-07-07,90.87062222466152,91.64762315168353,90.10088271239697,90.21222686767578,112424400,90.49299621582031,88.13536071777344,88.13536071777344,87.57138061523438,86.86699676513672,88.26365966796875,86.23170890808106,79.48375076293945,2.588965432291114
2020-07-08,91.18770707353977,92.34473915860562,91.10056271828748,92.31327056884766,117092000,90.21222686767578,90.49299621582031,88.13536071777344,88.3023681640625,88.72115325927734,88.62287139892578,86.68411445617676,79.9628515625,2.823246172507411
2020-07-09,93.20402645939578,93.25727928434208,91.66454778966232,92.71023559570312,125642800,92.31327056884766,90.21222686767578,90.49299621582031,88.13536071777344,87.15504455566406,89.17839050292969,87.04925804138183,80.47205245971679,3.1073859998460867
2020-07-10,92.30601639495103,92.93052759776583,91.69603540831204,92.87242889404297,90257200,92.71023559570312,92.31327056884766,90.21222686767578,88.13536071777344,88.31207275390625,89.63442611694336,87.62753295898438,80.9403205871582,3.058276633310585
2020-07-13,94.17470651308925,96.77924249240976,92.2309888780557,92.44400024414062,191649200,92.87242889404297,92.71023559570312,92.31327056884766,90.49299621582031,85.5986328125,90.31896286010742,88.14928817749023,81.37071411132813,2.9369942351334357
2020-07-14,91.82672629574613,94.16499745387678,90.89481289415856,93.9737777709961,170989200,92.44400024414062,92.87242889404297,92.71023559570312,90.21222686767578,87.57138061523438,90.95920257568359,88.69682083129882,81.85453903198243,2.951752864075993
2020-07-15,95.84489458759741,96.09421302015997,93.42432441242931,94.62008666992188,153198000,93.9737777709961,92.44400024414062,92.87242889404297,92.31327056884766,88.3023681640625,91.59097442626953,89.16665382385254,82.33154327392577,3.1132129777556687
2020-07-16,93.49452529827339,94.31025628529977,92.85791414474407,93.45579528808594,110577600,94.62008666992188,93.9737777709961,92.44400024414062,92.71023559570312,88.13536071777344,92.12301788330078,89.58420257568359,82.7640187072754,3.0997547371549294
2020-07-17,93.90602474618288,94.06093739920163,92.79497651338822,93.2669906616211,92186800,93.45579528808594,94.62008666992188,93.9737777709961,92.87242889404297,88.13536071777344,92.63618087768555,89.99061737060546,83.17789581298828,3.0179989697259235
2020-07-20,93.35411815070974,95.37044953138843,93.01039399095433,95.23247528076172,90318000,93.2669906616211,93.45579528808594,94.62008666992188,92.44400024414062,90.49299621582031,93.1101287841797,90.51963272094727,83.61606765747071,2.9597201914205424
2020-07-21,96.02157397759412,96.09661104261261,93.6687800817764,93.91809844970703,103433200,95.23247528076172,93.2669906616211,93.45579528808594,93.9737777709961,90.21222686767578,93.48071594238282,90.87218780517578,83.99304702758789,2.9214348201031477
2020-07-22,93.62038702393836,94.86214066616996,93.53325004616464,94.18196105957031,89001600,93.91809844970703,95.23247528076172,93.2669906616211,94.62008666992188,92.31327056884766,93.66758499145507,91.14522819519043,84.35167892456055,2.9646822412526594
2020-07-23,93.91568941051719,93.99314942038049,89.08665688068213,89.89512634277344,197004400,94.18196105957031,93.91809844970703,95.23247528076172,93.45579528808594,92.71023559570312,93.38607406616211,91.2822322845459,84.64200225830078,2.8308754624548293
2020-07-24,88.09664593771886,90.01615612762265,86.31267968652797,89.67243194580078,185438800,89.89512634277344,94.18196105957031,93.91809844970703,93.2669906616211,92.87242889404297,93.06607437133789,91.35025024414062,84.94607437133789,2.7714744549206185
2020-07-27,90.73264205708286,91.88967418415685,90.50995376100627,91.79769134521484,121214000,89.67243194580078,89.89512634277344,94.18196105957031,95.23247528076172,92.44400024414062,93.0014434814453,91.66020317077637,85.28350143432617,2.4185470470342962
2020-07-28,91.36926031193099,91.5459645894224,90.28484224245163,90.28968811035156,103625600,91.79769134521484,89.67243194580078,89.89512634277344,93.91809844970703,93.9737777709961,92.63303451538086,91.79611854553222,85.59962814331055,2.246967645679613
2020-07-29,90.77134821611126,92.20432848355908,90.73504115422307,92.0203628540039,90329200,90.28968811035156,91.79769134521484,89.67243194580078,94.18196105957031,94.62008666992188,92.37306213378906,91.9820182800293,85.91527038574219,2.091099282422724
2020-07-30,91.19496376791191,93.23792519284922,90.78830982976133,93.13384246826172,158130000,92.0203628540039,90.28968811035156,91.79769134521484,89.89512634277344,93.45579528808594,92.34086685180664,92.23194236755371,86.26199234008789,1.8968382493377711
2020-07-31,99.61613418906329,103.03397765297315,97.62157959922047,102.88390350341797,374336800,93.13384246826172,92.0203628540039,90.28968811035156,89.67243194580078,93.2669906616211,93.30255813598633,92.96936950683593,86.77423309326171,2.848528989260634
2020-08-03,104.76227011908288,108.0905539794476,104.46454472688619,105.4763412475586,308151200,102.88390350341797,93.13384246826172,92.0203628540039,91.79769134521484,95.23247528076172,94.32694473266602,93.71853675842286,87.34984481811523,3.9285400842677713
2020-08-04,105.6651349105181,107.26997389606046,104.94380243901392,106.18071746826172,173071600,105.4763412475586,102.88390350341797,93.13384246826172,90.28968811035156,93.91809844970703,95.55320663452149,94.51696128845215,87.92966842651367,4.7211574242805465
2020-08-05,105.90235611566642,106.88510690463526,105.43760344433963,106.56558990478516,121776800,106.18071746826172,105.4763412475586,102.88390350341797,92.0203628540039,94.18196105957031,96.79156951904297,95.22957725524903,88.52764633178711,5.398118529421118
2020-08-06,106.89718739322298,110.77735994512233,106.30899078686637,110.28356170654297,202428800,106.56558990478516,106.18071746826172,105.4763412475586,93.13384246826172,89.89512634277344,98.83041305541992,96.10824356079101,89.19330261230469,6.318262025473571
2020-08-07,109.80586023116359,110.26174899503663,106.98081367668276,107.77619171142578,198045600,110.28356170654297,106.56558990478516,106.18071746826172,102.88390350341797,89.67243194580078,100.64078903198242,96.85343170166016,89.80813400268555,6.778653319179339
2020-08-10,109.21903838608283,110.35876045671141,106.69710821737102,109.34271240234375,212403600,107.77619171142578,110.28356170654297,106.56558990478516,105.4763412475586,91.79769134521484,102.39529113769531,97.69836730957032,90.45579635620118,7.2377424461615725
2020-08-11,108.60794103965802,109.10504953060087,105.83138875527999,106.09085845947266,187902400,109.34271240234375,107.77619171142578,110.28356170654297,106.18071746826172,90.28968811035156,103.97540817260742,98.30422134399414,91.0194921875,7.414543166082043
2020-08-12,107.17966637873178,109.87377217439806,106.98567459916234,109.61672973632812,165598000,106.09085845947266,109.34271240234375,107.77619171142578,106.56558990478516,92.0203628540039,105.73504486083985,99.05405349731446,91.6464924621582,7.772043657064605
2020-08-13,110.99409224252035,112.55817781440562,110.50667808377885,111.55667877197266,210082000,109.61672973632812,106.09085845947266,109.34271240234375,110.28356170654297,93.13384246826172,107.57732849121093,99.95909767150879,92.30367477416992,8.13142582879762
2020-08-14,111.38208013380518,111.54697388434195,109.65067355223327,111.4572525024414,165565200,111.55667877197266,109.61672973632812,106.09085845947266,107.77619171142578,102.88390350341797,108.43466339111328,100.86861076354981,92.97242385864257,8.357664686312702
2020-08-17,112.57755783182,112.60180865121056,110.54061480830164,111.16624450683594,119561600,111.4572525024414,111.55667877197266,109.61672973632812,109.34271240234375,105.4763412475586,109.00365371704102,101.66529922485351,93.59091094970704,8.549366269560746
2020-08-18,110.91890034610189,112.5169308684593,110.58425829007268,112.09256744384766,105633600,111.16624450683594,111.4572525024414,111.55667877197266,106.09085845947266,106.18071746826172,109.5948387145996,102.57402267456055,94.2184358215332,8.647892487739174
2020-08-19,112.49997484302729,113.64454412496903,112.13866200158594,112.23323059082031,145538000,112.09256744384766,111.16624450683594,111.4572525024414,109.61672973632812,106.56558990478516,110.16160278320312,103.47658615112304,94.79779724121094,8.667896084025
2020-08-20,112.27444044495672,114.8375973733061,112.2574641314498,114.72362518310547,126907200,112.23323059082031,112.09256744384766,111.16624450683594,111.55667877197266,110.28356170654297,110.60560913085938,104.71801109313965,95.38412246704101,8.394024022994468
2020-08-21,115.68145966507578,121.11816429854593,115.66933795665102,120.63560485839844,338054800,114.72362518310547,112.23323059082031,112.09256744384766,111.4572525024414,107.77619171142578,111.89155044555665,106.26616973876953,96.17069595336915,8.328131092014338
2020-08-24,124.83319019483912,124.91807177754512,120.21612051624737,122.0784683227539,345937600,120.63560485839844,114.72362518310547,112.23323059082031,111.16624450683594,109.34271240234375,113.16512603759766,107.78020858764648,96.97208740234375,8.311828062263142
2020-08-25,120.95328347307442,121.42129395286675,119.35767277780953,121.07695007324219,211495600,122.0784683227539,120.63560485839844,114.72362518310547,112.09256744384766,106.09085845947266,114.6637351989746,109.31957168579102,97.73316390991211,7.732826410506033
2020-08-26,122.39128067814039,123.17938430241111,121.32673099966804,122.72349548339844,163022400,121.07695007324219,122.0784683227539,120.63560485839844,112.23323059082031,109.61672973632812,115.97441177368164,110.85472831726074,98.48316528320312,7.142916664002247
2020-08-27,123.32489273389695,123.65710756851145,120.11427449940825,121.25642395019531,155552400,122.72349548339844,121.07695007324219,122.0784683227539,114.72362518310547,111.55667877197266,116.9443862915039,112.26085739135742,99.20619735717773,6.1730543843694985
2020-08-28,122.22880256231407,122.64589153107447,120.83689273182479,121.05998992919922,187630000,121.25642395019531,122.72349548339844,121.07695007324219,120.63560485839844,111.4572525024414,117.90466003417968,113.16966171264649,99.92462326049805,6.056768165185868
2020-08-31,123.74922926791106,127.06653708598974,122.2166692582802,125.1653823852539,225702700,121.05998992919922,121.25642395019531,122.72349548339844,122.0784683227539,111.16624450683594,119.30457382202148,114.15411376953125,100.7348875427246,6.3342493808615465
2020-09-01,128.77371625173845,130.75247109042868,126.61067882372832,130.1510772705078,151948100,125.1653823852539,121.05998992919922,121.25642395019531,121.07695007324219,112.09256744384766,121.1104248046875,115.35263175964356,101.60056915283204,6.980915617754507
2020-09-02,133.45869190086984,133.83698109172641,123.18667288708147,127.45455169677734,200119000,130.1510772705078,125.1653823852539,121.05998992919922,122.72349548339844,112.23323059082031,122.6325569152832,116.39707984924317,102.37523712158203,7.157467207676625
2020-09-03,123.09936731503697,124.97140947448622,116.88183227033254,117.25041961669922,257599600,127.45455169677734,130.1510772705078,125.1653823852539,121.25642395019531,114.72362518310547,122.88523635864257,116.74542274475098,102.97714462280274,7.012333604258843
2020-09-04,116.46474218511382,119.98574406174012,107.56038329847304,117.32801818847656,332607200,117.25041961669922,127.45455169677734,130.1510772705078,121.05998992919922,120.63560485839844,122.55447769165039,117.22301406860352,103.55746353149414,6.687041953385577
2020-09-08,110.5284785969539,115.4171459794859,109.29661549435876,109.43241119384766,231366600,117.32801818847656,117.25041961669922,127.45455169677734,125.1653823852539,122.0784683227539,121.28987197875976,117.22749900817871,104.03413909912109,6.681506323024358
2020-09-09,113.7391214492864,115.56266939432574,111.799173992742,113.79731750488281,176940500,109.43241119384766,117.32801818847656,117.25041961669922,130.1510772705078,121.07695007324219,120.56190872192383,117.61282196044922,104.55865783691407,6.2111102280349755
2020-09-10,116.74602745349068,116.88182317054356,109.12203408038299,110.08230590820312,182274400,113.79731750488281,109.43241119384766,117.32801818847656,127.45455169677734,122.72349548339844,119.2977897644043,117.63610076904297,104.99425659179687,6.180360482286264
2020-09-11,111.12988655734183,111.77007275174712,106.6971070425851,108.63705444335938,180860300,110.08230590820312,113.79731750488281,109.43241119384766,117.25041961669922,121.25642395019531,118.03585281372071,117.4901195526123,105.4042904663086,6.363289081547267
2020-09-14,111.27535861813932,112.44902563888213,109.413011315819,111.8961410522461,140150100,108.63705444335938,110.08230590820312,113.79731750488281,117.32801818847656,121.05998992919922,117.1194679260254,117.51206398010254,105.87950607299804,6.342110682327664
2020-09-15,114.77697452888815,115.26196131479541,110.19869808587379,112.07074737548828,184642000,111.8961410522461,108.63705444335938,110.08230590820312,109.43241119384766,125.1653823852539,115.81000442504883,117.55728912353516,106.31106109619141,6.297545827598615
2020-09-16,111.77006975767836,112.51694623083202,108.6758513682307,108.76314544677734,154679000,112.07074737548828,111.8961410522461,108.63705444335938,113.79731750488281,130.1510772705078,113.67121124267578,117.39081802368165,106.68207946777343,6.49064960252611
2020-09-17,106.42551466292394,108.83104527474275,105.4458391619844,107.02689361572266,178011000,108.76314544677734,112.07074737548828,111.8961410522461,110.08230590820312,127.45455169677734,111.62844543457031,117.13050117492676,106.97635192871094,6.805172323755086
2020-09-18,107.08509999522968,107.5506832359034,102.90450823656477,103.63198852539062,287104900,107.02689361572266,108.76314544677734,112.07074737548828,108.63705444335938,117.25041961669922,110.26660232543945,116.57591934204102,107.19478698730468,7.434495021559928
2020-09-21,101.4010416835348,106.88139403880808,100.00427732246104,106.77469635009766,195713800,103.63198852539062,107.02689361572266,108.76314544677734,111.8961410522461,117.32801818847656,109.21127014160156,115.88287391662598,107.47283233642578,7.678196384632521
2020-09-22,109.29663089711133,109.47122644967507,105.8823269140235,108.45275115966797,183055400,106.77469635009766,103.63198852539062,107.02689361572266,112.07074737548828,109.43241119384766,109.1133041381836,115.20158805847169,107.79300735473633,7.703989466935807
2020-09-23,108.26846907252015,108.74375412227577,103.56409061974239,103.9035873413086,150718700,108.45275115966797,106.77469635009766,103.63198852539062,108.76314544677734,113.79731750488281,108.12393112182617,114.342919921875,107.99160354614258,7.967223456303515
2020-09-24,102.01212050333626,106.93958810787352,101.84722676940335,104.97054290771484,167743300,103.9035873413086,108.45275115966797,106.77469635009766,107.02689361572266,110.08230590820312,107.61275482177734,113.45527229309081,108.19861267089844,7.973328501111893
2020-09-25,105.17424100477153,109.0638373334494,104.43705897382922,108.90863800048828,149981400,104.97054290771484,103.9035873413086,108.45275115966797,103.63198852539062,108.63705444335938,107.63991317749023,112.83788299560547,108.50766952514648,7.813941338762341
2020-09-28,111.55667272467461,111.85736219121794,109.39362820642745,111.50817108154297,137672400,108.90863800048828,104.97054290771484,103.9035873413086,106.77469635009766,111.8961410522461,107.60111618041992,112.36029205322265,108.87249313354492,7.573149017725269
2020-09-29,111.1104781178147,111.84765272079834,110.15990073985728,110.6642837524414,99382200,111.50817108154297,108.90863800048828,104.97054290771484,108.45275115966797,112.07074737548828,107.46046981811523,111.63523712158204,109.18112930297852,6.951301080470686
2020-09-30,110.3733131547286,113.7391232285353,110.20841939441779,112.33265686035156,142675200,110.6642837524414,111.50817108154297,108.90863800048828,103.9035873413086,108.76314544677734,107.81742095947266,110.74431610107422,109.54942047119141,5.428319503897618
2020-10-01,114.10769446919807,114.18529413378772,112.35204460964711,113.28321838378906,116120400,112.33265686035156,110.6642837524414,111.50817108154297,104.97054290771484,107.02689361572266,108.4430534362793,110.0357494354248,109.93144561767578,3.818508367050058
2020-10-02,109.5003403977725,111.90587864952262,108.85045973551675,109.62643432617188,144712000,113.28321838378906,112.33265686035156,110.6642837524414,108.90863800048828,103.63198852539062,109.04249801635743,109.65455017089843,110.32607177734376,3.4201333636968987
2020-10-05,110.48968711564349,113.14741248595817,110.14049605673375,113.00191497802734,106243800,109.62643432617188,113.28321838378906,112.33265686035156,111.50817108154297,106.77469635009766,109.66521987915038,109.43824501037598,110.79266143798829,3.0230336242173026
2020-10-06,112.22594105943094,112.63333559022071,108.87953514429641,109.76221466064453,161498200,113.00191497802734,109.62643432617188,113.28321838378906,110.6642837524414,108.45275115966797,109.79616622924804,109.45473518371583,111.15195190429688,3.023899515825322
2020-10-07,111.1783781507114,112.08045390652613,110.70308575226879,111.62456512451172,96849000,109.76221466064453,113.00191497802734,109.62643432617188,112.33265686035156,103.9035873413086,110.56826400756836,109.34609756469726,111.57864944458008,2.8959999224420807
2020-10-08,112.7594330889432,112.90493061170089,111.1492733309645,111.51786804199219,83477200,111.62456512451172,109.76221466064453,113.00191497802734,113.28321838378906,104.97054290771484,111.22299652099609,109.41787567138672,111.96859954833984,2.9327644387784813
2020-10-09,111.81858182665755,113.48693799664116,111.4693906561813,113.45783996582031,100506900,111.51786804199219,111.62456512451172,109.76221466064453,109.62643432617188,108.90863800048828,111.6779167175293,109.65891494750977,112.37507949829102,3.0605354611604363
2020-10-12,116.45503667336371,121.42130453731181,115.6984583933761,120.66472625732422,240226800,113.45783996582031,111.51786804199219,111.62456512451172,113.00191497802734,111.50817108154297,112.59357223510742,110.09734420776367,112.73069595336914,3.9084858186015414
2020-10-13,121.50861023337559,121.62500974923826,116.05736241261016,117.46382141113281,262330500,120.66472625732422,113.45783996582031,111.51786804199219,109.76221466064453,110.6642837524414,113.27352600097656,110.3669979095459,112.97044555664063,4.225021771589193
2020-10-14,117.36681956932418,119.33586502763562,116.028258506117,117.55111694335938,150712000,117.46382141113281,120.66472625732422,113.45783996582031,111.62456512451172,112.33265686035156,113.79537200927734,110.806396484375,113.19785354614258,4.4976202588063705
2020-10-15,115.15527990408137,117.56081055796655,114.60239518602361,117.08552551269531,112559200,117.55111694335938,117.46382141113281,120.66472625732422,111.51786804199219,113.28321838378906,114.17560272216797,111.30932807922363,113.40825225830078,4.613636466722064
2020-10-16,117.63840880188037,117.90030584427576,115.24257258596,115.4462661743164,115393800,117.08552551269531,117.55111694335938,117.46382141113281,113.45783996582031,109.62643432617188,114.75758590698243,111.90004196166993,113.51150634765625,4.3263029303245935
2020-10-19,116.358026294525,116.80421323996534,112.18714446524658,112.4975357055664,120639300,115.4462661743164,117.08552551269531,117.55111694335938,120.66472625732422,113.00191497802734,114.70714797973633,112.18618392944336,113.60593322753907,4.155347413908683
2020-10-20,112.71095010647143,115.40748342708119,112.15806534871491,113.98162078857422,124423700,112.4975357055664,115.4462661743164,117.08552551269531,117.46382141113281,109.76221466064453,115.1290885925293,112.46262741088867,113.69871139526367,4.077073148946136
2020-10-21,113.16682541230045,115.14557257156684,112.9534300225298,113.36082458496094,89946000,113.98162078857422,112.4975357055664,115.4462661743164,117.55111694335938,111.62456512451172,115.30271453857422,112.93548927307128,113.84411071777343,3.5459807359288327
2020-10-22,113.92339674553574,114.49568501963495,111.14927164811971,112.27444458007812,101988000,113.36082458496094,113.98162078857422,112.4975357055664,117.08552551269531,111.51786804199219,115.37837219238281,113.30068435668946,113.89726501464844,3.0195404731701507
2020-10-23,112.89523260157101,113.05043193781697,110.84858760677534,111.58576965332031,82572600,112.27444458007812,113.36082458496094,113.98162078857422,115.4462661743164,113.45783996582031,115.19116516113282,113.43454093933106,113.89784683227539,2.8702409422392345
2020-10-26,110.58668561250266,113.05041929759861,109.49061077367527,111.595458984375,111850700,111.58576965332031,112.27444458007812,113.36082458496094,112.4975357055664,120.66472625732422,114.28423843383788,113.43890533447265,113.90061096191407,2.8672223759771085
2020-10-27,112.02225141814819,113.75850508779021,111.10077943831497,113.09892272949219,92276800,111.595458984375,111.58576965332031,112.27444458007812,113.98162078857422,117.46382141113281,113.84774856567383,113.56063728332519,113.93926452636718,2.7939691518995438
2020-10-28,111.59546536731106,111.96405267029793,107.76406521649079,107.8610610961914,143937800,113.09892272949219,111.595458984375,111.58576965332031,113.36082458496094,117.55111694335938,112.87874298095703,113.3370574951172,113.85463439941407,3.063335670503413
2020-10-29,108.99594153712782,113.41901900582575,108.83104039265947,111.85736083984375,146129200,107.8610610961914,113.09892272949219,111.595458984375,112.27444458007812,117.08552551269531,112.35592651367188,113.26576461791993,113.84711700439453,3.081194515702697
2020-10-30,107.72526275511105,108.62733847489969,104.48555457025763,105.59132385253906,190272600,111.85736083984375,107.8610610961914,113.09892272949219,111.58576965332031,115.4462661743164,111.37043228149415,113.06400909423829,113.6644709777832,3.442915254093434
2020-11-02,105.83382320217856,107.35668150297613,104.09756951905206,105.5040283203125,122866900,105.59132385253906,111.85736083984375,107.8610610961914,111.595458984375,112.4975357055664,110.67108154296875,112.68911476135254,113.36183944702148,3.835829574014358
2020-11-03,106.3673306155269,108.14237704788208,105.46525468419668,107.12390899658203,107624400,105.5040283203125,105.59132385253906,111.85736083984375,113.09892272949219,113.98162078857422,109.98531036376953,112.55719947814941,113.06274826049804,3.984277786121477
2020-11-04,110.71279779031768,112.119256698551,108.97654397513469,111.49847412109375,138235500,107.12390899658203,105.5040283203125,105.59132385253906,107.8610610961914,113.36082458496094,109.79907531738282,112.55089492797852,112.87117874145508,3.9859306359643916
2020-11-05,114.40840493014188,116.02826677461476,113.36083886704176,115.45597839355469,126387100,111.49847412109375,107.12390899658203,105.5040283203125,111.85736083984375,112.27444458007812,110.11722869873047,112.74780044555663,112.7258283996582,4.029249292736987
2020-11-06,114.96527127109147,115.8203179514325,112.837361996159,115.32478332519531,114457900,115.45597839355469,111.49847412109375,107.12390899658203,105.59132385253906,111.58576965332031,110.49113006591797,112.8411476135254,112.6071955871582,4.068004542276529
2020-11-09,117.08349671182408,118.5312490768306,112.75966930056151,113.02201080322266,154515300,115.32478332519531,115.45597839355469,111.49847412109375,105.5040283203125,111.595458984375,110.63378524780273,112.45901184082031,112.44643600463867,3.6297624388390783
2020-11-10,112.27381767890381,114.25597110360664,110.89407325748324,112.6819076538086,138023400,113.02201080322266,115.32478332519531,115.45597839355469,107.12390899658203,113.09892272949219,110.59208374023437,112.2199161529541,112.19676651000977,3.4350098493305996
2020-11-11,113.86733537997074,116.2381494579348,113.1385999950758,116.10211944580078,112295000,112.6819076538086,113.02201080322266,115.32478332519531,111.49847412109375,107.8610610961914,111.41618957519532,112.14746627807617,111.91578735351563,3.330334118586001
2020-11-12,116.22842646880996,117.1126214574974,115.20819406878398,115.83004760742188,103162300,116.10211944580078,112.6819076538086,113.02201080322266,115.45597839355469,111.85736083984375,111.81345825195312,112.0846923828125,111.68329727172852,3.2430455673888514
2020-11-13,116.05352071993178,116.27699537989376,114.52803521767761,115.87862396240234,81581900,115.83004760742188,116.10211944580078,112.6819076538086,115.32478332519531,105.59132385253906,112.84218826293946,112.1063102722168,111.65586135864258,3.2679781154898087
2020-11-16,115.54824457761953,117.5595533120289,114.80007974574167,116.88912200927734,91183000,115.87862396240234,115.83004760742188,116.10211944580078,113.02201080322266,105.5040283203125,113.98069763183594,112.32588958740234,111.64708343505859,3.4387258010581885
2020-11-17,116.16040329852451,117.24864320805052,115.58712770640344,116.00493621826172,74271000,116.88912200927734,115.87862396240234,115.83004760742188,112.6819076538086,107.12390899658203,114.86880035400391,112.42705535888672,111.77853393554688,3.518829916153386
2020-11-18,115.24706694247119,116.42275908285534,114.65436159878705,114.68350982666016,76322100,116.00493621826172,116.88912200927734,115.87862396240234,116.10211944580078,111.49847412109375,115.18730392456055,112.49318962097168,111.79625778198242,3.549598217312737
2020-11-19,114.25597458875419,115.68429695756758,113.49809106564801,115.27620697021484,74113000,114.68350982666016,116.00493621826172,116.88912200927734,115.83004760742188,115.45597839355469,115.16932678222656,112.64327774047851,111.90013580322265,3.6029235927125947
2020-11-20,115.27620565626937,115.40251710432108,113.96448361868471,114.0130615234375,73604300,115.27620697021484,114.68350982666016,116.00493621826172,115.87862396240234,115.32478332519531,115.03815460205078,112.76464233398437,112.00765594482422,3.6063066604147975
2020-11-23,113.85759556092404,114.28512261237464,110.52484606012634,110.62200927734375,127959300,114.0130615234375,115.27620697021484,114.68350982666016,116.88912200927734,113.02201080322266,114.79815444946288,112.71596984863281,111.98217330932617,3.629412112347863
2020-11-24,110.68032441615657,112.56531474410036,109.39774313111327,111.90459442138672,113874200,110.62200927734375,114.0130615234375,115.27620697021484,116.00493621826172,112.6819076538086,114.72042312622071,112.65625343322753,111.97885025024414,3.632603600967607
2020-11-25,112.27382503154757,113.43979858279869,111.90459439029078,112.7402114868164,76499200,111.90459442138672,110.62200927734375,114.0130615234375,114.68350982666016,116.10211944580078,114.38423233032226,112.90021095275878,112.05839157104492,3.453017318934481
2020-11-27,113.26492547932713,114.15883921630498,112.92485040689866,113.28435516357422,46691300,112.7402114868164,111.90459442138672,110.62200927734375,115.27620697021484,115.83004760742188,114.1296630859375,112.97156066894532,112.18354080200196,3.4450686210342805
2020-11-30,113.65354831037159,117.54013622605181,113.49808123546687,115.67457580566406,169410200,113.28435516357422,112.7402114868164,111.90459442138672,114.0130615234375,115.87862396240234,114.10925827026367,113.47572326660156,112.42439254760743,3.01972685358204
2020-12-01,117.57902381222483,119.9692749139944,116.60737666127397,119.24053955078125,127728200,115.67457580566406,113.28435516357422,112.7402114868164,110.62200927734375,116.88912200927734,114.34440002441406,114.162548828125,112.67370941162109,2.650787912350971
2020-12-02,118.56037345602128,119.87210294466338,117.4624149241799,119.59032440185547,89004200,119.24053955078125,115.67457580566406,113.28435516357422,111.90459442138672,116.00493621826172,114.70293884277343,114.78586959838867,112.89646087646484,2.3581278916794055
2020-12-03,120.01784962535093,120.27047995352808,118.74499426371094,119.45429992675781,78967600,119.59032440185547,119.24053955078125,115.67457580566406,112.7402114868164,114.68350982666016,115.18001785278321,115.18366088867188,113.20747512817383,2.443865471478402
2020-12-04,119.12392660773527,119.37655691588907,118.07454601670749,118.78385162353516,78260400,119.45429992675781,119.59032440185547,119.24053955078125,113.28435516357422,115.27620697021484,115.53078231811523,115.3500545501709,113.48374130249023,2.573248713644521
2020-12-07,118.84216630124308,121.03809104227989,118.78386984160453,120.24134063720703,86712000,118.78385162353516,119.45429992675781,119.59032440185547,115.67457580566406,114.0130615234375,116.15361022949219,115.59588241577148,113.7103953552246,2.795917927259928
2020-12-08,120.84375108576852,121.43645640289948,119.6000365852931,120.85346221923828,82225500,120.24134063720703,118.78385162353516,119.45429992675781,119.24053955078125,110.62200927734375,117.17675552368163,115.98745498657226,113.89730117797852,2.9600563011302734
2020-12-09,120.99923180163522,122.37896912827428,117.56931816843408,118.32720184326172,115089200,120.85346221923828,120.24134063720703,118.78385162353516,119.59032440185547,111.90459442138672,117.81901626586914,116.26971969604492,114.05055953979492,2.8967407971476398
2020-12-10,117.08349246993481,120.35794633884018,116.7434174184058,119.74580383300781,81312200,118.32720184326172,120.85346221923828,120.24134063720703,119.45429992675781,112.7402114868164,118.51957550048829,116.45190391540527,114.19882247924805,2.9984407084438724
2020-12-11,118.95875310526962,119.27939842297663,117.13205925122674,118.93932342529297,86939800,119.74580383300781,118.32720184326172,120.85346221923828,118.78385162353516,113.28435516357422,119.08507232666015,116.60736770629883,114.31194458007812,3.044749213627538
2020-12-14,119.1239522979626,119.85268774115538,118.09400857710251,118.32720184326172,79184500,118.93932342529297,119.74580383300781,118.32720184326172,120.24134063720703,115.67457580566406,119.35033493041992,116.7297966003418,114.48595993041992,3.06307759783047
2020-12-15,120.81459511068267,124.27366377761385,120.61055011219938,124.25422668457031,157243700,118.32720184326172,118.93932342529297,119.74580383300781,120.85346221923828,119.24053955078125,119.85170364379883,117.09805183410644,114.71100616455078,3.4954547042431345
2020-12-16,123.79756533721344,124.73033828648967,122.97165933994127,124.18621826171875,98208600,124.25422668457031,118.32720184326172,118.93932342529297,118.32720184326172,119.59032440185547,120.31129302978516,117.50711593627929,114.99948623657227,3.8240678324822714
2020-12-17,125.24529842903367,125.90602613060179,124.40968137555939,125.05097198486328,94359800,124.18621826171875,124.25422668457031,118.32720184326172,119.74580383300781,119.45429992675781,120.8709602355957,118.02548904418946,115.2680143737793,4.112939786118371
2020-12-18,125.3036238225863,125.43965383144652,122.54414204339464,123.06883239746094,192541500,125.05097198486328,124.18621826171875,124.25422668457031,118.93932342529297,118.78385162353516,121.29945831298828,118.41512031555176,115.49903366088867,4.206822214255463
2020-12-21,121.47531311924551,124.67203286094654,119.94982751976666,124.59429931640625,121251600,123.06883239746094,125.05097198486328,124.18621826171875,118.32720184326172,120.24134063720703,121.7347541809082,118.94418220520019,115.7217628479004,4.288636831383669
2020-12-22,127.87848972538272,130.5991048748753,125.97405467288996,128.14083862304688,168904800,124.59429931640625,123.06883239746094,125.05097198486328,124.25422668457031,120.85346221923828,122.46349182128907,119.82012367248535,115.87128509521484,4.2884800982159055
2020-12-23,128.4128836440795,128.67521768491736,127.07200590849821,127.24691009521484,88223700,128.14083862304688,124.59429931640625,123.06883239746094,124.18621826171875,118.32720184326172,123.35546264648437,120.58723945617676,116.06694686889648,4.168569047900385
2020-12-24,127.59669160383469,129.67601559807733,127.38292807699283,128.22825622558594,54930100,127.24691009521484,128.14083862304688,124.59429931640625,125.05097198486328,119.74580383300781,124.20370788574219,121.36164169311523,116.28048965454101,4.0715812463186785
2020-12-28,130.19099379190865,133.44600251933943,129.72459253226933,132.81443786621094,124486200,128.22825622558594,127.24691009521484,128.14083862304688,123.06883239746094,118.93932342529297,125.59121932983399,122.33814582824706,116.59506790161133,4.363909878017263
2020-12-29,134.13588116304936,134.85489050709643,130.53106400488656,131.04603576660156,121047300,132.81443786621094,128.22825622558594,127.24691009521484,124.59429931640625,118.32720184326172,126.86310272216797,123.10671882629394,116.90706329345703,4.48060482120182
2020-12-30,131.735898609551,132.13427742745725,129.6177004950943,129.9286346435547,96452100,131.04603576660156,132.81443786621094,128.22825622558594,128.14083862304688,124.25422668457031,127.4305435180664,123.64112358093261,117.2556852722168,4.630107399592927
2020-12-31,130.27844532518537,130.91973597132423,127.98535756948488,128.9278564453125,99116600,129.9286346435547,131.04603576660156,132.81443786621094,127.24691009521484,124.18621826171875,127.90470733642579,124.10800018310547,117.55460998535156,4.6707437211270495
2021-01-04,129.73431458165692,129.8217592553949,123.16597863459702,125.7408447265625,143301900,128.9278564453125,129.9286346435547,131.04603576660156,128.22825622558594,125.05097198486328,127.9736946105957,124.42232742309571,117.8022103881836,4.551080347228583
2021-01-05,125.23557674034254,128.00477652137644,124.78861261288198,127.29546356201172,97664900,125.7408447265625,128.9278564453125,129.9286346435547,132.81443786621094,123.06883239746094,128.39635772705077,124.84790802001953,118.10263076782226,4.391225936321472
2021-01-06,124.09876065496377,127.3343470647896,122.79674977159817,123.01051330566406,155088000,127.29546356201172,125.7408447265625,128.9278564453125,131.04603576660156,124.59429931640625,128.23797912597655,124.98636665344239,118.33112564086915,4.28059624273601
2021-01-07,124.72061661130184,127.89790663345559,124.23479308365204,127.2080307006836,109578200,123.01051330566406,127.29546356201172,125.7408447265625,129.9286346435547,128.14083862304688,128.14469833374022,125.30409507751465,118.64337707519532,4.19261534204365
2021-01-08,128.67521556411702,128.86955684085643,126.53759495540402,128.30599975585938,105158200,127.2080307006836,123.01051330566406,127.29546356201172,128.9278564453125,127.24691009521484,128.2506072998047,125.80303497314453,118.94751861572266,3.902347585122607
2021-01-11,125.527088604103,126.47929859092635,124.85664974689551,125.32303619384766,100384500,128.30599975585938,127.2080307006836,123.01051330566406,125.7408447265625,128.22825622558594,127.96008529663087,126.08189659118652,119.29675811767578,3.6369672916483227
2021-01-12,124.85663526886566,126.01289753186738,123.26313483591238,125.14813232421875,91951100,125.32303619384766,128.30599975585938,127.2080307006836,127.29546356201172,132.81443786621094,127.19345474243164,126.39233703613282,119.56257354736329,3.238349071012531
2021-01-13,125.10929589304283,127.72302939531502,124.84696180760955,127.17890930175781,88636800,125.14813232421875,125.32303619384766,128.30599975585938,123.01051330566406,131.04603576660156,126.80674209594727,126.83492240905761,119.99432525634765,2.624839277405944
2021-01-14,127.09144788764522,127.28577434890036,125.1092794348303,125.25503540039062,90221800,127.17890930175781,125.14813232421875,125.32303619384766,127.2080307006836,129.9286346435547,126.33938217163086,126.88496284484863,120.38934539794921,2.582245198573178
2021-01-15,125.12871028033413,126.52788445335536,123.39917965706009,123.53520965576172,111598500,125.25503540039062,127.17890930175781,125.14813232421875,128.30599975585938,128.9278564453125,125.80011749267578,126.85241241455078,120.71757141113281,2.6218539898535065
2021-01-19,124.15706500945309,125.0607045202907,123.34088500532488,124.20565032958984,90757300,123.53520965576172,125.25503540039062,127.17890930175781,125.32303619384766,125.7408447265625,125.64659805297852,126.81014633178711,120.97171493530273,2.658973704029976
2021-01-20,125.01214395162096,128.7335548533042,124.90526215662156,128.28659057617188,104319500,124.20565032958984,123.53520965576172,125.25503540039062,125.14813232421875,127.29546356201172,125.74571075439454,127.07103424072265,121.22832717895508,2.5251773220357716
2021-01-21,130.00638521290585,135.7099489572785,129.80233279797613,132.9893341064453,120150900,128.28659057617188,124.20565032958984,123.53520965576172,127.17890930175781,123.01051330566406,126.74359283447265,127.49078598022462,121.58161819458007,2.7769930406232914
2021-01-22,132.41603478545585,135.88482124174027,131.1917650617903,135.12693786621094,114459400,132.9893341064453,128.28659057617188,124.20565032958984,125.25503540039062,127.2080307006836,127.5354835510254,127.84009094238282,122.02371673583984,3.2603687607173986
2021-01-25,139.01355380816258,140.97627022018892,132.6686847833474,138.8677978515625,157611700,135.12693786621094,132.9893341064453,128.28659057617188,123.53520965576172,128.30599975585938,128.5916633605957,128.4211353302002,122.54743453979492,4.081255542150906
2021-01-26,139.52852500725305,140.20867499016745,137.36174136904043,139.1009979248047,98390600,138.8677978515625,135.12693786621094,132.9893341064453,124.20565032958984,125.32303619384766,129.9694595336914,128.96477241516112,123.007412109375,4.72723200578669
2021-01-27,139.363363343346,140.20870656534407,136.42899920964183,138.03221130371094,140843800,139.1009979248047,138.8677978515625,135.12693786621094,128.28659057617188,125.14813232421875,131.25786743164062,129.22566108703614,123.45145538330078,5.081571411661377
2021-01-28,135.56422012291074,137.9641898687069,132.82416793009364,133.20310974121094,142621100,138.03221130371094,139.1009979248047,138.8677978515625,132.9893341064453,127.17890930175781,131.86028747558595,129.3335147857666,123.79794509887695,5.144740173688208
2021-01-29,131.97880528014946,132.86300755142042,126.51815423658083,128.21853637695312,177523800,133.20310974121094,138.03221130371094,139.1009979248047,135.12693786621094,125.25503540039062,132.1566375732422,129.2480098724365,124.02453338623047,5.148538193370913
2021-02-01,129.95780442586786,131.5415940017464,127.21775238608966,130.3367462158203,106239800,128.21853637695312,133.20310974121094,138.03221130371094,138.8677978515625,123.53520965576172,132.83679122924804,129.3184543609619,124.31116958618163,5.1535632289075615
2021-02-02,131.8816527763116,132.4452098565485,130.79341280132044,131.1626434326172,83305400,130.3367462158203,128.21853637695312,133.20310974121094,139.1009979248047,124.20565032958984,133.5324905395508,129.58954429626465,124.64075225830078,5.097765313856594
2021-02-03,131.9108002272906,131.92052618668296,129.82176496768204,130.1424102783203,89880900,131.1626434326172,130.3367462158203,128.21853637695312,138.03221130371094,128.28659057617188,133.71807250976562,129.73189163208008,124.93807632446288,5.070007847012493
2021-02-04,132.43552171463995,133.50432478243863,130.7739984115147,133.49461364746094,84183100,130.1424102783203,131.1626434326172,130.3367462158203,133.20310974121094,132.9893341064453,133.7686004638672,130.25609664916993,125.32770736694336,4.8767976127889
2021-02-05,133.65516390896917,133.7232731231055,132.20524094162676,133.08102416992188,75693800,133.49461364746094,130.1424102783203,131.1626434326172,128.21853637695312,135.12693786621094,133.5640090942383,130.54974632263185,125.77688766479493,4.860392289899951
2021-02-08,132.37068818260687,133.27567819524438,131.29054743428753,133.22702026367188,71297200,133.08102416992188,133.49461364746094,130.1424102783203,130.3367462158203,138.8677978515625,132.99993133544922,130.79579734802246,126.20333618164062,4.8653848551201095
2021-02-09,132.94477197557092,134.1708861386868,132.19549648512387,132.35118103027344,76774200,133.22702026367188,133.08102416992188,133.49461364746094,131.1626434326172,139.1009979248047,132.3249496459961,131.14720458984374,126.59555557250977,4.7003123565661875
2021-02-10,132.80858418639744,133.30487431692404,130.78453592339073,131.74790954589844,73046600,132.35118103027344,133.22702026367188,133.08102416992188,130.1424102783203,138.03221130371094,131.69651947021484,131.47719345092773,126.96482666015625,4.483654020666461
2021-02-11,132.24413324277845,132.72095704438246,130.17144270344224,131.49485778808594,64280000,131.74790954589844,132.35118103027344,133.22702026367188,133.49461364746094,133.20310974121094,131.52569427490235,131.69299087524413,127.28123229980469,4.368268409183258
2021-02-12,130.7359039411324,131.88415404983218,130.09365480491843,131.72845458984375,60145100,131.49485778808594,131.74790954589844,132.35118103027344,133.08102416992188,128.21853637695312,131.8766860961914,132.01666183471679,127.53099060058594,4.097575266175142
2021-02-16,131.84518629017936,132.35118706954955,129.2178071626484,129.6070556640625,80576300,131.72845458984375,131.49485778808594,131.74790954589844,133.22702026367188,130.3367462158203,131.80371704101563,132.32025413513185,127.73132522583008,3.634919410630294
2021-02-17,127.71925617483,128.6631634845205,125.98714097419074,127.32028198242188,97918500,129.6070556640625,131.72845458984375,131.49485778808594,132.35118103027344,131.1626434326172,131.4194808959961,132.47598571777343,127.88864486694337,3.322237858686259
2021-02-18,125.72438263501022,126.50286477250336,123.982542030246,126.22067260742188,96856700,127.32028198242188,129.6070556640625,131.72845458984375,131.74790954589844,130.1424102783203,131.02730712890624,132.37268981933593,128.0373812866211,3.4873646588147995
2021-02-19,126.73642239782728,127.19378012757379,125.33515742569439,126.3763656616211,87668800,126.22067260742188,127.32028198242188,129.6070556640625,131.49485778808594,133.49461364746094,130.31548233032225,132.04204139709472,128.16008178710936,3.7308219685015303
2021-02-22,124.56639727156255,126.23040308983671,122.22123254914695,122.6104736328125,103916400,126.3763656616211,126.22067260742188,127.32028198242188,131.72845458984375,133.08102416992188,129.26842727661133,131.4162181854248,128.19522201538086,4.205675420280053
2021-02-23,120.43074421044315,123.30138352656303,115.20519947854247,122.47425079345703,158273000,122.6104736328125,126.3763656616211,126.22067260742188,129.6070556640625,133.22702026367188,128.19315032958986,130.59654083251954,128.27816299438476,4.273921723879395
2021-02-24,121.57899194807914,122.18230857916163,118.94189453786483,121.97795867919922,111039900,122.47425079345703,122.6104736328125,126.3763656616211,127.32028198242188,132.35118103027344,127.15582809448242,129.74038887023926,128.3228060913086,4.194959226850387
2021-02-25,121.32597453863157,123.05808944115938,117.29734557401017,117.73523712158203,148199500,121.97795867919922,122.47425079345703,122.6104736328125,126.22067260742188,131.74790954589844,125.75456085205079,128.7255401611328,128.29872436523436,4.525523910213555
2021-02-26,119.29220185674814,121.49140765726709,117.93959485190196,117.99798583984375,164560400,117.73523712158203,121.97795867919922,122.47425079345703,126.3763656616211,131.49485778808594,124.40487365722656,127.96528396606445,128.292140045166,4.98734698646882
2021-03-01,120.42100448300808,124.48855870917815,119.48683030882653,124.35232543945312,116307900,117.99798583984375,117.73523712158203,121.97795867919922,122.6104736328125,131.72845458984375,123.6672607421875,127.77197341918945,128.29410202026367,5.051528807078238
2021-03-02,124.95566267357219,125.25732102772348,121.64712415132996,121.75416564941406,102260900,124.35232543945312,117.99798583984375,117.73523712158203,122.47425079345703,129.6070556640625,122.88197174072266,127.34284439086915,128.24546096801757,5.184967334225765
2021-03-03,121.45248092660913,122.32827149061751,118.56237577745944,118.77645874023438,112966300,121.75416564941406,124.35232543945312,117.99798583984375,121.97795867919922,127.32028198242188,122.0275894165039,126.72353515625,128.119970703125,5.438242066567739
2021-03-04,118.47478400264606,120.27501537535014,115.4289873001609,116.89836120605469,178155000,118.77645874023438,121.75416564941406,124.35232543945312,117.73523712158203,126.22067260742188,121.0953582763672,126.06133270263672,127.99656127929687,5.794689733199987
2021-03-05,117.72555839085972,118.65973284232521,114.40728616323959,118.15371704101562,153766600,116.89836120605469,118.77645874023438,121.75416564941406,117.99798583984375,126.3763656616211,120.27309341430664,125.29428787231446,127.86774963378906,5.774261025355106
2021-03-08,117.67685938357114,117.74497601487798,113.08383103215061,113.22979736328125,154376600,118.15371704101562,116.89836120605469,118.77645874023438,124.35232543945312,122.6104736328125,119.33502578735352,124.30172653198242,127.56952880859374,6.064195291681601
2021-03-09,115.827968557669,118.77645723226702,115.59442688495044,117.83255004882812,129525800,113.22979736328125,118.15371704101562,116.89836120605469,121.75416564941406,122.47425079345703,118.87085571289063,123.53200302124023,127.38124160766601,5.84472194057841
2021-03-10,118.4164168777091,118.88350022910564,116.23666982400522,116.7524185180664,111943300,117.83255004882812,113.22979736328125,118.15371704101562,118.77645874023438,121.97795867919922,118.34830169677734,122.75206489562989,127.15172485351563,5.643223753810956
2021-03-11,119.24355264557505,119.89552719538874,117.99798711036199,118.67915344238281,103026500,116.7524185180664,117.83255004882812,113.22979736328125,116.89836120605469,117.73523712158203,118.44269332885742,122.0986270904541,126.86901916503906,5.292483646423383
2021-03-12,117.16111263936789,117.9103955487277,115.95447204511132,117.77416229248047,88105100,118.67915344238281,116.7524185180664,117.83255004882812,118.15371704101562,117.99798583984375,118.4203109741211,121.41259231567383,126.60358169555664,4.8838953932241385
2021-03-15,118.14395874848536,120.6642817142442,117.18058534747087,120.65454864501953,92403800,117.77416229248047,118.67915344238281,116.7524185180664,113.22979736328125,124.35232543945312,118.05053329467773,120.85889701843261,126.41809997558593,4.237814084807127
2021-03-16,122.31854732264155,123.79766203262986,121.36491441345117,122.19204711914062,115227900,120.65454864501953,117.77416229248047,118.67915344238281,117.83255004882812,121.75416564941406,118.0943214416504,120.48814659118652,126.2833837890625,3.7255885303091607
2021-03-17,120.71293209328559,122.47423888090718,119.04892629520441,121.4038314819336,111932600,122.19204711914062,120.65454864501953,117.77416229248047,116.7524185180664,118.77645874023438,118.35705871582032,120.19232406616212,126.19664352416993,3.3727263182225524
2021-03-18,119.57439391707281,119.86632656590932,117.08326303051578,117.28761291503906,121229700,121.4038314819336,122.19204711914062,120.65454864501953,118.67915344238281,116.89836120605469,118.39598388671875,119.74567108154297,125.99648651123047,3.113947879242681
2021-03-19,116.67458589773459,118.16342636251116,116.46050290360724,116.76216125488281,185549500,117.28761291503906,121.4038314819336,122.19204711914062,117.77416229248047,118.15371704101562,118.25682830810547,119.26496086120605,125.87151947021485,2.7582443925433213
2021-03-22,117.09299086284075,120.53776181396455,117.02487423771213,120.07067108154297,111912300,116.76216125488281,117.28761291503906,121.4038314819336,120.65454864501953,113.22979736328125,118.94091567993163,119.13797073364258,125.72877227783204,2.652551044750572
2021-03-23,120.01232530348747,120.89784170891704,118.85433488761423,119.24357604980469,95467100,120.07067108154297,116.76216125488281,117.28761291503906,122.19204711914062,117.83255004882812,119.0820182800293,118.97643699645997,125.54752380371093,2.5344265284640413
2021-03-24,119.51603814694975,119.59388786129526,116.84001546562122,116.8594741821289,88530500,119.24357604980469,120.07067108154297,116.76216125488281,121.4038314819336,116.7524185180664,119.09272384643555,118.72051277160645,125.37825256347656,2.473070685599232
2021-03-25,116.32427390112565,118.38724678280408,115.79879946642953,117.34602355957031,98844700,116.8594741821289,119.24357604980469,120.07067108154297,117.28761291503906,118.67915344238281,118.9594108581543,118.70105209350587,125.2222103881836,2.4827443626068417
2021-03-26,117.11246742653448,118.21207408800578,115.72093550893463,117.94933319091797,94071200,117.34602355957031,116.8594741821289,119.24357604980469,116.76216125488281,117.77416229248047,118.97692794799805,118.69861946105956,125.03761886596679,2.483493217102858
2021-03-29,118.37749665321657,119.28247903408416,117.48224734126221,118.1244888305664,80819200,117.94933319091797,117.34602355957031,116.8594741821289,120.07067108154297,120.65454864501953,118.72392196655274,118.38722763061523,124.89500793457032,2.097780404416496
2021-03-30,116.87891806940085,117.16111766205535,115.66254435493632,116.67456817626953,85671900,118.1244888305664,117.94933319091797,117.34602355957031,119.24357604980469,122.19204711914062,118.17217407226562,118.13324775695801,124.75779510498047,1.9724388475290533
2021-03-31,118.3774946900482,120.19718506636265,117.89094519064328,118.86404418945312,118323800,116.67456817626953,118.1244888305664,117.94933319091797,116.8594741821289,121.4038314819336,117.91819534301757,118.13762702941895,124.65096298217773,1.9740386685514004
2021-04-01,120.33343394406754,120.8394421912494,119.19490239563412,119.6911849975586,75089100,118.86404418945312,116.67456817626953,118.1244888305664,117.34602355957031,117.28761291503906,118.15855255126954,118.27726821899414,124.47905487060547,1.980530417745369
2021-04-05,120.53777100210417,122.76616851425374,119.75928886344587,122.5131607055664,88651200,119.6911849975586,118.86404418945312,116.67456817626953,117.94933319091797,116.76216125488281,118.7336524963379,118.49524040222168,124.26953140258789,2.194548230546206
2021-04-06,123.09703422020135,123.71008397089403,122.26990148299974,122.81483459472656,80171300,122.5131607055664,119.6911849975586,118.86404418945312,118.1244888305664,120.07067108154297,119.00806884765625,118.97449226379395,124.0232893371582,2.0241327375194
2021-04-07,122.44504366920103,124.4788169278638,121.77360301243874,124.45935821533203,83466700,122.81483459472656,122.5131607055664,119.6911849975586,116.67456817626953,119.24357604980469,119.52964706420899,119.30583267211914,123.7351205444336,2.3444126927328766
2021-04-08,125.48112193995918,126.88238697462579,125.0626964676061,126.85319519042969,88844600,124.45935821533203,122.81483459472656,122.5131607055664,118.86404418945312,116.8594741821289,120.52901916503906,119.81087150573731,123.49016448974609,2.807608265471396
2021-04-09,126.30826602843275,129.46109760648577,125.9871415439433,129.42218017578125,106686700,126.85319519042969,124.45935821533203,122.81483459472656,119.6911849975586,117.34602355957031,121.73663482666015,120.34802284240723,123.3179638671875,3.517598288610921
2021-04-12,128.95507626413877,129.276200697575,127.11591985323048,127.70951080322266,91420000,129.42218017578125,126.85319519042969,124.45935821533203,122.5131607055664,117.94933319091797,122.71265258789063,120.84479026794433,123.20809188842773,3.8232505186995573
2021-04-13,128.8772026312571,131.0374830743866,128.38091275888675,130.81365966796875,91266500,127.70951080322266,129.42218017578125,126.85319519042969,122.81483459472656,118.1244888305664,123.98156967163087,121.3527458190918,123.25999435424805,4.424271777406793
2021-04-14,131.31000899099288,131.36839256751463,128.11824478906962,128.47828674316406,87222800,130.81365966796875,127.70951080322266,129.42218017578125,124.45935821533203,116.67456817626953,125.16194152832031,121.66705780029297,123.22282516479493,4.70163745722609
2021-04-15,130.22012045971883,131.36837019796266,130.04495491166549,130.88182067871094,89347100,128.47828674316406,130.81365966796875,127.70951080322266,126.85319519042969,118.86404418945312,126.3637191772461,122.14095726013184,123.2172087097168,5.131704619092617
2021-04-16,130.68718234573052,131.0472241792983,129.6946173321828,130.5509490966797,84922400,130.88182067871094,128.47828674316406,130.81365966796875,129.42218017578125,119.6911849975586,127.4496955871582,122.80412406921387,123.22537948608398,5.324870449029989
2021-04-19,129.91843832937323,131.82571884662076,129.75301328602865,131.21266174316406,94264200,130.5509490966797,130.88182067871094,128.47828674316406,127.70951080322266,122.5131607055664,128.31964569091798,123.52664909362792,123.17974044799804,5.441013854955258
2021-04-20,131.38782793049364,131.88410306298763,128.26417368348118,129.52920532226562,94812300,131.21266174316406,130.5509490966797,130.88182067871094,130.81365966796875,122.81483459472656,128.99108276367187,123.99957580566407,123.10870407104493,5.535063863014249
2021-04-21,128.7993896114448,130.15199668398512,127.76790700410929,129.90872192382812,68847100,129.52920532226562,131.21266174316406,130.5509490966797,128.47828674316406,124.45935821533203,129.5360191345215,124.53283309936523,123.04233810424805,5.566407301736305
2021-04-22,129.46108603950333,130.54122653689166,127.8749447465964,128.39068603515625,84566500,129.90872192382812,129.52920532226562,131.21266174316406,130.88182067871094,126.85319519042969,129.68976821899415,125.1093936920166,122.96312820434571,5.321589911755832
2021-04-23,128.60476763173878,131.4851323617936,128.60476763173878,130.7066650390625,78657500,128.39068603515625,129.90872192382812,129.52920532226562,130.5509490966797,129.42218017578125,129.81821670532227,125.77742576599121,122.94230331420898,5.130924089700181
2021-04-26,131.20291243316117,131.42672099869188,129.96707280484003,131.0958709716797,66905100,130.7066650390625,128.39068603515625,129.90872192382812,131.21266174316406,127.70951080322266,130.15685272216797,126.4347526550293,122.93432357788086,4.91274664055811
2021-04-27,131.37809693084532,131.76734545845767,130.5023137282654,130.7747802734375,66015800,131.0958709716797,130.7066650390625,128.39068603515625,129.52920532226562,130.81365966796875,130.15296478271483,127.06726722717285,122.91525009155274,4.590266433895862
2021-04-28,130.69689972688315,131.3878064201636,129.4999923395791,129.98654174804688,107760100,130.7747802734375,131.0958709716797,130.7066650390625,129.90872192382812,128.47828674316406,130.3037902832031,127.73286590576171,122.92283981323243,3.92021690387861
2021-04-29,132.79880749394718,133.38267277073504,128.88694577541443,129.8892364501953,151101000,129.98654174804688,130.7747802734375,131.0958709716797,128.39068603515625,130.88182067871094,130.20453186035155,128.28412551879882,122.9742189025879,3.3396352067220323
2021-04-30,128.23498319758693,129.96709820494203,127.54409123252586,127.92359924316406,109839500,129.8892364501953,129.98654174804688,130.7747802734375,130.7066650390625,130.5509490966797,129.941796875,128.6957462310791,123.00827743530273,2.6637214089340033
2021-05-03,128.48801399046965,130.4634190600625,128.2836714700979,128.9745635986328,75135100,127.92359924316406,129.8892364501953,129.98654174804688,131.0958709716797,131.21266174316406,129.71798706054688,129.01881637573243,123.06024139404298,2.2311044246562712
2021-05-04,127.66086008438737,127.95279275381809,123.29164023246338,124.41070556640625,137564700,128.9745635986328,127.92359924316406,129.8892364501953,130.7747802734375,129.52920532226562,129.20613708496094,129.0986099243164,123.09624603271484,2.015684123185213
2021-05-05,125.72441480809984,126.94078881910761,124.52750693879655,124.65401458740234,84000900,124.41070556640625,128.9745635986328,127.92359924316406,129.98654174804688,129.90872192382812,128.68066635131837,129.10834274291992,123.13984130859374,1.9924402380155024
2021-05-06,124.44964624226809,126.25961120491856,123.71008883004946,126.24988555908203,78128300,124.65401458740234,124.41070556640625,128.9745635986328,129.8892364501953,128.39068603515625,128.46658630371093,129.07817726135255,123.22527984619141,2.032543542641898
2021-05-07,127.54630313860244,127.9459401484153,126.21088280565189,126.9224624633789,78973300,126.24988555908203,124.65401458740234,124.41070556640625,127.92359924316406,130.7066650390625,128.0881660461426,128.95319137573242,123.40902435302735,2.0864193787311596
2021-05-10,126.14264776926625,126.26935540308767,123.60828686336556,123.64727783203125,88071200,126.9224624633789,126.24988555908203,124.65401458740234,128.9745635986328,131.0958709716797,127.34330673217774,128.75007972717285,123.5220101928711,2.3895679083767494
2021-05-11,120.38187733150679,123.08193721891007,119.67030506781474,122.73103332519531,126142800,123.64727783203125,126.9224624633789,126.24988555908203,124.41070556640625,130.7747802734375,126.53893203735352,128.34594841003417,123.48958435058594,2.68715047639883
2021-05-12,120.28438654552215,121.4930768252382,119.16342036759427,119.6702880859375,112172300,122.73103332519531,123.64727783203125,126.9224624633789,124.65401458740234,129.98654174804688,125.50730667114257,127.90554847717286,123.4479067993164,3.31317388442918
2021-05-13,121.43461322233485,122.96497365657781,121.12269286111233,121.81476593017578,105861300,119.6702880859375,122.73103332519531,123.64727783203125,126.24988555908203,129.8892364501953,124.69985961914062,127.45219573974609,123.50867294311523,3.4995801575807155
2021-05-14,123.06243260302256,124.66102519199373,122.67253033910511,124.23213195800781,81918000,121.81476593017578,119.6702880859375,122.73103332519531,126.9224624633789,127.92359924316406,124.330712890625,127.1362548828125,123.6553483581543,3.490319923483718
2021-05-17,123.61803331863223,123.72525662054227,122.0096912267483,123.08191680908203,74244600,124.23213195800781,121.81476593017578,119.6702880859375,123.64727783203125,128.9745635986328,123.74144821166992,126.7297176361084,123.75391235351563,3.463945452521995
2021-05-18,123.36459396598383,123.78373756646234,121.62953683178752,121.69776916503906,63342900,123.08191680908203,124.23213195800781,121.81476593017578,122.73103332519531,124.41070556640625,123.4701545715332,126.33814582824706,123.92327178955078,3.5717918867236076
2021-05-19,120.050447495282,121.76600548369002,119.75801895076617,121.54181671142578,92612000,121.69776916503906,123.08191680908203,124.23213195800781,119.6702880859375,124.65401458740234,123.15893478393555,125.91980056762695,123.99745712280273,3.621222187983218
2021-05-20,122.06817912472063,124.49530918227134,121.94145662294912,124.09565734863281,76857100,121.54181671142578,121.69776916503906,123.08191680908203,121.81476593017578,126.24988555908203,122.94351196289062,125.70504913330078,124.14432189941407,3.594232313018287
2021-05-21,124.59279439116175,124.76825004025154,122.04869119774337,122.26313781738281,79295400,124.09565734863281,121.54181671142578,121.69776916503906,124.23213195800781,126.9224624633789,122.47757949829102,125.28287277221679,124.21600158691406,3.469548330377402
2021-05-24,122.82849985689472,124.70977148763245,122.76026751533502,123.89097595214844,63092900,122.26313781738281,124.09565734863281,121.54181671142578,123.08191680908203,123.64727783203125,122.50194931030273,124.92262802124023,124.33833786010742,3.197601484322643
2021-05-25,124.59279202902988,125.08017543327662,123.1306641265909,123.6960220336914,72009500,123.89097595214844,122.26313781738281,124.09565734863281,121.69776916503906,122.73103332519531,122.59844818115235,124.56869010925293,124.39916732788086,2.8930032215062234
2021-05-26,123.75450113667013,124.17364475386753,123.22813421483384,123.64727783203125,56575900,123.6960220336914,123.89097595214844,122.26313781738281,121.54181671142578,119.6702880859375,122.99614715576172,124.25172691345215,124.42827194213868,2.600672544676539
2021-05-27,123.24763627844212,124.41733561849655,121.92197306010468,122.1169204711914,94625600,123.64727783203125,123.6960220336914,123.89097595214844,124.09565734863281,121.81476593017578,123.02636260986328,123.86311111450195,124.44253372192382,2.274132523949684
2021-05-28,122.3995899273286,122.6237861257757,121.40534630909178,121.46382904052734,71311100,122.1169204711914,123.64727783203125,123.6960220336914,122.26313781738281,124.23213195800781,122.74953231811523,123.54012260437011,124.5260580444336,2.120631175495415
2021-06-01,121.9219706400981,122.18515038351808,120.8107540580726,121.14216613769531,67637100,121.46382904052734,122.1169204711914,123.64727783203125,123.89097595214844,123.08191680908203,122.55555725097656,123.14850273132325,124.61365814208985,1.756104823388232
2021-06-02,121.14214539210477,122.07790617267895,120.91795665587394,121.90245056152344,59278900,121.14216613769531,121.46382904052734,122.1169204711914,123.6960220336914,121.69776916503906,122.576025390625,123.0230899810791,124.65029373168946,1.7507757937301462
2021-06-03,121.53206925104124,121.6977752920281,120.02120080570538,120.42085266113281,76229200,121.90245056152344,121.14216613769531,121.46382904052734,123.64727783203125,121.54181671142578,122.4639289855957,122.81143188476562,124.67383926391602,1.7984619557808184
2021-06-04,120.93747667465416,122.97471215998662,120.72303005127523,122.7115249633789,75169300,120.42085266113281,121.90245056152344,121.14216613769531,122.1169204711914,124.09565734863281,122.32551574707031,122.63451385498047,124.79088027954101,1.6061700221119255
2021-06-07,122.98443979955707,123.13065406520676,121.67827588309044,122.72126007080078,71057600,122.7115249633789,120.42085266113281,121.90245056152344,121.46382904052734,122.26313781738281,122.3713279724121,122.42445373535156,124.89838500976562,1.2514071494293268
2021-06-08,123.4035896495703,125.21663622404847,123.02343700167279,123.54005432128906,74403800,122.72126007080078,122.7115249633789,120.42085266113281,121.14216613769531,123.89097595214844,122.33623580932617,122.41909255981446,125.01019943237304,1.2461111775835525
2021-06-09,123.99818609803275,124.52455300706954,123.32560491924683,123.92020416259766,56877900,123.54005432128906,122.72126007080078,122.7115249633789,121.90245056152344,123.6960220336914,122.3586540222168,122.47855110168457,125.12611373901368,1.2893978788556553
2021-06-10,123.81299241371467,124.95345787476269,122.7602659341765,122.92597198486328,71186400,123.92020416259766,123.54005432128906,122.72126007080078,120.42085266113281,123.64727783203125,122.2865234375,122.64133529663086,125.25114181518555,1.1091073060077574
2021-06-11,123.33536251537065,124.22239035571975,122.91621888119515,124.13465881347656,53522400,122.92597198486328,123.92020416259766,123.54005432128906,122.7115249633789,122.1169204711914,122.48829727172851,122.7573299407959,125.35655410766601,1.1390199935276306
2021-06-14,124.59281688929634,127.2441364345247,123.8617527922061,127.18565368652344,96906500,124.13465881347656,122.92597198486328,123.92020416259766,122.72126007080078,121.46382904052734,123.06047973632812,122.90500602722167,125.50644348144532,1.4805548398883248
2021-06-15,126.65928803562127,127.30262798000346,126.12317141530278,126.36685943603516,62746300,127.18565368652344,124.13465881347656,122.92597198486328,123.54005432128906,121.14216613769531,123.58294906616212,123.06925315856934,125.5835174560547,1.6711546471743035
2021-06-16,127.07842216944793,127.58529740869534,125.21665702603657,126.86397552490234,91815000,126.36685943603516,127.18565368652344,124.13465881347656,123.92020416259766,121.90245056152344,124.0791015625,123.3275634765625,125.66450027465821,1.8388621242221155
2021-06-17,126.52280804022224,129.20337594415264,126.37658632134162,128.46255493164062,96721700,126.86397552490234,126.36685943603516,127.18565368652344,122.92597198486328,120.42085266113281,124.88327178955078,123.67360038757325,125.74456420898437,2.1154976916600865
2021-06-18,127.40978744693709,128.1895768236251,126.95165300769195,127.16609954833984,108953300,128.46255493164062,126.86397552490234,126.36685943603516,124.13465881347656,122.7115249633789,125.32872924804687,123.82712249755859,125.75082229614257,2.2545779944657185
2021-06-21,127.01018237446559,129.06690958900398,125.9477063159808,128.95968627929688,79663300,127.16609954833984,128.46255493164062,126.86397552490234,127.18565368652344,122.72126007080078,125.95257186889648,124.1619499206543,125.7415724182129,2.494565583508724
2021-06-22,128.79396232556323,130.6947253937975,128.29682937988724,130.5972442626953,74783600,128.95968627929688,127.16609954833984,128.46255493164062,126.36685943603516,123.54005432128906,126.65829086303711,124.49726333618165,125.79932708740235,2.8775462518806982
2021-06-23,130.39253480000346,130.92865119213846,129.8661605700781,130.3242950439453,60214200,130.5972442626953,128.95968627929688,127.16609954833984,126.86397552490234,123.92020416259766,127.29869995117187,124.82867698669433,125.78953979492188,3.149275496849543
2021-06-24,131.0554073186903,131.240612583958,129.57378007008424,130.0416717529297,68711000,130.3242950439453,130.5972442626953,128.95968627929688,128.46255493164062,122.92597198486328,128.01026992797853,125.14839668273926,125.8208074951172,3.3417296477585148
2021-06-25,130.09039090512184,130.50952706925113,129.45679326652197,129.7492218017578,70783700,130.0416717529297,130.3242950439453,130.5972442626953,127.16609954833984,124.13465881347656,128.57172622680665,125.53001174926757,125.79815551757812,3.41237011559289
2021-06-28,130.04165459260284,131.83519451956099,129.98317185834844,131.37705993652344,62111300,129.7492218017578,130.0416717529297,130.3242950439453,128.95968627929688,127.18565368652344,128.99086685180663,126.02567329406739,125.814677734375,3.5092483049747956
2021-06-29,131.3965550234282,133.0438880631515,130.9579196567259,132.88792419433594,64556100,131.37705993652344,129.7492218017578,130.0416717529297,130.5972442626953,126.36685943603516,129.64297332763672,126.61296119689942,125.84818298339843,3.6297408440841332
2021-06-30,132.73193673192986,133.94063419010044,132.43950824826416,133.5019989013672,63261400,132.88792419433594,131.37705993652344,129.7492218017578,130.3242950439453,126.86397552490234,130.3067756652832,127.1929386138916,125.92763885498047,3.7617731490419373
2021-07-01,133.15111722207564,133.86268195374564,132.3323143115352,133.80419921875,52485800,133.5019989013672,132.88792419433594,131.37705993652344,130.0416717529297,128.46255493164062,130.84094009399413,127.86210594177246,126.00554840087891,3.683246048713694
2021-07-02,134.41828334809892,136.46526832234767,134.27207651002422,136.42628479003906,78852600,133.80419921875,133.5019989013672,132.88792419433594,129.7492218017578,127.16609954833984,131.76695861816407,128.54784393310547,126.16626037597656,3.9414909730822596
2021-07-06,136.53351700878477,139.53574001915328,136.53351700878477,138.4342803955078,108181800,136.42628479003906,133.80419921875,133.5019989013672,131.37705993652344,128.95968627929688,132.71441802978515,129.33349494934083,126.32081268310547,4.271196472093779
2021-07-07,139.91589835234652,141.2318195282519,139.0581266890823,140.91990661621094,104911600,138.4342803955078,136.42628479003906,133.80419921875,132.88792419433594,130.5972442626953,133.7466842651367,130.2024875640869,126.51729339599609,4.76940515145096
2021-07-08,138.00536723887996,140.42274763655988,137.11833949517367,139.6234588623047,105575500,140.91990661621094,138.4342803955078,136.42628479003906,133.5019989013672,130.3242950439453,134.67660064697264,130.98765029907227,126.69426696777344,4.969143151447999
2021-07-09,139.1458433075578,141.97261806281588,139.04836216143113,141.44625854492188,99890800,139.6234588623047,140.91990661621094,138.4342803955078,133.80419921875,130.0416717529297,135.8170593261719,131.9136646270752,126.92346130371094,5.11137569296015
2021-07-12,142.5184555206525,142.62567880479006,140.364247675173,140.85162353515625,76299700,141.44625854492188,139.6234588623047,140.91990661621094,136.42628479003906,129.7492218017578,136.92729949951172,132.74951286315917,127.14270904541016,5.139109079742463
2021-07-13,140.39350901995923,143.7369156295679,140.00361422588887,141.96286010742188,100827100,140.85162353515625,141.44625854492188,139.6234588623047,138.4342803955078,131.37705993652344,137.98587951660156,133.4883731842041,127.42349426269531,5.354827372331625
2021-07-14,144.3607540301203,145.79364043052715,143.95134516697595,145.3842315673828,127050800,141.96286010742188,140.85162353515625,141.44625854492188,140.91990661621094,132.88792419433594,139.23551025390626,134.4392417907715,127.7516876220703,5.700977820238322
2021-07-15,145.47197634550716,146.21278242197315,143.37625087333885,144.7311553955078,106820300,145.3842315673828,141.96286010742188,140.85162353515625,139.6234588623047,133.5019989013672,140.35842590332032,135.33260078430175,128.15809661865234,5.849421180776607
2021-07-16,144.7116519617399,145.9788173432772,142.19679065127386,142.69390869140625,93251400,144.7311553955078,145.3842315673828,141.96286010742188,141.44625854492188,133.80419921875,141.24739685058594,136.04416847229004,128.51889450073242,5.835299060779684
2021-07-19,140.1205738932986,140.43250161447835,138.09308832622733,138.8533935546875,121434600,142.69390869140625,144.7311553955078,145.3842315673828,140.85162353515625,136.42628479003906,141.49010772705077,136.62853317260743,128.77096466064452,5.473407401781265
2021-07-20,139.83789124908492,143.3859869898834,139.350515378791,142.4599609375,96350000,138.8533935546875,142.69390869140625,144.7311553955078,141.96286010742188,138.4342803955078,141.89267578125,137.30354690551758,129.08171463012695,5.307824658208187
2021-07-21,141.85563485293181,142.44049190950972,140.97836414159778,141.72891235351562,74993500,142.4599609375,138.8533935546875,142.69390869140625,145.3842315673828,140.91990661621094,141.97357635498048,137.8601303100586,129.44334732055665,5.148841013840783
2021-07-22,142.25529492286392,144.4582288663732,142.12857241610413,143.0935821533203,77338200,141.72891235351562,142.4599609375,138.8533935546875,144.7311553955078,139.6234588623047,142.32058868408203,138.49859466552735,129.85059829711915,4.953192390580708
2021-07-23,143.82463382519293,144.96509166825837,143.210535419876,144.8091278076172,71447400,143.0935821533203,141.72891235351562,142.4599609375,142.69390869140625,141.44625854492188,142.65687561035156,139.23696746826172,130.35337509155272,4.721438104821001
2021-07-26,144.52647939059113,146.04709009069717,143.97086362595675,145.22830200195312,72434100,144.8091278076172,143.0935821533203,141.72891235351562,138.8533935546875,140.85162353515625,143.09454345703125,140.01092147827148,130.8216458129883,4.337391001182187
2021-07-27,145.35500444699645,145.4427434254304,141.87514775749966,143.06434631347656,104818600,145.22830200195312,144.8091278076172,143.0935821533203,142.4599609375,141.96286010742188,143.2046920776367,140.59528579711915,131.19829010009767,3.8756762276164127
2021-07-28,141.15381301329907,143.25928057886588,138.94112214929507,141.31951904296875,118931200,143.06434631347656,145.22830200195312,144.8091278076172,141.72891235351562,145.3842315673828,142.7982208251953,141.0168655395508,131.56304214477538,3.4256229517123313
2021-07-29,141.03684881635502,142.8498878684949,140.92962551695572,141.96286010742188,56699500,141.31951904296875,143.06434631347656,145.22830200195312,143.0935821533203,144.7311553955078,142.52139129638672,141.4399085998535,131.96834396362306,2.9362107343525428
2021-07-30,140.73469364228038,142.63545700170118,140.47150644681145,142.1773223876953,70440600,141.96286010742188,141.31951904296875,143.06434631347656,144.8091278076172,142.69390869140625,142.46973266601563,141.8585647583008,132.38105407714843,2.323105881717309
2021-08-02,142.6646588267022,143.23975875771586,141.58268384916155,141.8458709716797,62880000,142.1773223876953,141.96286010742188,141.31951904296875,145.22830200195312,138.8533935546875,142.76898040771485,142.12954406738282,132.73605834960938,1.9407201264553524
2021-08-03,142.1286117502495,144.30230492815897,141.51451312265684,143.6394805908203,64786600,141.8458709716797,142.1773223876953,141.96286010742188,143.06434631347656,142.4599609375,142.88693237304688,142.38980407714843,133.16358520507814,1.7596609545114912
2021-08-04,143.55173491626834,144.05859526042843,142.58672505684436,143.23980712890625,56368300,143.6394805908203,141.8458709716797,142.1773223876953,141.31951904296875,141.72891235351562,143.03802185058595,142.50579910278321,133.55056182861327,1.7339419122289461
2021-08-05,143.26903344221475,144.107320690727,142.47948676454712,143.34701538085938,46397700,143.23980712890625,143.6394805908203,141.8458709716797,141.96286010742188,143.0935821533203,143.06336517333983,142.69197692871094,133.94358169555665,1.603139230450394
2021-08-06,142.86867690985883,143.61059289976055,142.16580285802874,142.66366577148438,54126800,143.34701538085938,143.23980712890625,143.6394805908203,142.1773223876953,144.8091278076172,142.84881896972655,142.75284729003906,134.3239094543457,1.5762369522665636
2021-08-09,142.72222158501236,143.210327688173,142.0584044347056,142.61483764648438,48908700,142.66366577148438,143.34701538085938,143.23980712890625,141.8458709716797,145.22830200195312,142.58747253417968,142.84100799560548,134.73386779785156,1.5123158323644652
2021-08-10,142.9565812036722,144.1963754257306,141.84369939131616,142.13656616210938,69023100,142.61483764648438,142.66366577148438,143.34701538085938,143.6394805908203,143.06434631347656,142.49469451904298,142.84969329833984,135.1473225402832,1.5074982805815538
2021-08-11,142.57580253562702,143.22986295766566,142.0681679932176,142.39031982421875,48493500,142.13656616210938,142.61483764648438,142.66366577148438,143.23980712890625,141.31951904296875,142.60177459716797,142.69999771118165,135.57228561401368,1.3863514141796838
2021-08-12,142.7124810649403,145.50444888855472,142.37080079552103,145.34825134277344,72282600,142.39031982421875,142.13656616210938,142.61483764648438,143.34701538085938,141.96286010742188,142.94031372070313,142.73085250854493,136.04120162963866,1.4397741053921422
2021-08-13,145.42634081402107,145.88516176552068,144.74299521470792,145.55325317382812,59375000,145.34825134277344,142.39031982421875,142.13656616210938,142.66366577148438,142.1773223876953,143.2779067993164,142.87381973266602,136.54384963989258,1.5718214064699114
2021-08-16,145.0065628373872,147.59353426907154,142.9858112009547,147.5251922607422,103296000,145.55325317382812,145.34825134277344,142.39031982421875,142.61483764648438,141.8458709716797,143.84583892822266,143.30740966796876,137.04012298583984,1.6002181306136651
2021-08-17,146.6563820290242,148.07188700426227,145.5435005089824,146.61734008789062,92229700,147.5251922607422,145.55325317382812,145.34825134277344,142.13656616210938,143.6394805908203,144.14362487792968,143.5152786254883,137.51804458618165,1.7475779209988813
2021-08-18,146.23663716721276,147.13475089008148,142.67345256358962,142.8784637451172,86326000,146.61734008789062,147.5251922607422,145.55325317382812,142.39031982421875,143.23980712890625,144.10749053955078,143.57275619506837,137.9048127746582,1.7040956626751345
2021-08-19,141.5800998127829,144.47945217305653,141.06270837166667,143.2103729248047,86960300,142.8784637451172,146.61734008789062,147.5251922607422,145.34825134277344,143.34701538085938,144.0938262939453,143.57859573364257,138.29061614990235,1.7025666443634675
2021-08-20,143.93275769698107,144.96754045087513,143.28845394220284,144.6649169921875,60549600,143.2103729248047,142.8784637451172,146.61734008789062,145.55325317382812,142.66366577148438,144.29395141601563,143.5713851928711,138.72539505004883,1.6973784003451131
2021-08-23,144.78203658666285,146.6173203855108,144.3720292286724,146.14874267578125,60131800,144.6649169921875,143.2103729248047,142.8784637451172,147.5251922607422,142.61483764648438,144.6473419189453,143.6174072265625,139.1656767272949,1.7561293109083396
2021-08-24,145.89495874434272,147.2714219782902,145.602092007955,146.0609130859375,48606400,146.14874267578125,144.6649169921875,143.2103729248047,146.61734008789062,142.13656616210938,145.03977661132814,143.76723556518556,139.5431819152832,1.8326237570922654
2021-08-25,146.24636116832204,146.74423897086186,144.28417982272728,144.8308563232422,58991300,146.0609130859375,146.14874267578125,144.6649169921875,142.8784637451172,142.39031982421875,145.28383026123046,143.94280242919922,139.91246185302734,1.752219424723105
2021-08-26,144.82109417148567,145.57276688380205,144.00106455542348,144.0303497314453,48597200,144.8308563232422,146.0609130859375,146.14874267578125,143.2103729248047,145.34825134277344,145.15204010009765,144.0461769104004,140.2557893371582,1.6891130123366451
2021-08-27,143.97178711441077,145.21158091727293,143.33725507209095,145.06515502929688,55802400,144.0303497314453,144.8308563232422,146.0609130859375,144.6649169921875,145.55325317382812,145.10323028564454,144.19056854248046,140.58784133911132,1.6437709040001591
2021-08-30,145.45565533870288,149.83885461039787,145.07493307828,149.47764587402344,90956700,145.06515502929688,144.0303497314453,144.8308563232422,146.14874267578125,147.5251922607422,145.29847564697266,144.57215728759766,141.034072265625,1.9314713986887715
2021-08-31,149.0285807911714,149.16524992421503,147.6911597437249,148.21832275390625,86453100,149.47764587402344,145.06515502929688,144.0303497314453,146.0609130859375,146.61734008789062,145.4585739135742,144.80109939575195,141.4192449951172,2.0807058585257856
2021-09-01,149.1945209265185,151.293371319359,148.71617155840954,148.8821258544922,80313700,148.21832275390625,149.47764587402344,145.06515502929688,144.8308563232422,142.8784637451172,146.0589401245117,145.08321533203124,141.78494262695312,2.2346877317322105
2021-09-02,150.20977826854366,151.03956466217258,148.77474502994417,149.99501037597656,71115500,148.8821258544922,148.21832275390625,149.47764587402344,144.0303497314453,143.2103729248047,146.7374038696289,145.4156150817871,142.17835693359376,2.4471713458093056
2021-09-03,150.10239938899159,150.9517142276546,149.44833892893834,150.6295623779297,57808700,149.99501037597656,148.8821258544922,148.21832275390625,145.06515502929688,144.6649169921875,147.33386840820313,145.81390991210938,142.59011474609375,2.6179898906412533
2021-09-07,151.28363626481305,153.51915609845358,150.71743128739138,152.9627227783203,82278300,150.6295623779297,149.99501037597656,148.8821258544922,149.47764587402344,146.14874267578125,148.01526641845703,146.33130416870117,143.054384765625,2.953508849726296
2021-09-08,153.24581573453693,153.3043860941943,150.31717858511598,151.42030334472656,74420200,152.9627227783203,150.6295623779297,149.99501037597656,148.21832275390625,146.0609130859375,148.55120544433595,146.79549102783204,143.45524963378907,2.988872105948827
2021-09-09,151.79126431107525,152.39651120399355,150.28788894400816,150.40504455566406,57305700,151.42030334472656,152.9627227783203,150.6295623779297,148.8821258544922,144.8308563232422,149.10862426757814,147.19622726440429,143.80559204101561,2.903222579350449
2021-09-10,151.3128888573864,151.7814665359228,145.16274910531013,145.42633056640625,140893200,150.40504455566406,151.42030334472656,152.9627227783203,149.99501037597656,144.0303497314453,149.24822235107422,147.20013122558595,144.0440786743164,2.9006581835321996
2021-09-13,147.04684942260073,147.8180505115286,145.21156570783384,145.99253845214844,102404300,145.42633056640625,150.40504455566406,151.42030334472656,150.6295623779297,145.06515502929688,149.34096069335936,147.22209548950195,144.28784545898438,2.8891718397042725
2021-09-14,146.7735217186003,147.4763957492906,143.4153491043727,144.5965576171875,109296300,145.99253845214844,145.42633056640625,150.40504455566406,152.9627227783203,149.47764587402344,148.85285186767578,147.0756637573242,144.45125091552734,2.9466457370150896
2021-09-15,145.02610332343372,145.8851749521173,142.88819590848047,145.48492431640625,83281300,144.5965576171875,145.99253845214844,145.42633056640625,151.42030334472656,148.21832275390625,148.5795120239258,147.01904296875,144.5922637939453,2.9667275432250184
2021-09-16,144.90896023332135,145.42635157507343,143.71798000246844,145.25062561035156,68034100,145.48492431640625,144.5965576171875,145.99253845214844,150.40504455566406,148.8821258544922,148.21636199951172,147.1376510620117,144.67887817382814,2.8370622319337113
2021-09-17,145.2799735087836,145.2799735087836,142.29275029169693,142.5856170654297,129868800,145.25062561035156,145.48492431640625,144.5965576171875,145.42633056640625,149.99501037597656,147.47542266845704,147.10641326904297,144.73812133789062,2.885604050548467
2021-09-20,140.37938418585364,141.39463880314457,137.90956733542686,139.5398406982422,123478900,142.5856170654297,145.25062561035156,145.48492431640625,145.99253845214844,150.6295623779297,146.36645050048827,146.85015945434571,144.69999298095703,3.310162184312946
2021-09-21,140.5062336067531,141.16030897663776,139.38359538478255,140.01812744140625,75834000,139.5398406982422,142.5856170654297,145.25062561035156,144.5965576171875,152.9627227783203,145.07199096679688,146.54362869262695,144.68332305908203,3.6454135121275315
2021-09-22,141.01387841720836,142.94677480134484,140.28171911608493,142.38058471679688,76404300,140.01812744140625,139.5398406982422,142.5856170654297,145.48492431640625,151.42030334472656,144.16801910400392,146.35961227416993,144.69167755126952,3.762085324280437
2021-09-23,143.1615238009879,143.5813028239796,142.17555476827644,143.33724975585938,64838200,142.38058471679688,140.01812744140625,139.5398406982422,145.25062561035156,150.40504455566406,143.46123962402345,146.2849319458008,144.65073791503906,3.8085670130284774
2021-09-24,142.19510285111807,143.96204492535793,142.09747565204063,143.4251251220703,53477900,143.33724975585938,142.38058471679688,140.01812744140625,142.5856170654297,145.42633056640625,143.26111907958983,146.25467071533203,144.6246173095703,3.82976920033064
2021-09-27,142.00962976919416,142.48797924389808,140.39888514559524,141.91200256347656,74150700,143.4251251220703,143.33724975585938,142.38058471679688,139.5398406982422,145.99253845214844,142.85306549072266,146.097013092041,144.60897918701173,3.9444979069078325
2021-09-28,139.84240736288436,141.30672576458994,138.31951860844126,138.53428649902344,108972300,141.91200256347656,143.4251251220703,143.33724975585938,140.01812744140625,144.5965576171875,142.24683837890626,145.54984512329102,144.60259704589845,4.2015066896983075
2021-09-29,139.0809361025626,141.01383184837374,138.6514004044236,139.432373046875,74602000,138.53428649902344,141.91200256347656,143.4251251220703,142.38058471679688,145.48492431640625,141.64158325195314,145.11054763793945,144.54204528808594,4.363988741217146
2021-09-30,140.24265523549735,140.94552924628812,137.91926531672686,138.134033203125,89056700,139.432373046875,138.53428649902344,141.91200256347656,143.33724975585938,145.25062561035156,140.92992401123047,144.5731430053711,144.47014770507812,4.533584811216799
2021-10-01,138.52452409983053,139.5202648503588,135.80089824481317,139.25668334960938,94639600,138.134033203125,139.432373046875,138.53428649902344,143.4251251220703,142.5856170654297,140.59703063964844,144.03622665405274,144.3934097290039,4.493369077640784
2021-10-04,138.3878720570302,138.82717957779718,134.98090012736012,135.8302001953125,98322000,139.25668334960938,138.134033203125,139.432373046875,141.91200256347656,139.5398406982422,140.22606658935547,143.29625854492187,144.21383117675782,4.5683849841990805
2021-10-05,136.17182191207743,138.85640500413678,136.0449095810652,137.75328063964844,80861100,135.8302001953125,139.25668334960938,138.134033203125,138.53428649902344,140.01812744140625,139.99958190917968,142.5357864379883,144.06433074951173,4.1183185294330755
2021-10-06,136.15233067899587,138.76857249312508,135.07849119061893,138.6221466064453,83221100,137.75328063964844,135.8302001953125,139.25668334960938,139.432373046875,142.38058471679688,139.62373809814454,141.89587860107423,143.9754867553711,3.6305914985506247
2021-10-07,139.65696027730579,140.7893703718494,139.32505159657362,139.88148498535156,61732700,138.6221466064453,137.75328063964844,135.8302001953125,138.134033203125,143.33724975585938,139.27816162109374,141.36970062255858,143.94672607421876,3.048358566528599
2021-10-08,140.60385709315267,140.7502829805711,139.16882381318146,139.500732421875,58773200,139.88148498535156,138.6221466064453,137.75328063964844,139.25668334960938,143.4251251220703,138.8857223510742,141.07342071533202,143.89748352050782,2.9185294514240607
2021-10-11,138.88572424122802,141.36529686032225,138.43666004151856,139.41287231445312,64452200,139.500732421875,139.88148498535156,138.6221466064453,135.8302001953125,141.91200256347656,138.63580932617188,140.74443740844725,143.84219451904298,2.6973044085627644
2021-10-12,139.82288519545196,139.84241361250955,137.68497785008697,138.143798828125,73035900,139.41287231445312,139.500732421875,139.88148498535156,137.75328063964844,138.53428649902344,138.59676055908204,140.42179946899415,143.76815307617187,2.5963147617544684
2021-10-13,137.88024208325538,138.03642474342516,135.88876048394778,137.55809020996094,78762700,138.143798828125,139.41287231445312,139.500732421875,138.6221466064453,139.432373046875,138.40933227539062,140.02545776367188,143.64652526855468,2.378633166251262
2021-10-14,138.72954178771872,140.45744186952987,138.1438084019397,140.3402862548828,69907100,137.55809020996094,138.143798828125,139.41287231445312,139.88148498535156,138.134033203125,138.6299575805664,139.77994079589843,143.58853485107423,2.0402681115846195
2021-10-15,140.35005282323274,141.45316264244676,140.0962280805495,141.39459228515625,67940300,140.3402862548828,137.55809020996094,138.143798828125,139.500732421875,139.25668334960938,138.8437484741211,139.72038955688475,143.54948638916017,1.9702462907333707
2021-10-18,140.03763996851194,143.34699879821167,139.75454497889402,143.06390380859375,85589200,141.39459228515625,140.3402862548828,137.55809020996094,139.41287231445312,135.8302001953125,139.5671188354492,139.89659271240234,143.55749114990235,2.1061448580355004
2021-10-19,143.51297237963328,145.62159463310732,143.06392303976392,145.22134399414062,76378900,143.06390380859375,141.39459228515625,140.3402862548828,138.143798828125,137.75328063964844,140.31392517089844,140.15675354003906,143.60962127685548,2.4199348566138794
2021-10-20,145.1627504339508,146.1877762179813,144.5965455732881,145.7094268798828,58418800,145.22134399414062,143.06390380859375,141.39459228515625,137.55809020996094,138.6221466064453,141.02265319824218,140.32319564819335,143.68107849121094,2.68130276764461
2021-10-21,145.27014914498275,146.0804071368253,144.35250720492448,145.92420959472656,61421000,145.7094268798828,145.22134399414062,143.06390380859375,140.3402862548828,139.88148498535156,141.62692565917968,140.45254364013672,143.7517562866211,2.888730581785546
2021-10-22,146.12925819899365,146.60759281256946,145.10423204789777,145.15304565429688,58883400,145.92420959472656,145.7094268798828,145.22134399414062,141.39459228515625,139.500732421875,142.19215698242186,140.53893966674804,143.74785217285157,3.005781413059818
2021-10-25,145.14325947301697,145.8168484447923,144.1084766625064,145.10421752929688,50720600,145.15304565429688,145.92420959472656,145.7094268798828,143.06390380859375,139.41287231445312,142.76129150390625,140.69855041503905,143.73887145996093,3.163165175174727
2021-10-26,145.77780790953028,147.25188335627817,145.46541277347194,145.76805114746094,60893400,145.10421752929688,145.15304565429688,145.92420959472656,145.22134399414062,138.143798828125,143.52371673583986,141.06023864746095,143.70372863769532,3.312703589864564
2021-10-27,145.80705169170784,146.168245431377,144.95775186240334,145.30918884277344,56094900,145.76805114746094,145.10421752929688,145.15304565429688,145.7094268798828,137.55809020996094,144.2988265991211,141.35407943725585,143.67756561279296,3.4196250915272706
2021-10-28,146.256135746264,149.52643805425132,146.1585085567286,148.9407196044922,100077900,145.30918884277344,145.76805114746094,145.10421752929688,145.92420959472656,140.3402862548828,145.15886993408202,141.89441375732423,143.79881072998046,3.724259497528946
2021-10-29,143.7179883048137,146.373287179863,142.92725865743117,146.2366180419922,124953200,148.9407196044922,145.30918884277344,145.76805114746094,145.15304565429688,141.39459228515625,145.64307250976563,142.24341049194337,143.85933563232422,3.7905228720299466
2021-11-01,145.44589589912687,146.13899838558393,144.2842007193759,145.41661071777344,74588300,146.2366180419922,148.9407196044922,145.30918884277344,145.10421752929688,143.06390380859375,145.8783432006836,142.7227310180664,143.87436950683593,3.534329231777884
2021-11-02,145.12372094423125,147.96450225059075,145.11394928812004,146.4513702392578,69122000,145.41661071777344,146.2366180419922,148.9407196044922,145.76805114746094,145.22134399414062,146.0013458251953,143.1576354980469,143.88042205810547,3.4240838536330043
2021-11-03,146.81254373991754,148.35496071493105,146.256110563663,147.88638305664062,54511500,146.4513702392578,145.41661071777344,146.2366180419922,145.30918884277344,145.7094268798828,146.2190414428711,143.62084732055663,143.91693145751952,3.4048088642103194
2021-11-04,147.97429607005193,148.8040677773685,147.056653914814,147.36904907226562,60394600,147.88638305664062,146.4513702392578,145.41661071777344,148.9407196044922,145.92420959472656,146.363525390625,143.99522552490234,143.9676953125,3.3835884838598864
2021-11-05,148.49331669815876,148.7963818494452,146.70423879606528,147.89695739746094,65463900,147.36904907226562,147.88638305664062,146.4513702392578,146.2366180419922,145.15304565429688,146.6379165649414,144.41503677368163,144.0450274658203,3.3168069870237167
2021-11-08,148.02406927556885,148.18049482600526,146.8020226332124,147.0757598876953,55020900,147.89695739746094,147.36904907226562,147.88638305664062,145.41661071777344,145.10421752929688,146.83507080078124,144.79818115234374,144.08523956298828,3.146800957936099
2021-11-09,146.84107977637362,148.0435691533501,146.70421118808,147.43743896484375,56787900,147.0757598876953,147.89695739746094,147.36904907226562,146.4513702392578,145.76805114746094,147.00200958251952,145.2628631591797,144.04443542480467,2.776888256976106
2021-11-10,146.66510417552323,146.7726448402154,144.54363371528353,144.612060546875,65187100,147.43743896484375,147.0757598876953,147.89695739746094,147.88638305664062,145.30918884277344,146.9322967529297,145.61556167602538,143.97231018066407,2.116142871611444
2021-11-11,145.62882237351127,146.0882980655143,144.37743321812488,144.5631866455078,41000000,144.612060546875,147.43743896484375,147.0757598876953,147.36904907226562,148.9407196044922,146.49454345703126,145.82670669555665,143.88593139648438,1.739184177451467
2021-11-12,145.11064651980587,147.03659252052734,144.18189439318962,146.63577270507812,63804000,144.5631866455078,144.612060546875,147.43743896484375,147.89695739746094,146.2366180419922,146.53445892333986,146.08876571655273,143.81874664306642,1.3975151163861088
2021-11-15,147.00725921767452,148.48350051743287,146.08827812399716,146.64553833007812,59222800,146.63577270507812,144.5631866455078,144.612060546875,147.0757598876953,145.41661071777344,146.6573516845703,146.26784744262696,143.73906616210937,1.2058349891192468
2021-11-16,146.58693684556133,148.1022776202638,146.00034850775356,147.62322998046875,59256200,146.64553833007812,146.63577270507812,144.5631866455078,147.43743896484375,146.4513702392578,146.7745376586914,146.38794174194337,143.63227630615233,1.2156904458031774
2021-11-17,147.62318884522813,151.53373689410836,147.61341784542643,150.05751037597656,88807000,147.62322998046875,146.64553833007812,146.63577270507812,144.612060546875,147.88638305664062,146.991650390625,146.60534591674804,143.60502044677733,1.4534934681604352
2021-11-18,150.27259510761894,155.12166644396783,149.62735108476016,154.3395538330078,137827700,150.05751037597656,147.62322998046875,146.64553833007812,144.5631866455078,147.36904907226562,147.6887008666992,147.0261131286621,143.68371063232422,2.2472596932361206
2021-11-19,154.12448394226502,157.41913113659675,153.02953515610952,156.9596405029297,117305600,154.3395538330078,150.05751037597656,147.62322998046875,146.63577270507812,147.89695739746094,148.5949691772461,147.61644287109374,143.91437683105468,3.113215858780058
2021-11-22,158.0643575600625,161.99446283900974,157.39957149925132,157.41912841796875,117467900,156.9596405029297,154.3395538330078,150.05751037597656,146.64553833007812,147.0757598876953,149.62930603027343,148.23218841552733,144.1429086303711,3.744108796615482
2021-11-23,157.51689191338718,158.18169292863084,155.502961782972,157.8004150390625,96041900,157.41912841796875,156.9596405029297,154.3395538330078,147.62322998046875,147.43743896484375,150.6656036376953,148.83380661010742,144.4069857788086,4.25866770703199
2021-11-24,157.1551823252834,158.5140974575523,156.07000441983408,158.31857299804688,69463600,157.8004150390625,157.41912841796875,156.9596405029297,150.05751037597656,144.612060546875,152.0362548828125,149.4842758178711,144.6636587524414,4.666027394974639
2021-11-26,156.00155632601601,156.8618668141861,152.8633347292546,153.3032684326172,76959800,158.31857299804688,157.8004150390625,157.41912841796875,154.3395538330078,144.5631866455078,152.91026306152344,149.70240325927733,144.82471160888673,4.740653302651737
2021-11-29,155.8060160344783,157.58532267329434,155.2389847402696,156.6565704345703,88748200,153.3032684326172,158.31857299804688,157.8004150390625,156.9596405029297,146.63577270507812,153.91234283447267,150.22340087890626,145.10613067626954,4.909293466795494
2021-11-30,156.41217318635103,161.8185054389282,156.34373142534065,161.60342407226562,174048100,156.6565704345703,153.3032684326172,158.31857299804688,157.41912841796875,146.64553833007812,155.40813140869142,151.03274154663086,145.54740234375,5.386245320594339
2021-12-01,163.7346542506034,166.49159798116264,160.85062784337472,161.08526611328125,152052500,161.60342407226562,156.6565704345703,153.3032684326172,157.8004150390625,147.62322998046875,156.75433502197265,151.76443634033203,145.9687451171875,5.715067233123684
2021-12-02,155.19011206164845,160.52800204808736,154.27113083970096,160.09783935546875,136739200,161.08526611328125,161.60342407226562,156.6565704345703,158.31857299804688,150.05751037597656,157.75836791992188,152.37500915527343,146.32309020996092,5.927315010312227
2021-12-03,160.35206691181173,161.27104831929452,156.1482237273482,158.22080993652344,118023100,160.09783935546875,161.08526611328125,161.60342407226562,153.3032684326172,154.3395538330078,158.14649353027343,152.91759719848633,146.62076141357423,5.941619113581298
2021-12-06,160.61600581977925,164.12573463510114,160.60623481829575,161.62298583984375,107497000,158.22080993652344,160.09783935546875,161.08526611328125,156.6565704345703,156.9596405029297,158.61282806396486,153.60389862060546,146.98471862792968,6.121191364397819
2021-12-07,165.2988844701773,167.7429772469704,164.57542763792551,167.35191345214844,120405400,161.62298583984375,158.22080993652344,160.09783935546875,161.60342407226562,157.41912841796875,159.60610656738282,154.61770629882812,147.4935168457031,6.640172346351289
2021-12-08,168.2806769394803,172.02502878126478,166.88264814477856,171.16470336914062,116998900,167.35191345214844,161.62298583984375,158.22080993652344,161.08526611328125,157.8004150390625,160.94253540039062,155.80406951904297,148.14612518310548,7.369366202296981
2021-12-09,170.9985052389604,172.79735388590385,170.03063915946248,170.6563262939453,108923700,171.16470336914062,167.35191345214844,161.62298583984375,160.09783935546875,158.31857299804688,162.17631072998046,157.10628280639648,148.77060424804688,7.5855016966472
2021-12-10,171.29180928871014,175.61296364291238,170.78343380069845,175.43698120117188,115402700,170.6563262939453,171.16470336914062,167.35191345214844,158.22080993652344,153.3032684326172,164.38968200683593,158.64997253417968,149.5166632080078,8.027199048211521
2021-12-13,177.06961358561998,178.0570365302883,171.6046261840087,171.8099365234375,153237000,175.43698120117188,170.6563262939453,171.16470336914062,161.62298583984375,156.6565704345703,165.90501861572267,159.90868072509767,150.16772827148438,8.017872454053204
2021-12-14,171.3308817563336,173.76520322122326,168.35887188331523,170.43145751953125,139380400,171.8099365234375,175.43698120117188,170.6563262939453,167.35191345214844,161.60342407226562,166.7878219604492,161.0979766845703,150.85975341796876,7.704983632587462
2021-12-15,171.19402728468987,175.48585340924998,168.4566405154073,175.2903289794922,131063300,170.43145751953125,171.8099365234375,175.43698120117188,171.16470336914062,161.08526611328125,168.2083282470703,162.4813316345215,151.61049438476562,7.641814779511165
2021-12-16,175.27076132354634,177.08916675225177,166.9315188519041,168.40774536132812,150185800,175.2903289794922,170.43145751953125,171.8099365234375,170.6563262939453,160.09783935546875,169.03931884765626,163.39884338378906,152.20620635986327,7.15793199390817
2021-12-17,166.12987292514003,169.59071677301714,165.89524955752734,167.3128204345703,195432700,168.40774536132812,175.2903289794922,170.43145751953125,175.43698120117188,158.22080993652344,169.94851989746093,164.0475067138672,152.75483306884766,6.8760339893538935
2021-12-20,164.51673004048737,166.76529780791768,163.71507557030543,165.953857421875,107499100,167.3128204345703,168.40774536132812,175.2903289794922,171.8099365234375,161.62298583984375,170.38160705566406,164.49721755981446,153.28389556884767,6.679381289227503
2021-12-21,167.72343104614094,169.3267554134747,165.33799395674112,169.1214599609375,91185900,165.953857421875,167.3128204345703,168.40774536132812,170.43145751953125,167.35191345214844,170.55856170654297,165.08233413696288,153.87806732177734,6.5377671926403025
2021-12-22,169.17031112645324,171.9272548095711,168.300214735498,171.71217346191406,92135300,169.1214599609375,165.953857421875,167.3128204345703,175.2903289794922,171.16470336914062,170.61330871582032,165.77792205810547,154.54943481445312,6.461860454127094
2021-12-23,171.9174985527305,172.8951357013555,171.35046721642092,172.33787536621094,68356600,171.71217346191406,169.1214599609375,165.953857421875,168.40774536132812,170.6563262939453,170.78146362304688,166.47888717651367,155.24503051757813,6.369835274676882
2021-12-27,173.1297226627458,176.38525547317582,173.11018066452525,176.29727172851562,74919600,172.33787536621094,171.71217346191406,169.1214599609375,167.3128204345703,175.43698120117188,170.86749267578125,167.6285873413086,155.96417022705077,5.926251871531204
2021-12-28,176.13113317745794,177.27496698697752,174.537579662478,175.28057861328125,79144300,176.29727172851562,172.33787536621094,171.71217346191406,165.953857421875,171.8099365234375,171.2145568847656,168.55978775024414,156.6418899536133,5.563574650983547
2021-12-29,175.31970645794595,176.59063798697883,174.15631563331343,175.36859130859375,62348900,175.28057861328125,176.29727172851562,172.33787536621094,169.1214599609375,170.43145751953125,171.70827026367186,169.24804611206054,157.2879837036133,5.508886189211183
2021-12-30,175.4565079119385,176.53191454419968,174.10736412193012,174.21490478515625,59773000,175.36859130859375,175.28057861328125,176.29727172851562,171.71217346191406,175.2903289794922,171.6007278442383,169.9045280456543,157.8678549194336,5.261719005956743
2021-12-31,174.1073747963206,175.22188041192248,173.29593427269404,173.59901428222656,64062300,174.21490478515625,175.36859130859375,175.28057861328125,172.33787536621094,168.40774536132812,172.11985473632814,170.5795867919922,158.42564666748046,4.781499711448938
2022-01-03,173.8532266687499,178.79029755777358,173.73591497728762,177.9397430419922,104487900,173.59901428222656,174.21490478515625,175.36859130859375,176.29727172851562,167.3128204345703,173.18254699707032,171.56553344726564,159.06595733642578,4.080652481633539
2022-01-04,178.5458346271631,178.84889968411812,175.1143195069881,175.6813507080078,99310400,177.9397430419922,173.59901428222656,174.21490478515625,175.28057861328125,165.953857421875,174.1552963256836,172.26845169067383,159.6765234375,3.4380731024730347
2022-01-05,175.59339039534856,176.14086475419518,170.73453308424857,171.00827026367188,94537600,175.6813507080078,177.9397430419922,173.59901428222656,175.36859130859375,169.1214599609375,174.34397735595704,172.45126953125,160.1946044921875,3.255229381702136
2022-01-06,168.83792269234627,171.3797850968752,167.80162976232634,168.15357971191406,96904000,171.00827026367188,175.6813507080078,177.9397430419922,174.21490478515625,171.71217346191406,173.98811798095704,172.30071334838868,160.64231506347656,3.3849153781868093
2022-01-07,169.02364770562122,170.24569386432273,167.20524242477114,168.3197479248047,86709100,168.15357971191406,171.00827026367188,175.6813507080078,173.59901428222656,172.33787536621094,173.5863052368164,172.18388442993165,161.1025262451172,3.483543924673173
2022-01-10,165.29888813158135,168.64240533418686,164.40923476090865,168.33934020996094,106765600,168.3197479248047,168.15357971191406,171.00827026367188,177.9397430419922,176.29727172851562,172.79051208496094,171.8290023803711,161.49049865722657,3.496205036605098
2022-01-11,168.46643037323963,171.26245812752686,166.99997473942338,171.16470336914062,76138300,168.33934020996094,168.3197479248047,168.15357971191406,175.6813507080078,175.28057861328125,172.37892456054686,171.79674072265624,161.98906036376954,3.499365783740981
2022-01-12,172.18146241376857,173.2177554801649,170.91054596180936,171.6046600341797,74805200,171.16470336914062,168.33934020996094,168.3197479248047,171.00827026367188,175.36859130859375,172.00253143310547,171.85540084838868,162.51282135009765,3.485078972442499
2022-01-13,171.84905393496265,172.6702655459411,167.94827640647682,168.33934020996094,84505800,171.6046600341797,171.16470336914062,168.33934020996094,168.15357971191406,174.21490478515625,171.41497497558595,171.50785140991212,162.95058074951172,3.471067425254589
2022-01-14,167.50833831927105,169.89377524696252,167.26392904254132,169.1996612548828,80440800,168.33934020996094,171.6046600341797,171.16470336914062,168.3197479248047,173.59901428222656,170.97503967285155,171.54744720458984,163.37684631347656,3.438203325811397
2022-01-18,167.6745435442064,168.68150862321704,165.62151446360372,166.00279235839844,90956700,169.1996612548828,168.33934020996094,171.6046600341797,168.33934020996094,177.9397430419922,169.78134460449218,171.48194580078126,163.7495211791992,3.534260325255305
2022-01-19,166.19833085017333,167.25418085979933,162.22912604138475,162.51263427734375,94815000,166.00279235839844,169.1996612548828,168.33934020996094,171.16470336914062,175.6813507080078,168.46447296142577,171.30988464355468,164.04183471679687,3.884013199404031
2022-01-20,163.24581922868165,165.8854360990158,160.50843269303434,160.8310546875,91420500,162.51263427734375,166.00279235839844,169.1996612548828,171.6046600341797,171.00827026367188,167.4467514038086,170.8953643798828,164.31694061279296,4.52016386409004
2022-01-21,160.74310631081485,162.61039693927614,158.6705202245997,158.77806091308594,122848900,160.8310546875,162.51263427734375,166.00279235839844,168.33934020996094,168.15357971191406,166.5091995239258,170.2486587524414,164.54375305175782,5.261593958332996
2022-01-24,156.44152655886694,158.6705384327714,151.2404889080489,158.0057373046875,162294600,158.77806091308594,160.8310546875,162.51263427734375,169.1996612548828,168.3197479248047,165.47779846191406,169.53205184936525,164.81162658691406,5.8994060321485335
2022-01-25,155.42470514878522,159.12017131763488,153.50854524070638,156.20681762695312,115798400,158.0057373046875,158.77806091308594,160.8310546875,166.00279235839844,168.33934020996094,164.2645462036133,168.52752914428712,165.04449920654298,6.377877839100974
2022-01-26,159.84370768215854,160.71380433216626,154.29073466133664,156.11891174316406,108275300,156.20681762695312,158.0057373046875,158.77806091308594,162.51263427734375,171.16470336914062,162.7599670410156,167.56944580078124,165.23416198730467,6.739048908742803
2022-01-27,158.81715723147198,160.17607231774176,154.74041197266266,155.65939331054688,121954600,156.11891174316406,156.20681762695312,158.0057373046875,160.8310546875,171.6046600341797,161.16544036865236,166.5839859008789,165.41443908691406,6.975448972820117
2022-01-28,162.00425626677838,166.54049197821774,159.15932862262193,166.52093505859375,179935700,155.65939331054688,156.11891174316406,156.20681762695312,158.77806091308594,168.33934020996094,160.9835998535156,166.19928741455078,165.79239318847655,6.74066244190537
2022-01-31,166.35473547583268,171.0864955438015,165.71926239899202,170.8714141845703,115541600,166.52093505859375,155.65939331054688,156.11891174316406,158.0057373046875,169.1996612548828,161.15077514648436,166.06290740966796,166.20867126464844,6.6093828586927685
2022-02-01,170.1186272242385,170.93006781127377,168.45664712970438,170.70521545410156,86213900,170.8714141845703,166.52093505859375,155.65939331054688,156.20681762695312,166.00279235839844,161.6210174560547,165.70118103027343,166.5359844970703,6.10379421927579
2022-02-02,170.84207875406224,171.94681342176997,169.45383589849953,171.90769958496094,84914300,170.70521545410156,170.8714141845703,166.52093505859375,156.11891174316406,162.51263427734375,162.5605239868164,165.5124984741211,166.83494567871094,5.83128963432084
2022-02-03,170.57811566132818,172.29876649074853,168.27089152715305,169.033447265625,89418100,171.90769958496094,170.70521545410156,170.8714141845703,155.65939331054688,160.8310546875,163.3807632446289,165.41375732421875,167.06723205566405,5.749477842301977
2022-02-04,168.05454433189513,170.42345318106436,167.07566180917001,168.7495574951172,82465400,169.033447265625,171.90769958496094,170.70521545410156,166.52093505859375,158.77806091308594,164.37791290283204,165.4435562133789,167.28621490478517,5.765946265113967
2022-02-07,169.20964451994723,170.27662295458384,167.3399751947351,168.0349884033203,77251200,168.7495574951172,169.033447265625,171.90769958496094,170.8714141845703,158.0057373046875,165.3808380126953,165.4293182373047,167.48054321289064,5.758817394800086
2022-02-08,168.10348925040896,171.64705409326743,167.80982151011347,171.13803100585938,74829200,168.0349884033203,168.7495574951172,169.033447265625,170.70521545410156,156.20681762695312,166.87395935058595,165.56925277709962,167.83723846435547,5.866251013122939
2022-02-09,172.33228001362485,172.9196005956565,171.20655609241282,172.5574188232422,71285000,171.13803100585938,168.0349884033203,168.7495574951172,171.90769958496094,156.11891174316406,168.51781005859374,165.63888854980468,168.1552554321289,5.943920080632748
2022-02-10,170.4626223841964,171.7743215374217,167.92731993059743,168.4852752685547,90865900,172.5574188232422,171.13803100585938,168.0349884033203,169.033447265625,155.65939331054688,169.80039825439454,165.48291931152343,168.2928924560547,5.818746891941643
2022-02-11,168.6908451580762,169.42500712943504,164.49143031742815,165.07876586914062,98670700,168.4852752685547,172.5574188232422,171.13803100585938,168.7495574951172,166.52093505859375,169.65618133544922,165.31989059448242,168.37276245117187,5.7800524713584895
2022-02-14,163.83559821712237,165.9989356288058,163.04270559336564,165.313720703125,86185500,165.07876586914062,168.4852752685547,172.5574188232422,168.0349884033203,170.8714141845703,169.10041198730468,165.12559356689454,168.477080078125,5.707628855327421
2022-02-15,167.35955476472148,169.29773807776493,166.654758116967,169.14111328125,62527400,165.313720703125,165.07876586914062,168.4852752685547,171.13803100585938,170.70521545410156,168.94400177001953,165.28250961303712,168.69548614501954,5.775747770220696
2022-02-16,168.2209893560315,169.67951494494773,166.45899759893967,168.9062042236328,61177400,169.14111328125,165.313720703125,165.07876586914062,172.5574188232422,171.90769958496094,168.64385223388672,165.60218811035156,168.84115051269532,5.79128678647886
2022-02-17,167.41831260412283,168.2797341887302,164.91237519788157,165.313720703125,69589300,168.9062042236328,169.14111328125,165.313720703125,168.4852752685547,169.033447265625,168.27187957763672,165.82632141113282,168.80038665771485,5.682641318768131
2022-02-18,166.23383213199764,166.93861378532614,162.68048390268257,163.7670440673828,82772700,165.313720703125,168.9062042236328,169.14111328125,165.07876586914062,168.7495574951172,167.77362823486328,166.07577056884764,168.6524334716797,5.462185721572717
2022-02-22,161.49607262837773,163.16996871038384,158.7258326412145,160.8500213623047,91162800,163.7670440673828,165.313720703125,168.9062042236328,165.313720703125,168.0349884033203,167.0551315307617,166.2179847717285,168.45630737304688,5.274828530897899
2022-02-23,162.04423283731927,162.6413518716535,156.37650867254357,156.68975830078125,90009200,160.8500213623047,163.7670440673828,165.313720703125,169.14111328125,171.13803100585938,165.6103042602539,166.24213180541992,168.08136291503905,5.227480398782367
2022-02-24,149.35793777917277,159.411068207212,148.79018396900835,159.3033905029297,141147500,156.68975830078125,160.8500213623047,163.7670440673828,168.9062042236328,172.5574188232422,164.28490142822267,166.4013557434082,167.8312319946289,4.943704003759022
2022-02-25,160.38013909716133,161.6331077669388,157.47285626304333,161.3688201904297,91974200,159.3033905029297,156.68975830078125,160.8500213623047,165.313720703125,168.4852752685547,163.57325592041016,166.68682708740235,167.64997924804686,4.428797839006754
2022-02-28,159.61662156600548,161.92678549313706,158.99992064321486,161.63311767578125,95056600,161.3688201904297,159.3033905029297,156.68975830078125,163.7670440673828,165.07876586914062,163.22869110107422,166.44243621826172,167.37683502197265,4.571010923489394
2022-03-01,161.22197083806662,163.0818568508139,158.5496253630897,159.75364685058594,83474400,161.63311767578125,161.3688201904297,159.3033905029297,160.8500213623047,165.313720703125,162.6726837158203,165.8865478515625,167.20375305175781,4.6788015573321795
2022-03-02,160.91852050375005,163.82580321014547,159.50892707803538,163.04269409179688,79724800,159.75364685058594,161.63311767578125,161.3688201904297,156.68975830078125,169.14111328125,162.062841796875,165.50342178344727,167.11835052490235,4.576051684164634
2022-03-03,164.91238359654656,165.34309441078548,162.05404766344782,162.7196807861328,76678400,163.04269409179688,159.75364685058594,161.63311767578125,159.3033905029297,168.9062042236328,161.444189453125,165.04402084350585,167.0536669921875,4.355143278902146
2022-03-04,161.01639051416453,162.05400359179123,158.67686189722227,159.72425842285156,83737200,162.7196807861328,163.04269409179688,159.75364685058594,161.3688201904297,165.313720703125,160.88524322509767,164.57856140136718,166.86572296142577,4.403524221424361
2022-03-07,159.91026569329455,161.53521443024337,155.68148559760553,155.93600463867188,96418800,159.72425842285156,162.7196807861328,163.04269409179688,161.63311767578125,163.7670440673828,160.10213928222657,163.93788375854493,166.55019958496095,4.687703443707747
2022-03-08,155.46614292973925,159.44040392728598,152.50991327214726,154.1152801513672,131148300,155.93600463867188,159.72425842285156,162.7196807861328,159.75364685058594,160.8500213623047,159.4286651611328,163.24189834594728,166.18574768066406,5.065497685370429
2022-03-09,158.06998280822745,159.95923428896205,156.04370327606966,159.50894165039062,91454900,154.1152801513672,155.93600463867188,159.72425842285156,163.04269409179688,156.68975830078125,159.71058349609376,162.66044387817382,165.84998107910155,4.7702495684214234
2022-03-10,156.81698565051138,157.00297572975708,152.68609998585092,155.17247009277344,105342000,159.50894165039062,154.1152801513672,155.93600463867188,162.7196807861328,159.3033905029297,159.29749145507813,161.79119644165038,165.4478189086914,4.444737599175467
2022-03-11,155.57381332247203,155.91642822664025,151.23737032666907,151.46250915527344,96970100,155.17247009277344,159.50894165039062,154.1152801513672,159.72425842285156,161.3688201904297,158.3068603515625,160.94005813598633,164.969697265625,4.716937652849658
2022-03-14,148.25179027503273,150.86540543880508,146.93030751756515,147.43931579589844,108732100,151.46250915527344,155.17247009277344,159.50894165039062,155.93600463867188,161.63311767578125,156.88748016357422,160.0580856323242,164.43418548583983,5.488380777823186
2022-03-15,147.7133603864597,152.2847547162285,147.204352250739,151.81488037109375,92964300,147.43931579589844,151.46250915527344,155.17247009277344,154.1152801513672,159.75364685058594,156.093603515625,159.38314361572264,163.9985028076172,5.636077145222407
2022-03-16,153.73352378158447,156.6212246232631,151.19822129277074,156.21987915039062,102300200,151.81488037109375,147.43931579589844,151.46250915527344,159.50894165039062,163.04269409179688,155.41132202148438,158.7370819091797,163.56410552978517,5.180846819940829
2022-03-17,155.2605702418383,157.60009906528276,154.30126947324382,157.22811889648438,75615400,156.21987915039062,151.81488037109375,147.43931579589844,155.17247009277344,162.7196807861328,154.86216583251954,158.15317764282227,163.19504089355468,4.599939007284991
2022-03-18,157.12042735161046,161.00659213717293,156.38626546421042,160.51715087890625,123511700,157.22811889648438,156.21987915039062,151.81488037109375,151.46250915527344,159.72425842285156,154.941455078125,157.91334915161133,162.98521850585936,4.323704411866248
2022-03-21,160.05709828830467,162.83713639325782,159.56765695852218,161.8876190185547,95811400,160.51715087890625,157.22811889648438,156.21987915039062,147.43931579589844,155.93600463867188,155.53661651611327,157.81937789916992,162.85989929199218,4.208678013876734
2022-03-22,162.01484532225444,165.8422796739602,161.42752475473955,165.2549591064453,81532000,161.8876190185547,160.51715087890625,157.22811889648438,151.81488037109375,154.1152801513672,156.65058441162108,158.03962478637695,162.798603515625,4.482006929045088
2022-03-23,164.4424952526729,168.9942934206818,164.1096638130363,166.61561584472656,98062700,165.2549591064453,161.8876190185547,160.51715087890625,156.21987915039062,159.50894165039062,157.3612518310547,158.53591766357422,162.76412902832033,4.858409350009723
2022-03-24,167.44765777264146,170.46261801995993,166.61561651162776,170.39410400390625,90131400,166.61561584472656,165.2549591064453,161.8876190185547,157.22811889648438,155.17247009277344,158.88341522216797,159.09045333862304,162.74871704101562,5.536273016055708
2022-03-25,170.2080920251791,171.5785215356228,169.10195003253148,171.0303497314453,80546200,170.39410400390625,166.61561584472656,165.2549591064453,160.51715087890625,151.46250915527344,160.84019927978517,159.57352981567382,162.73723083496094,6.134711300049498
2022-03-28,168.53422465828777,172.0190445148475,168.36781639958284,171.8917999267578,90371900,171.0303497314453,170.39410400390625,166.61561584472656,161.8876190185547,147.43931579589844,163.2854476928711,160.08646392822266,162.80828002929687,6.717200310686856
2022-03-29,172.95877935054617,175.22977935165113,172.6161644453855,175.18084716796875,100589400,171.8917999267578,171.0303497314453,170.39410400390625,165.2549591064453,151.81488037109375,165.6220443725586,160.8578239440918,162.9279037475586,7.515333563922791
2022-03-30,174.77951856347462,175.81713189197046,172.9685794955082,174.0159912109375,92633200,175.18084716796875,171.8917999267578,171.0303497314453,166.61561584472656,156.21987915039062,167.4016555786133,161.40648880004883,163.08816772460938,8.06378381452389
2022-03-31,174.0845012718467,174.27049138056105,170.7171422878286,170.92271423339844,103049300,174.0159912109375,175.18084716796875,171.8917999267578,170.39410400390625,157.22811889648438,168.7711151123047,161.8166404724121,163.25636932373047,8.338045852594304
2022-04-01,170.35494237968112,171.18699858724577,168.30908127405286,170.6290283203125,78751300,170.92271423339844,174.0159912109375,175.18084716796875,171.0303497314453,160.51715087890625,169.7823028564453,162.36187896728515,163.45232879638672,8.547919355252189
2022-04-04,170.8835430731966,174.72076108227714,170.75628355518236,174.67181396484375,76468400,170.6290283203125,170.92271423339844,174.0159912109375,171.8917999267578,161.8876190185547,171.06072235107422,163.29866943359374,163.77020385742188,8.82866948304352
2022-04-05,173.7516656886956,174.53477477488693,170.73670541562527,171.36318969726562,73401800,174.67181396484375,170.6290283203125,170.92271423339844,175.18084716796875,165.2549591064453,171.67154541015626,164.16106491088868,164.03735290527345,8.72621585907641
2022-04-06,168.72019203962893,169.96337702443967,166.53728819844997,168.20138549804688,89058800,171.36318969726562,174.67181396484375,170.6290283203125,174.0159912109375,166.61561584472656,171.8301223754883,164.59568710327147,164.27724426269532,8.698741686917616
2022-04-07,167.5455818608837,169.69912101079552,166.2632477962957,168.5048828125,77594700,168.20138549804688,171.36318969726562,174.67181396484375,170.92271423339844,170.39410400390625,171.64120025634764,165.2623077392578,164.52496368408202,8.445774909442184
2022-04-08,168.15249864853052,168.15249864853052,165.62697904501124,166.49818420410156,76575500,168.5048828125,168.20138549804688,171.36318969726562,170.6290283203125,171.0303497314453,171.18798370361327,166.01409149169922,164.74173950195313,7.797032283157539
2022-04-11,165.14730089465874,165.4605355802755,162.00508096962494,162.2498016357422,72246700,166.49818420410156,168.5048828125,168.20138549804688,174.67181396484375,171.8917999267578,170.22378387451172,166.7546157836914,164.6563168334961,6.542414641549049
2022-04-12,164.4718441031093,166.28276779117587,163.12098145475815,164.11944580078125,79265200,162.2498016357422,166.49818420410156,168.5048828125,171.36318969726562,175.18084716796875,169.11764373779297,167.36984405517578,164.5212774658203,5.569838453751469
2022-04-13,163.85517369033073,167.42808955183875,163.24827119923606,166.80160522460938,70618900,164.11944580078125,162.2498016357422,166.49818420410156,168.20138549804688,174.0159912109375,168.39620513916014,167.89893035888673,164.44320526123047,4.9195712226083765
2022-04-14,167.01694559853848,167.65322825491936,161.55477886000992,161.79949951171875,75329400,166.80160522460938,164.11944580078125,162.2498016357422,168.5048828125,170.92271423339844,167.4838836669922,168.12749938964845,164.24104125976564,4.4846721562321346
2022-04-18,160.45844346214486,163.08185675186522,160.11584349387897,161.58416748046875,69023900,161.79949951171875,166.80160522460938,164.11944580078125,166.49818420410156,170.6290283203125,166.57939758300782,168.18085021972655,164.0920556640625,4.394819105469078
2022-04-19,161.53522902332887,164.27610359926777,160.44866861751814,163.86495971679688,67723800,161.58416748046875,161.79949951171875,166.80160522460938,162.2498016357422,174.67181396484375,165.49871215820312,168.27971725463868,163.99436370849608,4.266151491968976
2022-04-20,165.19622127922986,165.31369734743882,162.59240492951264,163.6985321044922,67929800,163.86495971679688,161.58416748046875,161.79949951171875,164.11944580078125,171.36318969726562,164.73224639892578,168.201895904541,163.90763458251953,4.337825642381784
2022-04-21,165.34306268686478,167.90773030576432,162.40641490220864,162.9056396484375,87227800,163.6985321044922,163.86495971679688,161.58416748046875,166.80160522460938,168.20138549804688,164.20267181396486,168.01639709472656,163.7429867553711,4.4860235850313535
2022-04-22,162.94480808191494,164.32502122927878,158.08954369720692,158.3734130859375,84882400,162.9056396484375,163.6985321044922,163.86495971679688,161.79949951171875,168.5048828125,163.18952484130858,167.4153625488281,163.459306640625,4.933625465507778
2022-04-25,157.71755627231695,159.72426854560663,155.113739965227,159.44039916992188,96046400,158.3734130859375,162.9056396484375,163.6985321044922,161.58416748046875,166.49818420410156,162.48374633789064,166.83586502075195,163.27840911865235,5.162048274146272
2022-04-26,158.82372320771267,158.91181906878418,153.4105028966986,153.4888153076172,95623200,159.44039916992188,158.3734130859375,162.9056396484375,163.86495971679688,162.2498016357422,161.60764770507814,165.91571578979492,163.04661010742188,5.812581052900513
2022-04-27,152.61762090114706,156.41567600749497,152.0988142121799,153.26368713378906,88063200,153.4888153076172,159.44039916992188,158.3734130859375,163.6985321044922,164.11944580078125,160.5220718383789,164.81985778808593,162.80560943603516,6.035635168657659
2022-04-28,155.88703274270952,161.0457475218325,155.57378318397548,160.184326171875,130216800,153.26368713378906,153.4888153076172,159.44039916992188,162.9056396484375,166.80160522460938,159.86034393310547,164.1282745361328,162.62647369384766,5.710113287842758
2022-04-29,158.42235165998022,162.69028026576657,153.9292842451666,154.32083129882812,131747600,160.184326171875,153.26368713378906,153.4888153076172,158.3734130859375,161.79949951171875,159.11247711181642,163.2981803894043,162.33476623535157,5.874758170362096
2022-05-02,153.40072515321864,154.8886162063275,150.03336604127583,154.62432861328125,123055300,154.32083129882812,160.184326171875,153.26368713378906,159.44039916992188,161.58416748046875,158.41649322509767,162.49794540405273,162.12097839355468,5.913542620909404
2022-05-03,154.81029731534235,157.31624964341847,153.01895506893698,156.11221313476562,88966500,154.62432861328125,154.32083129882812,160.184326171875,153.4888153076172,163.86495971679688,157.64121856689454,161.56996536254883,161.96788177490234,5.330060244489876
2022-05-04,156.29818841895514,162.964376768375,155.8968429541357,162.51409912109375,108256500,156.11221313476562,154.62432861328125,154.32083129882812,153.26368713378906,163.6985321044922,157.52277526855468,161.12751083374025,162.00116333007813,4.81691169608981
2022-05-05,160.38991736716943,160.61505617925764,151.6778534074066,153.4594268798828,130525300,162.51409912109375,156.11221313476562,154.62432861328125,160.184326171875,162.9056396484375,156.57815399169922,160.39041290283203,161.93655670166015,4.8053898961846375
2022-05-06,152.93986371222095,156.3023722983105,151.14587460582203,154.18487548828125,116124600,153.4594268798828,162.51409912109375,156.11221313476562,154.32083129882812,158.3734130859375,156.1593002319336,159.6744125366211,161.8341864013672,4.594932055124001
2022-05-09,151.88108159062776,152.763379211531,148.50879088738637,149.06756591796875,131577900,154.18487548828125,153.4594268798828,162.51409912109375,154.62432861328125,159.44039916992188,155.12201690673828,158.80288162231446,161.58816131591797,4.876930786137732
2022-05-10,152.4594939260044,153.65548649022554,149.92045170349726,151.4693603515625,115366700,149.06756591796875,154.18487548828125,153.4594268798828,156.11221313476562,153.4888153076172,154.92007141113282,158.26385955810548,161.3848861694336,5.067922884483209
2022-05-11,150.47925033829725,152.39087300235883,142.9405806152843,143.61700439453125,142689800,151.4693603515625,149.06756591796875,154.18487548828125,162.51409912109375,153.26368713378906,153.95540313720704,157.23873748779297,161.0621533203125,5.836446177412277
2022-05-12,139.96043637411066,143.32293029647687,136.0685607235715,139.7545623779297,182602000,143.61700439453125,151.4693603515625,149.06756591796875,153.4594268798828,160.184326171875,151.9124267578125,155.886385345459,160.59639068603516,6.589021128632693
2022-05-13,141.74458368466105,145.18551933414366,140.29371306035543,144.21499633789062,113990900,139.7545623779297,143.61700439453125,151.4693603515625,154.18487548828125,154.32083129882812,150.90184326171874,155.00716018676758,160.2262969970703,6.92320451307372
2022-05-16,142.68571610317943,144.616949555646,141.34266624082053,142.6759033203125,86643800,144.21499633789062,139.7545623779297,143.61700439453125,149.06756591796875,154.62432861328125,149.70700073242188,154.06174697875977,159.88532989501954,7.260604593335868
2022-05-17,145.93054340694096,146.82263885480765,143.79343645262884,146.30307006835938,78336300,142.6759033203125,144.21499633789062,139.7545623779297,151.4693603515625,156.11221313476562,148.72608642578126,153.18365249633788,159.6926712036133,7.072125754888553
2022-05-18,143.96011558077154,144.46007380411618,137.14687404841018,138.0487823486328,109742900,146.30307006835938,142.6759033203125,144.21499633789062,143.61700439453125,162.51409912109375,146.27955474853516,151.90116500854492,159.3713412475586,7.383803075342137
2022-05-19,137.12729010884627,138.87226008655338,133.91183880440775,134.64707946777344,136095600,138.0487823486328,146.30307006835938,142.6759033203125,139.7545623779297,153.4594268798828,144.39832000732423,150.4882369995117,158.87410400390624,7.855832911139873
2022-05-20,136.3528361484188,137.93115346240322,130.00036063657,134.88235473632812,137426100,134.64707946777344,138.0487823486328,146.30307006835938,144.21499633789062,154.18487548828125,142.46806793212892,149.31368408203124,158.46830169677733,8.355093536300854
2022-05-23,135.07841705772444,140.44077384848245,134.94117272312687,140.29373168945312,117726300,134.88235473632812,134.64707946777344,138.0487823486328,142.6759033203125,149.06756591796875,141.59068450927734,148.35635070800782,158.24492614746094,8.229675477770973
2022-05-24,138.0389654521871,139.1761411372566,134.62745335548652,137.5978240966797,104132700,140.29373168945312,134.88235473632812,134.64707946777344,146.30307006835938,151.4693603515625,140.20353088378906,147.56180114746093,158.04809631347655,8.471627982538882
2022-05-25,135.70578755446192,138.99966571047085,135.61756228135172,137.75466918945312,92482700,137.5978240966797,140.29373168945312,134.88235473632812,138.0487823486328,143.61700439453125,139.61729736328124,146.78635025024414,157.76689208984374,8.630554609174704
2022-05-26,134.68625219409884,141.49947765357643,134.4411720339845,140.95050048828125,90601500,137.75466918945312,137.5978240966797,140.29373168945312,134.64707946777344,139.7545623779297,139.7368911743164,145.82465896606445,157.46150451660156,8.115279174441154
2022-05-27,142.5288570634857,146.73442720207444,142.40141055796454,146.69522094726562,90978500,140.95050048828125,137.75466918945312,137.5978240966797,134.88235473632812,144.21499633789062,139.98491363525392,145.44337844848633,157.2508465576172,7.870540684619114
2022-05-31,146.1364648342796,147.69517170019813,143.95033814163904,145.91098022460938,103718400,146.69522094726562,140.95050048828125,137.75466918945312,140.29373168945312,142.6759033203125,140.30842132568358,145.00771102905273,156.95872314453126,7.571051120037211
2022-06-01,146.95012359470607,148.75392574652264,144.77380960507372,145.78355407714844,74286600,145.91098022460938,146.69522094726562,140.95050048828125,137.5978240966797,146.30307006835938,140.2564697265625,144.49127807617188,156.63664184570314,7.112085310101946
2022-06-02,144.92085472708317,148.29316134885798,143.96994216366954,148.23434448242188,72348100,145.78355407714844,145.91098022460938,146.69522094726562,137.75466918945312,138.0487823486328,141.2750259399414,143.77729034423828,156.29622955322264,5.804019885446351
2022-06-03,144.00911981753086,145.05807025566116,141.61714962601158,142.51904296875,88570300,148.23434448242188,145.78355407714844,145.91098022460938,140.95050048828125,134.64707946777344,142.06222229003907,143.23027114868165,155.81429809570312,5.340515983051738
2022-06-06,144.13659949613532,145.64630225545608,142.04851092055418,143.2641143798828,71598400,142.51904296875,148.23434448242188,145.78355407714844,146.69522094726562,134.88235473632812,142.90039825439453,142.68423309326172,155.27169830322265,4.678819837181054
2022-06-07,141.50935357913772,146.06784060799566,141.26427330966123,145.78355407714844,67808200,143.2641143798828,142.51904296875,148.23434448242188,145.91098022460938,140.29373168945312,143.44938049316406,142.5200325012207,154.7667623901367,4.497106451163474
2022-06-08,145.65608826850138,146.92069570984725,144.5581335933167,145.0482940673828,53950200,145.78355407714844,143.2641143798828,142.51904296875,145.78355407714844,137.5978240966797,144.19442749023438,142.19897918701173,154.22989227294923,4.029467087603817
2022-06-09,144.18560463111925,145.0384790561678,139.72514139394366,139.83297729492188,69473000,145.0482940673828,145.78355407714844,143.2641143798828,148.23434448242188,137.75466918945312,144.40225830078126,142.00977783203126,153.5229348754883,4.048175167842841
2022-06-10,137.5194322486073,137.98998215242344,134.36279735008839,134.43142700195312,91437900,139.83297729492188,145.0482940673828,145.78355407714844,142.51904296875,140.95050048828125,143.75035095214844,141.7436210632324,152.73124359130858,4.366712226119135
2022-06-13,130.25523715092532,132.53938671229503,128.85338540144875,129.28472900390625,122207100,134.43142700195312,139.83297729492188,145.0482940673828,143.2641143798828,146.69522094726562,142.0093017578125,140.9971076965332,151.89848388671874,5.131256074365621
2022-06-14,130.5101288143863,131.25516732822615,128.89259032192393,130.14739990234375,84784300,129.28472900390625,134.43142700195312,139.83297729492188,145.78355407714844,145.91098022460938,140.43294372558594,140.37068252563478,151.0888513183594,5.653669621962551
2022-06-15,131.64728162043858,134.63726323315953,129.5592083618082,132.7648468017578,91533000,130.14739990234375,129.28472900390625,134.43142700195312,145.0482940673828,145.78355407714844,139.13107299804688,139.6937713623047,150.25071197509766,5.716122003101378
2022-06-16,129.4807864670593,129.7846835531672,126.50060254968962,127.50053405761719,108123900,132.7648468017578,130.14739990234375,129.28472900390625,139.83297729492188,148.23434448242188,137.0576919555664,139.1663589477539,149.3734588623047,6.329599365160369
2022-06-17,127.51033981148552,130.4611001773296,127.25544681769559,128.97100830078125,134520300,127.50053405761719,132.7648468017578,130.14739990234375,134.43142700195312,142.51904296875,135.70288848876953,138.8825553894043,148.5888513183594,6.661448921523432
2022-06-21,130.79441426737327,134.36278178825876,130.69639115129178,133.19619750976562,81000500,128.97100830078125,127.50053405761719,132.7648468017578,129.28472900390625,143.2641143798828,134.69609680175782,138.79824752807616,147.8826776123047,6.72510628876315
2022-06-22,132.13745484401576,135.04900927487205,131.2747825760473,132.6864471435547,73409200,133.19619750976562,128.97100830078125,127.50053405761719,130.14739990234375,145.78355407714844,133.38638610839843,138.41788330078126,147.20644287109374,6.850040835311503
2022-06-23,134.12750324123766,135.8626603415122,132.9609190593017,135.54896545410156,72433800,132.6864471435547,133.19619750976562,128.97100830078125,132.7648468017578,145.0482940673828,132.43645324707032,138.31544036865233,146.67242614746092,6.878212860333821
2022-06-24,137.14690930909833,139.1173641987572,137.01947774401722,138.87228393554688,89116800,135.54896545410156,132.6864471435547,133.19619750976562,127.50053405761719,139.83297729492188,132.34038391113282,138.37132110595704,146.16748291015625,6.877957117892166
2022-06-27,139.8918112487565,140.666273257268,138.1958600157244,138.87228393554688,70207900,138.87228393554688,135.54896545410156,132.6864471435547,128.97100830078125,134.43142700195312,132.7844696044922,138.2674102783203,145.608896484375,6.852592427088905
2022-06-28,139.33302894232776,140.59763645444562,134.61768731128618,134.73532104492188,67083400,138.87228393554688,138.87228393554688,135.54896545410156,133.19619750976562,129.28472900390625,133.32952880859375,137.66941528320314,145.06761291503906,6.595445549218935
2022-06-29,134.75490940956817,137.90173093297278,133.98044756827542,136.4900665283203,66242400,134.73532104492188,138.87228393554688,138.87228393554688,132.6864471435547,130.14739990234375,133.96379547119142,137.19836959838867,144.5657308959961,6.305920058585328
2022-06-30,134.5490335635321,135.64698810352084,131.1375212724895,134.0294647216797,98964500,136.4900665283203,134.73532104492188,138.87228393554688,135.54896545410156,132.7648468017578,134.0902572631836,136.61066513061525,143.96902099609375,6.00419398453493
2022-07-01,133.36285690870372,136.3038197907336,132.9903451154339,136.19598388671875,71051600,134.0294647216797,136.4900665283203,134.73532104492188,138.87228393554688,127.50053405761719,134.95980224609374,136.00874710083008,143.41897003173827,5.344808082042156
2022-07-05,135.05885084768343,138.82328052447406,134.235369702093,138.77426147460938,73353800,136.19598388671875,134.0294647216797,136.4900665283203,138.87228393554688,128.97100830078125,135.94012756347655,135.82150802612304,142.93634246826173,5.167384777241019
2022-07-06,138.56835645511603,141.28383440664965,138.30366564043456,140.10745239257812,74064300,138.77426147460938,136.19598388671875,134.0294647216797,134.73532104492188,133.19619750976562,136.63125305175782,135.6636749267578,142.57102325439453,4.9726311330141
2022-07-07,140.47019110271424,143.66604717243726,140.4603932776671,143.46998596191406,66253700,140.10745239257812,138.77426147460938,136.19598388671875,136.4900665283203,132.6864471435547,137.70960693359376,135.5479965209961,142.25161499023437,4.746594654138907
2022-07-08,142.40137742200497,144.64632016905765,142.14649942878123,144.14634704589844,64547800,143.46998596191406,140.10745239257812,138.77426147460938,134.0294647216797,135.54896545410156,138.56934509277343,135.50289916992188,142.064765625,4.654982380321845
2022-07-11,142.80331779694055,143.75423009408246,140.95051223046443,142.01905822753906,63141600,144.14634704589844,143.46998596191406,140.10745239257812,136.19598388671875,138.87228393554688,138.88402252197267,135.61220321655273,141.839873046875,4.78583525715756
2022-07-12,142.89155544175705,145.5286208059207,142.19553604555907,142.98959350585938,77588800,142.01905822753906,144.14634704589844,143.46998596191406,138.77426147460938,138.87228393554688,139.2957534790039,136.04011154174805,141.49597839355468,5.050011502752696
2022-07-13,140.1760748610569,143.5679764107693,139.32318560371215,142.6268768310547,71185600,142.98959350585938,142.01905822753906,144.14634704589844,140.10745239257812,134.73532104492188,140.08490905761718,136.70721893310548,141.2620993041992,4.99156839444761
2022-07-14,141.2446104323155,146.01876752832248,140.43094244372892,145.5482177734375,78140700,142.6268768310547,142.98959350585938,142.01905822753906,143.46998596191406,136.4900665283203,140.9907241821289,137.47725982666014,141.08057708740233,5.112791599796247
2022-07-15,146.83245817528143,147.8912065060331,145.2835494113212,147.21478271484375,76259900,145.5482177734375,142.6268768310547,142.98959350585938,144.14634704589844,134.0294647216797,142.30925598144532,138.19975662231445,140.9026284790039,5.423363706671579
2022-07-18,147.77357228115997,148.58724039251226,143.81306761767442,144.17579650878906,81420900,147.21478271484375,145.5482177734375,142.6268768310547,142.01905822753906,136.19598388671875,143.10723724365235,139.03351974487305,140.5358624267578,4.953367139458295
2022-07-19,145.0090973341563,148.25395782693252,144.0189783944477,148.0284881591797,82982400,144.17579650878906,147.21478271484375,145.5482177734375,142.98959350585938,138.77426147460938,144.03265991210938,139.98639373779298,140.42724365234375,4.7443984568578585
2022-07-20,148.14609070693865,150.6949310490213,147.41085002655058,150.02830505371094,64823400,148.0284881591797,144.17579650878906,147.21478271484375,142.6268768310547,140.10745239257812,145.02474517822264,140.82799911499023,140.34411224365235,4.964316052294798
2022-07-21,151.45958316742,152.50853373902038,148.94996398855773,152.29286193847656,65086600,150.02830505371094,148.0284881591797,144.17579650878906,145.5482177734375,143.46998596191406,145.90703277587892,141.80831985473634,140.4086181640625,5.20213457947594
2022-07-22,152.33206789895848,153.20455292364784,150.3910366563313,151.05764770507812,66675400,152.29286193847656,150.02830505371094,148.0284881591797,147.21478271484375,144.14634704589844,146.59816284179686,142.58375396728516,140.40038391113282,5.373063746175668
2022-07-25,150.97921649648936,151.9889458272938,149.28326552705713,149.94007873535156,53623900,151.05764770507812,152.29286193847656,150.02830505371094,144.17579650878906,142.01905822753906,147.39026489257813,143.13714370727538,140.52684539794922,5.538108011525443
2022-07-26,149.2636385384265,150.0773065915356,147.83237855759032,148.61663818359375,55138700,149.94007873535156,151.05764770507812,152.29286193847656,148.0284881591797,142.98959350585938,147.95296936035157,143.62436141967774,140.7040869140625,5.571687713020487
2022-07-27,149.57734107239523,154.2338646113094,149.1656081545016,153.70448303222656,78620700,148.61663818359375,149.94007873535156,151.05764770507812,150.02830505371094,142.6268768310547,149.06072998046875,144.57281951904298,140.8938766479492,5.5933829941785325
2022-07-28,153.8907653704556,154.53778073211737,151.37134852302864,154.2534942626953,81378700,153.70448303222656,148.61663818359375,149.94007873535156,152.29286193847656,145.5482177734375,149.93125762939454,145.46099090576172,141.12542846679688,5.65238809526966
2022-07-29,158.06695385906744,160.40992030893383,156.36119003723385,159.31195068359375,101786900,154.2534942626953,153.70448303222656,148.61663818359375,151.05764770507812,147.21478271484375,151.14097442626954,146.72511520385743,141.38560607910156,5.786779048924782
2022-08-01,157.84144361325252,160.37067302404677,157.72380990621818,158.33160400390625,67829400,159.31195068359375,154.2534942626953,153.70448303222656,149.94007873535156,144.17579650878906,152.55655517578126,147.8318962097168,141.79126251220703,5.783816421405615
2022-08-02,156.94938527079637,159.21392420256825,156.48863324172908,156.86114501953125,59907000,158.33160400390625,159.31195068359375,154.2534942626953,148.61663818359375,148.0284881591797,153.4398208618164,148.7362403869629,142.23554382324218,5.70654257382392
2022-08-03,157.67481177613547,163.311657015849,157.58658648416494,162.8607177734375,82507500,156.86114501953125,158.33160400390625,159.31195068359375,153.70448303222656,150.02830505371094,154.72306213378906,149.87390365600587,142.79511108398438,6.1468317029559945
2022-08-04,162.7430888021846,163.89987539598906,161.19417977979222,162.54702758789062,55474100,162.8607177734375,156.86114501953125,158.33160400390625,154.2534942626953,152.29286193847656,155.74847869873048,150.8277557373047,143.24017700195313,6.566616096450429
2022-08-05,160.22041274781424,162.81205403488926,160.01425282506756,162.3212127685547,56697000,162.54702758789062,162.8607177734375,156.86114501953125,159.31195068359375,151.05764770507812,156.8748352050781,151.7364990234375,143.73464477539062,6.845015618108489
2022-08-08,163.32253000929188,164.73615535552312,161.1922805564501,161.85000610351562,60276900,162.3212127685547,162.54702758789062,162.8607177734375,158.33160400390625,149.94007873535156,158.06582794189453,152.72804641723633,144.21655151367187,6.799464307788261
2022-08-09,161.0156004495246,162.78263230320212,160.25970057725633,161.89910888671875,63135500,161.85000610351562,162.3212127685547,162.54702758789062,156.86114501953125,148.61663818359375,159.39407501220703,153.67352218627929,144.63552368164062,6.687828755126081
2022-08-10,164.60853143111325,166.23812814464867,163.8428202002786,166.1399688720703,70170500,161.89910888671875,161.85000610351562,162.3212127685547,162.8607177734375,153.70448303222656,160.63762359619142,154.84917678833008,145.02441864013673,6.710379470794047
2022-08-11,166.94495103045548,167.85792369494868,165.10920924668594,165.40371704101562,57149200,166.1399688720703,161.89910888671875,161.85000610351562,162.54702758789062,154.2534942626953,161.75264587402344,155.841951751709,145.41427337646485,6.730656881173334
2022-08-12,166.7093207555899,169.01626552422525,166.2970009450499,168.9475555419922,68039400,165.40371704101562,166.1399688720703,161.89910888671875,162.3212127685547,159.31195068359375,162.7162063598633,156.9285903930664,145.87755340576172,7.0129437972675905
2022-08-15,168.3782005294128,170.21394216296972,168.21131628811554,170.01760864257812,54091700,168.9475555419922,165.40371704101562,166.1399688720703,161.85000610351562,158.33160400390625,163.88480682373046,158.22068099975587,146.31321868896484,6.9196323203671595
2022-08-16,169.61511402434292,170.52808660786044,168.51563433427114,169.86053466796875,56377100,170.01760864257812,168.9475555419922,165.40371704101562,161.89910888671875,156.86114501953125,165.18474578857422,159.31228332519532,146.86004852294923,6.949132483957
2022-08-17,169.6052979143018,172.92337473871223,169.40896440067246,171.35269165039062,79542000,169.86053466796875,170.01760864257812,168.9475555419922,166.1399688720703,162.8607177734375,166.03394317626953,160.3785026550293,147.42182006835938,7.084308495087992
2022-08-18,170.5673853645646,171.69631458533323,169.94892041130856,170.96005249023438,62290100,171.35269165039062,169.86053466796875,170.01760864257812,165.40371704101562,162.54702758789062,166.8752456665039,161.31186218261718,147.9253500366211,7.191843044584787
2022-08-19,169.86053968443733,170.55754092380556,168.1720444080825,168.37820434570312,70346300,170.96005249023438,171.35269165039062,169.86053466796875,168.9475555419922,162.3212127685547,167.48094482421874,162.17789001464843,148.3919482421875,6.93015422505644
2022-08-22,166.58169604206546,166.74858025975374,164.0784028181707,164.5005340576172,69026800,168.37820434570312,170.96005249023438,171.35269165039062,170.01760864257812,161.85000610351562,167.7459976196289,162.90591278076172,148.8852993774414,6.314327990919789
2022-08-23,164.0195474098714,165.61969500518398,163.597416059393,164.1667938232422,54147100,164.5005340576172,168.37820434570312,170.96005249023438,169.86053466796875,161.89910888671875,167.97276611328124,163.68342056274415,149.4800067138672,5.345239431545848
2022-08-24,164.25509777095772,165.03062023552891,163.20469046781537,164.46124267578125,53841500,164.1667938232422,164.5005340576172,168.37820434570312,171.35269165039062,166.1399688720703,167.80489349365234,164.22125854492188,150.18353698730468,4.801866556655443
2022-08-25,165.68839353539587,167.0234825149317,165.26627719342727,166.91549682617188,51218200,164.46124267578125,164.1667938232422,164.5005340576172,170.96005249023438,165.40371704101562,167.95607147216796,164.8543586730957,150.91889892578126,4.217674626309213
2022-08-26,167.44561591056575,167.91681938586046,160.56401098389765,160.62290954589844,78961000,166.91549682617188,164.46124267578125,164.1667938232422,168.37820434570312,168.9475555419922,167.12360687255858,164.91990661621094,151.47606018066406,4.1364092650501965
2022-08-29,158.19813716461735,159.91608162954805,156.89251255304256,158.42393493652344,73314000,160.62290954589844,166.91549682617188,164.46124267578125,164.5005340576172,170.01760864257812,165.96423950195313,164.9245231628418,152.0945281982422,4.12871358233259
2022-08-30,159.1602105704912,159.58232691391927,154.83098655063566,155.9991912841797,77906200,158.42393493652344,160.62290954589844,166.91549682617188,164.1667938232422,169.86053466796875,164.5781051635742,164.8814254760742,152.63509185791017,4.220785502498722
2022-08-31,157.37351363125413,157.63857209111154,154.261582013457,154.34011840820312,87991100,155.9991912841797,158.42393493652344,160.62290954589844,164.46124267578125,171.35269165039062,162.87684783935546,164.4553955078125,153.05797027587892,4.822597243604859
2022-09-01,153.77076113952282,155.5181549609377,151.83684522830168,155.06658935546875,74229900,154.34011840820312,155.9991912841797,158.42393493652344,166.91549682617188,170.96005249023438,161.2875015258789,164.0813735961914,153.5055731201172,5.249568425105998
2022-09-02,156.82382625526336,157.4226533584457,152.13138370086696,152.95599365234375,76957800,155.06658935546875,154.34011840820312,155.9991912841797,160.62290954589844,168.37820434570312,159.74528045654296,163.61311264038085,153.85371368408204,5.803320059961227
2022-09-06,153.60386838160778,154.21250676362826,150.8747921160952,151.69940185546875,73714800,152.95599365234375,155.06658935546875,154.34011840820312,158.42393493652344,164.5005340576172,158.4651672363281,163.1055824279785,154.11025604248047,6.38076126593715
2022-09-07,151.9841081371773,153.80021196934476,150.79626559392008,153.1032257080078,87449600,151.69940185546875,152.95599365234375,155.06658935546875,155.9991912841797,164.1667938232422,157.3588104248047,162.66578826904296,154.39487487792968,6.7601438626388575
2022-09-08,151.8074024718103,153.49589780674214,149.88329791132227,151.63070678710938,84923800,153.1032257080078,151.69940185546875,152.95599365234375,154.34011840820312,164.46124267578125,156.0757568359375,161.94032516479493,154.73278259277345,7.135782751169462
2022-09-09,152.62219009337275,154.92915012061422,151.91537744584716,154.4873809814453,68028800,151.63070678710938,153.1032257080078,151.69940185546875,155.06658935546875,166.91549682617188,154.83294525146485,161.3945083618164,155.09272888183594,7.273099274324628
2022-09-12,156.66672837890903,161.25118449428555,156.38204700518378,160.43638610839844,104956000,154.4873809814453,151.63070678710938,153.1032257080078,152.95599365234375,160.62290954589844,154.81429290771484,160.9689498901367,155.62086730957031,7.053587979549341
2022-09-13,156.97104316313002,157.59931943362142,150.56065692569356,151.0220489501953,122656600,160.43638610839844,154.4873809814453,151.63070678710938,151.69940185546875,158.42393493652344,154.07410430908203,160.01917190551757,155.91738861083985,7.049934725375868
2022-09-14,151.95465448242936,154.22235404144755,150.79627611743592,152.4651336669922,87965400,151.0220489501953,160.43638610839844,154.4873809814453,153.1032257080078,155.9991912841797,153.72069854736327,159.14940185546874,156.1912060546875,6.8418645000231315
2022-09-15,151.81719923234522,152.39640331677907,148.6071081028978,149.57896423339844,90481100,152.4651336669922,151.0220489501953,160.43638610839844,151.63070678710938,154.34011840820312,153.2445831298828,158.06071548461915,156.38063629150392,6.522750957728789
2022-09-16,148.44022763272653,148.57766259301448,145.65223775657734,147.93955993652344,162278800,149.57896423339844,152.4651336669922,151.0220489501953,154.4873809814453,155.06658935546875,152.5318801879883,156.9096908569336,156.4700277709961,6.147002100502373
2022-09-19,146.57501740526791,151.7288507316376,146.36887246061372,151.6503143310547,81474200,147.93955993652344,149.57896423339844,152.4651336669922,160.43638610839844,152.95599365234375,152.40131225585938,156.07329635620118,156.62010711669922,5.619843537013818
2022-09-20,150.59012663818945,155.18440966019696,150.27599594996536,154.02601623535156,107689800,151.6503143310547,147.93955993652344,149.57896423339844,151.0220489501953,151.69940185546875,152.63397369384765,155.5495704650879,156.86024627685546,5.270361171416986
2022-09-21,154.4579373320565,155.83230196535132,150.78645397951445,150.9042510986328,101696800,154.02601623535156,151.6503143310547,147.93955993652344,152.4651336669922,153.1032257080078,152.41407623291016,154.8864433288574,157.01853942871094,4.953919938064772
2022-09-22,149.588778163199,151.64049091114813,148.1457037475465,149.9421844482422,86652500,150.9042510986328,154.02601623535156,151.6503143310547,149.57896423339844,151.63070678710938,152.24522399902344,154.16049041748047,157.1648455810547,4.521957500302606
2022-09-23,148.4206031759059,148.69547312127722,145.83877299693037,147.6745147705078,96029900,149.9421844482422,150.9042510986328,154.02601623535156,147.93955993652344,154.4873809814453,151.56393737792968,153.19844131469728,157.2073715209961,3.6228864265967795
2022-09-26,146.91863241520423,150.95334879982894,146.89899456754617,148.00830078125,93339400,147.6745147705078,149.9421844482422,150.9042510986328,151.6503143310547,160.43638610839844,150.32112884521484,152.56771087646484,157.22324188232423,3.350092124946373
2022-09-27,149.94223877822546,151.88596656060932,147.20333533190674,148.9801788330078,84442700,148.00830078125,147.6745147705078,149.9421844482422,154.02601623535156,151.0220489501953,150.1169418334961,152.09552307128905,157.3193295288086,3.140189628208156
2022-09-28,144.93562286555536,147.8806707549768,142.1869085062377,147.09532165527344,146691400,148.9801788330078,148.00830078125,147.6745147705078,150.9042510986328,152.4651336669922,149.57996063232423,151.65032958984375,157.30066619873048,3.1884204230389144
2022-09-29,143.4238179924611,144.03245634378814,138.103085707034,139.8701171875,128138200,147.09532165527344,148.9801788330078,148.00830078125,149.9421844482422,149.57896423339844,148.60907592773438,150.92682952880858,157.09750244140625,4.066706055387548
2022-09-30,138.69213315187477,140.4788028880648,135.47221503631138,135.66854858398438,124925300,139.8701171875,147.09532165527344,148.9801788330078,147.6745147705078,147.93955993652344,147.38197479248046,149.95692749023436,156.7650161743164,5.186456002024285
2022-10-03,135.67834355315813,140.44932105441077,135.16786446408517,139.84066772460938,114311700,135.66854858398438,139.8701171875,147.09532165527344,148.00830078125,151.6503143310547,146.20101013183594,149.30116119384766,156.54067657470702,5.599957313977829
2022-10-04,142.3734205948832,143.54162523892447,141.61752082886468,143.423828125,87830100,139.84066772460938,135.66854858398438,139.8701171875,148.9801788330078,154.02601623535156,145.1407913208008,148.88738250732422,156.4103515625,5.717922635988296
2022-10-05,141.43101553965928,144.6803824609242,140.39041942925496,143.71832275390625,79471000,143.423828125,139.84066772460938,135.66854858398438,147.09532165527344,150.9042510986328,144.4221984863281,148.41813735961915,156.31238525390626,5.738788478510265
2022-10-06,143.13917281341946,144.83747993609245,142.5599835315962,142.76612854003906,68402200,143.71832275390625,143.423828125,139.84066772460938,139.8701171875,149.9421844482422,143.7045928955078,147.97490844726562,156.0936181640625,5.8193675493575885
2022-10-07,139.9290453992253,140.47880029356153,136.8956494527264,137.52392578125,85925600,142.76612854003906,143.71832275390625,143.423828125,135.66854858398438,147.6745147705078,142.68953399658204,147.12673568725586,155.7590267944336,6.0517876192266336
2022-10-10,137.8478546142578,139.2909290851068,136.0317509799681,137.8478546142578,74899000,137.52392578125,142.76612854003906,143.71832275390625,139.84066772460938,148.00830078125,141.67348937988282,145.99730911254883,155.32974487304688,5.521714485160542
2022-10-11,137.33735003488817,138.76080137670354,135.68813093384563,136.4342041015625,77033700,137.8478546142578,137.52392578125,142.76612854003906,143.423828125,148.9801788330078,140.41889190673828,145.26791687011718,154.891796875,5.780466164072414
2022-10-12,136.58149154588781,137.78895683135124,135.6292583188671,135.8059539794922,70433700,136.4342041015625,137.8478546142578,137.52392578125,143.71832275390625,147.09532165527344,139.28995513916016,144.4349578857422,154.47069305419922,5.888053878896882
2022-10-13,132.51732843397534,140.95978909716513,131.90867508719168,140.37078857421875,113224000,135.8059539794922,136.4342041015625,137.8478546142578,142.76612854003906,139.8701171875,139.34002227783202,143.97454910278321,154.02089447021484,5.824320773927863
2022-10-14,141.66661609125816,141.87277603175662,135.65872326737428,135.84524536132812,88598000,140.37078857421875,135.8059539794922,136.4342041015625,137.52392578125,135.66854858398438,139.3576919555664,143.36983337402344,153.48685882568358,6.015690813161314
2022-10-17,138.4859408048433,140.28240638195203,137.70059190346555,139.8013916015625,85250900,135.84524536132812,140.37078857421875,135.8059539794922,137.8478546142578,139.84066772460938,139.35376434326173,142.77738723754882,153.03646240234374,5.734153204783868
2022-10-18,142.82500010106065,144.0128276023933,138.03438444661543,141.1168670654297,99136600,139.8013916015625,135.84524536132812,140.37078857421875,136.4342041015625,143.423828125,139.1230682373047,142.13192977905274,152.62179962158203,5.091908508087641
2022-10-19,139.0945741031825,142.29485316094156,138.90805206062063,141.22482299804688,61758300,141.1168670654297,139.8013916015625,135.84524536132812,135.8059539794922,143.71832275390625,138.87371826171875,141.64795837402343,152.2083139038086,4.655544333601423
2022-10-20,140.4002861652171,143.21771116667537,140.03705332282223,140.7635040283203,64522000,141.22482299804688,141.1168670654297,139.8013916015625,140.37078857421875,142.76612854003906,138.67345581054687,141.18902435302735,151.70078460693358,4.227624892532626
2022-10-21,140.25299045906925,145.1417806685085,140.03701908535325,144.57240295410156,86548600,140.7635040283203,141.22482299804688,141.1168670654297,135.84524536132812,137.52392578125,139.37830352783203,141.03391876220704,151.2841583251953,4.0294177607621915
2022-10-24,144.4938810962025,147.47818995640918,143.32567626964715,146.7124786376953,75981900,144.57240295410156,140.7635040283203,141.22482299804688,139.8013916015625,137.8478546142578,140.26476593017577,140.9691276550293,150.83945678710938,3.920311630233516
2022-10-25,147.3407290522299,149.69677613929844,146.62410499116672,149.5495147705078,74732300,146.7124786376953,144.57240295410156,140.7635040283203,141.1168670654297,136.4342041015625,141.5762969970703,140.9975944519043,150.43009490966796,3.983108526803046
2022-10-26,148.19479776463467,149.20592954793565,145.32827166402765,146.61428833007812,88194300,149.5495147705078,146.7124786376953,144.57240295410156,141.22482299804688,135.8059539794922,142.6571304321289,140.97354278564453,149.96516998291017,3.9456259633524726
2022-10-27,145.35775035197634,146.31979510961392,141.48991849585923,142.14764404296875,109180200,146.61428833007812,149.5495147705078,146.7124786376953,140.7635040283203,140.37078857421875,142.8348159790039,141.08741912841796,149.38106903076172,3.9449696809846997
2022-10-28,145.48538668963585,154.61503964551486,145.11235741482145,152.8872833251953,164762400,142.14764404296875,146.61428833007812,149.5495147705078,144.57240295410156,135.84524536132812,144.5390197753906,141.9483558654785,149.01961364746094,4.534901645045723
2022-10-31,150.35450854811523,151.4147275390832,149.13721674827332,150.5312042236328,97943200,152.8872833251953,142.14764404296875,146.61428833007812,146.7124786376953,139.8013916015625,145.61200103759765,142.48288269042968,148.66267364501954,4.889569369600608
2022-11-01,152.23931825640548,152.60253597457515,146.3983105936967,147.8904571533203,80379300,150.5312042236328,152.8872833251953,142.14764404296875,149.5495147705078,141.1168670654297,146.28936004638672,142.7062141418457,148.3304721069336,5.034663153419656
2022-11-02,146.22163806624556,149.3826576212183,142.34399432027527,142.37344360351562,93604600,147.8904571533203,150.5312042236328,152.8872833251953,146.61428833007812,141.22482299804688,146.4042221069336,142.63897018432618,147.89460510253906,5.029412258702461
2022-11-03,139.45783369878677,140.1842842462697,136.2084665510831,136.33609008789062,97918500,142.37344360351562,147.8904571533203,150.5312042236328,142.14764404296875,140.7635040283203,145.96148071289062,142.31746826171874,147.33210205078126,5.2226612707434885
2022-11-04,139.71867839937045,140.28900066971147,132.13735779737468,136.0706024169922,140814800,136.33609008789062,142.37344360351562,147.8904571533203,152.8872833251953,144.57240295410156,145.11130065917968,142.24480209350585,146.71520416259764,5.302369381797527
2022-11-07,134.8217569283286,136.82770454508952,133.40578684396397,136.60154724121094,83374600,136.0706024169922,136.33609008789062,142.37344360351562,150.5312042236328,146.7124786376953,144.10020751953124,142.1824867248535,146.2347769165039,5.363732077813442
2022-11-08,138.06670690734794,139.06967336647747,135.19544046730184,137.17189025878906,89908500,136.60154724121094,136.0706024169922,136.33609008789062,147.8904571533203,149.5495147705078,142.86244506835936,142.21937103271483,145.8097360229492,5.324515935665261
2022-11-09,136.18857977969958,136.23774833279379,132.3438299914245,132.61915588378906,74917800,137.17189025878906,136.60154724121094,136.0706024169922,142.37344360351562,146.61428833007812,141.46293182373046,142.06003112792968,145.3421353149414,5.5686309265945075
2022-11-10,138.88288280173376,144.41891479492188,137.17191586897493,144.41891479492188,118854000,132.61915588378906,137.17189025878906,136.60154724121094,136.33609008789062,142.14764404296875,141.69005889892577,142.26243743896484,145.14371124267578,5.577562111240039
2022-11-11,143.3864383750097,147.5064994693465,141.9606252113591,147.20167541503906,93979700,144.41891479492188,132.61915588378906,137.17189025878906,136.0706024169922,152.8872833251953,141.12149810791016,142.83025894165038,144.9864129638672,5.466847814132578
2022-11-14,146.48384590068005,147.77198095425382,144.96953850636208,145.80535888671875,73374100,147.20167541503906,144.41891479492188,132.61915588378906,136.60154724121094,150.5312042236328,140.64891357421874,143.1304573059082,144.8434002685547,5.456608145398085
2022-11-15,149.67962155098414,151.02675299903876,146.0806992107757,147.53599548339844,89868300,145.80535888671875,147.20167541503906,144.41891479492188,137.17189025878906,147.8904571533203,140.61346740722655,143.45141372680663,144.76013214111327,5.520349136034044
2022-11-16,146.64119143040293,147.36883205309908,144.83188757505272,146.30685424804688,64218300,147.53599548339844,145.80535888671875,147.20167541503906,132.61915588378906,142.37344360351562,141.00680847167968,143.70551528930665,144.62420471191408,5.529420447912988
2022-11-17,143.98622301357588,148.9519465811487,143.71089713297823,148.2046356201172,80389400,146.30685424804688,147.53599548339844,145.80535888671875,144.41891479492188,136.33609008789062,142.19366302490235,144.07757186889648,144.55568328857422,5.571229906871585
2022-11-18,149.76811828911318,150.15160903599656,147.46717380781297,148.76513671875,74829600,148.2046356201172,146.30685424804688,147.53599548339844,147.20167541503906,136.0706024169922,143.46311645507814,144.2872085571289,144.4412384033203,5.668857243176703
2022-11-21,147.65399909356225,147.8604860232478,145.2547175972566,145.5398712158203,58724100,148.76513671875,148.2046356201172,146.30685424804688,145.80535888671875,136.60154724121094,144.35694885253906,144.22857818603515,144.14330810546875,5.648480861404102
2022-11-22,145.65785433713793,147.90962978782017,144.47786920588229,147.6736297607422,51804100,145.5398712158203,148.76513671875,148.2046356201172,147.53599548339844,137.17189025878906,145.40712280273436,144.13478393554686,144.0763397216797,5.57051189077118
2022-11-23,146.95585380028717,149.29613922514196,146.84768896962234,148.548828125,58301400,147.6736297607422,145.5398712158203,148.76513671875,146.30685424804688,132.61915588378906,147.00009002685547,144.23151092529298,143.99801361083985,5.632285567821314
2022-11-25,145.8348427804778,146.3953372169929,144.66470036386627,145.63818359375,35195900,148.548828125,147.6736297607422,145.5398712158203,148.2046356201172,144.41891479492188,147.12201690673828,144.40603790283203,143.91919799804688,5.618377772647614
2022-11-28,142.7177546502144,144.19272111621666,140.9871327315936,141.8131103515625,69246000,145.63818359375,148.548828125,147.6736297607422,148.76513671875,147.20167541503906,146.58316040039062,143.8523292541504,143.79666900634766,5.273653937245697
2022-11-29,141.8819361067611,142.39326202258005,138.00770341068628,138.8140106201172,83763800,141.8131103515625,145.63818359375,148.548828125,145.5398712158203,145.80535888671875,145.88402557373047,143.2664695739746,143.5399429321289,5.141829203747334
2022-11-30,139.04016787618127,146.23801151936658,138.20436253781247,145.5595245361328,111380900,138.8140106201172,141.8131103515625,145.63818359375,147.6736297607422,147.53599548339844,145.6863784790039,143.14992294311523,143.37061309814453,5.0572247498109695
2022-12-01,145.73656252403373,146.64120704597443,144.16325857031342,145.8348846435547,71250400,145.5595245361328,138.8140106201172,141.8131103515625,148.548828125,146.30685424804688,145.6391815185547,143.3229949951172,143.26922576904298,5.08838688995902
2022-12-02,143.52406921601985,145.5300169012177,143.21923022579475,145.3431854248047,65447400,145.8348846435547,145.5595245361328,138.8140106201172,145.63818359375,148.2046356201172,145.35303649902343,143.7733497619629,143.17724578857423,4.829459393116103
2022-12-05,145.30389650239576,148.40132070138284,143.33727415278167,144.18292236328125,68826400,145.3431854248047,145.8348846435547,145.5595245361328,141.8131103515625,148.76513671875,144.89481506347656,144.17896575927733,143.1074139404297,4.476222731365893
2022-12-06,144.61555599946504,144.84171332835018,139.55149534602168,140.5249786376953,64727200,144.18292236328125,145.3431854248047,145.8348846435547,138.8140106201172,145.5398712158203,144.39332580566406,144.37513732910156,142.9577474975586,4.204380633187642
2022-12-07,139.8169835109002,140.97728320609625,137.6635301739463,138.5878448486328,69721100,140.5249786376953,144.18292236328125,145.3431854248047,145.5595245361328,147.6736297607422,143.48474731445313,144.44593505859376,142.7499008178711,4.086983530508086
2022-12-08,139.9841640195035,141.12480845757423,138.7451974772698,140.26931762695312,62128300,138.5878448486328,140.5249786376953,144.18292236328125,145.8348846435547,148.548828125,142.65679626464845,144.82844314575195,142.61338073730468,3.178964015128057
2022-12-09,139.96449489513216,143.14060047218985,138.54852454565471,139.78750610351562,76097000,140.26931762695312,138.5878448486328,140.5249786376953,145.3431854248047,145.63818359375,142.071728515625,144.59687271118165,142.611728515625,3.373123396017241
2022-12-12,140.3184631007223,142.08842573001988,138.70583381716978,142.07859802246094,70462700,139.78750610351562,140.26931762695312,138.5878448486328,144.18292236328125,141.8131103515625,142.09827728271483,144.34071884155273,142.73992950439452,3.359399081867022
2022-12-13,147.00500937638787,147.4671667934874,141.83279839446703,143.04226684570312,93886200,142.07859802246094,139.78750610351562,140.26931762695312,140.5249786376953,138.8140106201172,142.52110290527344,144.20256423950195,142.8039614868164,3.352805226703509
2022-12-14,142.92427726159215,144.21241242784126,138.80420126905452,140.8199920654297,82291200,143.04226684570312,142.07859802246094,139.78750610351562,138.5878448486328,145.5595245361328,142.04714965820312,143.86676406860352,142.751884765625,3.3376603090654964
2022-12-15,138.754987203731,139.43347405451232,133.75976655307488,134.221923828125,98931900,140.8199920654297,143.04226684570312,142.07859802246094,140.26931762695312,145.8348846435547,140.88585357666017,143.26251754760742,142.56195678710938,3.916403938989618
2022-12-16,134.4088086870883,135.35277902524194,131.4982009688156,132.2651824951172,160156900,134.221923828125,140.8199920654297,143.04226684570312,139.78750610351562,145.3431854248047,139.57805328369142,142.4655448913574,142.35193786621093,4.444036307654255
2022-12-19,132.8551509782634,132.94364536804903,129.12840885731634,130.16087341308594,79592600,132.2651824951172,134.221923828125,140.8199920654297,142.07859802246094,144.18292236328125,138.17584838867188,141.53533172607422,142.20467681884764,4.971782840826245
2022-12-20,129.19725476241064,131.02621414919912,127.72228799900502,130.09207153320312,77432800,130.16087341308594,132.2651824951172,134.221923828125,143.04226684570312,140.5249786376953,137.13255767822267,140.76294174194337,142.04956115722655,5.489866306853848
2022-12-21,130.76070405901197,134.52678732015247,130.5345467103143,133.18948364257812,85928000,130.09207153320312,130.16087341308594,132.2651824951172,140.8199920654297,138.5878448486328,136.59272155761718,140.03873443603516,141.98466674804686,5.485599058235215
2022-12-22,132.10785363301125,132.31434056379908,128.12544063659777,130.02322387695312,77852100,133.18948364257812,130.09207153320312,130.16087341308594,134.221923828125,140.26931762695312,135.5681121826172,139.11245422363282,141.8690121459961,5.536828847543821
2022-12-23,128.73507853958517,130.21004508793624,127.47644161865645,129.65939331054688,63814900,130.02322387695312,133.18948364257812,130.09207153320312,132.2651824951172,139.78750610351562,134.5553009033203,138.31351470947266,141.65478424072265,5.696176602828709
2022-12-27,129.18740783707491,129.2169059676245,126.57179689801647,127.85993194580078,69007800,129.65939331054688,130.02322387695312,133.18948364257812,130.16087341308594,142.07859802246094,133.1334342956543,137.61585578918456,141.4950779724121,6.08612655955418
2022-12-28,127.50595548300566,128.8432592520272,123.76937760067855,123.93653869628906,85438400,127.85993194580078,129.65939331054688,130.02322387695312,130.09207153320312,143.04226684570312,131.22286148071288,136.87198219299316,141.17778091430665,6.799376813805451
2022-12-29,125.8539861302219,128.30242867918332,125.5983306446105,127.44695281982422,75703700,123.93653869628906,127.85993194580078,129.65939331054688,133.18948364257812,140.8199920654297,129.88555755615235,135.96635360717772,140.90438262939452,6.787579601466048
2022-12-30,126.26698977683235,127.78128236285382,125.30334153820444,127.76161193847656,77034200,127.44695281982422,123.93653869628906,127.85993194580078,130.02322387695312,134.221923828125,129.2395263671875,135.06268997192382,140.6351184082031,6.605226088003122
2023-01-03,128.10576142344397,128.71540946850325,122.09773035328112,122.98271179199219,112117500,127.76161193847656,127.44695281982422,123.93653869628906,129.65939331054688,132.2651824951172,128.311279296875,133.9446662902832,140.27950256347657,6.6656581339526
2023-01-04,124.77234386397704,126.51280869797894,122.99255318811515,124.25119018554688,89113600,122.98271179199219,127.76161193847656,127.44695281982422,127.85993194580078,130.16087341308594,127.72031097412109,132.94807968139648,139.87307830810548,6.543244258141803
2023-01-05,125.00832719533365,125.63764564758301,122.67788488068354,122.93354034423828,80962700,124.25119018554688,122.98271179199219,127.76161193847656,123.93653869628906,130.09207153320312,127.00445785522462,132.06850776672363,139.39749954223632,6.652563923197344
2023-01-06,123.90698882335953,128.11555010091345,122.80567809047946,127.45673370361328,87754700,122.93354034423828,124.25119018554688,122.98271179199219,127.44695281982422,133.18948364257812,126.43118286132812,131.51195220947267,138.95564392089844,6.543164977560023
2023-01-09,128.2925949020793,131.18353181246084,127.72227268810083,127.9779281616211,70790800,127.45673370361328,122.93354034423828,124.25119018554688,127.76161193847656,130.02322387695312,126.22665328979492,130.89738273620605,138.5829167175293,6.247909607110628
2023-01-10,128.08609090104719,129.06940194282927,125.98180587179891,128.54824829101562,63896200,127.9779281616211,127.45673370361328,122.93354034423828,122.98271179199219,129.65939331054688,126.1155387878418,130.33541984558104,138.31092880249022,5.902092439219222
2023-01-11,129.05956971451124,131.28184718963053,128.28276062052532,131.26219177246094,69458900,128.54824829101562,127.9779281616211,127.45673370361328,124.25119018554688,127.85993194580078,126.45576477050781,129.79459953308105,137.87842697143554,5.22628049463246
2023-01-12,131.64572074057682,132.0193688291939,129.24643878440378,131.18356323242188,71379600,131.26219177246094,128.54824829101562,127.9779281616211,122.93354034423828,123.93653869628906,127.18046722412109,129.201664352417,137.49147415161133,4.220022678448217
2023-01-13,129.82655147153693,132.6683196907436,129.46273119909978,132.510986328125,57809700,131.18356323242188,131.26219177246094,128.54824829101562,127.45673370361328,127.44695281982422,127.68687057495117,128.78621406555175,137.18388473510743,3.331487189644522
2023-01-17,132.5798345273993,134.99877137842552,131.89151977321038,133.6713104248047,63646600,132.510986328125,131.18356323242188,131.26219177246094,127.9779281616211,127.76161193847656,128.277840423584,128.75868339538573,137.0098420715332,3.2861703679831678
2023-01-18,134.53662257229425,136.29674271738915,132.7764874230637,132.9534912109375,69672800,133.6713104248047,132.510986328125,131.18356323242188,128.54824829101562,122.98271179199219,129.27491836547853,128.79309883117676,136.94219009399413,3.3281620207380844
2023-01-19,131.84236946093412,133.9761529962307,131.5375453850544,133.01251220703125,58280400,132.9534912109375,133.6713104248047,132.510986328125,131.26219177246094,124.25119018554688,130.15105056762695,128.93568077087403,136.88102828979493,3.448742227081534
2023-01-20,133.02230476612493,135.71658218378784,131.97999755468973,135.56907653808594,80223600,133.01251220703125,132.9534912109375,133.6713104248047,131.18356323242188,122.93354034423828,131.41460418701172,129.20953102111815,136.8603788757324,3.7497189834800273
2023-01-23,135.81491475833332,140.92814412125819,135.59858513124948,138.75502014160156,81760300,135.56907653808594,133.01251220703125,132.9534912109375,132.510986328125,127.45673370361328,132.54443283081054,129.48780784606933,136.89204147338867,4.235657138480411
2023-01-24,137.96838472187488,140.77082749424633,137.95855701188813,140.15133666992188,66435100,138.75502014160156,135.56907653808594,133.01251220703125,133.6713104248047,127.9779281616211,133.76177368164062,129.99421348571778,137.04268508911133,4.862153950419892
2023-01-25,138.53871015801215,140.05300275817604,136.49342112366645,139.49252319335938,65799300,140.15133666992188,138.75502014160156,135.56907653808594,132.9534912109375,128.54824829101562,134.856201171875,130.4858699798584,136.94415725708006,5.303631031770664
2023-01-26,140.78064047196506,141.8426182007582,139.53183124401355,141.55746459960938,54105100,139.49252319335938,140.15133666992188,138.75502014160156,133.01251220703125,131.26219177246094,135.88572845458984,131.17074661254884,136.8312730407715,5.807187366700412
2023-01-27,140.77085209552519,144.77292136359273,140.69218538947123,143.49461364746094,70555800,141.55746459960938,139.49252319335938,140.15133666992188,135.56907653808594,131.18356323242188,137.11683349609376,132.1486503601074,136.78505813598633,6.160840240268255
2023-01-30,142.5408222705282,143.12097237569157,140.46603468732607,140.613525390625,64015300,143.49461364746094,141.55746459960938,139.49252319335938,138.75502014160156,132.510986328125,137.92708740234374,132.80697898864747,136.64660873413087,6.333051624590869
2023-01-31,140.31845162185502,141.9310807734851,139.90546287615942,141.8819122314453,65874500,140.613525390625,143.49461364746094,141.55746459960938,140.15133666992188,133.6713104248047,138.7481475830078,133.5129940032959,136.55810989379881,6.525145109848562
2023-02-01,141.56730384751015,144.16324461699494,138.961535368266,143.0029296875,77663600,141.8819122314453,140.613525390625,143.49461364746094,139.49252319335938,132.9534912109375,139.75309143066406,134.51400489807128,136.4540757751465,6.358187572763656
2023-02-02,146.41500811186492,148.65695608667727,145.69719525256042,148.302978515625,118339000,143.0029296875,141.8819122314453,140.613525390625,141.55746459960938,133.01251220703125,141.28213806152343,135.7165943145752,136.444832611084,6.585432234172609
2023-02-03,145.55951636317744,154.7534795979514,145.36285717719954,151.92153930664062,154357300,148.302978515625,143.0029296875,141.8819122314453,143.49461364746094,135.56907653808594,142.9173843383789,137.1659942626953,136.5724659729004,6.810089286460876
2023-02-06,150.0237617823619,150.54491539574025,148.26362674506663,149.19776916503906,69858300,151.92153930664062,148.302978515625,143.0029296875,140.613525390625,138.75502014160156,143.96165924072267,138.2530460357666,136.60294876098632,6.913104418237284
2023-02-07,148.12597415973434,152.63936822302708,148.12597415973434,152.0690460205078,83322600,149.19776916503906,151.92153930664062,148.302978515625,141.8819122314453,140.15133666992188,145.15343017578124,139.45760192871094,136.67335311889647,7.12413965818746
2023-02-08,151.31189384284664,152.00020850727236,148.64711456554969,149.3845977783203,64120100,152.0690460205078,149.19776916503906,151.92153930664062,143.0029296875,139.49252319335938,146.14263763427735,140.49941940307616,136.74828140258788,6.966602767663183
2023-02-09,151.21356571138807,151.75438976697808,147.9096401221254,148.3521270751953,56007100,149.3845977783203,152.0690460205078,149.19776916503906,148.302978515625,141.55746459960938,146.82210388183594,141.3539161682129,136.87906173706054,6.820529680685811
2023-02-10,147.19007494553122,149.04151212756338,146.95371454850684,148.71652221679688,57450700,148.3521270751953,149.3845977783203,152.0690460205078,151.92153930664062,143.49461364746094,147.34429473876952,142.23056411743164,137.07711196899413,6.566560157855248
2023-02-13,148.65743217523777,151.91715888947925,148.62788900472555,151.51339721679688,62199000,148.71652221679688,148.3521270751953,149.3845977783203,149.19776916503906,140.613525390625,148.4342819213867,143.18068466186523,137.19618942260743,6.460082901525642
2023-02-14,149.80963097340683,151.43458016213006,148.5687729786889,150.87322998046875,61707600,151.51339721679688,148.71652221679688,148.3521270751953,152.0690460205078,141.8819122314453,149.33341369628906,144.04078063964843,137.2969563293457,6.269695300559974
2023-02-15,150.78463194852628,153.13833305811258,150.5581292969133,152.97091674804688,65573800,150.87322998046875,151.51339721679688,148.71652221679688,149.3845977783203,143.0029296875,150.33021240234376,145.0416519165039,137.44951095581055,5.998495345796217
2023-02-16,151.17854429955682,153.95572244720177,151.02098573800205,151.37551879882812,68167900,152.97091674804688,150.87322998046875,151.51339721679688,148.3521270751953,148.302978515625,150.63746643066406,145.95980224609374,137.5933628845215,5.439691597467964
2023-02-17,150.03616431892533,150.6762863218937,148.55894582557343,150.23312377929688,59144100,151.37551879882812,152.97091674804688,150.87322998046875,148.71652221679688,151.92153930664062,150.4686248779297,146.6930046081543,137.7875257873535,4.929807463669429
2023-02-21,147.9188390818426,149.00213887625634,146.15603126407484,146.22496032714844,58867200,150.23312377929688,151.37551879882812,152.97091674804688,151.51339721679688,149.19776916503906,150.1713439941406,147.06650161743164,137.94026809692383,4.566321211280025
2023-02-22,146.60903658364012,147.67263591965713,144.9250155718982,146.6484375,51011300,146.22496032714844,150.23312377929688,151.37551879882812,150.87322998046875,152.0690460205078,149.62928314208983,147.39135665893554,138.06785049438477,4.26996335545928
2023-02-23,147.8105044744373,148.05670759936388,145.00379786650186,147.1309814453125,48394200,146.6484375,146.22496032714844,150.23312377929688,152.97091674804688,149.3845977783203,149.40392150878907,147.7732795715332,138.2147200012207,3.8469268458831767
2023-02-24,144.87576101262292,144.9545478123535,143.50687229977612,144.48184204101562,55469600,147.1309814453125,146.6484375,146.22496032714844,151.37551879882812,148.3521270751953,149.0168930053711,147.91949844360352,138.26278488159178,3.648703324651055
2023-02-27,145.46665970602933,146.90447752822308,145.21059884097443,145.6734619140625,44998500,144.48184204101562,147.1309814453125,146.6484375,150.23312377929688,148.71652221679688,148.71258697509765,148.0284408569336,138.315408782959,3.54055741017033
2023-02-28,144.81668575965537,146.81585399639758,144.60002580056587,145.1712188720703,50547000,145.6734619140625,144.48184204101562,147.1309814453125,146.22496032714844,151.51339721679688,148.078369140625,148.25632553100587,138.40243331909178,3.1649354057121086
2023-03-01,144.59999202590106,144.99391093566584,142.80762642427203,143.1030731201172,55479000,145.1712188720703,145.6734619140625,144.48184204101562,146.6484375,150.87322998046875,147.30135345458984,148.31738357543946,138.58005630493165,3.0449942539500325
2023-03-02,142.18720807379,144.48182259076125,141.71448733904464,143.6939697265625,52238100,143.1030731201172,145.1712188720703,145.6734619140625,147.1309814453125,152.97091674804688,146.3736587524414,148.35193557739257,138.80863204956054,2.984843016231371
2023-03-03,145.79162671403117,148.81500811176437,145.09241829817535,148.73622131347656,70732300,143.6939697265625,143.1030731201172,145.1712188720703,144.48184204101562,151.37551879882812,146.10972900390624,148.37359771728515,139.18013900756836,2.986040879671563
2023-03-06,151.4542972077173,153.92618602775224,151.1293223291666,151.4936981201172,87558000,148.73622131347656,143.6939697265625,143.1030731201172,145.6734619140625,150.23312377929688,146.23578643798828,148.352205657959,139.60817153930665,2.960710682505619
2023-03-07,151.3656586110283,151.69064849711955,148.83469862838186,149.2975616455078,56182000,151.4936981201172,148.73622131347656,143.6939697265625,145.1712188720703,146.22496032714844,146.5430465698242,148.35719528198243,139.93033309936524,2.962294359163321
2023-03-08,150.4892229698005,151.13920294398363,149.52411075262026,150.54830932617188,47204800,149.2975616455078,151.4936981201172,148.73622131347656,143.1030731201172,146.6484375,146.93303375244142,148.28115844726562,140.3408348083496,2.880388153495652
2023-03-09,151.22781194000862,152.19292402611515,147.94838436334126,148.30291748046875,53833600,150.54830932617188,149.2975616455078,151.4936981201172,143.6939697265625,147.1309814453125,147.05022735595702,148.22707443237306,140.71370529174806,2.868710290320587
2023-03-10,147.92866457828165,148.64757336129242,145.3681465462101,146.24462890625,68572400,148.30291748046875,150.54830932617188,149.2975616455078,148.73622131347656,144.48184204101562,147.22650604248048,148.12169952392577,141.08139923095703,2.902384233513404
2023-03-13,145.56511831219402,150.81417020284252,145.4567883472071,148.18472290039062,84457100,146.24462890625,148.30291748046875,150.54830932617188,151.4936981201172,145.6734619140625,147.47763214111328,148.09510955810546,141.56636291503906,2.8990821408124545
2023-03-14,148.9824655037955,151.07026363945906,147.8203937194694,150.27256774902344,73695900,148.18472290039062,146.24462890625,148.30291748046875,149.2975616455078,145.1712188720703,147.9877670288086,148.0330680847168,142.02287521362305,2.8346402230785914
2023-03-15,148.8937927615987,150.92250395033966,147.64307677577528,150.6664581298828,77167900,150.27256774902344,148.18472290039062,146.24462890625,150.54830932617188,143.1030731201172,148.74410552978514,148.0227294921875,142.48097213745118,2.8240937484214967
2023-03-16,149.84907174243986,154.08376844517147,149.33696504123728,153.4830322265625,76161100,150.6664581298828,150.27256774902344,148.18472290039062,148.30291748046875,143.6939697265625,149.72301177978517,148.04833526611327,143.09097854614257,2.8732142299852175
2023-03-17,153.70951897971963,154.35949876084172,151.93685367986137,152.6459197998047,98944600,153.4830322265625,150.6664581298828,150.27256774902344,146.24462890625,148.73622131347656,150.11398162841797,148.11185531616212,143.65887313842774,2.9632732396643546
2023-03-20,152.71487589238697,155.42311016638172,151.80883520237765,155.0094757080078,73641400,152.6459197998047,153.4830322265625,150.6664581298828,148.18472290039062,151.4936981201172,150.46555938720704,148.35067291259764,144.30039184570313,3.314842918047602
2023-03-21,154.93070734117964,156.9791040860205,154.16253977805687,156.86093139648438,73938300,155.0094757080078,152.6459197998047,153.4830322265625,150.27256774902344,149.2975616455078,151.22189636230468,148.88247146606446,144.88847579956055,3.776834787940239
2023-03-22,156.8805976022137,159.67746084227036,155.41322191031108,155.43292236328125,75701800,156.86093139648438,155.0094757080078,152.6459197998047,150.6664581298828,150.54830932617188,151.71035766601562,149.32169570922852,145.43757568359376,4.007127070162631
2023-03-23,156.41776312286146,159.0964541870748,155.28521978995877,156.5162353515625,67622100,155.43292236328125,156.86093139648438,155.0094757080078,153.4830322265625,148.30291748046875,152.531689453125,149.79095840454102,145.9969354248047,4.2774949746620505
2023-03-24,156.44730394409444,157.90482213956633,155.45264879499626,157.81619262695312,59196500,156.5162353515625,155.43292236328125,156.86093139648438,152.6459197998047,146.24462890625,153.6888458251953,150.4576759338379,146.52801544189452,4.442437242352731
2023-03-27,157.5108907515981,158.3282868109909,155.4723219600322,155.8760986328125,52390300,157.81619262695312,156.5162353515625,155.43292236328125,155.0094757080078,148.18472290039062,154.4579833984375,150.9678077697754,147.02186614990234,4.449929835931867
2023-03-28,155.57079288605044,156.08289946543738,153.61101109186916,155.25564575195312,45992200,155.8760986328125,157.81619262695312,156.5162353515625,156.86093139648438,150.27256774902344,154.95629119873047,151.47202911376954,147.4767593383789,4.328218083492982
2023-03-29,156.94953135245441,158.60402382956926,156.92984592593675,158.32827758789062,51305700,155.25564575195312,155.8760986328125,157.81619262695312,155.43292236328125,150.6664581298828,155.72247314453125,152.2332893371582,147.96989868164061,4.112332799020901
2023-03-30,159.07678400613375,160.00251028897196,158.82073813032568,159.89418029785156,49501700,158.32827758789062,155.25564575195312,155.8760986328125,156.5162353515625,153.4830322265625,156.36358795166015,153.04329986572264,148.5087124633789,3.933401298462476
2023-03-31,159.97293860815142,162.49405610459849,159.45098920585787,162.39556884765625,68749800,159.89418029785156,158.32827758789062,155.25564575195312,157.81619262695312,152.6459197998047,157.33855285644532,153.72626724243165,149.0963735961914,4.313664887201464
2023-04-03,161.77514833228696,163.76445869825218,161.7259047034759,163.6462860107422,56976200,162.39556884765625,159.89418029785156,158.32827758789062,155.8760986328125,155.0094757080078,158.20223388671874,154.3338966369629,149.65791778564454,4.80999249522433
2023-04-04,164.06975594835677,164.30610131295074,162.60238002597387,163.11448669433594,46278300,163.6462860107422,162.39556884765625,159.89418029785156,155.25564575195312,156.86093139648438,158.8275894165039,155.0247428894043,150.14510711669922,5.03552249417449
2023-04-05,162.2380152446489,162.54330471265868,159.34266411557562,161.27288818359375,51511700,163.11448669433594,163.6462860107422,162.39556884765625,158.32827758789062,155.43292236328125,159.41158599853514,155.56097183227538,150.56753814697265,5.104297887617649
2023-04-06,159.96306777674639,162.45465692468338,159.5396056660462,162.15921020507812,45390100,161.27288818359375,163.11448669433594,163.6462860107422,159.89418029785156,156.5162353515625,159.97588348388672,156.25378646850587,151.02087188720702,5.006736702905835
2023-04-10,158.96840146235982,159.5691375732422,157.6487565719111,159.5691375732422,47716900,162.15921020507812,161.27288818359375,163.11448669433594,162.39556884765625,157.81619262695312,160.15117797851562,156.92001190185547,151.38110534667967,4.461602421086398
2023-04-11,159.88429605818737,159.8941387722609,158.0722298566841,158.3578338623047,47644200,159.5691375732422,162.15921020507812,161.27288818359375,163.6462860107422,155.8760986328125,160.39935150146485,157.42866744995118,151.67836975097657,3.9656384355697964
2023-04-12,158.77148810772155,159.5987270827998,157.35335556356011,157.6685028076172,50133100,158.3578338623047,159.5691375732422,162.15921020507812,163.11448669433594,155.25564575195312,160.64063720703126,157.79846420288087,152.0194692993164,3.5902810411275707
2023-04-13,159.17521196081944,163.28187732223762,158.96839477228292,163.04551696777344,68445600,157.6685028076172,158.3578338623047,159.5691375732422,161.27288818359375,158.32827758789062,161.11236114501952,158.41741714477538,152.44274139404297,3.355405994244348
2023-04-14,162.09027277975596,163.794009087704,161.33197803499354,162.70086669921875,49386500,163.04551696777344,157.6685028076172,158.3578338623047,162.15921020507812,159.89418029785156,161.39302978515624,158.8783088684082,152.83670013427735,3.274041444968968
2023-04-17,162.58269264644778,162.87813940299813,161.53879379674336,162.72056579589844,41516200,162.70086669921875,163.04551696777344,157.6685028076172,159.5691375732422,162.39556884765625,161.42552947998047,159.38204116821288,153.12505187988282,3.030658608994537
2023-04-18,163.57733566867122,164.86743742961687,163.13415809407996,163.94171142578125,49923000,162.72056579589844,162.70086669921875,163.04551696777344,158.3578338623047,163.6462860107422,161.45507202148437,159.82865295410156,153.36545532226563,3.010463881803826
2023-04-19,163.28189796071484,165.60605581206516,163.0258371209191,165.0841064453125,47720200,163.94171142578125,162.72056579589844,162.70086669921875,157.6685028076172,163.11448669433594,161.65203399658202,160.23981170654298,153.6831820678711,3.142462599951734
2023-04-20,163.56749547193866,165.32046042282218,163.04554607797024,164.11898803710938,52456400,165.0841064453125,163.94171142578125,162.72056579589844,163.04551696777344,161.27288818359375,161.9366439819336,160.6741149902344,153.9241809082031,3.041777437882181
2023-04-21,162.54327607753027,163.92200731179602,161.99178358382397,162.51373291015625,58337300,164.11898803710938,165.0841064453125,163.94171142578125,162.70086669921875,162.15921020507812,161.97209625244142,160.97398986816407,154.18676361083985,2.9027529746406744
2023-04-24,162.49404087672,163.08493430890758,161.40089854610392,162.81903076171875,41949600,162.51373291015625,164.11898803710938,165.0841064453125,162.72056579589844,159.5691375732422,162.29708557128907,161.22413177490233,154.47610168457032,2.8309808121463584
2023-04-25,162.68117729099055,163.78416246885476,161.24334444666383,161.28274536132812,48714100,162.81903076171875,162.51373291015625,164.11898803710938,163.94171142578125,158.3578338623047,162.5895767211914,161.4944641113281,154.72742614746093,2.536211227685788
2023-04-26,160.58352244501583,162.7698073781101,160.32747660698578,161.27288818359375,45498800,161.28274536132812,162.81903076171875,162.51373291015625,165.0841064453125,157.6685028076172,162.95001525878905,161.79532623291016,154.92261596679688,2.071496553902503
2023-04-27,162.68118215487013,165.99999552987848,162.68118215487013,165.85227966308594,64902300,161.27288818359375,161.28274536132812,162.81903076171875,164.11898803710938,163.04551696777344,163.2306915283203,162.17152633666993,155.22219696044922,2.0918233792564576
2023-04-28,165.93106728858945,167.27041291997128,165.33033104891717,167.1029815673828,55275900,165.85227966308594,161.27288818359375,161.28274536132812,162.51373291015625,162.70086669921875,163.67090301513673,162.53196640014647,155.50483825683594,2.290407696124924
2023-05-01,166.70905380019818,167.86128258741087,166.07877442017465,167.01434326171875,52472900,167.1029815673828,165.85227966308594,161.27288818359375,162.81903076171875,162.72056579589844,164.10028076171875,162.7629051208496,155.81761474609374,2.4992612072299942
2023-05-02,167.5067633643402,167.76282424517206,164.99548835131355,165.9803009033203,48425700,167.01434326171875,167.1029815673828,165.85227966308594,161.28274536132812,163.94171142578125,164.30413970947265,162.8796058654785,156.13255828857422,2.5953269503578675
2023-05-03,166.925713661642,168.32414556576836,164.6212560883793,164.90684509277344,65136000,165.9803009033203,167.01434326171875,167.1029815673828,161.27288818359375,165.0841064453125,164.28641357421876,162.9692237854004,156.50619598388673,2.634514037434202
2023-05-04,162.38569340694187,164.50303376107877,161.8145004912906,163.2720184326172,81235400,164.90684509277344,165.9803009033203,167.01434326171875,165.85227966308594,164.11898803710938,164.20171661376952,163.06918029785157,156.83866760253906,2.6045195949805717
2023-05-05,168.38322333782398,171.65280778469676,168.1665634032941,170.93389892578125,113453200,163.2720184326172,164.90684509277344,165.9803009033203,167.1029815673828,162.51373291015625,165.04373321533203,163.5079147338867,157.31472595214845,3.129342620655898
2023-05-08,169.86043164324718,171.20963479482143,169.49605587870553,170.8649444580078,55962800,170.93389892578125,163.2720184326172,164.90684509277344,167.01434326171875,162.81903076171875,165.84832458496095,164.072705078125,157.84238800048828,3.3895744003379917
2023-05-09,170.42178299192224,170.90433143409618,168.99380806621033,169.16122436523438,45326900,170.8649444580078,170.93389892578125,163.2720184326172,165.9803009033203,161.28274536132812,166.63617248535155,164.61287460327148,158.3121432495117,3.2902782708828946
2023-05-10,170.39228007410486,171.38693538928501,169.289279744913,170.924072265625,53724500,169.16122436523438,170.8649444580078,170.93389892578125,164.90684509277344,161.27288818359375,167.60129089355468,165.27565307617186,158.82720031738282,3.149888060761684
2023-05-11,171.2096322648924,171.9383837832071,169.55513971049686,171.11114501953125,49514700,170.924072265625,169.16122436523438,170.8649444580078,163.2720184326172,165.85227966308594,168.1271774291992,165.67893447875977,159.3873617553711,3.3587344301781146
2023-05-12,171.21964497087455,171.65356424240227,168.63587209674515,170.18417358398438,45533100,171.11114501953125,170.924072265625,169.16122436523438,170.93389892578125,167.1029815673828,168.43529663085937,166.05309982299804,159.91716583251954,3.4256704305483927
2023-05-15,170.76601261404946,170.815324358024,169.09937498339835,169.6910858154297,37266700,170.18417358398438,171.11114501953125,170.924072265625,170.8649444580078,167.01434326171875,168.70297088623047,166.4016258239746,160.3362631225586,3.423363163601389
2023-05-16,169.61219003463674,170.74628490689332,169.42481443623242,169.6910858154297,42110300,169.6910858154297,170.18417358398438,171.11114501953125,169.16122436523438,165.9803009033203,169.0740493774414,166.68909454345703,160.70021087646484,3.447237601505863
2023-05-17,169.3360585337975,170.53917778241149,168.06388478776768,170.30250549316406,57951600,169.6910858154297,169.6910858154297,170.18417358398438,170.924072265625,164.90684509277344,169.61361541748047,166.95001449584962,161.12030975341796,3.516163145192779
2023-05-18,170.60822168470452,172.8172584115987,170.1940301198803,172.6298828125,65496700,170.30250549316406,169.6910858154297,169.6910858154297,171.11114501953125,163.2720184326172,170.54940185546874,167.37555923461915,161.56194122314454,3.667274111718543
2023-05-19,173.95136353170963,173.95136353170963,172.52141315393132,172.73837280273438,55809500,172.6298828125,170.30250549316406,169.6910858154297,170.18417358398438,170.93389892578125,170.72984924316407,167.88679122924805,162.05065032958984,3.666522372907644
2023-05-22,171.57462062492166,172.29453878279668,171.0519493884426,171.7915802001953,43570900,172.73837280273438,172.6298828125,170.30250549316406,169.6910858154297,170.8649444580078,170.8225128173828,168.33541870117188,162.56158935546875,3.561225310196478
2023-05-23,170.7364116817252,170.9829553293692,168.9119826700276,169.1881103515625,50747300,171.7915802001953,172.73837280273438,172.6298828125,169.6910858154297,169.16122436523438,170.82520141601563,168.7306869506836,162.9816571044922,3.1524955070743643
2023-05-24,168.7246024757336,170.03621645106807,168.16249079935005,169.4642333984375,45143500,169.1881103515625,171.7915802001953,172.73837280273438,170.30250549316406,170.924072265625,170.67921752929686,169.14025421142577,163.36549041748046,2.61967004390292
2023-05-25,170.02637505144457,171.49576564962197,169.31632809947834,170.59835815429688,56058300,169.4642333984375,169.1881103515625,171.7915802001953,172.6298828125,171.11114501953125,170.62793884277343,169.37755813598633,163.76412841796875,2.519187202514798
2023-05-26,170.92379413047703,173.33991896491864,170.71669083708804,173.00460815429688,54835000,170.59835815429688,169.4642333984375,169.1881103515625,172.73837280273438,170.18417358398438,170.90998229980468,169.67263946533203,164.15455993652344,2.5835523536329954
2023-05-30,174.51347436884586,176.51540772383512,174.1288668535482,174.84877014160156,55964400,173.00460815429688,170.59835815429688,169.4642333984375,171.7915802001953,169.6910858154297,171.42575073242188,170.06436080932616,164.5986169433594,2.7479848153275994
2023-05-31,174.87834951174753,176.87042648421155,174.3162227478627,174.79945373535156,99625300,174.84877014160156,173.00460815429688,170.59835815429688,169.1881103515625,169.6910858154297,171.93658752441405,170.50531845092775,164.99441650390625,2.76566996954734
2023-06-01,175.24323239604442,177.62977324467488,174.4838737017158,177.60018920898438,68901800,174.79945373535156,174.84877014160156,173.00460815429688,169.4642333984375,170.30250549316406,172.6663558959961,171.13998565673828,165.40920166015624,2.867861069063936
2023-06-02,178.5271532052556,179.2667840167609,176.78162027671132,178.44825744628906,61996900,177.60018920898438,174.79945373535156,174.84877014160156,170.59835815429688,172.6298828125,173.248193359375,171.89879760742187,165.8695083618164,2.677960063159731
2023-06-05,180.1050954524954,182.39301299737724,175.57854201305094,177.09725952148438,121946500,178.44825744628906,177.60018920898438,174.79945373535156,173.00460815429688,172.73837280273438,173.68408203125,172.20696563720702,166.28112884521485,2.9059970479590107
2023-06-06,177.4818174892389,177.6297376380402,174.97692595213158,176.73233032226562,64848400,177.09725952148438,178.44825744628906,177.60018920898438,174.84877014160156,171.7915802001953,174.17815704345702,172.5003349304199,166.6594515991211,3.0556948719221393
2023-06-07,175.97298038220674,178.7046879636189,174.86846975629078,175.36155700683594,61944600,176.73233032226562,177.09725952148438,178.44825744628906,174.79945373535156,169.1881103515625,174.79550170898438,172.8103515625,167.04916076660157,3.013328968854739
2023-06-08,175.44046308150416,178.33981894141047,175.0065588784877,178.0735626220703,50214900,175.36155700683594,176.73233032226562,177.09725952148438,177.60018920898438,169.4642333984375,175.65643463134765,173.16782608032227,167.5055191040039,3.1963009744831914
2023-06-09,178.9907186665087,179.71062202681557,178.1327514419261,178.45819091796875,48900000,178.0735626220703,175.36155700683594,176.73233032226562,178.44825744628906,170.59835815429688,176.44241790771486,173.53517837524413,167.90811737060548,3.365220939239806
2023-06-12,178.76385922591572,181.34763164971682,178.46800386072707,181.24900817871094,54274900,178.45819091796875,178.0735626220703,175.36155700683594,177.09725952148438,173.00460815429688,177.26685791015626,174.08842010498046,168.33521392822266,3.6801168196806664
2023-06-13,180.27275208218578,181.60407900123244,179.91772856087343,180.77569580078125,54929100,181.24900817871094,178.45819091796875,178.0735626220703,176.73233032226562,174.84877014160156,177.85955047607422,174.64265060424805,168.70281646728515,3.8152161749793203
2023-06-14,180.83486192307942,181.84076439721946,179.5035350184376,181.40684509277344,57462900,180.77569580078125,181.24900817871094,178.45819091796875,175.36155700683594,174.79945373535156,178.5202896118164,175.22843856811522,169.0580276489258,3.913102129372878
2023-06-15,181.41667817053525,183.94128262941163,181.23915892536104,183.43832397460938,65433200,181.40684509277344,180.77569580078125,181.24900817871094,178.0735626220703,177.60018920898438,179.1041030883789,175.8852294921875,169.46450439453125,4.1386809021915685
2023-06-16,184.14839232814637,184.4048073735327,181.7224110612984,182.36341857910156,101256200,183.43832397460938,181.40684509277344,180.77569580078125,178.45819091796875,178.44825744628906,179.49561920166016,176.37190628051758,169.8863150024414,4.304694368440667
2023-06-20,181.86043752572817,183.52707478677846,181.86043752572817,182.45213317871094,49799100,182.36341857910156,183.43832397460938,181.40684509277344,181.24900817871094,177.09725952148438,180.0311065673828,176.85759429931642,170.29217346191408,4.419610694186922
2023-06-21,182.34369383727915,182.84665255889604,180.06563271508736,181.4167022705078,49515700,182.45213317871094,182.36341857910156,183.43832397460938,180.77569580078125,176.73233032226562,180.49954376220703,177.33885040283204,170.72912475585937,4.362610474983749
2023-06-22,181.1997036995518,184.46393880857786,181.13066426325057,184.4146270751953,51245300,181.4167022705078,182.45213317871094,182.36341857910156,181.40684509277344,175.36155700683594,181.40485076904298,178.10017623901368,171.2502606201172,4.190557961400936
2023-06-23,182.98469303577104,184.96689848868263,182.45215034536935,184.09906005859375,53117000,184.4146270751953,181.4167022705078,182.45213317871094,183.43832397460938,178.0735626220703,182.0074005126953,178.8319175720215,171.77887176513673,3.8685842323695723
2023-06-26,184.2470177435845,185.45015206010262,182.66913223239737,182.70858764648438,48088700,184.09906005859375,184.4146270751953,181.4167022705078,182.36341857910156,178.45819091796875,182.43244018554688,179.43742904663085,172.17213317871094,3.435550385379856
2023-06-27,183.32000947784528,185.78544616190248,183.10304984582174,185.4600067138672,50730800,182.70858764648438,184.09906005859375,184.4146270751953,182.45213317871094,181.24900817871094,182.8535400390625,180.06019897460936,172.6273159790039,3.3355385584272526
2023-06-28,185.33180236622022,187.2745677103686,185.00637796044083,186.63356018066406,51216800,185.4600067138672,182.70858764648438,184.09906005859375,181.4167022705078,180.77569580078125,183.43932647705077,180.6494384765625,173.1055758666992,3.406623233696541
2023-06-29,186.4658826988121,187.4422009047134,186.32781886596203,186.9688262939453,46347300,186.63356018066406,185.4600067138672,182.70858764648438,184.4146270751953,181.40684509277344,183.99552459716796,181.25790710449218,173.5661181640625,3.3935249082972967
2023-06-30,188.98065447297634,191.79124321876165,188.61575961709715,191.28829956054688,85213200,186.9688262939453,186.63356018066406,185.4600067138672,184.09906005859375,183.43832397460938,184.78052215576173,181.94231262207032,174.0902020263672,3.9514545565091286
2023-07-03,191.10093714903454,191.19956064074086,189.10885998965753,189.7991943359375,31458200,191.28829956054688,186.9688262939453,186.63356018066406,182.70858764648438,182.36341857910156,185.52409973144532,182.50985946655274,174.60380615234374,4.228635772367856
2023-07-05,188.92145597370774,190.311950580781,187.98457816150727,188.6847686767578,46920300,189.7991943359375,191.28829956054688,186.9688262939453,185.4600067138672,182.45213317871094,186.14736328125,183.0892349243164,175.12722686767577,4.241806942301418
2023-07-06,187.21540718494302,189.36527592182694,186.58425595947688,189.15817260742188,45094300,188.6847686767578,189.7991943359375,191.28829956054688,186.63356018066406,181.4167022705078,186.9215103149414,183.7105270385742,175.65400970458984,4.171124341901332
2023-07-07,188.7636804868427,190.0062550438309,187.60985803081866,188.04376220703125,46815000,189.15817260742188,188.6847686767578,189.7991943359375,186.9688262939453,184.4146270751953,187.284423828125,184.344637298584,176.18923004150392,3.7808172134837617
2023-07-10,186.6434184249519,187.36333679085425,184.45410938571575,186.00241088867188,59922200,188.04376220703125,189.15817260742188,188.6847686767578,191.28829956054688,184.09906005859375,187.47475891113282,184.74107971191407,176.68382049560546,3.4934186330536914
2023-07-11,186.54480679233018,186.68287064614393,184.02020200954667,185.479736328125,46638100,186.00241088867188,188.04376220703125,189.15817260742188,189.7991943359375,182.70858764648438,187.7518737792969,185.09215698242187,177.07636962890626,3.166280552218714
2023-07-12,187.05761040387253,189.04968751691854,185.86434744027207,187.14637756347656,60750200,185.479736328125,186.00241088867188,188.04376220703125,188.6847686767578,185.4600067138672,187.9205108642578,185.38702545166015,177.47723754882813,3.062441401002892
2023-07-13,187.86624506525828,188.5467078881079,187.15619821079162,187.9056854248047,41342300,187.14637756347656,185.479736328125,186.00241088867188,189.15817260742188,186.63356018066406,188.04772338867187,185.74352493286133,177.89506439208984,2.9085160682514832
2023-07-14,187.59995726794867,188.5368199651974,187.00826163970993,188.05360412597656,41616200,187.9056854248047,187.14637756347656,185.479736328125,188.04376220703125,186.9688262939453,188.156201171875,186.07586288452148,178.33653045654296,2.7630127742911803
2023-07-17,189.24689758888442,191.63345333608896,189.15814548736353,191.30801391601562,50520200,188.05360412597656,187.9056854248047,187.14637756347656,186.00241088867188,191.28829956054688,188.15817260742188,186.4693473815918,178.86455383300782,2.9233429328100438
2023-07-18,190.67683864321535,191.64328540459255,189.75968856677812,191.05157470703125,48288200,191.30801391601562,188.05360412597656,187.9056854248047,185.479736328125,189.7991943359375,188.28341064453124,186.90375518798828,179.42014495849608,2.926617386740977
2023-07-19,190.4303301514657,195.48939585264796,189.9865395225249,192.40267944335938,80507300,191.05157470703125,191.30801391601562,188.05360412597656,187.14637756347656,188.6847686767578,188.65520172119142,187.4012825012207,179.84952056884765,2.9754014160294897
2023-07-20,192.39279363664537,193.75371936128715,189.83860510668907,190.45989990234375,59581200,192.40267944335938,191.05157470703125,191.30801391601562,187.9056854248047,189.15817260742188,188.7853744506836,187.8534423828125,180.24141967773437,2.6916853147764894
2023-07-21,191.41650251566858,192.2744696321092,188.5861710830146,189.28636169433594,71951700,190.45989990234375,192.40267944335938,191.05157470703125,188.05360412597656,188.04376220703125,188.90963439941407,188.09702911376954,180.6439224243164,2.5823219250303002
2023-07-24,190.73603816687742,192.21530010696893,189.59207198839397,190.0851593017578,45377800,189.28636169433594,190.45989990234375,192.40267944335938,191.30801391601562,186.00241088867188,189.31790924072266,188.39633407592774,181.02714416503906,2.4373905355841354
2023-07-25,190.65713123041024,191.75178560391285,190.2527960456413,190.943115234375,37283200,190.0851593017578,189.28636169433594,190.45989990234375,191.05157470703125,185.479736328125,189.86424713134767,188.80806045532228,181.42378356933594,2.097891703964964
2023-07-26,190.99243214213982,192.9351972994816,190.64728006234532,191.8109588623047,47471900,190.943115234375,190.0851593017578,189.28636169433594,192.40267944335938,187.14637756347656,190.33070526123046,189.12560806274413,181.85631927490235,2.044415342458743
2023-07-27,193.3099522093675,194.47363103189025,189.8879250921341,190.5486602783203,47460200,191.8109588623047,190.943115234375,190.0851593017578,190.45989990234375,187.9056854248047,190.59500274658203,189.32136306762695,182.27347076416015,1.9796520465140182
2023-07-28,191.97860770429688,193.91151654263126,191.4559363697747,193.12257385253906,48291400,190.5486602783203,191.8109588623047,190.943115234375,189.28636169433594,188.05360412597656,191.10189971923828,189.62905044555663,182.74210052490236,2.070885470277688
2023-07-31,193.34938604539337,193.77344894031904,192.56044337061044,193.73399353027344,38824100,193.12257385253906,190.5486602783203,191.8109588623047,190.0851593017578,191.30801391601562,191.34449768066406,189.75133514404297,183.21073028564453,2.2393742681315865
2023-08-01,193.52688862020202,194.0101044929012,192.58015448246934,192.9055938720703,35175100,193.73399353027344,193.12257385253906,190.5486602783203,190.943115234375,191.05157470703125,191.52989959716797,189.90665512084962,183.61624450683593,2.3479634720978586
2023-08-02,192.34346122833557,192.48152505166297,189.19757732195913,189.91748046875,50389300,192.9055938720703,193.73399353027344,193.12257385253906,191.8109588623047,192.40267944335938,191.28137969970703,189.96829071044922,183.95982666015624,2.3303133813153103
2023-08-03,188.92148694956984,189.71041463976601,188.0536484329567,188.52700805664062,61235200,189.91748046875,192.9055938720703,193.73399353027344,190.5486602783203,190.45989990234375,191.0880905151367,189.93673248291014,184.29453521728516,2.346082227665782
2023-08-04,182.95508679019278,184.789371855198,179.40485277798012,179.47389221191406,115956800,188.52700805664062,189.91748046875,192.9055938720703,193.12257385253906,189.28636169433594,190.10684356689453,189.50823898315429,184.50025085449218,3.2990707706451
2023-08-07,179.61197056531847,180.59814508763776,174.89805755245857,176.3773193359375,97576100,179.47389221191406,188.52700805664062,189.91748046875,193.73399353027344,190.0851593017578,188.7360595703125,189.02698440551757,184.6385125732422,4.3666896520461345
2023-08-08,177.205713919119,177.77769698523286,175.12488493894773,177.31419372558594,67823000,176.3773193359375,179.47389221191406,188.52700805664062,192.9055938720703,190.943115234375,187.3731674194336,188.61870727539062,184.77282928466798,5.044873813653679
2023-08-09,178.36941190145535,178.42857997538025,174.5627769846933,175.72647094726562,60378500,177.31419372558594,176.3773193359375,179.47389221191406,189.91748046875,191.8109588623047,185.76471862792968,188.04771194458007,184.82726654052735,5.8087301516613605
2023-08-10,176.9986245515979,178.25107058876787,175.14462641506705,175.50950622558594,54686900,175.72647094726562,177.31419372558594,176.3773193359375,188.52700805664062,190.5486602783203,184.26080322265625,187.42790298461915,184.84048126220702,6.4505762358025756
2023-08-11,175.10464195853916,176.38838822312198,174.34425781198718,175.56875610351562,52036700,175.50950622558594,175.72647094726562,177.31419372558594,179.47389221191406,193.12257385253906,182.50542144775392,186.80366058349608,184.8558673095703,6.970022400576448
2023-08-14,175.74650562753334,177.44501774834183,175.09474782272636,177.2178955078125,43675600,175.56875610351562,175.50950622558594,175.72647094726562,176.3773193359375,193.73399353027344,180.85381164550782,186.09915466308593,184.84822143554686,7.199101385188983
2023-08-15,176.64511288490613,177.2376075606865,174.83797474088598,175.23297119140625,43622600,177.2178955078125,175.56875610351562,175.50950622558594,177.31419372558594,192.9055938720703,179.0865493774414,185.3082244873047,184.7839157104492,7.489467068453978
2023-08-16,174.9169842350172,176.30935657463468,174.29485048513217,174.36398315429688,46964900,175.23297119140625,177.2178955078125,175.56875610351562,175.72647094726562,189.91748046875,177.53119964599608,184.40628967285156,184.72925018310548,7.674035586453204
2023-08-17,174.9268647491592,175.29223725703497,171.31258808782235,171.8260955810547,66062900,174.36398315429688,175.23297119140625,177.2178955078125,175.50950622558594,188.52700805664062,175.8611083984375,183.4745994567871,184.63112548828124,8.023582920836745
2023-08-18,170.14735612669347,172.9123770667114,169.8116075662743,172.30999755859375,61172200,171.8260955810547,174.36398315429688,175.23297119140625,175.56875610351562,179.47389221191406,175.14471893310548,182.62578125,184.5700942993164,8.270561882328888
2023-08-21,172.88271276167941,173.92946689307706,171.56932774476493,173.64308166503906,46311900,172.30999755859375,171.8260955810547,174.36398315429688,177.2178955078125,176.3773193359375,174.8712951660156,181.80367736816407,184.48148468017578,8.307166082755607
2023-08-22,174.84785755399471,175.46010661888187,174.04797988711957,175.01573181152344,42038900,173.64308166503906,172.30999755859375,171.8260955810547,175.23297119140625,177.31419372558594,174.64144897460938,181.00730819702147,184.41263549804688,8.146791300673568
2023-08-23,176.289654759779,179.2817980823254,176.10202612434662,178.85716247558594,52722800,175.01573181152344,173.64308166503906,172.30999755859375,174.36398315429688,175.72647094726562,174.95451812744142,180.35961837768554,184.36479858398437,7.747828824299869
2023-08-24,178.41277199096436,178.8374075605793,173.8109887437673,174.17637634277344,54945800,178.85716247558594,175.01573181152344,173.64308166503906,171.8260955810547,175.50950622558594,174.82120513916016,179.5410041809082,184.23281219482422,7.47473464224824
2023-08-25,175.16388093182096,176.91175631972774,173.62337343895007,176.37850952148438,51449600,174.17637634277344,178.85716247558594,175.01573181152344,172.30999755859375,175.56875610351562,174.90218048095704,178.70380096435548,184.13224548339844,6.778781347852596
2023-08-28,177.8400250704037,178.33377827348758,176.31927183489213,177.93878173828125,43820700,176.37850952148438,174.17637634277344,178.85716247558594,173.64308166503906,177.2178955078125,174.9742691040039,177.91404037475587,184.02225463867188,5.782413376818979
2023-08-29,177.45488030453177,182.58991008586239,177.2573820568172,181.8196563720703,53003900,177.93878173828125,176.37850952148438,174.17637634277344,175.01573181152344,175.23297119140625,175.6329376220703,177.35974349975587,184.01137939453125,4.699675488745723
2023-08-30,182.62940848986258,185.50305529692773,182.43191025327192,185.3055419921875,60813900,181.8196563720703,177.93878173828125,176.37850952148438,178.85716247558594,174.36398315429688,176.7270935058594,177.12914657592773,184.06844757080077,4.129658462780881
2023-08-31,185.4931879048022,186.75719481874472,185.13768501849643,185.52281188964844,60794500,185.3055419921875,181.8196563720703,177.93878173828125,174.17637634277344,171.8260955810547,178.09676513671874,176.97893676757812,184.1505697631836,3.72840175085567
2023-09-01,187.12258052751662,187.54720101813678,185.92769123419916,187.09295654296875,45766500,185.52281188964844,185.3055419921875,181.8196563720703,176.37850952148438,172.30999755859375,179.57506103515624,177.35988998413086,184.20413635253905,4.3364107094742765
2023-09-05,185.92769881238064,187.60645663383806,185.26607135025952,187.3299560546875,45280000,187.09295654296875,185.52281188964844,185.3055419921875,177.93878173828125,173.64308166503906,180.9437484741211,177.90752182006835,184.26875427246094,4.865147040573096
2023-09-06,186.0461707664675,186.49056063180015,179.2027597126584,180.62477111816406,81755800,187.3299560546875,187.09295654296875,185.52281188964844,181.8196563720703,175.01573181152344,181.50465240478516,178.07305068969725,184.22707794189452,4.900090590936114
2023-09-07,172.99137409505227,175.98353252575788,171.37186410651492,175.34164428710938,112488800,180.62477111816406,187.3299560546875,187.09295654296875,185.3055419921875,178.85716247558594,181.1531005859375,178.05380935668944,184.02471069335937,4.910534369350199
2023-09-08,176.121746745329,177.9881329660241,175.56873058484743,175.953857421875,65551300,175.34164428710938,180.62477111816406,187.3299560546875,185.52281188964844,174.17637634277344,181.33084869384766,178.0760269165039,183.8111166381836,4.8994094991406705
2023-09-11,177.82026144859472,178.0473836718388,175.1243584797436,177.11912536621094,58953100,175.953857421875,175.34164428710938,180.62477111816406,187.09295654296875,176.37850952148438,181.4049102783203,178.15354537963867,183.61412261962892,4.869827224698511
2023-09-12,177.24751388848827,177.87951732730735,172.6358612060169,174.0973663330078,90370200,177.11912536621094,175.953857421875,175.34164428710938,187.3299560546875,177.93878173828125,181.02076873779296,177.99751892089844,183.27030395507813,4.950701116902112
2023-09-13,174.30476112108144,175.0848996684252,171.80637096422893,172.03350830078125,84267900,174.0973663330078,177.11912536621094,175.953857421875,180.62477111816406,181.8196563720703,180.04215393066406,177.8375457763672,182.914990234375,5.094342888351368
2023-09-14,171.82610607332606,173.89987544974738,171.41135521167203,173.54437255859375,60895800,172.03350830078125,174.0973663330078,177.11912536621094,175.34164428710938,185.3055419921875,178.86603698730468,177.79656524658202,182.61218231201173,5.126948259877517
2023-09-15,174.27510652680778,174.29486087176767,171.6483512368518,172.82347106933594,109259500,173.54437255859375,172.03350830078125,174.0973663330078,175.953857421875,185.52281188964844,177.59610290527343,177.8464340209961,182.28548828125,5.070356524915478
2023-09-18,174.2751007250675,177.13887792290447,173.9689761950564,175.74649047851562,67257600,172.82347106933594,173.54437255859375,172.03350830078125,177.11912536621094,187.09295654296875,176.46145629882812,178.01825866699218,182.0395428466797,4.929123710448782
2023-09-19,175.30212586469654,177.38576479928514,174.91699900323943,176.832763671875,51826900,175.74649047851562,172.82347106933594,173.54437255859375,174.0973663330078,187.3299560546875,175.41173706054687,178.177742767334,181.85614990234376,4.830732054826571
2023-09-20,177.02034206614,177.45484717087322,173.2085678311816,173.29745483398438,58436200,176.832763671875,175.74649047851562,172.82347106933594,172.03350830078125,180.62477111816406,174.67900543212892,178.09182891845703,181.61250427246094,4.904641972899408
2023-09-21,172.36923745366522,174.09737357666756,171.68785565712008,171.75697326660156,63149100,173.29745483398438,176.832763671875,175.74649047851562,173.54437255859375,175.34164428710938,174.32053833007814,177.7368194580078,181.30471618652345,5.099426031170544
2023-09-22,172.48769000198408,174.8675833375957,171.87544103709462,172.60618591308594,56725400,171.75697326660156,173.29745483398438,176.832763671875,172.82347106933594,175.953857421875,173.98577117919922,177.65830993652344,180.99872619628906,5.16874280548802
2023-09-25,172.02359502231215,174.75899170155245,171.97421669351675,173.88011169433594,46172700,172.60618591308594,171.75697326660156,173.29745483398438,175.74649047851562,177.11912536621094,173.66186981201173,177.53339004516602,180.71525634765624,5.231116087344425
2023-09-26,172.63585300181884,173.01109513731117,169.51532957863083,169.81158447265625,64588900,173.88011169433594,172.60618591308594,171.75697326660156,176.832763671875,174.0973663330078,173.23329162597656,177.12703018188478,180.28532775878907,5.5063901011331104
2023-09-27,170.4633463371719,170.87809720821267,166.93795639924983,168.3007049560547,66921800,169.81158447265625,173.88011169433594,172.60618591308594,173.29745483398438,172.03350830078125,172.8600112915039,176.451082611084,179.83031036376954,5.725434853782121
2023-09-28,167.2243249736919,169.8807195182162,165.5258128129139,168.55746459960938,56294400,168.3007049560547,169.81158447265625,173.88011169433594,171.75697326660156,173.54437255859375,172.36132049560547,175.6136787414551,179.35340606689454,5.58529239019407
2023-09-29,169.870831028669,170.90771561508154,168.21181267677895,169.07095336914062,51861100,168.55746459960938,168.3007049560547,169.81158447265625,172.60618591308594,172.82347106933594,171.98606872558594,174.79108581542968,178.92562713623047,5.250551267825426
2023-10-02,169.0808338409062,172.12235512412923,168.79444856905252,171.5792236328125,52164500,169.07095336914062,168.55746459960938,168.3007049560547,173.88011169433594,175.74649047851562,171.56934204101563,174.01539916992186,178.571484375,4.417332628991241
2023-10-03,170.10785870603348,171.46075281316274,168.6858620497557,170.24610900878906,49594600,171.5792236328125,169.07095336914062,168.55746459960938,169.81158447265625,176.832763671875,170.91067657470703,173.16120681762695,178.17470336914062,3.1878135993072356
2023-10-04,168.95244285882518,172.03347264460572,168.83394692911625,171.49034118652344,53020300,170.24610900878906,171.5792236328125,169.07095336914062,168.3007049560547,173.29745483398438,170.72996520996094,172.70448532104493,177.7856478881836,2.6753855080282527
2023-10-05,171.61875962047813,173.2580241377833,170.52262672856375,172.7247772216797,48527900,171.49034118652344,170.24610900878906,171.5792236328125,168.55746459960938,171.75697326660156,170.82674560546874,172.57364196777343,177.4039242553711,2.602624883517805
2023-10-06,171.62862082907643,175.76627518846593,171.01635659512883,175.27252197265625,57266700,172.7247772216797,171.49034118652344,170.24610900878906,169.07095336914062,172.60618591308594,171.09337921142577,172.5395751953125,177.0984014892578,2.5601640085899358
2023-10-09,174.60098214625398,176.81300162773064,173.60360623261292,176.75375366210938,42390800,175.27252197265625,172.7247772216797,171.49034118652344,171.5792236328125,173.88011169433594,171.38074340820313,172.52130661010742,176.77102508544922,2.5268526379547347
2023-10-10,175.87486944103904,177.4746247468579,175.72673446240606,176.16123962402344,43698000,176.75375366210938,175.27252197265625,172.7247772216797,170.24610900878906,169.81158447265625,172.01570892333984,172.6245002746582,176.4195700073242,2.634456603036956
2023-10-11,175.9736185461729,177.60301297187604,175.3811238107674,177.5536346435547,47551100,176.16123962402344,176.75375366210938,175.27252197265625,171.49034118652344,168.3007049560547,172.94100189208984,172.90050659179687,176.1125308227539,2.8496571783088402
2023-10-12,177.8202822818536,180.0619109305439,176.80313684087554,178.45228576660156,56743100,177.5536346435547,176.16123962402344,176.75375366210938,172.7247772216797,168.55746459960938,173.93048400878905,173.14590225219726,175.88322692871094,3.1076618615048415
2023-10-13,179.1533769286896,179.65699967721181,175.9143577270369,176.61549377441406,51427100,178.45228576660156,177.5536346435547,176.16123962402344,175.27252197265625,169.07095336914062,174.6849380493164,173.33550338745118,175.6449966430664,3.201223568025434
2023-10-16,174.54176320804768,176.8426550206093,174.3047562379969,176.48715209960938,52517000,176.61549377441406,178.45228576660156,177.5536346435547,176.75375366210938,171.5792236328125,175.17573089599608,173.37253646850587,175.58526184082032,3.234692014842812
2023-10-17,174.44299912050275,176.19088966345473,172.61612132571108,174.93675231933594,57549400,176.48715209960938,176.61549377441406,178.45228576660156,176.16123962402344,170.24610900878906,175.6447952270508,173.2777359008789,175.55645050048827,3.154739727052929
2023-10-18,173.38633548485706,175.36134782882195,172.92220637857343,173.64308166503906,54764400,174.93675231933594,176.48715209960938,176.61549377441406,177.5536346435547,171.49034118652344,175.86006927490234,173.29501724243164,175.48302825927735,3.1557999065982374
2023-10-19,173.84060845589931,175.61812287122567,173.00123711265553,173.2678680419922,59302900,173.64308166503906,174.93675231933594,176.48715209960938,178.45228576660156,172.7247772216797,175.91437835693358,173.37056198120118,175.43385620117186,3.1350598551795112
2023-10-20,173.11972583296543,173.22835212793277,170.4830858385587,170.7200927734375,64244000,173.2678680419922,173.64308166503906,174.93675231933594,176.61549377441406,175.27252197265625,175.45913543701172,173.27625732421876,175.3380679321289,3.1871968751374316
2023-10-23,168.77472302133776,171.8359838309846,167.80695589693704,170.83860778808594,55980100,170.7200927734375,173.2678680419922,173.64308166503906,176.48715209960938,176.75375366210938,174.86762084960938,173.12418212890626,175.24346496582032,3.2291534849419588
2023-10-24,170.88799016172553,171.50023932449824,169.30797385167378,171.2731170654297,43816600,170.83860778808594,170.7200927734375,173.2678680419922,174.93675231933594,176.16123962402344,174.37880859375,173.19725875854493,175.12456939697265,3.1661660953038955
2023-10-25,169.73259505065448,170.89784530264086,168.51795139973865,168.96234130859375,57157000,171.2731170654297,170.83860778808594,170.7200927734375,173.64308166503906,177.5536346435547,173.5196792602539,173.23034057617187,174.9991567993164,3.1153604645036497
2023-10-26,168.2414494672427,169.2388405091802,163.600172706508,164.804931640625,70625300,168.96234130859375,171.2731170654297,170.83860778808594,173.2678680419922,178.45228576660156,172.15494384765626,173.04271392822267,174.80797576904297,3.5007639490357656
2023-10-27,164.82468576422622,166.8490767618186,164.7456834493569,166.11831665039062,58499100,164.804931640625,168.96234130859375,171.2731170654297,170.7200927734375,176.61549377441406,171.1052261352539,172.89508209228515,174.69382019042968,3.731714075281481
2023-10-30,166.90830774256386,169.0314401165317,166.7601727667049,168.1624298095703,51131000,166.11831665039062,164.804931640625,168.96234130859375,170.83860778808594,176.48715209960938,170.27275390625,172.72424240112304,174.61086883544922,3.8707465551888336
2023-10-31,167.23421730907862,168.76484019690602,165.80232095364974,168.636474609375,44846000,168.1624298095703,166.11831665039062,164.804931640625,171.2731170654297,174.93675231933594,169.6427261352539,172.64376068115234,174.51073669433595,3.941079555946446
2023-11-01,168.86358325166134,172.05322449399938,167.99457285522465,171.79647827148438,56934900,168.636474609375,168.1624298095703,166.11831665039062,168.96234130859375,173.64308166503906,169.45806579589845,172.6590675354004,174.44635162353515,3.936956333160808
2023-11-02,173.32711052996643,175.5588693503195,173.26786256268767,175.35150146484375,77334800,171.79647827148438,168.636474609375,168.1624298095703,164.804931640625,173.2678680419922,169.6664291381836,172.7904037475586,174.37623840332031,3.9828102806683336
2023-11-03,172.06311427874405,174.61088250590672,171.18423421755685,174.4429931640625,79829200,175.35150146484375,171.79647827148438,168.636474609375,166.11831665039062,170.7200927734375,170.0387191772461,172.7489273071289,174.38157073974608,3.959854542106012
2023-11-06,174.17636920813592,177.18825142381783,174.00849494223715,176.99075317382812,63841300,174.4429931640625,175.35150146484375,171.79647827148438,168.1624298095703,170.83860778808594,170.6539337158203,172.76077728271486,174.39381561279296,3.972803305698034
2023-11-07,176.94138484513783,180.1606652677133,176.7340169447808,179.5484161376953,70530000,176.99075317382812,174.4429931640625,175.35150146484375,168.636474609375,171.2731170654297,171.48146362304686,172.93013610839844,174.42600830078126,4.191566751816787
2023-11-08,180.07177947416378,181.15802736111343,179.32126504404005,180.6050262451172,49340300,179.5484161376953,176.99075317382812,174.4429931640625,171.79647827148438,168.96234130859375,172.6457321166992,173.08270568847655,174.40171569824219,4.418126866936573
2023-11-09,180.67414339377055,181.81963914926845,179.5385022077218,180.13101196289062,53763500,180.6050262451172,179.5484161376953,176.99075317382812,175.35150146484375,164.804931640625,174.17834014892577,173.16664199829103,174.29822509765626,4.539779615999408
2023-11-10,181.91089548671326,184.48180071812672,181.47581782404296,184.31369018554688,66133400,180.13101196289062,180.6050262451172,179.5484161376953,174.4429931640625,166.11831665039062,175.9978775024414,173.55155181884766,174.27404266357422,5.134923632861894
2023-11-13,183.7401702602705,183.9478113332898,182.14818998578377,182.73158264160156,43627500,184.31369018554688,180.13101196289062,180.6050262451172,176.99075317382812,168.1624298095703,177.45479278564454,173.86377334594727,174.18681518554686,5.4996982924413444
2023-11-14,185.59914075952597,186.0045554032819,184.21481647353394,185.34205627441406,60108400,182.73158264160156,184.31369018554688,180.13101196289062,179.5484161376953,168.636474609375,179.12535095214844,174.38403854370117,174.1470571899414,6.069219677747888
2023-11-15,185.7474572062222,187.3789832148446,185.67823345303117,185.90565490722656,53790500,185.34205627441406,182.73158264160156,184.31369018554688,180.6050262451172,171.79647827148438,180.53626861572266,174.99716720581054,174.25267486572267,6.587680742930218
2023-11-16,187.44823748096084,188.82267924718175,186.53852134009114,187.586669921875,54412900,185.90565490722656,185.34205627441406,182.73158264160156,180.13101196289062,175.35150146484375,181.7597854614258,175.71310729980468,174.49757537841796,7.1444012401347585
2023-11-17,188.12057839811112,188.24912816814668,186.4593894684262,187.5668487548828,50922700,187.586669921875,185.90565490722656,185.34205627441406,184.31369018554688,174.4429931640625,183.07217102050782,176.55544509887696,174.72983520507813,7.508581916675663
2023-11-20,187.76465267924755,189.76204802312208,187.7547700360816,189.30718994140625,46505100,187.5668487548828,187.586669921875,185.90565490722656,182.73158264160156,176.99075317382812,184.30381469726564,177.47887420654297,174.97359649658202,7.894260363148488
2023-11-21,189.26759612132614,189.37636552049437,187.61628985249988,188.50621032714844,38134500,189.30718994140625,187.5668487548828,187.586669921875,185.34205627441406,179.5484161376953,185.19959411621093,178.3405288696289,175.26177337646484,8.118560061580613
2023-11-22,189.3467401313375,190.77061015607987,188.69412360666138,189.1687469482422,39617700,188.50621032714844,189.30718994140625,187.5668487548828,185.90565490722656,180.6050262451172,186.05596618652345,179.35084915161133,175.60447814941406,8.147309195390816
2023-11-24,188.7336553269539,188.76331834061182,187.13179223741543,187.84373474121094,24048300,189.1687469482422,188.50621032714844,189.30718994140625,187.586669921875,180.13101196289062,186.82723846435547,180.50278930664064,175.8904653930664,7.592241061445651
2023-11-27,187.79429075090235,188.5358962659671,186.7857030257735,187.66574096679688,40552600,187.84373474121094,189.1687469482422,188.50621032714844,187.5668487548828,184.31369018554688,187.16244354248047,181.58016052246094,176.18731079101562,6.944822420224838
2023-11-28,187.65584993609482,188.9413024556769,187.2800983304318,188.26890563964844,38415400,187.66574096679688,187.84373474121094,189.1687469482422,189.30718994140625,182.73158264160156,187.71617584228517,182.58548431396486,176.4377590942383,6.3281780273233785
2023-11-29,188.7633011569372,189.9399842182602,186.85491037465812,187.25042724609375,43014200,188.26890563964844,187.66574096679688,187.84373474121094,188.50621032714844,185.34205627441406,187.90701293945312,183.51618194580078,176.64611236572264,5.480749876410246
2023-11-30,187.71515943504943,188.18979776505014,186.08363355367433,187.8239288330078,48794400,187.25042724609375,188.26890563964844,187.66574096679688,189.1687469482422,185.90565490722656,188.09884033203124,184.31755447387695,176.93664184570312,4.80731370114439
2023-12-01,188.19969953750024,189.4159283197641,187.11200544734405,189.09951782226562,45704800,187.8239288330078,187.25042724609375,188.26890563964844,187.84373474121094,187.586669921875,188.2501251220703,185.00495529174805,177.2834927368164,4.425534190886148
2023-12-04,187.85360043262926,187.92282418358675,185.35191925319242,187.30975341796875,43389500,189.09951782226562,187.8239288330078,187.25042724609375,187.66574096679688,187.5668487548828,188.22441558837892,185.64829330444337,177.57756408691407,3.6821123733083336
2023-12-05,188.08104861869373,192.22413865175915,188.05137051787239,191.25511169433594,66628400,187.30975341796875,189.09951782226562,187.8239288330078,188.26890563964844,189.30718994140625,188.41920776367186,186.36151123046875,177.92506408691406,3.275996386860048
2023-12-06,192.27356863697858,192.58009647341478,189.95976327032974,190.16741943359375,41089700,191.25511169433594,187.30975341796875,189.09951782226562,187.25042724609375,188.50621032714844,188.5853286743164,186.89246139526367,178.33218078613282,2.958835165231567
2023-12-07,191.46276025185608,192.81742141001197,191.42319951100376,192.09559631347656,47477700,190.16741943359375,191.25511169433594,187.30975341796875,187.8239288330078,189.1687469482422,188.87801361083984,187.46698989868165,178.80807861328125,2.784151740327862
2023-12-08,192.02634649559002,193.79631975243228,191.50227991044673,193.5194549560547,53406400,192.09559631347656,190.16741943359375,191.25511169433594,189.09951782226562,187.84373474121094,189.44558563232422,188.13641204833985,179.30731842041016,2.524946670176704
2023-12-11,190.94855257455626,191.32430412608116,189.27746604866925,191.01776123046875,60943700,193.5194549560547,192.09559631347656,190.16741943359375,187.30975341796875,187.66574096679688,189.7807876586914,188.47161560058595,179.7462545776367,2.4341160753557896
2023-12-12,190.91889435682484,192.54053754746204,189.5741159727842,192.53065490722656,52696900,191.01776123046875,193.5194549560547,192.09559631347656,191.25511169433594,188.26890563964844,190.20696258544922,188.9615692138672,180.165283203125,2.1920938219102393
2023-12-13,192.90643617191267,195.78386938859322,192.66913204715806,195.74432373046875,70404200,192.53065490722656,191.01776123046875,193.5194549560547,190.16741943359375,187.25042724609375,191.0563522338867,189.48168258666993,180.6752474975586,2.5004710888711514
2023-12-14,195.80361960949875,197.38570218691584,193.96443748585023,195.89260864257812,66831600,195.74432373046875,192.53065490722656,191.01776123046875,192.09559631347656,187.8239288330078,191.86322021484375,189.9810302734375,181.1632928466797,2.7349568874106476
2023-12-15,195.3191123528845,196.1793699091571,194.79504567055722,195.35867309570312,128538400,195.89260864257812,195.74432373046875,192.53065490722656,193.5194549560547,189.09951782226562,192.4891357421875,190.3696304321289,181.61597076416015,2.92255902203184
2023-12-18,193.8952224343076,194.4291868327445,192.21425301938103,193.6974639892578,55751900,195.35867309570312,195.89260864257812,195.74432373046875,191.01776123046875,187.30975341796875,193.1279067993164,190.67616119384766,181.98446960449218,2.934597097818617
2023-12-19,193.96444926391277,194.7456004150459,193.69746706046115,194.7357177734375,40714100,193.6974639892578,195.35867309570312,195.89260864257812,192.53065490722656,191.25511169433594,193.47596740722656,190.9475875854492,182.34410888671874,3.0500889893463645
2023-12-20,194.69616113684165,195.46742966263125,192.6493377685547,192.6493377685547,52242800,194.7357177734375,193.6974639892578,195.35867309570312,195.74432373046875,190.16741943359375,193.72415924072266,191.15474395751954,182.6738708496094,3.016055017771524
2023-12-21,193.90514216040955,194.87416921268178,191.3342368191114,192.5010223388672,46482500,192.6493377685547,194.7357177734375,193.6974639892578,195.89260864257812,192.09559631347656,193.76470184326172,191.32135772705078,182.97281860351563,2.9925191634575077
2023-12-22,192.99542315884526,193.22285972664613,190.8101672306993,191.43312072753906,37149600,192.5010223388672,192.6493377685547,194.7357177734375,195.35867309570312,193.5194549560547,193.55606842041016,191.50082702636718,183.2324353027344,2.8784379232149866
2023-12-26,191.44298138124012,191.719846217368,190.6717128965979,190.88925170898438,28919300,191.43312072753906,192.5010223388672,192.6493377685547,193.6974639892578,191.01776123046875,193.54321746826173,191.66200256347656,183.51791046142577,2.7392784382936854
2023-12-27,190.33551208827305,191.3342019743918,188.9511728919884,190.9881134033203,48087700,190.88925170898438,191.43312072753906,192.5010223388672,194.7357177734375,192.53065490722656,193.3889633178711,191.79796295166017,183.8079296875,2.6271917788080605
2023-12-28,191.96702917839156,192.4812131469618,191.00788498748184,191.41329956054688,34049900,190.9881134033203,190.88925170898438,191.43312072753906,192.6493377685547,195.74432373046875,192.95586090087892,192.0061065673828,184.1374606323242,2.403309186209231
2023-12-29,191.72969142183794,192.22409497381588,189.58398181681366,190.37503051757812,42672100,191.41329956054688,190.9881134033203,190.88925170898438,192.5010223388672,195.89260864257812,192.40410308837892,192.13366165161133,184.472099609375,2.2311950813990777
2024-01-02,185.0552730997862,186.33084291740326,181.83176685644636,183.5621795654297,82488700,190.37503051757812,191.41329956054688,190.9881134033203,191.43312072753906,195.35867309570312,191.22445373535157,191.85679473876954,184.67798583984376,2.877476681161854
2024-01-03,182.15809638511382,183.79952025374087,181.37693010719954,182.18775939941406,58414500,183.5621795654297,190.37503051757812,191.41329956054688,190.88925170898438,193.6974639892578,190.0734832763672,191.6006950378418,184.9073391723633,3.4703290261595496
2024-01-04,180.11123597031312,181.04071720671112,178.85546161628733,179.87393188476562,71983600,182.18775939941406,183.5621795654297,190.37503051757812,190.9881134033203,194.7357177734375,188.5873046875,191.0316360473633,185.08804565429688,4.3512942475982594
2024-01-05,179.95306152436652,180.71443234786256,178.1534248404595,179.15211486816406,62379700,179.87393188476562,182.18775939941406,183.5621795654297,191.41329956054688,192.6493377685547,187.23758239746093,190.4808708190918,185.24562561035157,5.099281566077002
2024-01-08,180.05193047893468,183.52265400582175,179.46853775144191,183.48309326171875,59144500,179.15211486816406,179.87393188476562,182.18775939941406,190.37503051757812,192.5010223388672,186.3357894897461,190.0502456665039,185.53604064941408,5.3148430149215775
2024-01-09,181.86141829199212,183.0776469225398,180.68473531069785,183.06776428222656,42841800,183.48309326171875,179.15211486816406,179.87393188476562,183.5621795654297,191.43312072753906,185.49925384521484,189.5276611328125,185.9012973022461,5.467421746278774
2024-01-10,182.2866315170422,184.31367440860302,181.8614365329183,184.1060333251953,46792900,183.06776428222656,183.48309326171875,179.15211486816406,182.18775939941406,190.88925170898438,184.82093200683593,189.18207473754882,186.26105163574218,5.585443303960683
2024-01-11,184.45212033242825,184.9564217479187,181.56480461990643,183.51275634765625,49128400,184.1060333251953,183.06776428222656,183.48309326171875,179.87393188476562,190.9881134033203,184.07339630126953,188.7311798095703,186.5680581665039,5.664331698700238
2024-01-12,183.9774674403319,184.64986419021457,183.1172099941003,183.8390350341797,40477800,183.51275634765625,184.1060333251953,183.06776428222656,179.15211486816406,191.41329956054688,183.31596984863282,188.13591537475585,186.872109375,5.512046692979576
2024-01-16,180.12114381484557,182.1976301200088,178.90489995610474,181.57469177246094,65603000,183.8390350341797,183.51275634765625,184.1060333251953,183.48309326171875,190.37503051757812,182.4359359741211,187.42001953125,187.06767364501954,5.3798050429331425
2024-01-17,179.24110807963172,180.8825167727283,178.281963767062,180.63531494140625,47317400,181.57469177246094,183.8390350341797,183.51275634765625,183.06776428222656,183.5621795654297,182.14324951171875,186.68385162353516,187.17334991455078,5.241910438638646
2024-01-18,184.0071435872404,187.02300881659582,183.75005912545993,186.5187225341797,78005800,180.63531494140625,181.57469177246094,183.8390350341797,184.1060333251953,182.18775939941406,182.57634582519532,186.32491455078124,187.41486450195313,4.9753850347859006
2024-01-19,187.21088801676132,189.80155831594578,186.70660172518024,189.41592407226562,68903000,186.5187225341797,180.63531494140625,181.57469177246094,183.51275634765625,179.87393188476562,183.53054504394532,186.05892486572264,187.66336791992188,4.632450683712672
2024-01-22,190.14766376550878,193.143748944668,190.1081030206995,191.71986389160156,60133900,189.41592407226562,186.5187225341797,180.63531494140625,183.8390350341797,179.15211486816406,184.78731994628907,186.012451171875,187.906796875,4.567055251553335
2024-01-23,192.8371789062756,193.55900391718882,191.6604959575266,192.99537658691406,42355600,191.71986389160156,189.41592407226562,186.5187225341797,181.57469177246094,183.48309326171875,185.7385482788086,186.03716888427735,188.15460388183592,4.605199304223691
2024-01-24,193.23271418014866,194.18197579456825,192.16480052192722,192.32301330566406,53631300,192.99537658691406,191.71986389160156,189.41592407226562,180.63531494140625,183.06776428222656,186.66407318115233,186.0816635131836,188.3984439086914,4.664001559288547
2024-01-25,193.03497008475262,194.07322080915367,190.94858599423335,191.99671936035156,54822100,192.32301330566406,192.99537658691406,191.71986389160156,186.5187225341797,184.1060333251953,187.45314178466796,186.13703689575195,188.5521044921875,4.730188365786658
2024-01-26,192.0956267141711,192.58013270627515,189.79170355496896,190.26632690429688,44594000,191.99671936035156,192.32301330566406,192.99537658691406,189.41592407226562,183.51275634765625,188.12849884033204,186.10094757080077,188.7027993774414,4.693842559227681
2024-01-29,189.86092556616717,190.04880140814026,187.4581305464193,189.5840606689453,47145600,190.26632690429688,191.99671936035156,192.32301330566406,191.71986389160156,183.8390350341797,188.7030014038086,186.0094856262207,188.78763946533203,4.601799927550681
2024-01-30,188.80286821503816,189.65324309628332,185.37170567810733,185.93531799316406,55859400,189.5840606689453,190.26632690429688,191.99671936035156,192.99537658691406,181.57469177246094,189.1390640258789,185.7875,188.78823272705077,4.485747342330446
2024-01-31,184.94649475418208,185.0058358609704,182.28661602120093,182.33604431152344,55467800,185.93531799316406,189.5840606689453,190.26632690429688,192.32301330566406,180.63531494140625,189.30913696289062,185.7261932373047,188.68322021484374,4.525960090732863
2024-02-01,181.93066720224104,184.85752846784007,181.76257176566293,184.76853942871094,64885400,182.33604431152344,185.93531799316406,189.5840606689453,191.99671936035156,186.5187225341797,189.13411865234374,185.85523223876953,188.62725402832032,4.456016309317866
2024-02-02,177.84687547061628,185.2332669548565,177.24370243482153,183.76983642578125,102551700,184.76853942871094,182.33604431152344,185.93531799316406,190.26632690429688,189.41592407226562,188.56950988769532,186.0500274658203,188.51650695800782,4.261699462048196
2024-02-05,186.04410163536497,187.13179578344227,183.75995901240586,185.57936096191406,69668800,183.76983642578125,184.76853942871094,182.33604431152344,189.5840606689453,191.71986389160156,187.95545959472656,186.37138977050782,188.45796997070312,3.9447127700594296
2024-02-06,184.76852130142626,187.19109601961685,184.67953227102765,187.18121337890625,43490800,185.57936096191406,183.76983642578125,184.76853942871094,185.93531799316406,192.99537658691406,187.3740432739258,186.5562957763672,188.4182192993164,3.888472646040558
2024-02-07,188.5062066759397,188.91162125480523,186.49892923853312,187.28997802734375,53439000,187.18121337890625,185.57936096191406,183.76983642578125,182.33604431152344,192.32301330566406,186.87073974609376,186.76740646362305,188.40714416503906,3.8027777525840896
2024-02-08,187.27021997882892,187.418535043408,185.2530596605407,186.2122039794922,40962000,187.28997802734375,187.18121337890625,185.57936096191406,184.76853942871094,191.99671936035156,186.29228820800782,186.8727149963379,188.37807342529297,3.7540490361503824
2024-02-09,186.77653768433356,188.10324181676,186.1329987846296,186.9745635986328,45155200,186.2122039794922,187.28997802734375,187.18121337890625,183.76983642578125,190.26632690429688,185.9631118774414,187.04580535888672,188.35218658447266,3.6698389803727562
2024-02-12,186.54880424779185,186.796321504533,184.9349868995182,185.29141235351562,41781900,186.9745635986328,186.2122039794922,187.28997802734375,185.57936096191406,189.5840606689453,185.53384704589843,187.11842422485353,188.3130062866211,3.617033486475309
2024-02-13,183.92510799252145,184.36074073565214,181.68754255866872,183.2023468017578,56529500,185.29141235351562,186.9745635986328,186.2122039794922,187.18121337890625,185.93531799316406,185.26054992675782,187.19980697631837,188.2205746459961,3.502224281485007
2024-02-14,183.4796068721132,183.6875129162611,180.62820312290157,182.3212127685547,54630500,183.2023468017578,185.29141235351562,186.9745635986328,187.28997802734375,182.33604431152344,185.25906677246093,187.2841018676758,188.08500854492186,3.3530185664488377
2024-02-15,181.72719962604296,182.65786706531418,179.5490504680876,182.03411865234375,65434500,182.3212127685547,183.2023468017578,185.29141235351562,186.2122039794922,184.76853942871094,184.98562469482422,187.05987167358398,187.97949584960938,3.551003351688369
2024-02-16,181.59845842120637,183.0142649801448,179.86583763061847,180.49948120117188,49752500,182.03411865234375,182.3212127685547,183.2023468017578,186.9745635986328,183.76983642578125,184.6585891723633,186.6140495300293,187.76438323974608,3.7912327105257493
2024-02-20,179.984623854957,180.61826736487214,178.21240712023044,179.7569122314453,53665600,180.49948120117188,182.03411865234375,182.3212127685547,185.29141235351562,185.57936096191406,184.07634429931642,186.0159019470215,187.55617309570312,3.8858098448578007
2024-02-21,180.13318356154335,181.07374623255754,178.8658962581704,180.50941467285156,41371400,179.7569122314453,180.49948120117188,182.03411865234375,183.2023468017578,187.18121337890625,183.40916442871094,185.39160385131837,187.3244494628906,3.7042238938755
2024-02-22,181.65787110291916,183.1231842228548,180.64801151557128,182.53903198242188,52292200,180.50941467285156,179.7569122314453,180.49948120117188,182.3212127685547,187.28997802734375,182.93406982421874,184.90240478515625,187.10484100341796,3.3717919113850874
2024-02-23,183.1726595934398,183.20236045475278,180.4202689919066,180.7073974609375,45119700,182.53903198242188,180.50941467285156,179.7569122314453,182.03411865234375,186.2122039794922,182.3835891723633,184.33793869018555,186.89863372802733,3.0513757112329802
2024-02-26,180.4302078946742,180.94503297704767,178.85598645977296,179.36093139648438,40867400,180.7073974609375,182.53903198242188,180.50941467285156,180.49948120117188,186.9745635986328,181.62222595214843,183.79266891479492,186.6352392578125,2.907208944713311
2024-02-27,179.30152539649055,182.09351248592515,177.77681047698752,180.8163299560547,54318900,179.36093139648438,180.7073974609375,182.53903198242188,179.7569122314453,185.29141235351562,181.17471771240236,183.3542823791504,186.3366793823242,2.6363864141620614
2024-02-28,180.69750358801915,181.30144633523983,178.34114943443706,179.6183319091797,48953900,180.8163299560547,179.36093139648438,180.7073974609375,180.50941467285156,183.2023468017578,180.81631622314453,183.03843307495117,186.01119384765624,2.688772940490782
2024-02-29,179.4698267249393,180.75691955299587,177.74710108364005,178.95498657226562,136682600,179.6183319091797,180.8163299560547,179.36093139648438,182.53903198242188,182.3212127685547,180.4796936035156,182.86938018798827,185.6831201171875,2.8374386743040434
2024-03-01,177.76691576574171,178.7371792855814,175.61846756104012,177.87582397460938,73563100,178.95498657226562,179.6183319091797,180.8163299560547,180.7073974609375,182.03411865234375,180.0638641357422,182.5247444152832,185.36668731689454,3.0080893384714185
2024-03-04,174.40064432483445,175.14319605787904,172.06408093389737,173.361083984375,81510100,177.87582397460938,178.95498657226562,179.6183319091797,179.36093139648438,180.49948120117188,179.3500244140625,182.0043067932129,184.9391946411133,3.619601169548549
2024-03-05,169.06417026385637,170.3314573247722,167.9354922531265,168.43052673339844,95132400,173.361083984375,177.87582397460938,178.95498657226562,180.8163299560547,179.7569122314453,178.2173858642578,181.1468650817871,184.45481842041016,4.620840131738197
2024-03-06,169.36121186741923,169.53943215491887,167.00484265804033,167.4404754638672,68587700,168.43052673339844,173.361083984375,177.87582397460938,179.6183319091797,180.50941467285156,176.91049194335938,180.15982818603516,183.95360748291014,5.319566797035516
2024-03-07,167.47017484778516,169.0344857697736,166.81674075207243,167.32167053222656,71765100,167.4404754638672,168.43052673339844,173.361083984375,178.95498657226562,182.53903198242188,175.38875579833984,179.1614128112793,183.4713784790039,5.766055922962496
2024-03-08,167.32166963491963,171.9749911536114,167.26226790901475,169.03448486328125,76267000,167.32167053222656,167.4404754638672,168.43052673339844,177.87582397460938,180.7073974609375,174.22146453857422,178.30252685546876,183.03428314208983,5.937339157233349
2024-03-11,171.2225546353428,172.6482565736913,170.34139373001014,171.03443908691406,60139500,169.03448486328125,167.32167053222656,167.4404754638672,173.361083984375,179.36093139648438,173.3888153076172,177.50552062988282,182.6352096557617,5.779748806946023
2024-03-12,171.43043622416553,172.30170175265368,169.3116892312768,171.5096435546875,59825400,171.03443908691406,169.03448486328125,167.32167053222656,168.43052673339844,180.8163299560547,172.45814666748046,176.8164321899414,182.23713653564454,5.622033737489762
2024-03-13,171.05422401757613,171.4700511814422,169.0641756745517,169.43051147460938,52488700,171.5096435546875,171.03443908691406,169.03448486328125,167.4404754638672,179.6183319091797,171.43936462402343,176.127840423584,181.81824615478516,5.642072923155324
2024-03-14,171.1928340614332,172.57892461566286,170.34137411890524,171.2819366455078,72913500,169.43051147460938,171.5096435546875,171.03443908691406,167.32167053222656,178.95498657226562,170.67205963134765,175.57587661743165,181.5726412963867,5.543409515578554
2024-03-15,169.47011882986195,170.9057159423828,168.59885322457814,170.9057159423828,121752700,171.2819366455078,169.43051147460938,171.5096435546875,169.03448486328125,177.87582397460938,169.975048828125,175.0194564819336,181.3470004272461,5.418136382345606
2024-03-18,173.82644596151624,175.94519331439105,171.79680120539754,171.99481201171875,75604200,170.9057159423828,171.2819366455078,169.43051147460938,171.03443908691406,173.361083984375,169.8384216308594,174.59422302246094,181.18941802978514,5.297810712891267
2024-03-19,172.6086493883763,174.8561105550952,171.31166123855039,174.3313751220703,55215200,171.99481201171875,170.9057159423828,171.2819366455078,171.5096435546875,168.43052673339844,170.42850646972656,174.32294616699218,181.0930032348633,5.15656492733599
2024-03-20,173.97492929704185,176.8956298828125,173.3511809805003,176.8956298828125,53423100,174.3313751220703,171.99481201171875,170.9057159423828,169.43051147460938,167.4404754638672,171.3740219116211,174.14225692749022,180.96125396728516,4.98896894763586
2024-03-21,175.29172116809335,175.72735394947048,169.14338597139206,169.66812133789062,106181300,176.8956298828125,174.3313751220703,171.99481201171875,171.2819366455078,167.32167053222656,171.6086669921875,173.49871139526368,180.69326110839845,4.668683196289762
2024-03-22,170.05425166968308,171.33144918231721,168.37113733503185,170.569091796875,71160100,169.66812133789062,176.8956298828125,174.3313751220703,170.9057159423828,169.03448486328125,171.7621276855469,172.99179611206054,180.42252227783203,4.386664642743218
2024-03-25,168.87610215909345,170.23249206020807,167.76721443821097,169.1533203125,54288300,170.569091796875,169.66812133789062,176.8956298828125,171.99481201171875,171.03443908691406,171.57401580810546,172.48141555786134,180.13533355712892,4.196313877806793
2024-03-26,168.31177163695932,169.71766815187948,167.89594436696248,168.024658203125,57388400,169.1533203125,170.569091796875,169.66812133789062,174.3313751220703,171.5096435546875,171.22551727294922,171.84183197021486,179.8190460205078,3.81673943130064
2024-03-27,168.71767294274684,171.87599567632833,168.42064920188324,171.5888671875,60273300,168.024658203125,169.1533203125,170.569091796875,176.8956298828125,169.43051147460938,171.44135284423828,171.44035873413085,179.6193295288086,3.3493826810418468
2024-03-28,170.04434616825796,170.51957504542207,168.8166552027259,169.7770233154297,65672700,171.5888671875,168.024658203125,169.1533203125,169.66812133789062,171.2819366455078,171.29086151123047,170.98146057128906,179.40216369628905,2.8583600858704075
2024-04-01,169.48992969134684,169.54933141950085,167.79690490268092,168.34144592285156,46240500,169.7770233154297,171.5888671875,168.024658203125,170.569091796875,170.9057159423828,171.03443450927733,170.50474166870117,179.0386181640625,2.4075149624574865
2024-04-02,167.40087579338118,167.65828830624176,166.55931106297376,167.1632537841797,49329500,168.34144592285156,169.7770233154297,171.5888671875,169.1533203125,171.99481201171875,170.55127868652343,170.1948501586914,178.59356475830077,2.4193586850678384
2024-04-03,167.11373478373662,168.98496453257434,166.90582876011774,167.96519470214844,47691700,167.1632537841797,168.34144592285156,169.7770233154297,168.024658203125,174.3313751220703,169.91466064453124,170.1715835571289,178.11847137451173,2.4393736480815544
2024-04-04,168.59886612133832,170.2126836435028,167.1434783935547,167.1434783935547,53704400,167.96519470214844,167.1632537841797,168.34144592285156,171.5888671875,176.8956298828125,168.93944549560547,170.15673370361327,177.60143341064452,2.4577095799238093
2024-04-05,167.90579979250484,168.69785802201392,167.27215623034843,167.89590454101562,42104800,167.1434783935547,167.96519470214844,167.1632537841797,169.7770233154297,169.66812133789062,168.76222381591796,170.18544540405273,177.11289123535155,2.425995935341674
2024-04-08,167.3513719945941,167.51968192191484,166.5692240844266,166.77713012695312,37425500,167.89590454101562,167.1434783935547,167.96519470214844,168.34144592285156,170.569091796875,168.38302764892578,170.07257766723632,176.60849945068358,2.532533468672794
2024-04-09,167.02464767080627,168.39094781013864,166.67813256359855,167.98501586914062,42373800,166.77713012695312,167.89590454101562,167.1434783935547,167.1632537841797,169.1533203125,168.26619720458984,169.92010650634765,176.16287322998048,2.5631865180623916
2024-04-10,167.1236748074244,167.41078821247058,165.45045553411236,166.11380004882812,49709300,167.98501586914062,166.77713012695312,167.89590454101562,167.96519470214844,168.024658203125,168.07511138916016,169.6503143310547,175.6934680175781,2.6688669177119126
2024-04-11,166.66823651643443,173.7175391133101,166.49003132152566,173.30169677734375,91070300,166.11380004882812,167.98501586914062,166.77713012695312,167.1434783935547,171.5888671875,168.24639434814452,169.8438735961914,175.44079559326173,2.7897287036145215
2024-04-12,172.52944039553972,176.58872985356905,172.47994902506244,174.7967071533203,101670900,173.30169677734375,166.11380004882812,167.98501586914062,167.89590454101562,169.7770233154297,168.74836273193358,170.01961212158204,175.29000885009765,2.9886979463897045
2024-04-15,173.6185038309996,174.8758957155582,170.78690583147454,170.9750213623047,73531800,174.7967071533203,173.30169677734375,166.11380004882812,166.77713012695312,168.34144592285156,169.0117202758789,170.02307739257813,175.01413848876953,2.9898193886155315
2024-04-16,170.0443499195711,172.03438316124112,166.59891404642835,167.69789123535156,73711200,170.9750213623047,174.7967071533203,173.30169677734375,167.98501586914062,167.1632537841797,169.0651840209961,169.80823135375977,174.69269958496093,2.9950569487935033
2024-04-17,167.9256004082147,168.9552655008738,166.3315887451172,166.3315887451172,50901200,167.69789123535156,170.9750213623047,174.7967071533203,166.11380004882812,167.96519470214844,168.90182342529297,169.40824203491212,174.307744140625,2.8915970963009867
2024-04-18,166.36130787024413,166.96525061902096,164.89600984807865,165.38113403320312,43122900,166.3315887451172,167.69789123535156,170.9750213623047,173.30169677734375,167.1434783935547,168.7255889892578,168.83251724243163,173.87174255371093,2.4321615134041346
2024-04-19,164.559379327856,164.74747975255278,162.45052746983075,163.36138916015625,68149400,165.38113403320312,166.3315887451172,167.69789123535156,174.7967071533203,167.89590454101562,168.2721374511719,168.5171806335449,173.39317077636719,2.710982028990063
2024-04-22,163.8762247169617,165.59893510418706,163.13367296874276,164.1930389404297,48116400,163.36138916015625,165.38113403320312,166.3315887451172,170.9750213623047,166.77713012695312,168.01372833251952,168.19837799072266,172.95278747558595,2.829303495535756
2024-04-23,163.70794332424896,165.39105789202225,163.2822057253187,165.24253845214844,49537800,164.1930389404297,163.36138916015625,165.38113403320312,167.69789123535156,167.98501586914062,167.7394805908203,168.0028388977051,172.51814697265624,2.8942280938836435
2024-04-24,164.88609429896647,167.6186945681344,164.55938480415762,167.3414764404297,48251800,165.24253845214844,164.1930389404297,163.36138916015625,166.3315887451172,166.11380004882812,167.86224822998048,167.96867980957032,172.15914825439452,2.89798619989488
2024-04-25,167.84639438412742,168.91567070440144,166.48009434590165,168.20281982421875,50558300,167.3414764404297,165.24253845214844,164.1930389404297,165.38113403320312,173.30169677734375,167.35236053466798,167.79937744140625,171.85915771484375,2.7715087600976513
2024-04-26,168.19292468782604,169.63841695172266,167.49986430971396,167.61868286132812,44838400,168.20281982421875,167.3414764404297,165.24253845214844,163.36138916015625,174.7967071533203,166.63455810546876,167.69146041870118,171.5651071166992,2.732192111908256
2024-04-29,171.64826373021612,174.28185098854456,171.38095596804143,171.7769775390625,68169400,167.61868286132812,168.20281982421875,167.3414764404297,164.1930389404297,170.9750213623047,166.71475372314453,167.8632369995117,171.35996429443358,2.8792490441081817
2024-04-30,171.6086653165762,173.25218351807536,168.31173366197407,168.63845825195312,65934800,171.7769775390625,167.61868286132812,168.20281982421875,165.24253845214844,167.69789123535156,166.80881042480468,167.9369972229004,171.12274383544923,2.8792689695326863
2024-05-01,167.8959009696714,170.9948217396029,167.43056733625505,167.61868286132812,50383100,168.63845825195312,171.7769775390625,167.61868286132812,167.3414764404297,166.3315887451172,166.9375198364258,167.91967163085937,170.87997924804688,2.8801327782944717
2024-05-02,170.79680537480178,171.69777183075684,169.19289835753364,171.3116455078125,94214900,167.61868286132812,168.63845825195312,171.7769775390625,168.20281982421875,165.38113403320312,167.53057098388672,168.12807998657226,170.69602386474608,2.9704019006577553
2024-05-03,184.7963988764884,185.14292911827533,180.84603267784937,181.5588836669922,163224100,171.3116455078125,167.61868286132812,168.63845825195312,167.61868286132812,163.36138916015625,169.3503204345703,168.81122894287108,170.6764208984375,4.221755644477075
2024-05-06,180.5390848280799,182.37070337959045,178.62824383792136,179.9054412841797,78569700,181.5588836669922,171.3116455078125,167.61868286132812,171.7769775390625,164.1930389404297,170.92156066894532,169.46764450073243,170.66038177490233,4.861056607585592
2024-05-07,181.6281680754234,183.06376520709566,179.51933122687228,180.58859252929688,77305800,179.9054412841797,181.5588836669922,171.3116455078125,168.63845825195312,165.24253845214844,172.45616607666017,170.09782333374022,170.6849349975586,5.441083220638045
2024-05-08,181.03415540635302,181.25197183429347,179.64804949152685,180.9252471923828,45057100,180.58859252929688,179.9054412841797,181.5588836669922,167.61868286132812,167.3414764404297,173.81454315185547,170.83839569091796,170.68711334228516,5.861983063147472
2024-05-09,180.74701199258516,182.82616313989396,180.30148392023486,182.737060546875,48983000,180.9252471923828,180.58859252929688,179.9054412841797,171.3116455078125,168.20281982421875,175.2679672241211,171.31016387939454,170.74948791503905,6.423448540345044
2024-05-10,183.31206939842306,183.50044009541958,180.56586910059414,181.47796630859375,50759500,182.737060546875,180.9252471923828,180.58859252929688,181.5588836669922,167.61868286132812,176.65389556884764,171.64422683715821,170.79994750976562,6.778252347735406
2024-05-13,183.84742393900163,185.4931713127623,183.03445892506747,184.68020629882812,72044800,181.47796630859375,182.737060546875,180.9252471923828,179.9054412841797,171.7769775390625,177.94421844482423,172.32948608398436,170.93603515625,7.373661208554607
2024-05-14,185.8996272619275,186.68285108112164,184.69010361608505,185.8203125,52393600,184.68020629882812,181.47796630859375,182.737060546875,180.58859252929688,168.63845825195312,179.66240386962892,173.2356071472168,171.1852197265625,7.871254603645585
2024-05-15,186.29621459797372,189.0126735344407,185.76084369802737,188.09066772460938,70400000,185.8203125,184.68020629882812,181.47796630859375,180.9252471923828,167.61868286132812,181.70960235595703,174.3235610961914,171.57842254638672,8.355618375908264
2024-05-16,188.83423487080034,189.458829238671,188.03119361367854,188.2096405029297,52845200,188.09066772460938,185.8203125,184.68020629882812,182.737060546875,171.3116455078125,183.39940185546874,175.46498641967773,171.99380584716798,8.624658573147453
2024-05-17,187.8824709799172,189.1713095252472,187.55530322495105,188.2393798828125,41282900,188.2096405029297,188.09066772460938,185.8203125,181.47796630859375,181.5588836669922,184.06745147705078,176.70888595581056,172.4121600341797,8.58104494671831
2024-05-20,187.7040166341828,190.27176982167657,187.38675756521698,189.39932250976562,44361300,188.2393798828125,188.2096405029297,188.09066772460938,184.68020629882812,179.9054412841797,185.01683959960937,177.96920013427734,172.81945678710937,8.496702865238959
2024-05-21,189.44891605266244,191.07483113273048,189.2803778274553,190.69810485839844,42309400,189.39932250976562,188.2393798828125,188.2096405029297,185.8203125,180.58859252929688,186.02779083251954,179.24197845458986,173.21273010253907,8.395935849138906
2024-05-22,190.6187578068766,191.16403734183464,188.63593413629764,189.26051330566406,34648500,190.69810485839844,189.39932250976562,188.2393798828125,188.09066772460938,180.9252471923828,186.86131744384767,180.33793029785156,173.5677474975586,8.188791827834054
2024-05-23,189.3398657052663,189.35969818168277,185.02723244112752,185.27508544921875,51005900,189.26051330566406,190.69810485839844,189.39932250976562,188.2096405029297,182.737060546875,187.11511993408203,181.19154357910156,173.88463897705077,7.734445860105968
2024-05-24,187.1984232707908,188.94330296502375,186.4251079843019,188.34844970703125,36327000,185.27508544921875,189.26051330566406,190.69810485839844,188.2393798828125,181.47796630859375,187.8021682739258,182.22803192138673,174.22596923828124,7.1896270237838795
2024-05-28,189.86530324069457,191.3425125399711,187.4760118609873,188.35836791992188,52280100,188.34844970703125,185.27508544921875,189.26051330566406,189.39932250976562,184.68020629882812,188.16998443603515,183.05710144042968,174.57502227783203,6.869970330457083
2024-05-29,187.98163930401122,190.59896650948673,187.88249204796585,188.65579223632812,53068000,188.35836791992188,188.34844970703125,185.27508544921875,190.69810485839844,185.8203125,188.45353240966796,184.05796813964844,174.9082418823242,6.070405946389314
2024-05-30,189.12173915319045,190.52954231443272,188.99286588586446,189.64718627929688,49889100,188.65579223632812,188.35836791992188,188.34844970703125,189.26051330566406,188.09066772460938,188.60918426513672,185.15939331054688,175.21455810546874,4.795135965000622
2024-05-31,189.79589676882185,190.9161970579539,188.2790377703441,190.59893798828125,75158300,189.64718627929688,188.65579223632812,188.35836791992188,185.27508544921875,188.2096405029297,188.84811401367188,186.1237579345703,175.48862426757813,3.671381455654649
2024-06-03,191.24336235629542,193.31542486412093,190.86663609575578,192.36366271972656,50080500,190.59893798828125,189.64718627929688,188.65579223632812,188.34844970703125,188.2393798828125,189.2605422973633,186.66399688720702,175.94253509521485,3.7582398329373676
2024-06-04,192.96842627855952,193.64259428823095,191.3722523931234,192.68092346191406,47471400,192.36366271972656,190.59893798828125,189.64718627929688,188.35836791992188,189.39932250976562,189.5887023925781,187.30277099609376,176.38477172851563,3.63265634660586
2024-06-05,193.72188613227584,195.20900403542353,193.19643901671662,194.18785095214844,54156800,192.68092346191406,192.36366271972656,190.59893798828125,188.65579223632812,190.69810485839844,189.93767700195312,187.98273391723632,176.8854623413086,3.5821545453808876
2024-06-06,194.0093990023229,194.81244022862765,192.50244866402238,192.80978393554688,41181800,194.18785095214844,192.68092346191406,192.36366271972656,189.64718627929688,189.26051330566406,190.2926040649414,188.57696075439452,177.38116485595702,3.3264092769726754
2024-06-07,192.9783133981505,195.2486550396786,192.4726987931798,195.19908142089844,53103900,192.80978393554688,194.18785095214844,192.68092346191406,190.59893798828125,185.27508544921875,191.28500366210938,189.2000617980957,177.853369140625,3.34205990966006
2024-06-10,195.20902308787942,195.6055969774052,190.4998159349584,191.46148681640625,97010200,195.19908142089844,192.80978393554688,194.18785095214844,192.36366271972656,188.34844970703125,191.59630737304687,189.69923782348633,178.28705841064453,2.8350965325933783
2024-06-11,191.98692512163242,205.38091074009856,191.96710777388114,205.37098693847656,172373300,191.46148681640625,195.19908142089844,192.80978393554688,192.68092346191406,188.35836791992188,193.29756927490234,190.73377685546876,179.02764923095702,4.30254084868286
2024-06-12,205.58905313464115,218.30886791146864,205.1230883942655,211.2401123046875,198134300,205.37098693847656,191.46148681640625,195.19908142089844,194.18785095214844,188.65579223632812,195.55600128173828,192.00476684570313,179.90918640136718,6.137823409058736
2024-06-13,212.8958066808934,214.888539245905,209.7827737762817,212.4001007080078,97862700,211.2401123046875,205.37098693847656,191.46148681640625,192.80978393554688,189.64718627929688,197.83129272460937,193.22023849487306,180.79788452148438,7.5633698025813665
2024-06-14,212.01343611534222,213.32209192759066,209.48533280144244,210.6651153564453,70122700,212.4001007080078,211.2401123046875,205.37098693847656,195.19908142089844,190.59893798828125,199.8379104614258,194.34301223754883,181.66831726074219,8.400789159594007
2024-06-17,211.5375569916551,217.06963733267014,210.8931452933454,214.80921936035156,93728300,210.6651153564453,212.4001007080078,211.2401123046875,191.46148681640625,192.36366271972656,202.08246612548828,195.67150421142577,182.6065835571289,9.423390269217407
2024-06-18,215.72133922684367,216.75241620599633,211.17076165562816,212.44967651367188,79943300,214.80921936035156,210.6651153564453,212.4001007080078,205.37098693847656,192.68092346191406,204.05934143066406,196.8240219116211,183.5200344848633,10.00738217168648
2024-06-20,212.0927269910851,212.40007736780652,207.0563681724187,207.8792266845703,86172500,212.44967651367188,214.80921936035156,210.6651153564453,211.2401123046875,194.18785095214844,205.42847900390626,197.68307800292968,184.31791870117186,10.189616505727669
2024-06-21,208.58317289420788,210.07029091430852,205.33134270047418,205.7080841064453,241805100,207.8792266845703,212.44967651367188,214.80921936035156,212.4001007080078,192.80978393554688,206.7183090209961,198.50545654296874,185.10980438232423,10.137664019730037
2024-06-24,205.93608683303725,210.87331399723786,204.8157865138524,206.35247802734375,80727000,205.7080841064453,207.8792266845703,212.44967651367188,210.6651153564453,195.19908142089844,207.83364868164062,199.559326171875,185.77082000732423,9.779120094861957
2024-06-25,207.35380525957078,209.5646648210329,206.81844945769743,207.27450561523438,55549700,206.35247802734375,205.7080841064453,207.8792266845703,214.80921936035156,191.46148681640625,209.41495056152343,200.50562896728516,186.4203759765625,9.550208236600316
2024-06-26,209.68363861405976,213.0147835489249,208.83102368645302,211.41860961914062,66213200,207.27450561523438,206.35247802734375,205.7080841064453,212.44967651367188,205.37098693847656,210.01971282958985,201.65864105224608,187.22924774169923,9.39728832186177
2024-06-27,212.8462361886446,213.88722177256454,210.5263358320774,212.2613067626953,49772700,211.41860961914062,207.27450561523438,206.35247802734375,207.8792266845703,211.2401123046875,210.12183227539063,202.83891677856445,188.1205160522461,9.157547808157084
2024-06-28,213.91695291908772,214.21437951883613,208.4939285392998,208.81117248535156,82542700,212.2613067626953,211.41860961914062,207.27450561523438,205.7080841064453,212.4001007080078,209.762939453125,203.7971160888672,188.9701077270508,8.695540664803008
2024-07-01,210.26855134899324,215.64200216221636,210.10001313722785,214.88853454589844,60402900,208.81117248535156,212.2613067626953,211.41860961914062,206.35247802734375,210.6651153564453,210.1852813720703,205.01159591674804,189.9602557373047,8.447872839638071
2024-07-02,214.2936836981781,218.4873670751859,213.25271326862932,218.37831115722656,58046200,214.88853454589844,208.81117248535156,212.2613067626953,207.27450561523438,214.80921936035156,210.5421905517578,206.31232833862305,191.0605941772461,8.400580557245249
2024-07-03,218.11060173486678,219.6472930908203,217.1489310533617,219.6472930908203,37369800,218.37831115722656,214.88853454589844,208.81117248535156,211.41860961914062,212.44967651367188,211.26195220947267,207.66064682006837,192.1696792602539,8.260470713483317
2024-07-05,219.74645469045154,224.50523511983306,219.74645469045154,224.39617919921875,60412400,219.6472930908203,218.37831115722656,214.88853454589844,212.2613067626953,207.8792266845703,212.9136474609375,209.1710632324219,193.35275207519533,8.427420197435692
2024-07-08,225.13973799267995,225.89322076278884,221.3327197032473,225.8634796142578,59085900,224.39617919921875,219.6472930908203,218.37831115722656,208.81117248535156,205.7080841064453,214.92918701171874,210.82374801635743,194.52319213867187,8.289894853729637
2024-07-09,225.9725055332989,227.42988222637766,224.4259054004998,226.716064453125,48076100,225.8634796142578,224.39617919921875,219.6472930908203,214.88853454589844,206.35247802734375,216.96554565429688,212.39959716796875,195.69345703125,8.1579611796549
2024-07-10,227.3307526887298,231.07828847688273,227.28117906796422,230.97914123535156,62627700,226.716064453125,225.8634796142578,224.39617919921875,218.37831115722656,207.27450561523438,219.33600921630858,214.375479888916,196.96066619873048,7.5853287188430665
2024-07-11,229.40278596334778,230.39419780728426,223.83105624130303,225.6156005859375,64710600,230.97914123535156,226.716064453125,225.8634796142578,219.6472930908203,211.41860961914062,220.75570831298828,215.38771057128906,198.03743865966797,7.670772364143143
2024-07-12,226.95403700304678,230.64209091466597,226.71609267309665,228.56011962890625,53046500,225.6156005859375,230.97914123535156,226.716064453125,224.39617919921875,212.2613067626953,222.38558959960938,216.2537109375,199.23587188720703,8.141139455040939
2024-07-15,234.44911702590872,235.19267606238645,231.08823078613918,232.38697814941406,62631300,228.56011962890625,225.6156005859375,230.97914123535156,225.8634796142578,208.81117248535156,224.74317016601563,217.2530548095703,200.53123779296874,8.839930687211403
2024-07-16,232.98179160349451,234.24088892580107,230.3347237014565,232.8033447265625,43234300,232.38697814941406,228.56011962890625,225.6156005859375,226.716064453125,214.88853454589844,226.53465118408204,218.35996627807617,201.76107177734374,9.343302207919052
2024-07-17,227.4794799069808,229.47222770464353,224.6936146131452,226.9143829345703,57345900,232.8033447265625,232.38697814941406,228.56011962890625,230.97914123535156,218.37831115722656,227.3882583618164,218.9652244567871,202.66818176269533,9.492080128697966
2024-07-18,228.3023336745397,228.46096321097224,220.36112971273346,222.2547149658203,66034600,226.9143829345703,232.8033447265625,232.38697814941406,225.6156005859375,219.6472930908203,227.6490005493164,219.45547637939453,203.51516723632812,9.390514705024675
2024-07-19,222.88926630632307,224.85225794685087,221.36248326433122,222.38363647460938,49151500,222.2547149658203,226.9143829345703,232.8033447265625,228.56011962890625,224.39617919921875,227.44774627685547,220.1806968688965,204.35106811523437,9.001459622746635
2024-07-22,225.06041535891617,225.82380677595344,221.174082433242,222.03662109375,48201800,222.38363647460938,222.2547149658203,226.9143829345703,232.38697814941406,225.8634796142578,227.0650604248047,220.99712371826172,205.1732955932617,8.335580395313805
2024-07-23,222.44310313331528,224.9910392063895,220.7676144514488,223.07760620117188,39960300,222.03662109375,222.38363647460938,222.2547149658203,232.8033447265625,226.716064453125,226.7012145996094,221.83338012695313,205.98010650634765,7.595124385993923
2024-07-24,222.07627816799848,222.86941075843336,215.26528287042115,216.6631622314453,61777600,223.07760620117188,222.03662109375,222.38363647460938,226.9143829345703,230.97914123535156,225.26961669921874,222.30281295776368,206.68381042480468,6.906881986456336
2024-07-25,217.04981289629316,218.95333716975932,212.77682977395946,215.6221923828125,51391200,216.6631622314453,223.07760620117188,222.03662109375,222.2547149658203,225.6156005859375,224.27027587890626,222.51299209594725,207.30265014648438,6.616075559094399
2024-07-26,216.82180047841348,217.60502442671483,214.15489978899527,216.08816528320312,41601300,215.6221923828125,216.6631622314453,223.07760620117188,222.38363647460938,228.56011962890625,223.02308044433593,222.70433502197267,207.90800720214844,6.354135683342574
2024-07-29,215.0967318967012,217.41663210574902,213.89711684474761,216.36573791503906,36311800,216.08816528320312,215.6221923828125,216.6631622314453,222.03662109375,232.38697814941406,221.42095642089845,223.08206329345703,208.47350860595702,5.672788418766338
2024-07-30,217.3075789949067,218.43778796730905,214.2639371695869,216.92092895507812,41643800,216.36573791503906,216.08816528320312,215.6221923828125,223.07760620117188,232.8033447265625,219.83271484375,223.183683013916,209.047734375,5.5348140846656815
2024-07-31,219.5382417741392,221.8978068103832,218.73520059867647,220.17274475097656,50036300,216.92092895507812,216.36573791503906,216.08816528320312,216.6631622314453,226.9143829345703,219.15855102539064,223.2734046936035,209.68640167236327,5.466945279204488
2024-08-01,222.44309097566543,222.55214689360594,215.15622233135366,216.48471069335938,62501000,220.17274475097656,216.92092895507812,216.36573791503906,215.6221923828125,222.2547149658203,218.58155059814453,223.11527557373046,210.22810943603517,5.6209191397314395
2024-08-02,217.2679231335739,223.66254232334134,215.84030263063204,217.97183227539062,105568600,216.48471069335938,220.17274475097656,216.92092895507812,216.08816528320312,222.38363647460938,218.14037017822267,222.79405822753907,210.773583984375,5.7264418580924445
2024-08-05,197.38019703112641,211.66644653820467,194.31673780556494,207.4727783203125,119548600,217.97183227539062,216.48471069335938,220.17274475097656,216.36573791503906,222.03662109375,216.6839859008789,221.8745231628418,211.13782928466796,6.615213591532552
2024-08-06,203.53688424769564,208.18660889381388,199.3432157724579,205.45030212402344,69660500,207.4727783203125,217.97183227539062,216.48471069335938,216.92092895507812,223.07760620117188,214.92125549316407,220.8112350463867,211.54133361816406,7.452173291855019
2024-08-07,205.12311510057037,211.80523672133984,204.61750047992084,208.01805114746094,63516400,205.45030212402344,207.4727783203125,217.97183227539062,220.17274475097656,216.6631622314453,214.05674438476564,219.66318054199218,211.93472564697265,7.571002519196282
2024-08-08,211.27979376271134,212.36042911915672,207.03655197769595,211.4780731201172,47161100,208.01805114746094,205.45030212402344,207.4727783203125,216.48471069335938,215.6221923828125,213.6423324584961,218.95630416870117,212.39711975097657,7.645613461165648
2024-08-09,210.27850449568905,214.91830568661297,210.149616086692,214.38294982910156,42201600,211.4780731201172,208.01805114746094,205.45030212402344,217.97183227539062,216.08816528320312,213.47181091308593,218.24744567871093,212.91166290283203,7.360225218589416
2024-08-12,214.46232494953352,217.8767166928247,213.99582080224636,215.9114532470703,38028100,214.38294982910156,211.4780731201172,208.01805114746094,207.4727783203125,216.36573791503906,213.42638244628907,217.42366943359374,213.4369482421875,6.574447049828872
2024-08-13,217.38043273085663,220.2390087017958,217.38043273085663,219.62362670898438,44155300,215.9114532470703,214.38294982910156,211.4780731201172,205.45030212402344,216.92092895507812,213.6966522216797,216.76468353271486,214.01744201660156,5.529175620262131
2024-08-14,218.92885985517657,221.37054778476931,218.06532277692483,220.07029724121094,41960600,219.62362670898438,215.9114532470703,214.38294982910156,208.01805114746094,220.17274475097656,213.68640747070313,216.42247924804687,214.57157470703126,5.059813218662035
2024-08-15,222.92888658909135,223.67330627029455,221.10256546081067,223.04798889160156,46414000,220.07029724121094,219.62362670898438,215.9114532470703,211.4780731201172,216.48471069335938,214.34273529052734,216.46214294433594,215.178916015625,5.110790580208916
2024-08-16,222.25393109506462,225.1422830006272,221.98593577772976,224.3680877685547,44340200,223.04798889160156,220.07029724121094,219.62362670898438,214.38294982910156,217.97183227539062,214.98236083984375,216.5613655090332,215.78252075195311,5.249192430760481
2024-08-19,224.04054098731652,224.30853630427512,221.38047353975193,224.2092742919922,40687800,224.3680877685547,223.04798889160156,220.07029724121094,215.9114532470703,207.4727783203125,216.65601043701173,216.6699981689453,216.41051055908204,5.389084807892052
2024-08-20,224.0901616619868,225.47973889834265,223.7725353535306,224.82464599609375,30299000,224.2092742919922,224.3680877685547,223.04798889160156,219.62362670898438,205.45030212402344,218.59344482421875,216.7573501586914,217.00302185058592,5.511188138945964
2024-08-21,224.8345868015738,226.28371522001356,223.37552309496598,224.71546936035156,34765500,224.82464599609375,224.2092742919922,224.3680877685547,220.07029724121094,208.01805114746094,220.2631866455078,217.15996551513672,217.66810150146483,5.79097076995773
2024-08-22,226.09512887719345,226.64103964823346,222.23407290784718,222.85939025878906,43695300,224.71546936035156,224.82464599609375,224.2092742919922,223.04798889160156,211.4780731201172,221.401318359375,217.52182540893554,218.0178695678711,5.914617713583346
2024-08-23,223.98096305377334,226.52191275369313,222.66085720360698,225.1521759033203,38677300,222.85939025878906,224.71546936035156,224.82464599609375,224.3680877685547,214.38294982910156,222.47824096679688,217.97502593994142,218.29611083984375,6.141876980994797
2024-08-26,225.0727813784282,225.58891654674125,222.22414052811973,225.48965454101562,30602200,225.1521759033203,222.85939025878906,224.71546936035156,224.2092742919922,215.9114532470703,223.4360610961914,218.43122177124025,218.5579019165039,6.351327861491047
2024-08-27,224.31846403822652,227.147264886192,223.21672230373292,226.33335876464844,35934600,225.48965454101562,225.1521759033203,222.85939025878906,224.82464599609375,219.62362670898438,224.1070343017578,218.90184326171874,218.87126678466797,6.578197799129317
2024-08-28,226.22414704916858,228.14971479709,224.0008084384826,224.80479431152344,38052200,226.33335876464844,225.48965454101562,225.1521759033203,224.71546936035156,220.07029724121094,224.58048400878906,219.1334457397461,219.0711782836914,6.705606004049493
2024-08-29,228.3879521456165,231.18696212304621,227.1770283167567,228.0802459716797,51906300,224.80479431152344,226.33335876464844,225.48965454101562,222.85939025878906,223.04798889160156,225.08370971679688,219.7132225036621,219.38378967285155,6.960960690178405
2024-08-30,228.4772755570311,228.68570457235603,225.78743262658827,227.29612731933594,52990800,228.0802459716797,224.80479431152344,226.33335876464844,225.1521759033203,224.3680877685547,225.376513671875,220.17943725585937,219.77212768554688,7.1479308102234365
2024-09-03,226.84946493362216,227.29611365629745,219.52437135882835,221.1124725341797,50190600,227.29612731933594,228.0802459716797,224.80479431152344,225.48965454101562,224.2092742919922,225.06683349609375,220.86142196655274,220.08021545410156,6.4924032250695065
2024-09-04,220.01072730838987,220.1298295937355,215.86182100754215,219.20675659179688,43840200,221.1124725341797,227.29612731933594,228.0802459716797,226.33335876464844,224.82464599609375,224.50504455566406,221.54924468994142,220.33730102539062,5.4126946000090514
2024-09-05,219.9809527371486,223.80229748015876,219.87177059333374,220.72537231445312,36615400,219.20675659179688,221.1124725341797,227.29612731933594,224.80479431152344,224.71546936035156,224.1060348510742,222.18461074829102,220.606318359375,4.389939217127104
2024-09-06,222.28368749781316,223.56409767944487,218.13479623481732,219.17698669433594,48423000,220.72537231445312,219.20675659179688,221.1124725341797,228.0802459716797,222.85939025878906,223.7377944946289,222.56955642700194,220.7614859008789,3.6821900750461376
2024-09-09,219.17700018247805,219.6236489368284,215.09757995493325,219.26632690429688,67180000,219.17698669433594,220.72537231445312,219.20675659179688,227.29612731933594,225.1521759033203,223.14920959472656,222.81372528076173,220.90158630371093,3.2469449635858187
2024-09-10,217.29112653781655,219.83207646515766,215.1174187834135,218.47227478027344,51591000,219.26632690429688,219.17698669433594,220.72537231445312,221.1124725341797,225.48965454101562,222.44747161865234,222.94176635742187,221.09480834960937,3.001660270490797
2024-09-11,219.81222755985956,221.43008920211523,216.26878297144034,221.0032958984375,44587100,218.47227478027344,219.26632690429688,219.17698669433594,219.20675659179688,226.33335876464844,221.91446533203126,223.01074981689453,221.21710357666015,2.936537218253926
2024-09-12,220.8444772424724,221.88666769221828,218.18442519080247,221.1124725341797,37455600,221.0032958984375,218.47227478027344,219.26632690429688,220.72537231445312,224.80479431152344,221.54523315429688,223.06285858154297,221.27178680419922,2.8904985426373306
2024-09-13,221.9164638014437,222.37303270856336,220.25889118684435,220.84449768066406,36766600,221.1124725341797,221.0032958984375,218.47227478027344,219.17698669433594,228.0802459716797,220.8216583251953,222.9526840209961,221.2957308959961,2.932780160959358
2024-09-16,214.92882889414335,215.60377723416104,212.32832783334672,214.71047973632812,59357400,220.84449768066406,221.1124725341797,221.0032958984375,219.26632690429688,227.29612731933594,219.56309356689454,222.46980361938478,221.10201690673827,3.438863674271188
2024-09-17,214.14471619981742,215.28615358843467,212.904016801209,215.17697143554688,45519300,214.71047973632812,220.84449768066406,221.1124725341797,218.47227478027344,221.1124725341797,218.96954345703125,222.0181884765625,220.88828674316406,3.775059444150009
2024-09-18,215.931307109631,221.05291740528648,215.92137182236397,219.04794311523438,59894900,215.17697143554688,214.71047973632812,220.84449768066406,221.0032958984375,219.20675659179688,218.953662109375,221.72935333251954,220.73492431640625,3.770020530583031
2024-09-19,223.31597824995185,228.11004268622213,222.95865620671253,227.16709899902344,66781300,219.04794311523438,215.17697143554688,214.71047973632812,221.1124725341797,220.72537231445312,219.59783477783202,221.85193481445313,220.6586834716797,3.909500613061102
2024-09-20,228.25889437635817,231.35567496568984,225.9263736470506,226.50205993652344,318679900,227.16709899902344,219.04794311523438,215.17697143554688,220.84449768066406,219.17698669433594,220.3303421020508,222.03406829833983,220.67641265869142,4.0415275309591046
2024-09-23,225.64847983003366,227.74278104335218,224.12986496132828,224.7849578857422,54146000,226.50205993652344,227.16709899902344,219.04794311523438,214.71047973632812,219.26632690429688,220.8822052001953,222.01570739746094,220.6009094238281,4.027425760815512
2024-09-24,226.94871280288095,227.64351653597865,224.05044101841318,225.67823791503906,43556100,224.7849578857422,226.50205993652344,227.16709899902344,215.17697143554688,218.47227478027344,221.60280151367186,222.0251365661621,220.46673461914062,4.036198379209007
2024-09-25,223.2563961324406,225.59883710649478,222.35317851779175,224.68568420410156,42308700,225.67823791503906,224.7849578857422,226.50205993652344,219.04794311523438,221.0032958984375,221.97104034423828,221.94275283813477,220.3043814086914,3.959725159385908
2024-09-26,225.6087993733805,226.79986786044512,223.7328623413079,225.82716369628906,36636700,224.68568420410156,225.67823791503906,224.7849578857422,227.16709899902344,221.1124725341797,222.44250946044923,221.99387130737304,220.2826370239258,4.004958425312863
2024-09-27,226.76013618443497,227.81224676693589,225.60876359989413,226.09510803222656,34026000,225.82716369628906,224.68568420410156,225.67823791503906,226.50205993652344,220.84449768066406,222.96757049560546,221.89461441040038,220.3594448852539,3.868450630068348
2024-09-30,228.3283747151782,231.266357421875,227.9412771261621,231.266357421875,54541900,226.09510803222656,225.82716369628906,224.68568420410156,224.7849578857422,214.71047973632812,224.62315826416017,222.09312591552734,220.53709930419922,4.243871025141121
2024-10-01,227.81227091446172,227.94129335648356,222.0752779583648,224.5269012451172,63285000,231.266357421875,226.09510803222656,225.82716369628906,225.67823791503906,215.17697143554688,225.5581512451172,222.26384735107422,220.58690490722657,4.270936353714237
2024-10-02,224.2092739820147,225.67825786117984,221.36063294746157,225.0926513671875,32880600,224.5269012451172,231.266357421875,226.09510803222656,224.68568420410156,219.04794311523438,226.1626220703125,222.55814208984376,220.62720581054688,4.25194190804158
2024-10-03,223.46483520314058,225.12240767637772,221.65838486968212,223.9908905029297,34044200,225.0926513671875,224.5269012451172,231.266357421875,225.82716369628906,227.16709899902344,225.84500122070312,222.72141799926757,220.77376037597656,4.240541998076074
2024-10-04,226.20429410810965,226.3035561118749,222.46235586119454,225.11248779296875,37245100,223.9908905029297,225.0926513671875,224.5269012451172,226.09510803222656,226.50205993652344,225.70604400634767,223.01819305419923,220.96356628417968,4.186786515052382
2024-10-07,222.8296017820206,224.01074997862722,219.68319006872073,220.04051208496094,39505400,225.11248779296875,223.9908905029297,225.0926513671875,231.266357421875,224.7849578857422,225.23159942626953,223.05690231323243,221.04261322021483,4.153720978281793
2024-10-08,222.63108533790577,224.29857792676054,221.58889489724396,224.09014892578125,31855700,220.04051208496094,225.11248779296875,223.9908905029297,224.5269012451172,225.67823791503906,225.07279052734376,223.33779602050782,221.1971014404297,4.01500688072807
2024-10-09,223.55416342639623,228.0405364361267,223.15714569962594,227.83209228515625,33591100,224.09014892578125,220.04051208496094,225.11248779296875,225.0926513671875,224.68568420410156,225.3874313354492,223.67923583984376,221.41532470703126,4.095584977711705
2024-10-10,226.0851959438118,227.7923994519787,225.47973405841245,227.3358154296875,28183500,227.83209228515625,224.09014892578125,220.04051208496094,223.9908905029297,225.82716369628906,225.53829650878907,223.99040298461915,221.55858612060547,4.1266037422998325
2024-10-11,227.5938974682738,227.70307961960657,225.6484741750507,225.85691833496094,31759200,227.3358154296875,227.83209228515625,224.09014892578125,225.11248779296875,226.09510803222656,225.5144775390625,224.24102401733398,221.7460302734375,4.077404049044463
2024-10-14,226.998334224751,230.00578802790554,226.89908737082214,229.57899475097656,39882100,225.85691833496094,227.3358154296875,227.83209228515625,220.04051208496094,231.266357421875,225.34574127197266,224.9844497680664,221.97817352294922,3.57246982329028
2024-10-15,231.87182665313995,235.7229623804217,230.6410474142004,232.11004638671875,64751400,229.57899475097656,225.85691833496094,227.3358154296875,224.09014892578125,224.5269012451172,226.10405578613282,225.831103515625,222.47091888427735,3.101267285039474
2024-10-16,229.87678174389526,230.3929017691756,228.12986736523644,230.05543518066406,34082200,232.11004638671875,229.57899475097656,225.85691833496094,227.83209228515625,225.0926513671875,226.60033416748047,226.3814781188965,222.96302154541016,2.7958125230060764
2024-10-17,231.69315867439417,232.11004699556463,228.8048220166126,230.4226837158203,32993800,230.05543518066406,232.11004638671875,229.57899475097656,227.3358154296875,223.9908905029297,227.24351348876954,226.54425735473632,223.41111419677733,2.9352574219492618
2024-10-18,234.4226930307779,234.4226930307779,232.26884075534687,233.25148010253906,46431500,230.4226837158203,230.05543518066406,232.11004638671875,225.85691833496094,225.11248779296875,228.05741271972656,226.8817283630371,223.84658233642577,3.2959808800122303
2024-10-21,232.70554934615632,235.08770100400858,232.70554934615632,234.72044372558594,36254500,233.25148010253906,230.4226837158203,230.05543518066406,229.57899475097656,220.04051208496094,229.52540588378906,227.3785026550293,224.25333221435548,3.688671329922306
2024-10-22,232.14974382855843,234.4624093106695,230.86934872103873,234.10508728027344,38846600,234.72044372558594,233.25148010253906,230.4226837158203,232.11004638671875,224.09014892578125,230.5268997192383,227.79984512329102,224.61720489501954,3.955842304656671
2024-10-23,232.33831918874512,233.3904297884605,226.06533615950997,229.0430145263672,52287000,234.10508728027344,234.72044372558594,233.25148010253906,230.05543518066406,227.83209228515625,230.6479919433594,228.0177116394043,224.8055926513672,3.8948227039182464
2024-10-24,228.26882480795348,229.10258628095696,226.71051430099084,228.8544464111328,31109500,229.0430145263672,234.10508728027344,234.72044372558594,230.4226837158203,227.3358154296875,230.79985504150392,228.1690757751465,224.98127563476564,3.8639129114595643
2024-10-25,228.03059902781462,231.48470145399645,227.8618657494506,229.68817138671875,38802300,228.8544464111328,229.0430145263672,234.10508728027344,233.25148010253906,225.85691833496094,231.1829803466797,228.3487289428711,225.11407928466798,3.8458962464074498
2024-10-28,231.5839844241638,232.98348177622344,230.81970938626554,231.6633758544922,36087100,229.68817138671875,228.8544464111328,229.0430145263672,234.72044372558594,229.57899475097656,231.39141845703125,228.36857986450195,225.25998504638673,3.8627361985345896
2024-10-29,231.36561495313973,232.5864588417728,230.59141979007921,231.93136596679688,35417200,231.6633758544922,229.68817138671875,228.8544464111328,234.10508728027344,232.11004638671875,231.37355041503906,228.73880310058593,225.41442687988283,3.8298518121342386
2024-10-30,230.87924283818487,231.7328445287285,227.84201349481597,228.38792419433594,47070900,231.93136596679688,231.6633758544922,229.68817138671875,229.0430145263672,230.05543518066406,231.20679931640626,228.90356674194337,225.48569244384765,3.7344293268595647
2024-10-31,227.63358238786932,228.11994197442104,223.693120129287,224.22911071777344,64370100,228.38792419433594,231.93136596679688,231.6633758544922,228.8544464111328,230.4226837158203,230.58744201660156,228.91547775268555,225.47596527099608,3.718280583095375
2024-11-01,219.32586653780092,223.67328184782377,218.6310779402587,221.25143432617188,65276700,224.22911071777344,228.38792419433594,231.93136596679688,229.68817138671875,233.25148010253906,229.38743743896484,228.7224250793457,225.44380615234374,4.014552748989532
2024-11-04,219.34573920720757,221.13233427123137,218.07526420177624,220.35813903808594,44944500,221.25143432617188,224.22911071777344,228.38792419433594,231.6633758544922,234.72044372558594,227.95120697021486,228.73830642700196,225.34792541503907,3.9788696167038156
2024-11-05,220.14971259990074,222.28370958768312,219.49461965793014,221.7874298095703,28111300,220.35813903808594,221.25143432617188,224.22911071777344,231.93136596679688,234.10508728027344,226.71944122314454,228.6231704711914,225.27388092041016,4.1500846975253305
2024-11-06,220.95365355112233,224.38791581537038,219.54422098922427,221.06283569335938,54561100,221.7874298095703,220.35813903808594,221.25143432617188,228.38792419433594,229.0430145263672,225.92142333984376,228.28470764160156,225.1684704589844,4.480851495984402
2024-11-07,222.95862926675593,226.18444740932767,222.8990781242877,225.78741455078125,42137700,221.06283569335938,221.7874298095703,220.35813903808594,224.22911071777344,228.8544464111328,225.6147201538086,228.20728759765626,225.18812286376954,4.511381930533777
2024-11-08,225.72780810336752,227.20835428792034,224.9726384261151,225.51914978027344,38328800,225.78741455078125,221.06283569335938,221.7874298095703,221.25143432617188,229.68817138671875,225.19781799316405,228.19039916992188,225.1369009399414,4.521265055933961
2024-11-11,223.57158868270503,224.26714170400084,220.0938084143074,222.8064727783203,42005600,225.51914978027344,225.78741455078125,221.06283569335938,220.35813903808594,231.6633758544922,224.31212768554687,227.85177307128907,225.0471078491211,4.663181822155456
2024-11-12,223.12444853772337,224.15783943194586,221.9420008205612,222.8064727783203,40398300,222.8064727783203,225.51914978027344,225.78741455078125,221.7874298095703,231.93136596679688,223.3996383666992,227.38659439086913,225.0809878540039,4.680049306679839
2024-11-13,222.58787261698694,225.2111120360391,221.34580821096,223.69082641601562,48566200,222.8064727783203,222.8064727783203,225.51914978027344,221.06283569335938,228.38792419433594,222.9299285888672,227.06836395263673,225.1706692504883,4.705343805730871
2024-11-14,223.59148192887395,227.41703140021204,223.57160465201176,226.7711639404297,44923900,223.69082641601562,222.8064727783203,222.8064727783203,225.78741455078125,224.22911071777344,223.18413391113282,226.8857879638672,225.29158508300782,4.638710875893609
2024-11-15,224.96270031544069,225.47940335635096,222.8462328667566,223.57159423828125,47923700,226.7711639404297,223.69082641601562,222.8064727783203,225.51914978027344,221.25143432617188,223.41614990234376,226.40179367065429,225.37947723388672,4.440317481191133
2024-11-18,223.82001439888424,228.28151537171908,223.74052045447314,226.5724334716797,44633700,223.57159423828125,226.7711639404297,223.69082641601562,222.8064727783203,220.35813903808594,224.03757934570314,225.994393157959,225.52559936523437,3.9876232400823954
2024-11-19,225.53899960732684,228.69881907074455,225.22103903072198,226.83074951171875,36211800,226.5724334716797,223.57159423828125,226.7711639404297,222.8064727783203,221.7874298095703,224.54191131591796,225.63067626953125,225.6927688598633,3.512323989208671
2024-11-20,226.61216873586113,228.4702922716314,224.45594670445817,227.54620361328125,35169600,226.83074951171875,226.5724334716797,223.57159423828125,223.69082641601562,221.06283569335938,225.19024810791015,225.55583572387695,225.82362701416017,3.4512022830980005
2024-11-21,227.42697481306035,228.6988476019872,224.27710117470866,227.0692596435547,42108300,227.54620361328125,226.83074951171875,226.5724334716797,226.7711639404297,225.78741455078125,225.3184326171875,225.46657638549806,225.94276275634766,3.383827027456644
2024-11-22,226.61216818417898,229.25528492407807,226.61216818417898,228.41067504882812,38168300,227.0692596435547,227.54620361328125,226.83074951171875,223.57159423828125,225.51914978027344,225.60758514404296,225.4027015686035,226.09408630371092,3.3112223408759234
2024-11-25,229.99057974831032,231.7692092379923,228.28149797848934,231.39161682128906,90152800,228.41067504882812,227.0692596435547,227.54620361328125,226.5724334716797,222.8064727783203,226.46609954833986,225.38911361694335,226.42770904541015,3.284629636775192
2024-11-26,231.84870566104107,234.07449047305911,231.84870566104107,233.56771850585938,45986200,231.39161682128906,228.41067504882812,227.0692596435547,226.83074951171875,222.8064727783203,227.54222412109374,225.47093124389647,226.79552398681642,3.471247878176007
2024-11-27,232.9814664022851,234.1937224347506,232.32565277909848,233.43853759765625,33498400,233.56771850585938,231.39161682128906,228.41067504882812,227.54620361328125,223.69082641601562,228.51699523925782,225.7234619140625,227.08333587646484,3.8569154784562416
2024-11-29,233.3192972938568,236.3002516789311,232.48463370489634,235.82330322265625,28481400,233.43853759765625,233.56771850585938,231.39161682128906,227.0692596435547,226.7711639404297,229.42220916748047,226.30317153930665,227.2564599609375,4.446717222732974
2024-12-02,235.76367580720535,239.26131787624368,235.65437354492806,238.06893920898438,48137100,235.82330322265625,233.43853759765625,233.56771850585938,228.41067504882812,223.57159423828125,230.87194366455077,227.14404678344727,227.48779754638673,4.997180276400747
2024-12-03,238.28756099978403,241.21882985808793,237.3833345065081,241.10952758789062,38861000,238.06893920898438,235.82330322265625,233.43853759765625,231.39161682128906,226.5724334716797,232.32565307617188,228.1816162109375,227.8142889404297,5.628496608731665
2024-12-04,241.32812877991805,242.5602620666903,239.71841824290905,241.4672393798828,44383900,241.10952758789062,238.06893920898438,235.82330322265625,233.56771850585938,226.83074951171875,233.78930206298827,229.1656066894531,228.13006896972655,6.148071693548139
2024-12-05,242.44102079436578,242.9875169579372,240.59282850575005,241.49703979492188,40033900,241.4672393798828,241.10952758789062,238.06893920898438,233.43853759765625,227.54620361328125,235.18438568115235,230.18731689453125,228.46629608154296,6.422445980955026
2024-12-06,241.36788746709487,243.0769692456264,240.5431549096241,241.29832458496094,36870600,241.49703979492188,241.4672393798828,241.10952758789062,235.82330322265625,227.0692596435547,236.60729217529297,230.96286239624024,228.7757192993164,6.789211139142339
2024-12-09,240.29475369946152,245.67041216886827,240.21525975684386,245.1835174560547,44649200,241.29832458496094,241.49703979492188,241.4672393798828,238.06893920898438,228.41067504882812,238.28457641601562,231.9460807800293,229.15748748779296,7.3593228572435025
2024-12-10,245.32261857013248,246.63424582967986,243.7824557106041,246.19703674316406,36914800,245.1835174560547,241.29832458496094,241.49703979492188,241.10952758789062,231.39161682128906,239.76511840820314,233.1156089782715,229.45610107421874,7.681948809536313
2024-12-11,246.3858398593606,249.20780656351602,244.69662013013263,244.9251708984375,45205800,246.19703674316406,245.1835174560547,241.29832458496094,241.4672393798828,233.56771850585938,240.90086364746094,234.22154388427734,229.86406646728517,7.711781949735342
2024-12-12,245.32261935264157,247.1608807008323,244.12029436088807,246.38583374023438,32777500,244.9251708984375,246.19703674316406,245.1835174560547,241.49703979492188,233.43853759765625,242.19559326171876,235.35629425048828,230.28993011474608,7.750316819996374
2024-12-13,246.24673423955153,247.7073880681415,244.676762972136,246.5547637939453,33155300,246.38583374023438,244.9251708984375,246.19703674316406,241.29832458496094,235.82330322265625,243.26873931884765,236.34547424316406,230.7412075805664,7.858661068202926
2024-12-16,246.41561861527626,249.78409628857773,246.07776561283137,249.4462432861328,51694800,246.5547637939453,246.38583374023438,244.9251708984375,245.1835174560547,238.06893920898438,244.4064697265625,237.63920669555665,231.22788269042968,7.774437830017838
2024-12-17,248.49236434269267,252.21855739876366,248.19426586582333,251.8707733154297,51356400,249.4462432861328,246.5547637939453,246.38583374023438,246.19703674316406,241.10952758789062,245.48259429931642,238.90412368774415,231.86448791503906,7.935461737662083
2024-12-18,250.559158393614,252.66569465886903,246.16722071424974,246.47525024414062,56774100,251.8707733154297,249.4462432861328,246.5547637939453,244.9251708984375,241.4672393798828,245.9833953857422,239.88634872436523,232.31218994140625,7.569745110411598
2024-12-19,245.92873792847348,250.400169527173,245.5213371883983,248.20419311523438,60882300,246.47525024414062,251.8707733154297,249.4462432861328,246.38583374023438,241.49703979492188,246.65411071777345,240.91924819946288,232.71963195800782,7.197548950969152
2024-12-20,246.46529524609687,253.3811159043778,244.13022347118752,252.87435913085938,147495300,248.20419311523438,246.47525024414062,251.8707733154297,246.5547637939453,241.29832458496094,247.81171417236328,242.20950317382812,233.23040283203125,6.890484833358168
2024-12-23,253.15260355822258,254.02700659111463,251.84097626600598,253.64942932128906,40858800,252.87435913085938,248.20419311523438,246.47525024414062,249.4462432861328,245.1835174560547,248.6583053588867,243.47144088745117,233.78625305175783,6.532152705175091
2024-12-24,253.868019379837,256.5707374276886,253.66927695641888,256.5608215332031,23234700,253.64942932128906,252.87435913085938,248.20419311523438,251.8707733154297,246.19703674316406,249.69468383789064,244.7299011230469,234.32588958740234,6.506865415767115
2024-12-26,256.5508929178466,258.44877099351584,255.99445048269988,257.3756103515625,27237100,256.5608215332031,253.64942932128906,252.87435913085938,246.47525024414062,244.9251708984375,250.93972778320312,245.92029571533203,234.83120086669922,6.535029129098208
2024-12-27,256.19316170058187,257.05766400729357,251.45345479939442,253.96739196777344,42355300,257.3756103515625,256.5608215332031,253.64942932128906,248.20419311523438,246.38583374023438,251.69788360595703,246.94673843383788,235.30944000244142,6.066800457127629
2024-12-30,250.62873106361576,251.8906728018858,249.15813098648073,250.5989227294922,35557500,253.96739196777344,257.3756103515625,256.5608215332031,252.87435913085938,246.5547637939453,252.10229949951173,247.68551940917968,235.71296478271483,5.51556162424954
2024-12-31,250.83738041728796,251.6720440162376,247.84647977817443,248.8302001953125,39480700,250.5989227294922,253.96739196777344,257.3756103515625,253.64942932128906,249.4462432861328,252.0406951904297,248.22358245849608,236.0245391845703,5.031733106477117
2025-01-02,247.34967754084445,247.51861164989126,240.2848294479123,242.30194091796875,55740700,248.8302001953125,250.5989227294922,253.96739196777344,256.5608215332031,251.8707733154297,251.08381195068358,248.283203125,236.17616912841797,4.949393330162929
2025-01-03,241.81503295898438,242.62981931594805,240.3543640210219,241.81503295898438,40244100,242.30194091796875,248.8302001953125,250.5989227294922,257.3756103515625,246.47525024414062,250.61779022216797,248.30059280395508,236.3303680419922,4.9247346062592605
2025-01-06,242.75900387005615,245.7598357483754,241.6560500607284,243.4446258544922,45045600,241.81503295898438,242.30194091796875,248.8302001953125,253.96739196777344,248.20419311523438,250.14183349609374,248.3979721069336,236.6184002685547,4.800820296104237
2025-01-07,241.4374181829594,243.99110961427562,239.81777667580207,240.6723175048828,40856000,243.4446258544922,241.81503295898438,242.30194091796875,250.5989227294922,252.87435913085938,248.9216293334961,248.36667175292968,236.8547576904297,4.851319867314258
2025-01-08,240.3841632667122,242.16280789951685,238.52603985831155,241.15921020507812,37628900,240.6723175048828,243.4446258544922,241.81503295898438,248.8302001953125,253.64942932128906,247.672607421875,248.16545639038085,237.08417846679689,5.068873345639199
2025-01-10,238.48631733341054,238.63537417198498,231.52082500923515,235.3463897705078,61710900,241.15921020507812,240.6723175048828,243.4446258544922,242.30194091796875,256.5608215332031,245.55116424560546,247.62292404174804,237.15783874511717,5.816234217571966
2025-01-13,232.04743903723335,233.18020116738663,228.26162915914,232.9119110107422,49630700,235.3463897705078,241.15921020507812,240.6723175048828,241.81503295898438,257.3756103515625,243.10479431152345,247.0222610473633,237.1774496459961,6.667529885549328
2025-01-14,233.25969544364762,234.62099318079112,230.99417118008773,231.7990264892578,39435300,232.9119110107422,235.3463897705078,241.15921020507812,243.4446258544922,253.96739196777344,240.88795776367186,246.29292068481445,237.24567169189453,7.488117689570002
2025-01-15,233.1503884256181,237.4429702030776,232.94171493841435,236.35987854003906,39832000,231.7990264892578,232.9119110107422,235.3463897705078,240.6723175048828,250.5989227294922,239.46405334472655,245.78317642211914,237.48828704833986,7.80946188689098
2025-01-16,235.84318609247865,236.49898454969573,226.58234697208553,226.81088256835938,71759100,236.35987854003906,231.7990264892578,232.9119110107422,241.15921020507812,248.8302001953125,237.26212158203126,244.65140838623046,237.5994760131836,8.82483964898385
2025-01-17,230.64640281529265,230.81532176659897,227.02951162481844,228.51998901367188,68488300,226.81088256835938,236.35987854003906,231.7990264892578,235.3463897705078,242.30194091796875,235.88392639160156,243.48386917114257,237.76271301269531,9.348567597547389
2025-01-21,222.5779137526142,222.9952455214703,217.98724913328002,221.22654724121094,98070400,228.51998901367188,226.81088256835938,236.35987854003906,232.9119110107422,241.81503295898438,233.82507781982423,242.2214340209961,237.75149536132812,10.550838766843423
2025-01-22,218.39465138442915,222.6971640978084,218.39465138442915,222.4090118408203,64126500,221.22654724121094,228.51998901367188,226.81088256835938,231.7990264892578,243.4446258544922,231.72151641845704,240.9316749572754,237.77841888427736,11.32894028679011
2025-01-23,223.3132424800993,225.58869773276695,220.88873040600683,222.24009704589844,60234800,222.4090118408203,221.22654724121094,228.51998901367188,236.35987854003906,240.6723175048828,229.8782943725586,239.39996185302735,237.7074725341797,11.694302146736382
2025-01-24,223.35299524803202,224.19760513427786,220.00439436057442,221.36569213867188,54697900,222.24009704589844,222.4090118408203,221.22654724121094,226.81088256835938,241.15921020507812,227.89894256591796,237.7857749938965,237.62440338134766,11.850944727967326
2025-01-27,222.5978054024586,230.67618150163648,222.5580508531902,228.40072631835938,94863400,221.36569213867188,222.24009704589844,222.4090118408203,228.51998901367188,235.3463897705078,227.20437622070312,236.3777702331543,237.73628845214844,11.155315338969336
2025-01-28,229.3844597561093,238.66516132615985,229.3447052045828,236.74740600585938,75707600,228.40072631835938,221.36569213867188,222.24009704589844,221.22654724121094,232.9119110107422,227.58792572021486,235.34636001586915,238.01510711669923,10.006133240654528
2025-01-29,232.63366934231402,238.33723404319062,232.52436707787834,237.8404083251953,45486100,236.74740600585938,228.40072631835938,221.36569213867188,222.4090118408203,231.7990264892578,228.1920639038086,234.54001083374024,238.2980987548828,9.028623524249305
2025-01-30,237.1547951903121,239.26133146080375,235.7040725307193,236.08164978027344,55658300,237.8404083251953,236.74740600585938,228.40072631835938,222.24009704589844,236.35987854003906,228.16424102783202,233.81414718627929,238.4843084716797,8.216655904422003
2025-01-31,245.62073349000855,245.62073349000855,231.9580244316672,234.50177001953125,100959800,236.08164978027344,237.8404083251953,236.74740600585938,221.36569213867188,226.81088256835938,228.9333297729492,233.09772567749025,238.70291198730467,7.424997013670871
2025-02-03,228.52991033796462,230.35822543026035,224.2671369795404,226.56246948242188,73063300,234.50177001953125,236.08164978027344,237.8404083251953,228.40072631835938,228.51998901367188,228.73757781982422,232.31075210571288,238.70271270751954,7.229641032422397
2025-02-04,225.80731341689966,231.64998934854387,225.21111642561868,231.32208251953125,45067300,226.56246948242188,234.50177001953125,236.08164978027344,236.74740600585938,221.22654724121094,229.74713134765625,231.78610458374024,238.79253936767577,6.875691323184488
2025-02-05,227.07916670947125,231.19288314320298,226.82082278842498,230.99415588378906,39620300,231.32208251953125,226.56246948242188,234.50177001953125,237.8404083251953,222.4090118408203,230.60564575195312,231.16358108520507,238.86149841308594,6.304479805164435
2025-02-06,229.8216550685821,232.31573010563136,228.96711414866223,231.73941040039062,29925300,230.99415588378906,231.32208251953125,226.56246948242188,236.08164978027344,222.24009704589844,231.55557708740236,230.71693572998046,238.95490142822266,5.8987443636905725
2025-02-07,231.1233398047693,232.51444580894437,225.81722939017394,226.1848907470703,39707200,231.73941040039062,230.99415588378906,231.32208251953125,234.50177001953125,221.36569213867188,232.0374969482422,229.96821975708008,238.9103857421875,5.435726551193222
2025-02-10,228.36338248973718,229.378010419489,226.00582893863492,226.45346069335938,33115600,226.1848907470703,231.73941040039062,230.99415588378906,226.56246948242188,228.40072631835938,231.8427703857422,229.52357330322266,238.8116226196289,5.335432448569487
2025-02-11,227.000572314181,233.99362125199642,226.93094812871882,231.3973388671875,53718400,226.45346069335938,226.1848907470703,231.73941040039062,231.32208251953125,236.74740600585938,231.307763671875,229.4478446960449,238.76821502685547,5.29540723239596
2025-02-12,229.98480349517558,235.71453849328682,229.4675323792709,235.625,45243300,231.3973388671875,226.45346069335938,226.1848907470703,230.99415588378906,237.8404083251953,231.08622283935546,229.63914337158204,238.81194427490234,5.451618328246127
2025-02-13,235.66480095549997,241.06625350434595,234.33184765944378,240.26051330566406,53614100,235.625,231.3973388671875,226.45346069335938,231.73941040039062,236.08164978027344,231.50410919189454,229.83417510986328,238.9006884765625,5.765446876521573
2025-02-14,239.981993568851,244.25939586817944,239.72336558929686,243.31439208984375,40896200,240.26051330566406,235.625,231.3973388671875,226.1848907470703,234.50177001953125,232.38537139892577,230.6593505859375,239.00559753417969,6.450315523671331
2025-02-18,242.86674847770814,243.8913336127375,240.56889220053384,243.18507385253906,48822500,243.31439208984375,240.26051330566406,235.625,226.45346069335938,226.56246948242188,234.0476318359375,231.39260482788086,239.04710845947267,7.004090821540668
2025-02-19,243.37408953874765,244.71698493563778,241.88197342314302,243.58297729492188,32204200,243.18507385253906,243.31439208984375,240.26051330566406,231.3973388671875,231.32208251953125,235.27372131347656,232.51042633056642,239.08942321777343,7.079824679228961
2025-02-20,243.65261174603793,245.48293716802547,243.006019001845,244.53793334960938,32316900,243.58297729492188,243.18507385253906,243.31439208984375,235.625,230.99415588378906,236.6280990600586,233.61687240600585,239.15024108886718,7.146925449841002
2025-02-21,244.65729095432025,247.38289505871285,243.93113206298463,244.2593994140625,53197400,244.53793334960938,243.58297729492188,243.18507385253906,240.26051330566406,231.73941040039062,237.88009796142578,234.71783752441405,239.20946258544922,6.99654878835923
2025-02-24,243.64264638435856,247.55199828948733,243.1353323966777,245.80125427246094,51326400,244.2593994140625,244.53793334960938,243.58297729492188,243.31439208984375,226.1848907470703,239.84173431396485,235.93961563110352,239.22181732177734,6.668029416074577
2025-02-25,246.69652285022872,248.68601093773057,243.62276739789988,245.74156188964844,48013300,245.80125427246094,244.2593994140625,244.53793334960938,243.18507385253906,226.45346069335938,241.77054443359376,236.80665740966796,239.21270782470702,6.762893257557182
2025-02-26,243.04579925662603,243.6923767743236,237.87313357927937,239.09666442871094,44433600,245.74156188964844,245.80125427246094,244.2593994140625,243.58297729492188,231.3973388671875,242.54047698974608,236.92412033081055,239.0961376953125,6.782184284504742
2025-02-27,238.15166004001364,241.1856322165831,235.81400561415145,236.05274963378906,41153600,239.09666442871094,245.74156188964844,245.80125427246094,244.53793334960938,235.625,242.583251953125,236.83473739624023,238.88947601318358,6.781252666199066
2025-02-28,235.70459571566596,240.8175794410065,228.9900734891547,240.5688934326172,56833400,236.05274963378906,239.09666442871094,245.74156188964844,244.2593994140625,240.26051330566406,242.6140899658203,237.05909957885743,238.76975860595704,6.829087861188133
2025-03-03,240.51914741730602,242.74737946323825,234.8690087281554,236.77891540527344,47184000,240.5688934326172,236.05274963378906,239.09666442871094,245.80125427246094,243.31439208984375,241.96054229736328,237.17295684814454,238.51641204833984,6.803140445262823
2025-03-04,236.46059966619734,238.80819608105105,233.44651142335266,234.68994140625,53798100,236.77891540527344,240.5688934326172,236.05274963378906,245.74156188964844,243.18507385253906,241.11102905273438,237.57933044433594,238.17279541015625,6.364588761653413
2025-03-05,234.18263593082168,235.30670153327668,228.0251680036218,234.50096130371094,47227600,234.68994140625,236.77891540527344,240.5688934326172,239.09666442871094,243.58297729492188,240.20282745361328,237.73827438354493,237.93330963134767,6.238546361771958
2025-03-06,233.207802772317,236.60982567864426,231.93453157387603,234.09312438964844,45170400,234.50096130371094,234.68994140625,236.77891540527344,236.05274963378906,244.53793334960938,239.1583465576172,237.8932228088379,237.65108825683595,6.099152474776269
2025-03-07,233.87426828677374,240.10136041796665,233.5261018066448,237.81346130371094,46273600,234.09312438964844,234.50096130371094,234.68994140625,240.5688934326172,244.2593994140625,238.51375274658204,238.1969253540039,237.34987030029296,5.925350566228345
2025-03-10,234.3019970725287,234.91874867921032,223.04150278970278,226.28436279296875,72071200,237.81346130371094,234.09312438964844,234.50096130371094,236.77891540527344,245.80125427246094,236.56206359863282,238.20189895629883,236.80256896972656,5.914769577570689
2025-03-11,222.63365113389432,224.65298022983382,216.30707871737093,219.67926025390625,76137400,226.28436279296875,237.81346130371094,234.09312438964844,234.68994140625,245.74156188964844,233.9558334350586,237.86318893432616,236.06493774414062,6.756958741533536
2025-03-12,218.98294858814833,220.58448707211764,213.7804415985268,215.8395538330078,62547500,219.67926025390625,226.28436279296875,237.81346130371094,234.50096130371094,239.09666442871094,231.63012237548827,237.08529968261718,235.23421661376952,8.267260697880829
2025-03-13,214.81496040955514,215.70028194858565,207.3245394208188,208.57791137695312,61368300,215.8395538330078,219.67926025390625,226.28436279296875,234.09312438964844,236.05274963378906,228.88263854980468,235.73294525146486,234.32642700195314,10.444252643100977
2025-03-14,210.13965751241793,212.82546311709572,208.47843695256688,212.36788940429688,60107600,208.57791137695312,215.8395538330078,219.67926025390625,237.81346130371094,240.5688934326172,226.06253814697266,234.33831405639648,233.5618063354492,11.60556330077192
2025-03-17,212.18885305172668,214.08881784956162,208.86641153353526,212.87522888183594,48073400,212.36788940429688,208.57791137695312,215.8395538330078,226.28436279296875,236.77891540527344,223.67216949462892,232.81635589599608,232.8427069091797,12.339196865752227
2025-03-18,213.03437263106773,214.01915944879542,210.37840804794794,211.5720977783203,42432400,212.87522888183594,212.36788940429688,208.57791137695312,219.67926025390625,234.68994140625,221.36038513183593,231.23570709228517,232.22811004638672,12.950714234802225
2025-03-19,213.0940452987452,217.61017604964766,212.62651443867486,214.1086883544922,54385400,211.5720977783203,212.87522888183594,212.36788940429688,215.8395538330078,234.50096130371094,219.32115783691407,229.76199264526366,231.67398315429688,13.147227021213679
2025-03-20,212.86527847830126,216.3468825511506,211.10457731145533,212.97470092773438,48862900,214.1086883544922,211.5720977783203,212.87522888183594,208.57791137695312,234.09312438964844,217.20931549072264,228.18383102416993,231.0645846557617,13.174566498539887
2025-03-21,210.4480334492585,217.68976839110027,210.16950634984832,217.12277221679688,94127800,212.97470092773438,214.1086883544922,211.5720977783203,212.36788940429688,237.81346130371094,215.14024658203124,226.82699966430664,230.59359375,12.824561431229995
2025-03-24,219.8384246082871,220.3158974796034,217.4311459430569,219.56983947753906,44299500,217.12277221679688,212.97470092773438,214.1086883544922,212.87522888183594,226.28436279296875,214.4687942504883,225.51542892456055,230.16180633544923,12.102974454107176
2025-03-25,219.6096416779903,222.92214108802088,218.92326587520165,222.573974609375,34493600,219.56983947753906,217.12277221679688,212.97470092773438,211.5720977783203,219.67926025390625,214.75826568603514,224.35704956054687,229.90635803222656,11.135237255161796
2025-03-26,222.3352199198642,223.83729303324841,219.31120492080973,220.36563110351562,34466100,222.573974609375,219.56983947753906,217.12277221679688,214.1086883544922,215.8395538330078,215.21087341308595,223.4204978942871,229.65543243408203,10.60538408498742
2025-03-27,220.22636977863218,223.80745418869535,219.40073045135125,222.67344665527344,37094800,220.36563110351562,222.573974609375,219.56983947753906,212.97470092773438,208.57791137695312,216.62042694091798,222.75153274536132,229.47292083740234,10.180071539263706
2025-03-28,220.504904155295,222.6336557419088,216.5358700680628,216.7547149658203,39818600,222.67344665527344,220.36563110351562,222.573974609375,217.12277221679688,212.36788940429688,217.05910949707032,221.5608238220215,229.08081756591798,9.344829702384708
2025-03-31,215.86937928840504,224.4341253115235,215.09348022110552,220.9624786376953,65299300,216.7547149658203,222.67344665527344,220.36563110351562,219.56983947753906,212.87522888183594,217.86783447265626,220.77000198364257,228.96384948730469,8.63118801082841
2025-04-01,218.65469735360887,222.50435214869168,217.74947658321986,222.01693725585938,36412700,220.9624786376953,216.7547149658203,222.67344665527344,222.573974609375,211.5720977783203,218.91231842041014,220.13635177612304,228.83378845214844,7.997402885744423
2025-04-02,220.15677238154151,224.006427206847,219.85834611462542,222.7132568359375,35905900,222.01693725585938,220.9624786376953,216.7547149658203,220.36563110351562,214.1086883544922,219.77277526855468,219.54696655273438,228.86352264404297,7.28575227990115
2025-04-03,204.45966369883956,206.39942653372108,200.19221885499383,202.1220245361328,103419000,222.7132568359375,222.01693725585938,220.9624786376953,222.67344665527344,212.97470092773438,218.68750762939453,217.9484115600586,228.45778289794922,7.432120454560996
2025-04-04,192.87091122900438,198.82943318150367,186.3553350717911,187.38987731933594,125910900,202.1220245361328,222.7132568359375,222.01693725585938,216.7547149658203,217.12277221679688,215.71421813964844,215.42723236083984,227.76077850341798,8.770671213296433
2025-04-07,176.26863687444822,193.12954493623218,173.70219548773406,180.50625610351562,160466300,187.38987731933594,202.1220245361328,222.7132568359375,220.9624786376953,219.56983947753906,211.8078598022461,213.1383270263672,226.94358978271484,11.374913177329779
2025-04-08,185.71869040589692,189.33955773730443,168.32062862424334,171.5137481689453,120859500,180.50625610351562,187.38987731933594,202.1220245361328,222.01693725585938,222.573974609375,206.70183715820312,210.73005142211915,225.80585021972655,14.567827342061802
2025-04-09,171.04623198001363,199.55559936553783,170.98654976711688,197.8048553466797,184395900,171.5137481689453,180.50625610351562,187.38987731933594,222.7132568359375,220.36563110351562,204.44575958251954,209.82831649780275,225.02699920654297,14.791358496239763
2025-04-10,188.07624843340898,193.7562279640405,182.03814529024513,189.4191436767578,121880000,197.8048553466797,171.5137481689453,180.50625610351562,202.1220245361328,222.67344665527344,201.12032928466797,208.87037811279296,224.0585739135742,15.480920923927357
2025-04-11,185.12186726950821,198.49121408156802,185.0820690088969,197.1085205078125,87435900,189.4191436767578,197.8048553466797,171.5137481689453,187.38987731933594,216.7547149658203,199.15570983886718,208.10740966796874,223.279111328125,15.6742927860854
2025-04-14,210.32868138530173,211.8207974391945,200.10271391024364,201.45556640625,101352900,197.1085205078125,189.4191436767578,197.8048553466797,180.50625610351562,220.9624786376953,197.20501861572265,207.53642654418945,222.61818725585937,15.699447051449724
2025-04-15,200.7990180691496,202.44033954558066,198.74984792281177,201.07754516601562,51343900,201.45556640625,197.1085205078125,189.4191436767578,171.5137481689453,222.01693725585938,195.11107940673827,207.0116989135742,222.10848876953125,15.732808230146782
2025-04-16,197.31743142832593,199.64512887500646,191.35890907242805,193.24893188476562,59732400,201.07754516601562,201.45556640625,197.1085205078125,197.8048553466797,222.7132568359375,192.1646469116211,205.96871109008788,221.34702575683593,15.92778748055848
2025-04-17,196.16351652823,197.78495412822454,193.39812938355274,195.94467163085938,52164700,193.24893188476562,201.07754516601562,201.45556640625,189.4191436767578,202.1220245361328,191.54691162109376,205.11720962524413,220.64603607177733,15.988631232474681
2025-04-21,192.25418258208256,192.78139570274652,188.8123615658979,192.14476013183594,46742500,195.94467163085938,193.24893188476562,201.07754516601562,197.1085205078125,187.38987731933594,192.02239990234375,203.8683090209961,219.85414306640624,15.97703302837638
2025-04-22,195.0892017003565,200.53045296496776,194.93999616163734,198.690185546875,52976400,192.14476013183594,195.94467163085938,193.24893188476562,201.45556640625,180.50625610351562,193.84079284667968,202.8243263244629,219.30424896240234,15.574140189208158
2025-04-23,204.9172632087338,206.9067512010516,201.7340854567431,203.52462768554688,52929200,198.690185546875,192.14476013183594,195.94467163085938,201.07754516601562,171.5137481689453,197.04188079833983,201.8718589782715,218.8456723022461,14.869291817165493
2025-04-24,203.81310578126346,207.73239972806866,201.87335793866913,207.27481079101562,47311000,203.52462768554688,198.690185546875,192.14476013183594,193.24893188476562,197.8048553466797,197.98887634277344,201.2173179626465,218.36322174072265,14.28916546821798
2025-04-25,205.28531450927932,208.6475540878433,205.1162098506388,208.18002319335938,38222300,207.27481079101562,203.52462768554688,198.690185546875,195.94467163085938,189.4191436767578,199.8649642944336,200.49264678955078,217.81432220458984,13.488856190549278
2025-04-28,208.89624364686077,210.38835967290976,206.3696005213303,209.03550720214844,38743100,208.18002319335938,207.27481079101562,203.52462768554688,192.14476013183594,197.1085205078125,201.0576629638672,200.1066864013672,217.18982208251953,13.10400075407192
2025-04-29,207.59314001435672,211.12448445804597,207.27481462988695,210.0998992919922,36827600,209.03550720214844,208.18002319335938,207.27481079101562,198.690185546875,201.45556640625,201.9220962524414,199.56355743408204,216.5255322265625,12.400302059270945
2025-04-30,208.19992461631293,212.4574277707069,205.5837430092506,211.3831024169922,52286500,210.0998992919922,209.03550720214844,208.18002319335938,203.52462768554688,201.07754516601562,202.95265197753906,199.03186569213867,215.88949279785157,11.58827853360332
2025-05-01,207.98108655162656,213.43227966302132,207.80202473083082,212.1988067626953,57365700,211.3831024169922,210.0998992919922,209.03550720214844,207.27481079101562,193.24893188476562,204.84763946533204,198.50614318847656,215.26180938720702,10.658597112456986
2025-05-02,205.0067917796952,205.9020705063368,201.09745506032002,204.27069091796875,101010600,212.1988067626953,211.3831024169922,210.0998992919922,208.18002319335938,195.94467163085938,205.68024139404298,198.61357650756835,214.4564645385742,10.707677348893407
2025-05-05,202.03251395918386,203.02725796650907,197.1682163705072,197.84463500976562,69018500,204.27069091796875,212.1988067626953,211.3831024169922,209.03550720214844,192.14476013183594,206.25022888183594,199.13631439208984,213.52816925048828,10.381125280230357
2025-05-06,197.1682179665783,199.59538061408486,195.98447015970467,197.4666290283203,51216500,197.84463500976562,204.27069091796875,212.1988067626953,210.0998992919922,198.690185546875,206.12787322998048,199.98433303833008,212.56147674560546,9.428159234536643
2025-05-07,198.1231564563361,198.39174158064424,192.23427392267118,195.218505859375,68536700,197.4666290283203,197.84463500976562,204.27069091796875,211.3831024169922,203.52462768554688,205.2972610473633,201.16957092285156,211.551015625,6.778280613844948
2025-05-08,196.68078271707188,198.99853803284546,193.65675249053749,196.45199584960938,50478900,195.218505859375,197.4666290283203,197.84463500976562,212.1988067626953,207.27481079101562,204.21497955322266,201.10192794799804,210.69812225341798,6.820246043341921
2025-05-09,197.95407268173315,199.4859718922483,196.5017396407649,197.48654174804688,36453900,196.45199584960938,195.218505859375,197.4666290283203,204.27069091796875,208.18002319335938,203.1456314086914,201.5052978515625,209.92679809570313,6.312597218457714
2025-05-12,210.13634313336473,210.435160708662,205.93301745006437,209.95704650878906,63775800,197.48654174804688,196.45199584960938,195.218505859375,197.84463500976562,209.03550720214844,203.23778533935547,202.14772415161133,209.31456115722656,6.492809636503731
2025-05-13,209.59847136477597,212.55673652410627,208.17412935394688,212.08859252929688,51909300,209.95704650878906,197.48654174804688,196.45199584960938,197.4666290283203,210.0998992919922,203.43665466308593,202.67937545776368,208.82075469970704,6.858201705652812
2025-05-14,211.5905625216416,213.09460539099953,209.7478820292828,211.490966796875,49325800,212.08859252929688,209.95704650878906,197.48654174804688,195.218505859375,211.3831024169922,203.44744110107422,203.20004653930664,208.35677520751952,7.120467149864874
2025-05-15,210.11641669484823,212.11848379882832,208.71198473801002,210.61444091796875,45029500,211.490966796875,212.08859252929688,209.95704650878906,196.45199584960938,212.1988067626953,203.28900451660155,204.0683219909668,207.8790447998047,6.898476232012464
2025-05-16,211.52086084946143,211.73003772257164,208.94109887256835,210.42520141601562,54737900,210.61444091796875,211.490966796875,212.08859252929688,197.48654174804688,204.27069091796875,203.90445556640626,204.7923484802246,207.40568634033204,6.759486300388117
2025-05-19,207.08842931596485,208.65221742207615,203.45284348728632,207.95498657226562,46140500,210.42520141601562,210.61444091796875,211.490966796875,209.95704650878906,197.84463500976562,204.91549072265624,205.5828598022461,206.80851684570314,6.094281493522781
2025-05-20,206.84938410987283,207.64622592622177,204.2198167548668,206.04258728027344,42496600,207.95498657226562,210.42520141601562,210.61444091796875,212.08859252929688,197.4666290283203,205.77308654785156,205.95047988891602,206.40368133544922,5.874407347148964
2025-05-21,204.3592586621154,206.22186440009241,199.91689108628387,201.2914276123047,59211800,206.04258728027344,207.95498657226562,210.42520141601562,211.490966796875,195.218505859375,206.38037872314453,205.8388198852539,206.03592468261718,5.943759318991064
2025-05-22,199.91689038506837,201.94882252859867,198.91087172706415,200.56431579589844,46742400,201.2914276123047,206.04258728027344,207.95498657226562,210.61444091796875,196.45199584960938,206.79161071777344,205.50329513549804,205.730419921875,6.046939235997172
2025-05-23,192.9046989896,196.91877297523902,192.6955373289648,194.49838256835938,78432900,200.56431579589844,201.2914276123047,206.04258728027344,210.42520141601562,197.48654174804688,206.4927947998047,204.81921310424804,205.44882934570313,6.486130430866581
2025-05-27,197.51641281084125,199.94677348688452,196.64984031499387,199.4188690185547,56288500,194.49838256835938,200.56431579589844,201.2914276123047,207.95498657226562,209.95704650878906,205.43897705078126,204.33838119506837,205.18984893798827,6.513510110306573
2025-05-28,199.79736291846774,201.9289060786693,199.11008702875665,199.62803649902344,45339700,199.4188690185547,194.49838256835938,200.56431579589844,206.04258728027344,212.08859252929688,204.19292144775392,203.8147880554199,204.92490509033203,6.446540181984622
2025-05-29,202.775557811137,203.00464471322186,197.72558456215265,199.15989685058594,51396800,199.62803649902344,199.4188690185547,194.49838256835938,201.2914276123047,211.490966796875,202.959814453125,203.2036277770996,204.67666107177735,6.2682072404620905
2025-05-30,198.58218796001185,201.16196516975768,196.00242594876025,200.0563507080078,70819900,199.15989685058594,199.62803649902344,199.4188690185547,200.56431579589844,210.61444091796875,201.9040054321289,202.59650497436525,204.39561431884766,5.93002247352175
2025-06-02,199.4885975362889,201.3312933884623,199.3292261245183,200.90298461914062,35423300,200.0563507080078,199.15989685058594,199.62803649902344,194.49838256835938,210.42520141601562,200.9517837524414,202.42811965942383,204.15417999267578,5.9277944976766825
2025-06-03,200.55435521702816,202.9647905668523,200.16589694161215,202.46676635742188,46381600,200.90298461914062,200.0563507080078,199.15989685058594,199.4188690185547,207.95498657226562,200.40296173095703,202.65922622680665,203.86105987548828,5.828971027958865
2025-06-04,202.10819540070028,205.42503857555045,201.30139858491114,202.0185546875,43604000,202.46676635742188,200.90298461914062,200.0563507080078,199.62803649902344,206.04258728027344,200.00055847167968,202.88682250976564,203.5100341796875,5.70305806538591
2025-06-05,202.69587362440456,203.9409342732031,199.35910500622674,199.83721923828125,55126100,202.0185546875,202.46676635742188,200.90298461914062,199.15989685058594,201.2914276123047,199.85513763427736,203.11775817871094,203.05529907226563,5.464733483389379
2025-06-06,202.19783403313102,204.8871617909174,201.2515910514923,203.11419677734375,46607700,199.83721923828125,202.0185546875,202.46676635742188,200.0563507080078,200.56431579589844,200.11012573242186,203.45086822509765,202.71027038574218,5.235261558038766
2025-06-09,203.58236159580053,205.18600036190864,199.2296343157191,200.6539764404297,72862600,203.11419677734375,199.83721923828125,202.0185546875,200.90298461914062,194.49838256835938,200.7256851196289,203.6092399597168,202.2698809814453,5.091267494157632
2025-06-10,199.80731310224203,203.54249456453348,199.77743286642308,201.86912536621094,54672600,200.6539764404297,203.11419677734375,199.83721923828125,202.46676635742188,199.4188690185547,200.97071075439453,203.2048439025879,201.97216918945313,4.877238846972441
2025-06-11,202.69585666840098,203.69190510411792,197.62597377823997,197.9945068359375,60989900,201.86912536621094,200.6539764404297,203.11419677734375,202.0185546875,199.62803649902344,200.80735778808594,202.50013961791993,201.51280975341797,4.532085477586787
2025-06-12,198.29333609984755,198.890956077424,196.58013147350607,198.41285705566406,43904600,197.9945068359375,201.86912536621094,200.6539764404297,199.83721923828125,199.15989685058594,200.73265380859374,201.8462341308594,201.04072814941406,4.088335360694831
2025-06-13,198.94074360607502,199.57821397711425,194.92666975119658,195.6737060546875,51447300,198.41285705566406,197.9945068359375,201.86912536621094,203.11419677734375,200.0563507080078,200.2943893432617,201.0991973876953,200.49993713378908,3.7531222727184996
2025-06-16,196.52037110088898,197.90487790098294,195.78328974313985,197.6359405517578,43020700,195.6737060546875,198.41285705566406,197.9945068359375,200.6539764404297,200.90298461914062,199.96768493652343,200.45973434448243,200.41021545410158,3.115953399660579
2025-06-17,196.4207613301707,197.6060614779548,194.43863454049264,194.86692810058594,38856200,197.6359405517578,195.6737060546875,198.41285705566406,201.86912536621094,202.46676635742188,199.20770111083985,199.80533142089843,200.55975646972655,2.819200690976602
2025-06-18,195.16572178414586,196.78928550519313,194.29916455806153,195.80319213867188,45394700,194.86692810058594,197.6359405517578,195.6737060546875,197.9945068359375,202.0185546875,198.58616485595704,199.29336166381836,200.86569519042968,2.543117189176417
2025-06-20,197.45666110928434,200.90298042554332,196.08210930882012,200.20574951171875,96813500,195.80319213867188,194.86692810058594,197.6359405517578,198.41285705566406,199.83721923828125,198.62301788330078,199.23907775878905,201.43953521728517,2.509589030345709
2025-06-23,200.83325703321927,201.50060768152076,198.17380945321412,200.70376586914062,55814300,200.20574951171875,195.80319213867188,194.86692810058594,195.6737060546875,203.11419677734375,198.38197479248046,199.24605026245118,201.49751342773436,2.5136552124331657
2025-06-24,201.78944331230142,202.63609053842802,199.40888822531906,199.5084991455078,54064000,200.70376586914062,200.20574951171875,195.80319213867188,197.6359405517578,200.6539764404297,198.26742706298828,199.4965560913086,201.69930053710937,2.2515989112969113
2025-06-25,200.65396860223956,202.8651975026319,199.82724651799433,200.76353454589844,39525700,199.5084991455078,200.70376586914062,200.20574951171875,194.86692810058594,201.86912536621094,198.15686798095703,199.56378936767578,201.7724008178711,2.269164561588512
2025-06-26,200.63404307360597,201.8392684520338,198.67184150130464,200.20574951171875,50799100,200.76353454589844,199.5084991455078,200.70376586914062,195.80319213867188,197.9945068359375,198.37799224853515,199.59267501831056,201.74740447998047,2.2736979600851885
2025-06-27,201.09222774816857,202.41697405518968,199.20969672208463,200.28543090820312,73188600,200.20574951171875,200.76353454589844,199.5084991455078,200.20574951171875,198.41285705566406,198.56524963378905,199.6489517211914,201.73156219482422,2.2763500134968306
2025-06-30,201.211736268348,206.57048164253425,198.4726031076903,204.3592529296875,91912800,200.28543090820312,200.20574951171875,200.76353454589844,200.70376586914062,195.6737060546875,199.43380432128907,199.86409683227538,201.95376861572265,2.5083946791232568
2025-07-01,205.85331455367321,209.35940906738603,205.32541013409474,206.998779296875,78788900,204.3592529296875,200.28543090820312,200.20574951171875,199.5084991455078,197.6359405517578,200.37008819580078,200.16888656616212,202.17485076904296,2.9692751539562012
2025-07-02,208.08449026524102,212.49697770796604,207.31752868499885,211.6005401611328,67941800,206.998779296875,204.3592529296875,200.28543090820312,200.76353454589844,194.86692810058594,202.04344940185547,200.62557525634764,202.5639663696289,3.8983563678446385
2025-07-03,211.31168447150716,213.80180573654258,210.97303162710094,212.70616149902344,34955800,211.6005401611328,206.998779296875,204.3592529296875,200.20574951171875,195.80319213867188,203.73374633789064,201.15995559692382,202.84428588867186,4.740838202296924
2025-07-07,211.8395692407974,215.37554414763466,207.97491173225177,209.120361328125,50229000,212.70616149902344,211.6005401611328,206.998779296875,200.28543090820312,200.20574951171875,204.62520751953124,201.624112701416,202.95620056152345,5.048944558413054
2025-07-08,209.26978591644843,210.59451698338924,207.6262968509882,209.1801300048828,42848900,209.120361328125,212.70616149902344,211.6005401611328,204.3592529296875,200.70376586914062,205.47284393310548,201.92740936279296,202.9943069458008,5.31818257225822
2025-07-09,208.7020406311003,210.49493096772343,206.40117103180637,210.30567932128906,48749400,209.1801300048828,209.120361328125,212.70616149902344,206.998779296875,199.5084991455078,206.55256195068358,202.40999450683594,203.03682006835936,5.625572528665309
2025-07-10,209.67813195706393,212.63639676214427,209.20003300630606,211.5706329345703,44443600,210.30567932128906,209.1801300048828,209.120361328125,211.6005401611328,200.76353454589844,207.63327178955078,202.89506988525392,203.08752258300783,5.9833675333845715
2025-07-11,209.73794232575938,211.29177557167307,209.03074119537857,210.3256072998047,39765800,211.5706329345703,210.30567932128906,209.1801300048828,212.70616149902344,200.20574951171875,208.64525756835937,203.51162490844726,203.09203674316407,6.0862555245312455
2025-07-14,209.10044482334126,210.07658325197187,206.71988962428105,207.79562377929688,38840100,210.3256072998047,211.5706329345703,210.30567932128906,209.120361328125,200.28543090820312,209.39627685546876,203.98076324462892,203.02028717041014,6.033943534735746
2025-07-15,208.39325734338402,211.05270487364396,208.09443976951917,208.28369140625,42296300,207.79562377929688,210.3256072998047,211.5706329345703,209.1801300048828,204.3592529296875,209.788720703125,204.61126251220702,202.94198486328125,5.77343472569784
2025-07-16,209.46900551017632,211.5606982702429,207.81556132948495,209.32955932617188,47490500,208.28369140625,207.79562377929688,210.3256072998047,210.30567932128906,206.998779296875,210.02179870605468,205.19594345092773,203.0431622314453,5.619929735825274
2025-07-17,209.7379389650813,210.9630743588066,208.7618004967043,209.1901092529297,48068100,209.32955932617188,208.28369140625,207.79562377929688,211.5706329345703,211.6005401611328,209.78075561523437,205.91210250854493,203.2700717163086,5.125250807248263
2025-07-18,210.0367321724359,210.95309492429405,208.87135730762196,210.3455047607422,48974600,209.1901092529297,209.32955932617188,208.28369140625,210.3256072998047,212.70616149902344,209.54468994140626,206.63921813964845,203.52764923095702,4.622523603028341
2025-07-21,211.2618775331451,214.92732845073886,210.7937335563828,211.64036560058594,51377400,210.3455047607422,209.1901092529297,209.32955932617188,207.79562377929688,209.120361328125,209.79669036865235,207.2109489440918,203.85608642578126,4.49017172239323
2025-07-22,212.29777975345726,214.1006251327807,211.39137195770533,213.55279541015625,46404100,211.64036560058594,210.3455047607422,209.1901092529297,208.28369140625,209.1801300048828,210.23395690917968,207.85340042114257,204.19810241699219,4.428923516920599
2025-07-23,214.15041924441525,214.29982043425818,211.57065737650467,213.30377197265625,46989300,213.55279541015625,211.64036560058594,210.3455047607422,209.32955932617188,210.30567932128906,210.5337661743164,208.5431640625,204.5144470214844,4.124672886465876
2025-07-24,213.05475989741393,214.83769515517375,212.68622683006964,212.91531372070312,46022600,213.30377197265625,213.55279541015625,211.64036560058594,209.1901092529297,211.5706329345703,210.6682342529297,209.15075302124023,204.57361236572265,3.8006604159434145
2025-07-25,213.85158759699283,214.38946224202752,212.55672164240056,213.0348358154297,40268800,212.91531372070312,213.30377197265625,213.55279541015625,210.3455047607422,210.3256072998047,210.93915710449218,209.79220733642578,204.5925372314453,3.254948547951476
2025-07-28,213.18426788884761,214.00103498726418,212.21809958876685,213.20419311523438,37858000,213.0348358154297,212.91531372070312,213.30377197265625,211.64036560058594,207.79562377929688,211.48001403808593,210.43814544677736,204.6268017578125,2.4518225122173183
2025-07-29,213.33365491441555,213.96117031669576,209.9869466315705,210.43516540527344,51411700,213.20419311523438,213.0348358154297,212.91531372070312,213.55279541015625,208.28369140625,211.69516143798828,210.74194107055663,204.6232162475586,1.9923337020037493
2025-07-30,211.06265157316113,211.55072076453234,206.89917652304968,208.2239227294922,45512500,210.43516540527344,213.20419311523438,213.0348358154297,213.30377197265625,209.32955932617188,211.5845977783203,210.8031982421875,204.57919067382812,1.8872506527962778
2025-07-31,207.66614913739534,209.01080544085684,206.3414028602417,206.74978637695312,80698400,208.2239227294922,210.43516540527344,213.20419311523438,212.91531372070312,209.1901092529297,211.34056549072267,210.5606605529785,204.55508666992188,2.0811242976473125
2025-08-01,210.03674932642843,212.7360475386617,200.7037794341265,201.58030700683594,104434500,206.74978637695312,208.2239227294922,210.43516540527344,213.0348358154297,210.3455047607422,210.46404571533202,210.00436782836914,204.46584106445312,2.829774327045225
2025-08-04,203.70186769022786,207.0585613783641,200.88304868853191,202.5464630126953,75109300,201.58030700683594,206.74978637695312,208.2239227294922,213.20419311523438,211.64036560058594,209.55465545654297,209.67567291259766,204.49094177246093,3.2833142906471062
2025-08-05,202.59624780213056,204.52858421879685,201.36115745633876,202.11814880371094,44155100,202.5464630126953,201.58030700683594,206.74978637695312,210.43516540527344,213.55279541015625,208.41119079589845,209.32257385253905,204.5220184326172,3.6935215748297257
2025-08-06,204.81744899810374,214.52892145014,204.77759854868273,212.40733337402344,108483100,202.11814880371094,202.5464630126953,201.58030700683594,208.2239227294922,213.30377197265625,208.32154693603516,209.4276565551758,204.88019744873046,3.7523910153236577
2025-08-07,218.01508808955717,219.97730473834642,215.7241736307253,219.16053771972656,90224800,212.40733337402344,202.11814880371094,202.5464630126953,206.74978637695312,212.91531372070312,208.9460693359375,209.8071517944336,205.2750308227539,4.321212205498193
2025-08-08,219.95740294972967,230.08721487155407,218.38364441813084,228.44374084472656,113854000,219.16053771972656,212.40733337402344,202.11814880371094,201.58030700683594,213.0348358154297,210.4869598388672,210.7130584716797,205.85134490966797,6.006246488513525
2025-08-11,227.2770261826339,228.91239906441297,224.1259370249458,226.5391082763672,61806100,228.44374084472656,219.16053771972656,212.40733337402344,202.5464630126953,213.20419311523438,211.82045135498046,211.6502326965332,206.3989291381836,6.919885371032493
2025-08-12,227.36674823663387,230.14888579943394,226.429412881848,229.0021209716797,55626200,226.5391082763672,228.44374084472656,219.16053771972656,202.11814880371094,210.43516540527344,213.6771469116211,212.6861541748047,206.97784454345702,7.874352831177021
2025-08-13,230.4181341091737,234.33703985510917,229.77992501054072,232.6717529296875,69878500,229.0021209716797,226.5391082763672,228.44374084472656,212.40733337402344,208.2239227294922,216.12192993164064,213.85326385498047,207.61321990966798,9.000051889293493
2025-08-14,233.39969406647393,234.4567012802976,230.19875827485632,232.12330627441406,51916300,232.6717529296875,229.0021209716797,226.5391082763672,219.16053771972656,206.74978637695312,218.6592819213867,214.9999237060547,208.20635070800782,9.80002848834065
2025-08-15,233.33985018068216,233.6190590405621,228.69299310222902,230.9366455078125,56038700,232.12330627441406,232.6717529296875,229.0021209716797,228.44374084472656,201.58030700683594,221.59491577148438,216.02948074340821,208.78471252441406,10.3514208058053
2025-08-18,231.04632935234682,232.4623214496413,229.46081868168693,230.23861694335938,37476200,230.9366455078125,232.12330627441406,232.6717529296875,226.5391082763672,202.5464630126953,224.36413116455077,216.9593933105469,209.39274047851563,10.76355158916489
2025-08-19,230.62753117126795,232.2130419457167,228.70298322789472,229.90956115722656,39402600,230.23861694335938,230.9366455078125,232.12330627441406,229.0021209716797,202.11814880371094,227.14327239990234,217.7772315979004,209.92864776611327,11.107019028184641
2025-08-20,229.33119207499826,229.81981519856654,225.13307755654054,225.3723907470703,42263900,229.90956115722656,230.23861694335938,230.9366455078125,232.6717529296875,212.40733337402344,228.43977813720704,218.3806625366211,210.42301605224608,11.178794741744586
2025-08-21,225.63166356522294,225.88095827873425,223.14868274098328,224.26551818847656,30621200,225.3723907470703,229.90956115722656,230.23861694335938,232.12330627441406,219.16053771972656,228.95027618408204,218.94817276000975,210.8709439086914,11.174839494840677
2025-08-22,225.53195134940427,228.44371192910324,224.77410085849388,227.11746215820312,42477800,224.26551818847656,225.3723907470703,229.90956115722656,230.9366455078125,228.44374084472656,228.8176483154297,219.65230407714844,211.45340301513673,11.226185165869428
2025-08-25,225.84107546750252,228.65312729963858,225.59178073979155,226.5191650390625,30983100,227.11746215820312,224.26551818847656,225.3723907470703,230.23861694335938,226.5391082763672,228.8156539916992,220.31805267333985,212.0155291748047,11.21847314598331
2025-08-26,226.22996704217394,228.84258604761433,224.05612439304167,228.6630859375,54575100,226.5191650390625,227.11746215820312,224.26551818847656,229.90956115722656,229.0021209716797,228.78175048828126,221.22944869995118,212.67531677246095,11.113254106544613
2025-08-27,227.96506627689797,230.24859923631865,227.6160475796746,229.8397674560547,31259500,228.6630859375,226.5191650390625,227.11746215820312,225.3723907470703,232.6717529296875,228.49855194091796,222.31024093627929,213.31939331054687,10.82933532014643
2025-08-28,230.16884905542523,232.75153884501827,228.69301327644948,231.9039306640625,38074700,229.8397674560547,228.6630859375,226.5191650390625,224.26551818847656,232.12330627441406,228.47661437988282,223.56794815063478,214.0601333618164,10.378343224960314
2025-08-29,231.85405874294378,232.7216147258446,230.71727541448905,231.485107421875,39418400,231.9039306640625,229.8397674560547,228.6630859375,227.11746215820312,230.9366455078125,228.53146057128907,225.0631881713867,214.77377166748047,9.121981396232535
2025-09-02,228.6032698757151,230.19876225122124,226.32970313085187,229.0719451904297,44075600,231.485107421875,231.9039306640625,229.8397674560547,226.5191650390625,230.23861694335938,228.4147933959961,226.38946228027345,215.3510955810547,7.451200920510922
2025-09-03,236.5408165177042,238.17618932549604,233.69885053091846,237.79725646972656,66427800,229.0719451904297,231.485107421875,231.9039306640625,228.6630859375,229.90956115722656,229.20356292724608,228.1734176635742,216.0929653930664,5.292888387647633
2025-09-04,237.77731160532718,239.2232180033205,236.07214416452067,239.1035614013672,47549400,237.79725646972656,229.0719451904297,231.485107421875,229.8397674560547,225.3723907470703,230.5766799926758,229.50822906494142,216.88486663818358,4.398222613241733
2025-09-05,239.32291694518142,240.63920029193574,237.81718240373485,239.0137939453125,54870400,239.1035614013672,237.79725646972656,229.0719451904297,231.9039306640625,224.26551818847656,232.05150756835937,230.5008918762207,217.64987182617188,4.174586896285576
2025-09-08,238.62490021245955,239.47249309970456,235.67324414176576,237.2089080810547,48999500,239.0137939453125,239.1035614013672,237.79725646972656,231.485107421875,227.11746215820312,233.06065216064454,230.93915023803712,218.38993499755858,4.4011992536845606
2025-09-09,236.33139119913957,238.1063683630383,232.70166073618753,233.68887329101562,66313900,237.2089080810547,239.0137939453125,239.1035614013672,229.0719451904297,226.5191650390625,233.77762298583986,231.29663848876953,219.05800384521484,4.314511579099091
2025-09-10,231.53496736029473,231.76431424305812,225.31256565050364,226.1501922607422,83440800,233.68887329101562,237.2089080810547,239.0137939453125,237.79725646972656,228.6630859375,233.52633361816407,231.15404205322267,219.49382263183594,4.4396515773114436
2025-09-11,226.23995033725743,229.7998710451417,226.010588238333,229.3810577392578,50208600,226.1501922607422,233.68887329101562,237.2089080810547,239.1035614013672,229.8397674560547,233.48046264648437,230.98950729370117,219.9414682006836,4.441421120138109
2025-09-12,228.57335925244223,233.84842918261825,228.373926506362,233.40968322753906,55824200,229.3810577392578,226.1501922607422,233.68887329101562,239.0137939453125,231.9039306640625,233.63103790283202,231.05382614135743,220.37765106201172,4.467939728310868
2025-09-15,236.33138325533858,237.5180285002954,234.3669397384463,236.0322265625,42699500,233.40968322753906,229.3810577392578,226.1501922607422,237.2089080810547,231.485107421875,234.08574981689452,231.3086051940918,220.84417236328125,4.604115521886567
2025-09-16,236.51088466190768,240.53949594661788,235.65332541334,237.4781494140625,63421100,236.0322265625,233.40968322753906,229.3810577392578,233.68887329101562,229.0719451904297,234.9263702392578,231.67058181762695,221.411328125,4.796147437181136
2025-09-17,238.2958480596019,239.42266510979977,237.05934071942244,238.3157958984375,46508000,237.4781494140625,236.0322265625,233.40968322753906,226.1501922607422,237.79725646972656,234.9782241821289,232.0908935546875,221.9940414428711,4.99779957808606
2025-09-18,239.2930082114909,240.51953392817583,235.98236714862816,237.2089080810547,44249600,238.3157958984375,237.4781494140625,236.0322265625,229.3810577392578,239.1035614013672,234.78875885009765,232.6827194213867,222.5321060180664,4.859243212779222
2025-09-19,240.5494606794321,245.60516498271895,239.53234916144805,244.8074188232422,163741300,237.2089080810547,238.3157958984375,237.4781494140625,233.40968322753906,239.0137939453125,235.3681213378906,233.709814453125,223.19684173583985,5.148802734225971
2025-09-22,247.5995237986898,255.9160073848096,247.42002368458668,255.35755920410156,105517400,244.8074188232422,237.2089080810547,238.3157958984375,236.0322265625,237.2089080810547,237.1829864501953,235.12181930541993,224.09748077392578,6.840220880892072
2025-09-23,255.15814081026073,256.6140134777918,252.86462630601793,253.71221923828125,60275200,255.35755920410156,244.8074188232422,237.2089080810547,237.4781494140625,233.68887329101562,239.18532104492186,236.48147201538086,225.01581268310548,7.690075667588835
2025-09-24,254.49999981420794,255.01853710208397,250.33178410429736,251.59820556640625,42303700,253.71221923828125,255.35755920410156,244.8074188232422,238.3157958984375,226.1501922607422,241.7301223754883,237.62822799682618,225.8821029663086,8.15861023530827
2025-09-25,252.49566170312627,256.4444966190252,250.99989343760635,256.14532470703125,55202100,251.59820556640625,253.71221923828125,255.35755920410156,237.2089080810547,229.3810577392578,244.40654907226562,238.943505859375,226.81841827392577,8.921644686490067
2025-09-26,253.38315498635407,256.87328100426123,253.06405044687503,254.73931884765625,46076300,256.14532470703125,251.59820556640625,253.71221923828125,244.8074188232422,233.40968322753906,246.53951263427734,240.08527526855468,227.7294024658203,9.42057791188233
2025-09-29,253.84185736381545,254.28061851263055,252.29622703166862,253.71221923828125,40127700,254.73931884765625,256.14532470703125,251.59820556640625,255.35755920410156,236.0322265625,248.30751190185546,241.196630859375,228.5967367553711,9.660628086972114
2025-09-30,254.1410137555297,255.1980209495745,252.39595068950493,253.9116668701172,37704300,253.71221923828125,254.73931884765625,256.14532470703125,253.71221923828125,237.4781494140625,249.95086364746095,242.43861694335936,229.44216278076172,9.616434712973088
2025-10-01,254.32049261064776,258.0599285933123,254.21080232618834,254.72933959960938,48713900,253.9116668701172,253.71221923828125,254.73931884765625,251.59820556640625,238.3157958984375,251.59221801757812,243.28522109985352,230.26569366455078,9.926639807792553
2025-10-02,255.85613542550084,257.45162766856953,253.43299812845933,256.40460205078125,42630200,254.72933959960938,253.9116668701172,253.71221923828125,256.14532470703125,237.2089080810547,253.51178741455078,244.15027313232423,231.12771026611327,10.290237984878674
2025-10-03,253.9515436206674,258.5086431914624,253.23357360959045,257.2920837402344,49155600,256.40460205078125,254.72933959960938,253.9116668701172,254.73931884765625,244.8074188232422,254.76025390625,245.0641876220703,232.01524566650392,10.616546003012575
2025-10-06,257.262186546101,258.339156849437,254.33049322602108,255.9658660888672,44664100,257.2920837402344,256.40460205078125,254.72933959960938,253.71221923828125,255.35755920410156,254.82108459472656,246.00203552246094,232.87386627197264,10.714132169311737
2025-10-07,256.0854948355218,256.67382669789566,254.70938317067183,255.75643920898438,31955800,255.9658660888672,257.2920837402344,256.40460205078125,253.9116668701172,253.71221923828125,255.02550659179687,247.10541381835938,233.72491119384765,10.513764132774494
2025-10-08,255.7963062732735,257.7906639625656,255.3874592951906,257.33197021484375,36496900,255.75643920898438,255.9658660888672,257.2920837402344,254.72933959960938,251.59820556640625,255.59888305664063,248.66450271606445,234.66284729003905,9.506483853652554
2025-10-09,257.08267167133846,257.27213808351553,252.42584836214985,253.32330322265625,38322000,257.33197021484375,255.75643920898438,255.9658660888672,256.40460205078125,256.14532470703125,255.31668090820312,249.8616149902344,235.56483489990234,8.392612936018534
2025-10-10,254.2207817432353,255.6567217403356,243.3116425485481,244.57806396484375,61999100,253.32330322265625,257.33197021484375,255.75643920898438,257.2920837402344,254.73931884765625,254.30055541992186,250.4200340270996,236.32140045166017,7.5717490932153195
2025-10-13,248.67648318296307,248.98560621270488,244.86725241658198,246.96133422851562,38142900,244.57806396484375,253.32330322265625,257.33197021484375,255.9658660888672,253.71221923828125,253.6254669189453,250.96648941040038,237.22902099609374,6.837503519564549
2025-10-14,245.90431694508948,248.14796941642882,244.00966795095763,247.07101440429688,35478000,246.96133422851562,244.57806396484375,253.32330322265625,255.75643920898438,253.9116668701172,252.94140167236327,251.4461326599121,238.11951202392578,6.142671671235628
2025-10-15,248.78615211625979,251.1095806192417,246.77184661648403,248.63656616210938,33893600,247.07101440429688,246.96133422851562,244.57806396484375,257.33197021484375,254.72933959960938,252.33212432861328,251.9621711730957,239.04988037109376,5.365964353636605
2025-10-16,247.54965348458146,248.33741809379524,244.43846029169785,246.7519073486328,39777000,248.63656616210938,247.07101440429688,246.96133422851562,253.32330322265625,256.40460205078125,251.36685485839843,252.4393211364746,239.73677185058594,4.304297307721702
2025-10-17,247.3203043073955,252.66518358811555,246.57242016484557,251.5782470703125,49147000,246.7519073486328,248.63656616210938,247.07101440429688,244.57806396484375,257.2920837402344,250.79547119140625,252.77786254882812,240.38512603759764,3.921706401039094
2025-10-20,255.168106265739,263.63416054313814,254.90884523128253,261.50018310546875,90483000,251.5782470703125,246.7519073486328,248.63656616210938,246.96133422851562,255.9658660888672,251.3489028930664,253.0849937438965,241.0462548828125,4.3513657291218655
2025-10-21,261.141213133835,264.5415968076956,261.0913359303388,262.0286865234375,46695900,261.50018310546875,251.5782470703125,246.7519073486328,247.07101440429688,255.75643920898438,251.97612762451172,253.5008171081543,241.7560464477539,4.789744184860516
2025-10-22,261.9090191460537,262.1084670888602,254.70938662410154,257.72088623046875,45015300,262.0286865234375,261.50018310546875,251.5782470703125,248.63656616210938,257.33197021484375,252.01501922607423,253.80695114135742,242.33042175292968,4.856932265298789
2025-10-23,259.2066564378435,259.8847307097371,257.2821086816683,258.84765625,32754900,257.72088623046875,262.0286865234375,261.50018310546875,246.7519073486328,253.32330322265625,252.56745452880858,253.94206771850585,242.85393981933595,4.961863067095671
2025-10-24,260.4531458541269,263.3848541030092,258.44880663072195,262.07855224609375,38253700,258.84765625,257.72088623046875,262.0286865234375,251.5782470703125,244.57806396484375,254.3175033569336,254.30902938842775,243.45304473876953,5.2848102619750374
2025-10-27,264.13276036080543,268.36078929414754,263.90339825112477,268.0516662597656,44888200,262.07855224609375,258.84765625,257.72088623046875,261.50018310546875,246.96133422851562,256.4265365600586,255.02600173950196,244.1953451538086,6.108139820955427
2025-10-28,268.23113785786586,269.12862319727753,267.39351124836816,268.2411193847656,41534800,268.0516662597656,262.07855224609375,258.84765625,262.0286865234375,247.07101440429688,258.54354705810545,255.7424743652344,244.9553952026367,6.774600400268447
2025-10-29,268.5203194424725,270.6443152614699,266.35642794866993,268.93914794921875,51086700,268.2411193847656,268.0516662597656,262.07855224609375,257.72088623046875,248.63656616210938,260.5738052368164,256.45296478271484,245.73598693847657,7.38076739714817
2025-10-30,271.2226702585742,273.36662916750566,267.72259312931254,270.63433837890625,69886500,268.93914794921875,268.2411193847656,268.0516662597656,258.84765625,246.7519073486328,262.96204833984376,257.1644515991211,246.6412258911133,8.032904594845172
2025-10-31,276.2085891024436,276.53767519933945,268.40069127196034,269.6072692871094,86167100,270.63433837890625,268.93914794921875,268.2411193847656,262.07855224609375,251.5782470703125,264.76495056152345,257.7802108764648,247.54806091308595,8.501541038845069
2025-11-03,269.65711516237894,270.08589475979994,265.49886601188945,268.29095458984375,50194600,269.6072692871094,270.63433837890625,268.93914794921875,268.0516662597656,261.50018310546875,265.44402770996095,258.3964653015137,248.37153076171876,8.804413656140902
2025-11-04,267.5730004152706,270.72408938596277,266.86501191822913,269.2781982421875,49274800,268.29095458984375,269.6072692871094,270.63433837890625,268.2411193847656,262.0286865234375,266.1689788818359,259.07255325317385,249.22671142578125,9.105049993780682
2025-11-05,267.8522167164328,270.9335263776032,266.17696342424256,269.3779296875,43683100,269.2781982421875,268.29095458984375,269.6072692871094,268.93914794921875,257.72088623046875,267.3346832275391,259.67485122680665,250.04100830078124,9.37817362298633
2025-11-06,267.1342708755924,272.6287059365568,267.1342708755924,269.0089416503906,51204000,269.3779296875,269.2781982421875,268.29095458984375,270.63433837890625,258.84765625,268.35081176757814,260.45913314819336,250.82439178466797,9.474435933486252
2025-11-07,269.03885049148494,271.5218466038475,266.0173996929098,267.7126159667969,48227400,269.0089416503906,269.3779296875,269.2781982421875,269.6072692871094,262.07855224609375,268.9142181396484,261.615860748291,251.54056549072266,8.82334841761466
2025-11-10,268.46122924118225,273.22240319845355,266.96401085683,268.93035888671875,41312400,267.7126159667969,269.0089416503906,269.3779296875,268.29095458984375,268.0516662597656,269.00208740234376,262.71431198120115,252.28947052001953,8.251930880742378
2025-11-11,269.3096487524697,275.3983427074405,269.2996575494418,274.73956298828125,46208300,268.93035888671875,267.7126159667969,269.0089416503906,269.2781982421875,268.2411193847656,269.6519317626953,264.0977394104004,253.20282287597655,7.7981420716290275
2025-11-12,274.49002155435767,275.2186787593472,271.19615348009904,272.9628601074219,48398000,274.73956298828125,268.93035888671875,267.7126159667969,269.3779296875,268.93914794921875,270.05430297851564,265.31405410766604,253.90613494873048,7.1280152752519585
2025-11-13,273.6016697208788,276.1868935731559,271.5854266195937,272.44384765625,49602800,272.9628601074219,274.73956298828125,268.93035888671875,269.0089416503906,270.63433837890625,270.23525390625,266.59865112304686,254.57294067382813,5.7976415687001985
2025-11-14,270.54732197227213,275.44821996704485,269.10002929321837,271.9048156738281,47431300,272.44384765625,272.9628601074219,274.73956298828125,267.7126159667969,269.6072692871094,270.4650085449219,267.61497955322267,255.23076110839844,4.704559279074348
2025-11-17,268.3214829895084,269.98836893107386,265.237217022597,266.9639892578125,45018300,271.9048156738281,272.44384765625,272.9628601074219,268.93035888671875,268.29095458984375,270.3323120117187,267.88816986083987,255.8258627319336,4.484271202183403
2025-11-18,269.48932037088264,270.2079864201871,264.8279974843966,266.9440612792969,45677300,266.9639892578125,271.9048156738281,272.44384765625,274.73956298828125,269.2781982421875,270.09889831542966,268.1339385986328,256.4909664916992,4.276095283899799
2025-11-19,265.0375710636542,271.7051756343288,265.00762791735707,268.06195068359375,40424500,266.9440612792969,266.9639892578125,271.9048156738281,272.9628601074219,269.3779296875,269.96730041503906,268.65099182128904,257.32920166015623,3.5066963655224783
2025-11-20,270.327749378444,274.91922505965954,265.42688147061517,265.7562561035156,45823600,268.06195068359375,266.9440612792969,266.9639892578125,272.44384765625,269.0089416503906,269.64203186035155,268.99642181396484,258.05670562744143,2.7484841521239023
2025-11-21,265.4568071090486,272.8230952896135,265.17732758833057,270.98651123046875,59030800,265.7562561035156,268.06195068359375,266.9440612792969,271.9048156738281,267.7126159667969,269.96942138671875,269.4418197631836,258.8082421875,2.243881592467548
2025-11-24,270.397615191446,276.4863089537433,270.397615191446,275.4083251953125,65585800,270.98651123046875,265.7562561035156,268.06195068359375,266.9639892578125,268.93035888671875,270.6172180175781,269.8096527099609,259.59576416015625,2.581571595927905
2025-11-25,274.75953066216096,279.8600705608694,274.73957871594786,276.4563903808594,46914200,275.4083251953125,270.98651123046875,265.7562561035156,266.9440612792969,274.73956298828125,270.7889007568359,270.2204162597656,260.37532897949217,2.94663070025174
2025-11-26,276.44637611579356,279.01161742605893,276.1170014953278,277.0352783203125,33431400,276.4563903808594,275.4083251953125,270.98651123046875,268.06195068359375,272.9628601074219,271.196142578125,270.62522277832034,261.1497186279297,3.296675736021861
2025-11-28,276.7458380127342,278.4826014787427,275.4781737009374,278.3328857421875,20135600,277.0352783203125,276.4563903808594,275.4083251953125,265.7562561035156,272.44384765625,271.78504638671876,271.01015014648436,261.97219818115235,3.7200590753386944
2025-12-01,277.4944549964911,282.89442609469603,275.62792768573877,282.57501220703125,46587700,278.3328857421875,277.0352783203125,276.4563903808594,270.98651123046875,271.9048156738281,272.85206604003906,271.65853729248045,262.7275500488281,4.509100697526192
2025-12-02,282.47518456741903,286.86701880065203,282.10587559562896,285.6592712402344,53669500,282.57501220703125,278.3328857421875,277.0352783203125,275.4083251953125,266.9639892578125,274.7215942382812,272.526953125,263.3335842895508,5.409080131746588
2025-12-03,285.6692634925469,288.0847586222564,282.77461708045536,283.623046875,43538700,285.6592712402344,282.57501220703125,278.3328857421875,276.4563903808594,266.9440612792969,276.3894927978516,273.24419555664065,263.93180084228516,5.885687205177992
2025-12-04,283.5731318378766,284.20196835267484,278.07334059490756,280.179443359375,43989100,283.623046875,285.6592712402344,282.57501220703125,277.0352783203125,268.06195068359375,277.6012420654297,273.7842712402344,264.50342559814453,6.0065796340389515
2025-12-05,280.01974631085085,280.6186397013617,277.53434330937836,278.26300048828125,47265800,280.179443359375,283.623046875,285.6592712402344,278.3328857421875,265.7562561035156,278.85191650390624,274.2469741821289,264.9457791137695,5.975715512489243
2025-12-08,277.6142094762677,279.15136205700173,275.6378704438954,277.3746643066406,38211800,278.26300048828125,280.179443359375,283.623046875,282.57501220703125,270.98651123046875,279.49073181152346,274.7300765991211,265.3984860229492,5.807849457780102
2025-12-09,277.64414811825674,279.5106752769474,276.40645748061854,276.66595458984375,32193300,277.3746643066406,278.26300048828125,280.179443359375,285.6592712402344,275.4083251953125,279.6164947509766,275.11685638427736,265.8575607299805,5.656901314546266
2025-12-10,277.23491184461454,279.2312028389952,275.92734368017386,278.26300048828125,33038300,276.66595458984375,277.3746643066406,278.26300048828125,283.623046875,276.4563903808594,279.7971557617187,275.2930282592773,266.34458740234373,5.6992393721187575
2025-12-11,278.5824273392719,279.07150890817053,273.3022288840155,277.514404296875,33248000,278.26300048828125,276.66595458984375,277.3746643066406,280.179443359375,277.0352783203125,279.845068359375,275.52060546875,266.80028869628904,5.6921657110199995
2025-12-12,277.38464634485007,278.70220580092337,276.30666253778065,277.7639465332031,39532900,277.514404296875,278.26300048828125,276.66595458984375,278.26300048828125,278.3328857421875,279.7881744384766,275.78661041259767,267.2274755859375,5.665060166188485
2025-12-15,279.63046152672615,279.63046152672615,272.33402020742307,273.6016540527344,50409100,277.7639465332031,277.514404296875,278.26300048828125,277.3746643066406,282.57501220703125,278.8908386230469,275.87145233154297,267.5536669921875,5.616362223663693
2025-12-16,272.3140798989353,274.9891026980292,271.2859911871425,274.1007385253906,37648600,273.6016540527344,277.7639465332031,277.514404296875,276.66595458984375,285.6592712402344,277.7349853515625,276.22828979492186,267.91636444091796,5.234364372955964
2025-12-17,274.50001118897205,275.6478724530811,271.13626563598973,271.33587646484375,50138700,274.1007385253906,273.6016540527344,277.7639465332031,278.26300048828125,283.623046875,276.5062683105469,276.44788055419923,268.22795318603517,4.906211124790385
2025-12-18,273.1025913325419,273.12257373871984,266.4549687260805,271.68524169921875,51630700,271.33587646484375,274.1007385253906,273.6016540527344,277.514404296875,280.179443359375,275.65684814453124,276.6290451049805,268.5150186157227,4.639928207239399
2025-12-19,271.6453053723066,274.09077415448866,269.399477884542,273.1625061035156,144632000,271.68524169921875,271.33587646484375,274.1007385253906,277.7639465332031,278.26300048828125,275.1467987060547,276.99935760498045,268.9118026733398,3.9743021010881106
2025-12-22,272.3539780142796,273.37210596231955,270.00836035897595,270.4674987792969,36571800,273.1625061035156,271.68524169921875,271.33587646484375,273.6016540527344,277.3746643066406,274.4560821533203,276.97340698242186,269.4295913696289,4.017094106326066
2025-12-23,270.3377490962612,271.99467443806464,269.06012395403746,271.85491943359375,29642000,270.4674987792969,273.1625061035156,271.68524169921875,274.1007385253906,276.66595458984375,273.9749786376953,276.7957366943359,269.92746307373045,4.1657876950496275
2025-12-24,271.8349404799371,274.9192064044749,271.69521595033444,273.3022155761719,17910600,271.85491943359375,270.4674987792969,273.1625061035156,271.33587646484375,278.26300048828125,273.47890014648436,276.6380279541016,270.452087097168,4.238383804632028
2025-12-26,273.65157518449314,274.859322715931,272.35396775197984,272.8929748535156,21521800,273.3022155761719,271.85491943359375,270.4674987792969,271.68524169921875,277.514404296875,273.0167572021484,276.43091278076173,270.9372152709961,4.318404488527642
2025-12-29,272.1843267483383,273.8512128461511,271.8449608988494,273.2523498535156,23715200,272.8929748535156,273.3022155761719,271.85491943359375,273.1625061035156,277.7639465332031,272.5655975341797,276.1768859863281,271.46722412109375,4.349947961545027
2025-12-30,272.304089543875,273.5717234473003,271.77507361210075,272.5735778808594,22139600,273.2523498535156,272.8929748535156,273.3022155761719,270.4674987792969,273.6016540527344,272.46278991699216,275.6768142700195,271.8871307373047,4.145798595107442
2025-12-31,272.553621806917,273.17246717497864,271.24605357156486,271.3558349609375,27293600,272.5735778808594,273.2523498535156,272.8929748535156,271.85491943359375,274.1007385253906,272.18829956054685,274.9616424560547,272.08424377441406,3.5195489722274496
