Price,Close,High,Low,Open,Volume
Ticker,AAPL,AAPL,AAPL,AAPL,AAPL
Date,,,,,
2018-01-02,40.26707077026367,40.27642306888876,39.565798181369,39.7761820981515,102223600
2018-01-03,40.26005554199219,40.802374685276824,40.19694358149866,40.330183509397145,118071600
2018-01-04,40.44706726074219,40.5499211500562,40.224998308918046,40.33252478094121,89738400
2018-01-05,40.90757369995117,40.99406285723671,40.45174716352319,40.54291247080879,94640000
2018-01-08,40.75563430786133,41.05016756597909,40.65745298829791,40.75563430786133,82271200
2018-01-09,40.750953674316406,40.921595685232134,40.53589715868877,40.802380620103136,86336000
2018-01-10,40.74161148071289,40.74395133955629,40.44006573912767,40.47746781204214,95839600
2018-01-11,40.973018646240234,41.02210929584681,40.788351771134415,40.8117253834916,74670800
2018-01-12,41.39612579345703,41.45924133390934,41.05951433352114,41.18340555601736,101672400
2018-01-16,41.18574142456055,41.93376483703263,41.17405283422285,41.58546481936825,118263600
2018-01-17,41.86598587036133,41.901048082180715,40.923943066330935,41.176398125146065,137547200
2018-01-18,41.90337371826172,42.09973275509077,41.667279896046836,41.92908718934309,124773600
2018-01-19,41.716373443603516,41.97818075507873,41.47092730566695,41.75143564894141,129700400
2018-01-22,41.37508010864258,41.557410684789765,41.281578529489984,41.44520807643533,108434400
2018-01-23,41.38443374633789,41.945453988337626,41.333010368506855,41.44521299016399,130756400
2018-01-24,40.725242614746094,41.44521633156787,40.48680890350173,41.433527740131495,204420400
2018-01-25,39.998260498046875,40.89588876808735,39.86268067077133,40.79303486002607,166116000
2018-01-26,40.091758728027344,40.206301219057266,39.75281097181956,40.206301219057266,156572000
2018-01-29,39.26192092895508,39.7761868421077,39.05387684544463,39.7761868421077,202561600
2018-01-30,39.030513763427734,39.124015393468355,38.499882917457896,38.69390218830781,184192800
2018-01-31,39.138023376464844,39.37412077565685,38.92063057543217,39.00711972420556,129915600
2018-02-01,39.2198486328125,39.416204154709504,38.9814148894474,39.077256358536815,188923200
2018-02-02,37.51808166503906,38.990754742832486,37.42458008451683,38.803748014931365,346375200
2018-02-05,36.580718994140625,38.30818708507509,36.46617651460954,37.190826320809336,290954000
2018-02-06,38.109500885009766,38.27079419819336,35.998670062167655,36.192689296369814,272975200
2018-02-07,37.29366683959961,38.19597085627913,37.183804105360444,38.12350660807931,206434400
2018-02-08,36.267478942871094,37.63496190465887,36.2394291809823,37.46899249081761,217562000
2018-02-09,36.711097717285156,37.05846851520563,35.26293327516326,36.86600762308508,282690400
2018-02-12,38.189762115478516,38.466718895803275,36.96926416827277,37.20162894435836,243278000
2018-02-13,38.57234191894531,38.66857413140311,37.94096978650724,38.01138368785197,130196800
2018-02-14,39.28351593017578,39.32341630642415,38.22966752219258,38.26721850010876,162579600
2018-02-15,40.60259246826172,40.62606138201437,39.66609578151257,39.851515600178224,204588800
2018-02-16,40.47114944458008,41.03211125006785,40.31624316123592,40.454721563931344,160704400
2018-02-20,40.335018157958984,40.900667983713674,40.23409073734247,40.381959561813375,135722000
2018-02-21,40.15195083618164,40.86781542185468,40.13786518942926,40.56504027258118,149886400
2018-02-22,40.487579345703125,40.82790900653201,40.30215954364588,40.32328263855121,123967600
2018-02-23,41.191715240478516,41.22692040214116,40.73168083348682,40.76219436119442,135249600
2018-02-26,42.00615692138672,42.10473494491624,41.35835694616437,41.391216287340875,152648800
2018-02-27,41.870018005371094,42.360562232054455,41.81603557762197,42.036664084160634,155712400
2018-02-28,41.806644439697266,42.39342084865955,41.79021656257379,42.07421433892811,151128400
2018-03-01,41.07435989379883,42.19627640895745,40.52513788389774,41.9052339409774,195208000
2018-03-02,41.358360290527344,41.37948338697755,40.47584605945342,40.55799620973738,153816000
2018-03-05,41.50154113769531,41.71747451781942,40.96170589668479,41.123656827127995,113605600
2018-03-06,41.4663200378418,41.837163204570295,41.339577893430516,41.75736246248173,95154000
2018-03-07,41.08140563964844,41.273870095734,40.90302683123286,41.06028254024403,126814000
2018-03-08,41.52969741821289,41.57194361047891,41.09078970758341,41.18701833932262,95096400
2018-03-09,42.24320602416992,42.24790123821032,41.63530652700031,41.76909326665948,128740800
2018-03-12,42.651615142822266,42.80887083210406,42.29720338770059,42.31597708610445,128828400
2018-03-13,42.24085998535156,43.06938797986928,42.06952227846858,42.85580050964318,126774000
2018-03-14,41.88176727294922,42.369965835063375,41.73389842335402,42.3230244232332,117473600
2018-03-15,41.93104553222656,42.30423809273555,41.79491654145905,41.89584037623486,90975200
2018-03-16,41.783172607421875,42.04135206045374,41.68928623972042,41.93103781677873,157618800
2018-03-19,41.144775390625,41.65409704324905,40.75985008912387,41.618891880252036,133787200
2018-03-20,41.13068389892578,41.49683183577984,41.060270007669395,41.13068389892578,78597600
2018-03-21,40.19889831542969,41.095491231721496,40.196548916582934,41.083754981689786,148219600
2018-03-22,39.63088607788086,40.52982452051389,39.57220842812468,39.90080183419946,165963200
2018-03-23,38.713165283203125,39.88202301847782,38.713165283203125,39.522916102330775,164115200
2018-03-26,40.55095672607422,40.628411664082556,39.06523800187792,39.44781747650699,150164800
2018-03-27,39.51118469238281,41.10956343270425,39.17789604359712,40.76453853670361,163690400
2018-03-28,39.07463073730469,39.905508501898744,38.771855553481785,39.25535895321478,166674000
2018-03-29,39.3797492980957,40.31155078767656,39.17320279721128,39.38679033049858,153594000
2018-04-02,39.12156677246094,39.65201509761951,38.60285827668735,39.11217992291302,150347200
2018-04-03,39.52292251586914,39.60741848522696,38.69908950068041,39.34688954482369,121112000
2018-04-04,40.278690338134766,40.372573155198666,38.673270529102645,38.69908884100521,138422000
2018-04-05,40.55799102783203,40.893625455435775,40.388999115021946,40.50635441106232,107732800
2018-04-06,39.52057647705078,40.482887897857516,39.478326701909054,40.12847614077942,140021200
2018-04-09,39.91253662109375,40.62605524022441,39.865595219285055,39.87263625048639,116070800
2018-04-10,40.66361999511719,40.83965298210904,40.25991739177053,40.60494233278657,113634400
2018-04-11,40.473506927490234,40.820877702734585,40.29981974916783,40.424216112898584,89726400
2018-04-12,40.87250900268555,41.07436028792793,40.61432587688714,40.70117124541933,91557200
2018-04-13,41.010990142822266,41.27151910294791,40.80444720984534,41.02272639139374,100497200
2018-04-16,41.26682662963867,41.35366842078155,41.03446180568861,41.081403217619894,86313600
2018-04-17,41.8348274230957,41.9991241613357,41.40530650508239,41.42408378679558,106421600
2018-04-18,41.74093246459961,41.970951432420364,41.515612292995044,41.73389143307444,83018000
2018-04-19,40.55799102783203,41.16589060178529,40.5251316881967,40.78331119064587,139235200
2018-04-20,38.89624786376953,40.187156394272286,38.82817977203165,40.041636942336396,261964400
2018-04-23,38.78358459472656,39.17789672189711,38.513665229708735,39.15677362538438,146062000
2018-04-24,38.243743896484375,39.039412648935595,37.84004139740122,38.88450280085499,134768000
2018-04-25,38.4103889465332,38.82582771877816,38.11935008940759,38.16863731070807,113528400
2018-04-26,38.54418182373047,38.89859360300027,38.3446763459467,38.52070932702644,111852000
2018-04-27,38.098228454589844,38.56999549782901,37.70156694524858,38.49254056570322,142623200
2018-04-30,38.788272857666016,39.25769406239759,37.98556302734298,38.053631107612816,169709600
2018-05-01,39.6895637512207,39.71303266229741,38.790621726653995,39.05819166644517,214277600
2018-05-02,41.442848205566406,41.71980496672397,40.792698905965494,41.1283333112394,266157600
2018-05-03,41.51795196533203,41.66112555415438,40.942911793681255,41.280895582468375,136272800
2018-05-04,43.146854400634766,43.24543243285755,41.81839141046121,41.8371686901322,224805200
2018-05-07,43.45901870727539,44.04814106669595,43.36278649476054,43.463710341007975,169805600
2018-05-08,43.66791534423828,43.707815723321396,43.1093028742744,43.41912263854349,113611200
2018-05-09,43.97537612915039,43.98476297690126,43.473095611593955,43.7852611249509,92844800
2018-05-10,44.60439682006836,44.68185174084153,44.04343867998312,44.06456535393887,111957200
2018-05-11,44.43476104736328,44.78111639096404,44.16615931102086,44.646817320397844,104848800
2018-05-14,44.33108139038086,44.65623212523947,44.26275443642257,44.53371098533184,83115200
2018-05-15,43.928184509277344,44.0766235265029,43.61246038568903,44.00829297134428,94780800
2018-05-16,44.338157653808594,44.404133352868826,43.82451718880194,43.841012012369504,76732400
2018-05-17,44.05778121948242,44.51016293392808,43.90934217740125,44.29575178319089,69176000
2018-05-18,43.8975715637207,44.250995202862086,43.8551624527251,44.104914582484554,73190800
2018-05-21,44.20858383178711,44.59499351368546,44.03894020605506,44.295760507851,73603200
2018-05-22,44.09783935546875,44.50309868458647,44.008304230716284,44.385290823685054,60962800
2018-05-23,44.38058090209961,44.41356696187028,43.767978540403256,43.906994559275475,80233600
2018-05-24,44.33108139038086,44.493656757810164,43.873990067081564,44.47716553245859,92936000
2018-05-25,44.43241500854492,44.684521971347976,44.213290509081354,44.34994806456397,69844000
2018-05-29,44.272178649902344,44.47245338801161,44.02949482101763,44.20149683194327,90056400
2018-05-30,44.17792892456055,44.29573673502604,44.008285389873514,44.22976464878209,74762000
2018-05-31,44.02949905395508,44.349936508610654,43.857500621703196,44.111965976448204,109931200
2018-06-01,44.82352828979492,44.82823801484715,44.23684395189632,44.293393009412675,93770000
2018-06-04,45.19815444946289,45.57278250226014,45.0850599344167,45.15338689688778,105064800
2018-06-05,45.546875,45.6953140564857,45.323040781395484,45.49032952721355,86264000
2018-06-06,45.70473861694336,45.7283016281917,45.219370784997885,45.622275267995676,83734400
2018-06-07,45.58222198486328,45.756575329013636,45.318329915125986,45.74243896005126,85388800
2018-06-08,45.16752624511719,45.23821166989341,44.71278969726127,45.04265021927023,106627200
2018-06-11,45.056785583496094,45.231142481373176,44.81646017789385,45.08506190990398,73234000
2018-06-12,45.30418014526367,45.381933746768155,45.03793329119162,45.094482345524824,67644400
2018-06-13,44.93191909790039,45.44556326002106,44.87066030223181,45.33717844207278,86553600
2018-06-14,44.95547866821289,45.13690377351365,44.818821123524955,45.132190452604284,86440400
2018-06-15,44.49365997314453,44.80467436726028,44.35700246014303,44.774043181267466,246876800
2018-06-18,44.470096588134766,44.58319108715091,44.10724649411106,44.26746699665913,73939600
2018-06-19,43.7514762878418,43.90227017955534,43.223695869239414,43.62188694452313,134314000
2018-06-20,43.942317962646484,44.10724819574322,43.76089290863536,43.90697705384341,82514800
2018-06-21,43.69729232788086,44.37822160419487,43.57477114874314,44.11904287817479,102847600
2018-06-22,43.57005310058594,43.859859393539764,43.51821736100589,43.85279121043432,108801600
2018-06-25,42.9221076965332,43.570050812040066,42.58282054445238,43.21191397426476,126652400
2018-06-26,43.454593658447266,43.94938797353978,43.009280212947836,43.115310134188796,98276800
2018-06-27,43.39098358154297,44.12610333725696,43.36035239331826,43.643090484345954,101141200
2018-06-28,43.70671081542969,43.87399953844859,43.30616485853516,43.37685028509541,69460800
2018-06-29,43.61481475830078,44.104895760187524,43.096461027816034,43.89283951007356,90950800
2018-07-02,44.102535247802734,44.130811570292906,43.216621705982554,43.310870122267346,70925200
2018-07-03,43.334442138671875,44.28397318836197,43.24490701595224,44.24627381087891,55819200
2018-07-05,43.683143615722656,43.92111774246245,43.41925521678168,43.65015756585503,66416800
2018-07-06,44.2886848449707,44.39706605714836,43.63602832826301,43.68786407155159,69940800
2018-07-09,44.90363311767578,44.92719252665673,44.60204535912611,44.64916777229769,79026400
2018-07-10,44.84944534301758,45.06856619589097,44.80938751433222,44.934267130145,63756400
2018-07-11,44.26747131347656,44.71513962901053,44.20385407867217,44.41355187208477,75326000
2018-07-12,45.0096549987793,45.09919009160523,44.6043958141694,44.65623154209923,72164400
2018-07-13,45.08034133911133,45.20050402258601,44.979024743264155,45.02143742844953,50055600
2018-07-16,44.98139190673828,45.391360903359555,44.86593892521994,45.12511762037944,60172400
2018-07-17,45.10862731933594,45.20758548689798,44.578491967618255,44.708081328191334,62138000
2018-07-18,44.86122131347656,45.19108540259918,44.750481662975155,45.18637208262621,65573600
2018-07-19,45.20994186401367,45.36780395227822,44.693942903525354,44.693942903525354,81147200
2018-07-20,45.10627746582031,45.33953474554605,44.80704447184909,45.18638595390368,82704800
2018-07-23,45.14631652832031,45.228783446987535,44.66330370871866,44.927192096118354,63957600
2018-07-24,45.47382736206055,45.62933457754806,45.24999317957946,45.344238015820956,74791600
2018-07-25,45.90266418457031,45.90973236976815,45.33953906559393,45.48797814517088,66839600
2018-07-26,45.7589225769043,46.17125001494184,45.617551731493165,45.85316741037176,76304000
2018-07-27,44.99789047241211,45.98983426357745,44.79055107768745,45.94271183728596,96096000
2018-07-30,44.74577713012695,45.2853354853208,44.547860810814726,45.21465005836353,84118000
2018-07-31,44.835304260253906,45.271194687816894,44.61147009280662,44.83766271788807,157492000
2018-08-01,47.47655487060547,47.53781364713079,46.489324692851646,46.918146914157724,271742800
2018-08-02,48.86433792114258,49.097598749071246,47.20560504150239,47.259795643672035,249616000
2018-08-03,49.00571060180664,49.182422376318144,48.414312895506896,48.7795179485394,133789600
2018-08-06,49.26017379760742,49.30258289590306,48.7889424198688,49.008063284816416,101701600
2018-08-07,48.79835510253906,49.36147633554189,48.71588819086374,49.3190672462524,102349600
2018-08-08,48.831356048583984,48.963300271358555,48.188126164952756,48.548617914751276,90102000
2018-08-09,49.21540451049805,49.42745718493813,48.819568297610594,49.36855326479255,93970400
2018-08-10,49.068817138671875,49.4400328797773,48.865476836370014,49.02862242410072,98444800
2018-08-13,49.38563919067383,49.87743898167193,49.10900248470338,49.489674247514394,103563600
2018-08-14,49.59371566772461,49.785233134291715,49.24141574509612,49.690657765657285,82992000
2018-08-15,49.70957946777344,49.827800496523814,49.25797427207032,49.468407558933215,115230400
2018-08-16,50.43781280517578,50.55366708451775,50.00039363053768,50.066597106681336,114001600
2018-08-17,51.44505310058594,51.532535490008144,50.399979846645785,50.466183320989956,141708000
2018-08-20,50.94380187988281,51.823362921071144,50.861045725428916,51.56800870100237,121150800
2018-08-21,50.844486236572266,51.35283870270329,50.60568111471057,51.26062646675485,104639200
2018-08-22,50.84685516357422,51.15659362058982,50.5607587429564,50.622235974791955,76072400
2018-08-23,50.950897216796875,51.31974622714638,50.74046394254264,50.75228315845391,75532800
2018-08-24,51.10931396484375,51.28427877137062,50.861049092863915,51.213349043221534,73905600
2018-08-27,51.53016662597656,51.71932093494493,51.14949488701187,51.343375438036134,82100400
2018-08-28,51.9463005065918,52.14491089711803,51.76187605712912,51.78315496872447,91107200
2018-08-29,52.72184371948242,52.84243146580002,51.87774753435485,52.05271233047196,109019200
2018-08-30,53.20654296875,53.97024961852312,52.58469935427872,52.78567649739625,195175200
2018-08-31,53.82129669189453,54.11448247965439,53.43589505535609,53.55647918343615,173360400
2018-09-04,53.99390411376953,54.18778470948037,53.58486039691757,54.00572693727098,109560400
2018-09-05,53.641597747802734,54.30363609852174,53.22309798700196,54.14285726319419,133332000
2018-09-06,52.75020217895508,53.75508049866493,52.324605933749666,53.49026305286048,137160000
2018-09-07,52.32462692260742,53.286944199899885,52.18512697755496,52.45467077300354,150479200
2018-09-10,51.62237548828125,52.45465222876304,51.18259328193886,52.24185229212232,158066000
2018-09-11,52.92755126953125,53.033949464303724,51.2038868045044,51.54672703557977,142996000
2018-09-12,52.270240783691406,53.19945622059127,51.97941449205581,53.18527027618349,197114800
2018-09-13,53.532840728759766,53.99153884293053,52.6249042019705,52.84952340827975,166825600
2018-09-14,52.92517852783203,53.63450455616086,52.613076951433094,53.37678363174455,127997200
2018-09-17,51.5159797668457,52.714738729611575,51.37175001470513,52.525584424011406,148780400
2018-09-18,51.60110092163086,52.454656645298286,51.33628344092451,51.494699140442705,126286800
2018-09-19,51.63185501098633,51.927407606154446,50.905979713319724,51.66259363538614,108495200
2018-09-20,52.02434158325195,52.55633617131596,51.816271434307,52.07399599891171,106435200
2018-09-21,51.463966369628906,52.3388010443892,51.376480376679865,52.20166425202721,384986800
2018-09-24,52.20403289794922,52.31516093786843,51.2204368199305,51.26536138174706,110773600
2018-09-25,52.5350456237793,52.68400522996359,51.94630377783899,51.958126598742545,98217600
2018-09-26,52.11654281616211,52.90389507297976,51.960490237444716,52.25367960280906,95938800
2018-09-27,53.187625885009766,53.53992575525717,52.8542418072406,52.92044888482368,120724800
2018-09-28,53.374420166015625,53.398062202116094,52.96773962377275,53.14979737223942,91717600
2018-10-01,53.73381423950195,54.24452988828253,53.518654734943205,53.896959816847335,94403200
2018-10-02,54.211421966552734,54.38166049673322,53.58485210395696,53.73144499079402,99152800
2018-10-03,54.87110137939453,55.20211876466658,54.329647132562286,54.39348748822865,114619200
2018-10-04,53.90641784667969,54.93730520599613,53.60849859022037,54.566089500033,128168000
2018-10-05,53.031585693359375,54.00572939058797,52.15438771011894,53.899331189879966,134322000
2018-10-08,52.90863037109375,53.15216535637329,52.06453065114557,52.53978140728469,118655600
2018-10-09,53.641597747802734,53.73617671665903,52.549236814198565,52.87789106435932,107564000
2018-10-10,51.1566047668457,53.5186622691138,51.08330830475044,53.308228977883715,167962400
2018-10-11,50.704986572265625,51.89901940310349,50.20136756167063,50.721539244147124,212497600
2018-10-12,52.51613998413086,52.69820135934952,51.27008946263702,52.116552371945346,161351600
2018-10-15,51.39303207397461,52.449928078120834,51.37175316034392,52.29151237472821,123164000
2018-10-16,52.52558898925781,52.72420301170054,51.251166750358514,51.76424545871344,116736000
2018-10-17,52.298614501953125,52.64145473247039,51.86119529237717,52.561065306134864,91541600
2018-10-18,51.076202392578125,51.955766930543895,50.36214653480621,51.51125481132157,130325200
2018-10-19,51.854095458984375,52.31515664645652,51.40958333577089,51.558542953192145,132314800
2018-10-22,52.17093276977539,52.81169226211933,51.766618916580256,51.967592478519066,115168400
2018-10-23,52.662723541259766,52.785674386526175,50.76409464590403,51.0312752497084,155071200
2018-10-24,50.85630416870117,53.01738370273722,50.72626035927189,52.63198573201551,163702000
2018-10-25,51.9699592590332,52.34353810184047,51.24881034120332,51.475796278943854,119423200
2018-10-26,51.14240646362305,52.06216571984942,50.28412082995475,51.04782749681985,189033600
2018-10-29,50.182456970214844,51.94394934491909,48.728336343503514,51.82572833174674,183742000
2018-10-30,50.43308639526367,50.8775949642934,49.480225290241705,49.924733859271434,146640000
2018-10-31,51.7476921081543,52.123633992083754,51.218060771877376,51.27953799594369,153435600
2018-11-01,52.542144775390625,52.57524651312335,51.26299261047082,51.792624022013314,233292800
2018-11-02,49.05698776245117,50.51583454720711,48.57228091507329,49.54642446027015,365314800
2018-11-05,47.66434097290039,48.326379281390906,46.85570978180658,48.30510036768756,264654800
2018-11-06,48.17979049682617,48.4044096899324,47.68799067176834,47.74237132513075,127531600
2018-11-07,49.64099884033203,49.66700760551551,48.264908230328544,48.699960659016895,133697600
2018-11-08,49.467796325683594,49.85453905967433,49.054950457423345,49.821321825704445,101450400
2018-11-09,48.51398468017578,48.87937427397922,47.987251640765706,48.77023347938126,137463200
2018-11-12,46.070133209228516,47.41781165926097,45.97997059020177,47.21613325998762,204542000
2018-11-13,45.609832763671875,46.784303647550004,45.42476479992899,45.46747474101187,187531600
2018-11-14,44.321475982666016,46.14368479083384,44.11505123237931,46.00606949744506,243204000
2018-11-15,45.415287017822266,45.54815598687422,44.34521030270653,44.69873951139738,185915200
2018-11-16,45.91828155517578,46.259946609491415,44.95260676177665,45.19936284522291,147713200
2018-11-19,44.09844970703125,45.24682124683419,43.892028552427426,45.08073505230195,167701200
2018-11-20,41.99150848388672,43.05683851163266,41.64272573882717,42.32130943637899,271300800
2018-11-21,41.944061279296875,42.772124438484425,41.889490881307914,42.64399822705807,124496800
2018-11-23,40.87873840332031,41.901362428757146,40.83366070501607,41.50749825732366,94496000
2018-11-26,41.43155288696289,41.50985141346875,40.39706885921027,41.34139390950067,179994000
2018-11-27,41.341400146484375,41.467151357006,40.544182944086934,40.693658680506765,165549600
2018-11-28,42.931095123291016,43.01413640794062,41.505118017849625,41.932199377386205,184250000
2018-11-29,42.601295471191406,43.37241330983305,42.16235002257085,43.339196070830944,167080000
2018-11-30,42.37113952636719,42.78635675904082,42.003374967632006,42.77686405200895,158126000
2018-12-03,43.8516960144043,43.88016690063734,42.99516185628555,43.76627973529744,163210000
2018-12-04,41.92270278930664,43.27512383554187,41.82305109331107,42.93345880903892,165377200
2018-12-06,41.45529556274414,41.46953100520734,40.4350466147937,40.75298356449691,172393600
2018-12-07,39.97712326049805,41.400725443078066,39.93204194545113,41.16345841264806,169126400
2018-12-10,40.240482330322266,40.356740836565265,38.75281731229737,39.149052745025465,248104000
2018-12-11,40.010337829589844,40.76009884419869,39.62359143727057,40.729256594178395,189126800
2018-12-12,40.121849060058594,40.79094008262468,40.10286726659763,40.43029324768022,142510800
2018-12-13,40.560794830322266,40.94516985024621,40.22862246288901,40.45165403262589,127594400
2018-12-14,39.26294708251953,40.1171098380698,39.21549440063509,40.09812804123451,162814800
2018-12-17,38.89755630493164,39.943904744588174,38.61046161430654,39.25582820608512,177151600
2018-12-18,39.40293884277344,39.74934669174223,39.00432833526614,39.239224006854776,135366000
2018-12-19,38.173885345458984,39.73035619895045,37.746804045316345,39.386319792315824,196189200
2018-12-20,37.21058654785156,38.4633561025011,36.84756830306149,38.05762791222595,259092000
2018-12-21,35.76325225830078,37.52614787017046,35.50226074249866,37.217700060216195,382978400
2018-12-24,34.83791732788086,35.95781796306272,34.780971939167266,35.151107914787005,148676800
2018-12-26,37.2912483215332,37.305483760117355,34.81180927021201,35.18669150802309,234330000
2018-12-27,37.04923629760742,37.196344282393845,35.60665629115876,36.97568411541755,212468400
2018-12-28,37.06821060180664,37.61155388635195,36.66960390643198,37.369540609642506,169165600
2018-12-31,37.42650604248047,37.81087750774478,37.12754724024566,37.613945420363905,140014000
2019-01-02,37.46920394897461,37.6898641400753,36.59368814570471,36.75028523353009,148158800
2019-01-03,33.73699951171875,34.57455183641599,33.69191819683805,34.16170590164323,365248800
2019-01-04,35.17720031738281,35.24600976737911,34.11899163910133,34.292195516680664,234428400
2019-01-07,35.09891891479492,35.31246146821578,34.61726701133114,35.28161558795968,219111200
2019-01-08,35.76799392700195,36.0218713099174,35.23888962424999,35.485645667649806,164101200
2019-01-09,36.37540054321289,36.664866551777166,35.502259784558376,35.89612022438251,180396400
2019-01-10,36.49166488647461,36.53199984154206,35.79409933557466,36.183217066092084,143122800
2019-01-11,36.133399963378906,36.467947396033274,35.9483319411463,36.27339028412049,108092800
2019-01-14,35.590049743652344,35.891379845195914,35.404981774617916,35.79172814036254,129756800
2019-01-15,36.318450927734375,36.394374463172355,35.601903781181996,35.65410279572326,114843600
2019-01-16,36.76215362548828,36.98518520942271,36.30185501531,36.320836811858406,122278800
2019-01-17,36.98043441772461,37.40751573779752,36.363538775351834,36.58657033252364,119284800
2019-01-18,37.20820999145508,37.45971241403209,37.00890297433515,37.369549802011335,135004000
2019-01-22,36.37302780151367,37.186851783715795,36.211684376745275,37.110928234724035,121576000
2019-01-23,36.52013397216797,36.80959998409829,35.99340097474768,36.57470436511674,92522400
2019-01-24,36.23066711425781,36.65300204893597,36.00289284093378,36.56521442488471,101766000
2019-01-25,37.43125534057617,37.5190466269865,36.61505958066016,36.89028665741382,134142000
2019-01-28,37.08483123779297,37.09194895785594,36.4584465294026,36.96382275590851,104768400
2019-01-29,36.7004508972168,37.519024789086224,36.565210615346906,37.07296175472334,166348800
2019-01-30,39.2083740234375,39.42191288765638,38.017292600660475,38.73383999592237,244439200
2019-01-31,39.49072265625,40.098125636928835,39.04465950838577,39.41242410665209,162958400
2019-02-01,39.50969314575195,40.0933678096817,39.369702895096495,39.6140911820077,130672400
2019-02-04,40.631980895996094,40.729261252002615,39.69003045070155,39.72087632465673,125982000
2019-02-05,41.32716751098633,41.54070999970741,40.89297205344229,41.01397692943241,144406400
2019-02-06,41.341400146484375,41.656965666225744,41.01159918712273,41.43867685735861,112958400
2019-02-07,40.55842971801758,41.27023086120382,40.416068041217194,40.90483758027317,126966800
2019-02-08,40.60608673095703,40.665657891479206,40.13189898426392,40.26772297550331,95280000
2019-02-11,40.372554779052734,40.796704677929405,40.329665299757814,40.75857827237781,83973600
2019-02-12,40.720436096191406,40.746647535364914,40.43687697311419,40.5321929500782,89134000
2019-02-13,40.551273345947266,41.099328678315466,40.489320656037144,40.83959932500604,89960800
2019-02-14,40.69900894165039,40.80861781758018,40.36064525814671,40.43927960962729,87342800
2019-02-15,40.60845947265625,40.91346345759115,40.44880923334926,40.80623611906368,98507200
2019-02-19,40.72998046875,40.851507928428646,40.38685373654159,40.4392766336708,75891200
2019-02-20,40.992095947265625,41.29948509114437,40.7442815842349,40.791937772979175,104457600
2019-02-21,40.760963439941406,41.07311568683924,40.57986845134195,40.93729535437326,68998800
2019-02-22,41.216094970703125,41.22324321911487,40.83722326114031,40.8848794625303,75652800
2019-02-25,41.51632308959961,41.90710967168657,41.44960369528727,41.499645058988676,87493600
2019-02-26,41.54014587402344,41.77128217748678,41.26373492448921,41.39241061710472,68280800
2019-02-27,41.668827056884766,41.699805218546146,41.15889815564964,41.2732773821219,111341600
2019-02-28,41.25897216796875,41.67835534148874,41.20416773449612,41.53776831669921,112861600
2019-03-01,41.69264221191406,41.73553167970715,41.19700998046142,41.52822531350751,103544800
2019-03-04,41.90235137939453,42.35509069759693,41.45437513566205,41.86422496802693,109744800
2019-03-05,41.82609176635742,41.93808580910875,41.590188724744905,41.923789316150554,78949600
2019-03-06,41.585426330566406,41.81656266632499,41.447220836488704,41.62116756354591,83241600
2019-03-07,41.104087829589844,41.566360471567705,40.98971225542988,41.43053652305642,99185600
2019-03-08,41.20179748535156,41.23992389992285,40.38924599998411,40.58464114771072,95997600
2019-03-11,42.62911605834961,42.68153896438816,41.78320858604554,41.81656828662146,128044000
2019-03-12,43.10806655883789,43.52744613325643,42.74110624977912,42.89122670675174,129870400
2019-03-13,43.29869079589844,43.67756238941142,43.11044394955633,43.42736286383217,124130000
2019-03-14,43.780033111572266,43.868200895214414,43.501240536772094,43.82054106149008,94318000
2019-03-15,44.349525451660156,44.63785139707803,43.7824106162076,44.04690664893718,156171600
2019-03-18,44.80227279663086,44.89043693766361,44.2708955054987,44.27328067856524,104879200
2019-03-19,44.44722366333008,45.03340534638429,44.30186992001534,44.88090335634377,126585600
2019-03-20,44.83562469482422,45.152543603093804,44.01830674487972,44.37573359295211,124140800
2019-03-21,46.4869384765625,46.782412668747526,45.228796167797555,45.278837530094265,204136800
2019-03-22,45.52427673339844,47.106486442351226,45.45993886884796,46.54651613890854,169630800
2019-03-25,44.97382736206055,45.745866978541436,44.46389856952138,45.63387294895227,175381200
2019-03-26,44.50917434692383,45.96033017793337,43.98256747013785,45.66962270436676,199202000
2019-03-27,44.90949249267578,45.2168779833319,44.4519865617811,44.976211880352054,119393600
2019-03-28,44.96906661987305,45.169224796190974,44.685507385455566,45.02387105568849,83121600
2019-03-29,45.26215744018555,45.2931356005877,44.926175293457625,45.23356445269698,94256000
2019-04-01,45.56955337524414,45.67439555693616,44.88805919660428,45.66486577166774,111448000
2019-04-02,46.23197555541992,46.33682135310815,45.52427005695858,45.5337998404147,91062800
2019-04-03,46.54890060424805,46.822926454826096,46.02467154689668,46.0485014625707,93087200
2019-04-04,46.62991714477539,46.79194893860823,46.02229064603285,46.41545880854789,76457200
2019-04-05,46.94205856323242,46.96588847372943,46.687092337463056,46.811001327366576,74106400
2019-04-08,47.68075180053711,47.71172632732698,46.78479934209682,46.80386254716306,103526800
2019-04-09,47.53777313232422,48.33602791999754,47.47343527844449,47.73316823079818,143072800
2019-04-10,47.804664611816406,47.833261241829014,47.22324949267385,47.342391815910105,86781200
2019-04-11,47.40671920776367,47.89520335222447,47.28519537386603,47.85946211752939,83603200
2019-04-12,47.38765335083008,47.69027578606465,46.75381913013985,47.46628769869107,111042800
2019-04-15,47.47343063354492,47.62116952932975,47.18272318704627,47.318547127954844,70146400
2019-04-16,47.47819900512695,47.98336111335143,47.31378207550533,47.52824036298592,102785600
2019-04-17,48.40274429321289,48.46231543377523,47.32569705378426,47.54729995142792,115627200
2019-04-18,48.57670211791992,48.64580305696875,48.257401604087235,48.400370192581796,96783200
2019-04-22,48.73634719848633,48.83404475360525,48.214503361460345,48.33126412020742,77758000
2019-04-23,49.43928146362305,49.503619315451935,48.58622226846949,48.71251279943443,93292000
2019-04-24,49.363033294677734,49.67756704213216,49.33682184606203,49.410689482360645,70162400
2019-04-25,48.91505813598633,49.5060028744457,48.87693173068337,49.28439996099873,74172800
2019-04-26,48.681549072265625,48.84834758072015,48.16208670486749,48.82451766411174,74596400
2019-04-29,48.755409240722656,49.079476422813116,48.576695801391914,48.705367877898986,88818800
2019-04-30,47.816566467285156,48.467082355820594,47.444843102407766,48.38606647084663,186139600
2019-05-01,50.16368103027344,51.30506280144106,49.856291823259944,50.01117901340884,259309200
2019-05-02,49.837215423583984,50.67121140289478,49.594167784628695,50.001632355540394,127985200
2019-05-03,50.45676803588867,50.47821277895846,50.09457439721513,50.25184311826302,83569600
2019-05-06,49.67757797241211,49.76336058348923,48.490921549124295,48.67916480446681,129772400
2019-05-07,48.338409423828125,49.42498651293276,47.85469202351123,49.05802986425357,155054800
2019-05-08,48.347930908203125,48.92934575789081,48.07390514613017,48.10964637216283,105358000
2019-05-09,47.8284912109375,48.057242419549205,46.861056195160906,47.75223838411033,139634400
2019-05-10,47.16588592529297,47.565356793291954,46.111007044630455,47.223295764690995,164834800
2019-05-13,44.424644470214844,45.324043662968705,43.73813514502486,44.900658286424814,229722400
2019-05-14,45.12789535522461,45.37666407819567,44.35048807727735,44.589690316645736,146118800
2019-05-15,45.66848373413086,45.86702199876712,44.49639441030362,44.55619496049758,106178800
2019-05-16,45.46755599975586,46.03924912918253,45.17094394873877,45.42689206250881,132125600
2019-05-17,45.20920944213867,45.663692098249506,44.67339527551436,44.7140592058034,131516400
2019-05-20,43.79553985595703,44.09693703228056,43.12338210548431,43.89839872325471,154449200
2019-05-21,44.6351432800293,44.97002498483525,44.180656795007685,44.30504299247997,113459200
2019-05-22,43.72138595581055,44.422250430132046,43.666370461560184,44.17108734343066,118994400
2019-05-23,42.97507095336914,43.185566421251686,42.53254539430105,43.00855911757338,146118800
2019-05-24,42.81001663208008,43.568287143398116,42.72629440483175,43.10423430651815,94858800
2019-05-28,42.633026123046875,43.1975437131462,42.556483282831095,42.79807629874462,111792800
2019-05-29,42.429691314697266,42.90091998412499,42.09959108029265,42.200055575560086,113924800
2019-05-30,42.649757385253906,42.87221370220988,42.259856591093225,42.56603514665155,84873600
2019-05-31,41.87713623046875,42.575606305283934,41.8579996140433,42.15460804379681,108174400
2019-06-03,41.45374298095703,42.55885600339575,40.728960589625665,42.00390878409617,161584400
2019-06-04,42.97028732299805,43.01573632949458,41.74557310553312,41.96563871336283,123872000
2019-06-05,43.663978576660156,44.250027028807736,43.329096875378795,44.0801918196271,119093600
2019-06-06,44.30503463745117,44.36483519131341,43.570682084053516,43.79314204238784,90105200
2019-06-07,45.48430252075195,45.90769148933359,44.43659923654732,44.61360655057878,122737600
2019-06-10,46.0655632019043,46.73293577866847,45.835927468539325,45.881376473575656,104883600
2019-06-11,46.59899139404297,46.88364266564571,46.30955870522477,46.61095223695524,107731600
2019-06-12,46.45067596435547,46.87645558984888,46.259313473699386,46.39326612217786,73012800
2019-06-13,46.44110870361328,47.072602406865755,46.30955040496847,46.57267065219424,86698400
2019-06-14,46.103851318359375,46.30717107767437,45.520197138796654,45.819200005381056,75046000
2019-06-17,46.3789176940918,46.63486581817367,45.96748958898146,46.14210618535647,58676400
2019-06-18,47.46968078613281,47.90981200382238,46.69466791366559,46.89559690653218,106204000
2019-06-19,47.33094787597656,47.811746732774715,47.19699520042928,47.76390336299069,84496800
2019-06-20,47.71127700805664,47.986358104546575,47.36921593118183,47.92894825704651,86056000
2019-06-21,47.54861068725586,48.04376096889122,47.39791214068236,47.553395753002754,191202400
2019-06-24,47.500770568847656,47.87871046099822,47.402696796530876,47.49120043743662,72881600
2019-06-25,46.78077697753906,47.66343004792434,46.713797002206945,47.464891779808674,84281200
2019-06-26,47.792598724365234,48.07724991703019,47.206554083550465,47.30701856626707,104270000
2019-06-27,47.778255462646484,48.215995988213024,47.73759152091885,47.90981377120324,83598800
2019-06-28,47.3428955078125,47.72083539403826,47.134790777081065,47.52468785247962,124442400
2019-07-01,48.211212158203125,48.91446732715429,47.99592795243673,48.59871861867151,109012000
2019-07-02,48.49346923828125,48.58915232452939,48.16576333648064,48.17772417850372,67740800
2019-07-03,48.89532470703125,48.90250048134883,48.48389661312159,48.625025041282115,45448000
2019-07-05,48.852264404296875,49.05558773477184,48.53412503952128,48.64176894973504,69062000
2019-07-08,47.8452262878418,48.1753228503153,47.460110590009364,48.03419442469582,101354400
2019-07-09,48.13706588745117,48.201647872072776,47.555802476298,47.649091215132835,82312000
2019-07-10,48.61306381225586,48.73266491650779,48.21359656204675,48.28296724647705,71588400
2019-07-11,48.25905227661133,48.8905460488803,48.24948579291271,48.63220718977892,80767200
2019-07-12,48.629817962646484,48.79725880699689,48.36669402871252,48.426494590976,70380800
2019-07-15,49.08669662475586,49.244567339973045,48.797260288640274,48.81878761572397,67789600
2019-07-16,48.91684341430664,49.3019590512431,48.67764124602152,48.9383707334678,67467200
2019-07-17,48.64178466796875,49.05799429552958,48.622648047745464,48.8092255325011,56430000
2019-07-18,49.194332122802734,49.246956906066245,48.725494140074105,48.797255539973115,74162400
2019-07-19,48.459983825683594,49.39526551603992,48.40496832917344,49.22543030950413,83717200
2019-07-22,49.567481994628906,49.569872702739694,48.70396187494887,48.71352835732806,89111600
2019-07-23,49.95499801635742,49.971743926163036,49.58423379143074,49.86410364149058,73420800
2019-07-24,49.91432571411133,50.02914175520972,49.55552239198474,49.67512349936027,59966400
2019-07-25,49.51964569091797,50.050674922943,49.450275001634395,49.9669526841349,55638400
2019-07-26,49.691864013671875,50.16787403340951,49.548341240422246,49.62966910862703,70475600
2019-07-29,50.15592575073242,50.38556151543497,49.85931729833176,49.86410236528758,86693600
2019-07-30,49.94063186645508,50.270732049563634,49.58900436269223,49.935846800775565,135742800
2019-07-31,50.95964431762695,52.95219944273716,50.54343475015479,51.768149068134655,277125600
2019-08-01,49.85691833496094,52.15326117014312,49.452669637980264,51.165354806371035,216071600
2019-08-02,48.80204391479492,49.378518561545334,48.23035068507519,49.163237997191345,163448400
2019-08-05,46.24734878540039,47.517511782159396,46.06555644186893,47.35964111669537,209572000
2019-08-06,47.122833251953125,47.37878135711824,46.41479313620579,46.957783150481916,143299200
2019-08-07,47.61080551147461,47.73519168066867,46.362173353172416,46.742503985009016,133457600
2019-08-08,48.660911560058594,48.68483324483393,47.69453608408315,47.888289320978814,108038000
2019-08-09,48.25991439819336,48.68490825834056,47.8517227401758,48.33434822690377,98478800
2019-08-12,48.1374626159668,48.514438725738295,47.818114477569125,47.93096696496544,89927600
2019-08-13,50.176002502441406,50.93715403198438,48.137458527792965,48.267120536421295,188874000
2019-08-14,48.68252182006836,49.568532297848215,48.64410316767906,48.78096824288931,146189600
2019-08-15,48.440006256103516,49.256382389403456,47.942974606430376,48.852997569788144,108909600
2019-08-16,49.58292770385742,49.741401862998586,48.94423148463047,49.049880924057916,110481600
2019-08-19,50.50737762451172,51.07883962211117,50.43054030434082,50.5722049916252,97654400
2019-08-20,50.509765625,51.22769905454453,50.50016279412302,50.634624409226056,107537200
2019-08-21,51.057220458984375,51.299731333447795,50.80750654514709,51.14126080341854,86141600
2019-08-22,51.014007568359375,51.48942653587371,50.60341596200284,51.18928765116433,89014800
2019-08-23,48.656105041503906,50.91555099493653,48.262323049739784,50.28645752648354,187272000
2019-08-26,49.580535888671875,49.74861290398016,49.23717515529538,49.429264742992345,104174400
2019-08-27,49.021080017089844,50.07516753420753,48.86980886104783,49.90949029926712,103493200
2019-08-28,49.35002517700195,49.39564686397116,48.81938179356974,49.0066681246404,63755200
2019-08-29,50.18560791015625,50.26004541127674,49.621349155907794,50.06315259687426,83962000
2019-08-30,50.12079620361328,50.531384164590875,49.751023029326475,50.4617535522876,84573600
2019-09-03,49.390846252441406,49.69818812822895,49.03548289552534,49.56612630727239,80092000
2019-09-04,50.22883987426758,50.29847047880786,49.77983330506893,50.03675026808803,76752400
2019-09-05,51.210880279541016,51.376557476754485,50.785882729793876,50.90353845367969,95654800
2019-09-06,51.20608139038086,51.48461108870742,51.0259981022255,51.39577117230135,77449200
2019-09-09,51.424583435058594,51.96963654756328,50.68024137405337,51.58545739982879,109237600
2019-09-10,52.03205871582031,52.05126803759896,50.83390703828068,51.350144279794115,127111600
2019-09-11,53.686431884765625,53.71524770381324,52.27938090410862,52.36102145030546,177158400
2019-09-12,53.56637191772461,54.365942133767874,53.511147403478866,53.97696341496987,128906800
2019-09-13,52.52428436279297,53.014109219748526,52.108893334040154,52.82442313058036,159053200
2019-09-16,52.80042266845703,52.855650852329696,52.238563645662204,52.27938208778277,84632400
2019-09-17,52.99250793457031,53.02132375192014,52.61313203639829,52.81482810263167,73274800
2019-09-18,53.48954772949219,53.50875705605579,52.68997737232846,53.07895615977941,101360000
2019-09-19,53.0549430847168,53.72725114264616,52.91327477040642,53.307056774538246,88242400
2019-09-20,52.27938461303711,53.439121573319625,52.21695705097918,53.155792256513266,221652400
2019-09-23,52.51709747314453,52.78602071935204,52.26017685029636,52.57232199753262,76662000
2019-09-24,52.26738357543945,53.422321068033824,52.14973147882972,53.07175724267541,124763200
2019-09-25,53.07174301147461,53.18459549366252,52.13771121007937,52.476268656643114,87613600
2019-09-26,52.79802703857422,53.05014441394907,52.54350987128694,52.824439404828816,75334000
2019-09-27,52.541099548339844,53.05493702755311,52.17132649489073,52.95408716657338,101408000
2019-09-30,53.77767562866211,53.92414352515708,53.01412053525755,53.04053289901251,103909600
2019-10-01,53.926544189453125,54.79814854366671,53.832901018952796,54.04180014068749,139223200
2019-10-02,52.574729919433594,53.684042068079286,52.32741210702432,53.55918326581723,138449200
2019-10-03,53.02131652832031,53.054931924145485,51.65508425549117,52.447447680485034,114426000
2019-10-04,54.50761795043945,54.6228739131191,53.75847251204435,54.178666925160364,138478800
2019-10-07,54.51960754394531,55.20872499803021,54.22667180682277,54.329921450465996,122306000
2019-10-08,53.88092041015625,54.75972776925968,53.8641145411307,54.221881339577685,111820000
2019-10-09,54.51241683959961,54.6948999368784,54.17866259327657,54.51241683959961,74770400
2019-10-10,55.247161865234375,55.33120221536916,54.57725351139381,54.728521012309976,113013600
2019-10-11,56.716636657714844,57.059993724351415,55.78020129962542,55.93387223570824,166795600
2019-10-14,56.6349983215332,57.17765169810714,56.34686576310509,56.40209028471779,96427600
2019-10-15,56.502925872802734,57.062381314243225,56.39727643987383,56.759842753967725,87360000
2019-10-16,56.27482604980469,56.48372515630135,55.99389655879597,56.034714997954104,73903200
2019-10-17,56.49332809448242,56.70222353757521,56.07073396138555,56.447706408334824,67585200
2019-10-18,56.76465606689453,57.04558556492881,56.255618132854494,56.327652182971896,97433600
2019-10-21,57.74911117553711,57.864367125177715,56.9831599524487,57.0311814328969,87247200
2019-10-22,57.61704635620117,58.15489273709962,57.535405818697356,57.905178869368726,82293600
2019-10-23,58.39020538330078,58.40461512439032,57.91958976088768,58.130888664552984,75828800
2019-10-24,58.486263275146484,58.77919911574777,58.06126559430614,58.7095648437105,69275200
2019-10-25,59.206581115722656,59.242596306464485,58.318170993988126,58.385401792575365,73477200
2019-10-28,59.799644470214844,59.84766593680172,59.240185408160286,59.408262373115875,96572800
2019-10-29,58.416629791259766,59.967749159367955,58.24375316438358,59.780462788431066,142839600
2019-10-30,58.4094123840332,58.89924097507983,57.917187665272955,58.76957895706002,124522000
2019-10-31,59.73002243041992,59.828468838504534,56.968745403896456,59.36505627876599,139162000
2019-11-01,61.425209045410156,61.45161774300314,59.82606861277858,59.91730831812791,151125200
2019-11-04,61.8286018371582,61.91264217896342,61.31956753037255,61.78777973024419,103272000
2019-11-05,61.739749908447266,61.99426701235729,61.54526056164069,61.72053692271421,79897600
2019-11-06,61.76616287231445,61.826190633565766,61.31715639057186,61.65331038805769,75864400
2019-11-07,62.47902297973633,62.7005915790344,62.16112308276353,62.3128483676645,94940400
2019-11-08,62.65003204345703,62.722278694428965,61.85769280629216,62.30082274800635,69986400
2019-11-11,63.14613723754883,63.211159215108815,62.20207280445758,62.206886797370636,81821200
2019-11-12,63.08833312988281,63.28822775645039,62.837873203264316,62.989591152239775,87388800
2019-11-13,63.69281005859375,63.76746735630996,62.87398310487646,62.888432430266306,102734400
2019-11-14,63.25211715698242,63.79157846079341,63.122065824953324,63.51943713712157,89182800
2019-11-15,64.00348663330078,64.0083006253325,63.34119892343502,63.50255217696832,100206400
2019-11-18,64.32621002197266,64.40568132510607,63.635023558282754,64.01312410296957,86703200
2019-11-19,64.1311264038086,64.54294688011666,63.91437917152046,64.51886222106107,76167200
2019-11-20,63.384552001953125,64.0805524112698,62.71262890433902,63.95050846949165,106234400
2019-11-21,63.100379943847656,63.58204383142426,62.90048531472307,63.504975845506166,121395200
2019-11-22,63.044986724853516,63.3821499803746,62.81860410694484,63.24006001374813,65325200
2019-11-25,64.15039825439453,64.16725825293672,63.22319387946589,63.26895253287637,84020400
2019-11-26,63.64949035644531,64.34067700985004,63.21839902520191,64.28769367668264,105207600
2019-11-27,64.5044174194336,64.53813741439751,63.89511298558591,63.96013495495072,65235600
2019-11-29,64.36234283447266,64.54296680875088,64.0372182108502,64.20580352668654,46617600
2019-12-02,63.6181640625,64.60316578278984,63.44717544860708,64.3671478434843,94487200
2019-12-03,62.48384094238281,62.50310426103313,61.722811237581595,62.20928904177194,114430400
2019-12-04,63.035377502441406,63.413485579373436,62.780096121106475,62.87402414705973,67181600
2019-12-05,63.960140228271484,64.03480488761794,63.2737751129012,63.52905636870785,74424400
2019-12-06,65.19561004638672,65.26545336433453,64.3743722789269,64.4177276122505,106075600
2019-12-09,64.28284454345703,65.21726600459068,63.79877014365754,65.02460345272102,128042400
2019-12-10,64.6585464477539,65.04146825890689,64.02756074204926,64.68744509771174,90420400
2019-12-11,65.21005249023438,65.28953113493121,64.6633667099047,64.73802401273718,78756800
2019-12-12,65.37623596191406,65.64115256416365,64.3791955584024,64.48997619221315,137310400
2019-12-13,66.26487731933594,66.30100062433199,65.24856669102263,65.37620726841155,133587600
2019-12-16,67.39923095703125,67.62321027270899,66.70564106368182,66.71045505717711,128186000
2019-12-17,67.53167724609375,67.85920511821561,67.14393404643634,67.32937932220554,114158400
2019-12-18,67.37033081054688,67.89052873128885,67.22101616979477,67.38478014032236,116028400
2019-12-19,67.4377670288086,67.71713300190731,67.18008240112675,67.31253704760239,98369200
2019-12-20,67.29808044433594,68.07114894305518,67.08614715319112,67.97000364021376,275978000
2019-12-23,68.3962631225586,68.45647110065944,67.52204210459728,67.56057609253462,98572000
2019-12-24,68.46129608154297,68.61061806486987,68.13617882730028,68.562448734815,48478800
2019-12-26,69.81958770751953,69.83644770700805,68.56485537418061,68.59375403067095,93121200
2019-12-27,69.79309844970703,70.79737094783557,69.38850252439819,70.11099839799601,146266000
2019-12-30,70.20732116699219,70.4890977572307,68.69008295692782,69.71120798213394,144114400
2019-12-31,70.72029876708984,70.72752343141342,69.72566166410049,69.82440364292783,100805600
2020-01-02,72.3338623046875,72.39407027941263,71.09116882440814,71.34403937841115,135480400
2020-01-03,71.63063049316406,72.3892495107853,71.40665858931894,71.56319785492231,146322800
2020-01-06,72.20140075683594,72.23993474282962,70.50353879987532,70.7540060340311,118387200
2020-01-07,71.86183166503906,72.46631471524569,71.64267376172208,72.21103349810856,108872000
2020-01-08,73.01781463623047,73.31885447118653,71.56559876638666,71.56559876638666,132079200
2020-01-09,74.56878662109375,74.76144921222713,73.7427349209394,73.99319481949146,170108400
2020-01-10,74.73738098144531,75.3009342510977,74.23645372460896,74.80241031619431,140644800
2020-01-13,76.33409881591797,76.36059415429726,74.93486566437117,75.05287832688332,121532000
2020-01-14,75.3033218383789,76.48099343710987,75.18050255877637,76.27147084582813,161954400
2020-01-15,74.98060607910156,75.98246770801262,74.54951490172726,75.10343270524221,121923600
2020-01-16,75.91985321044922,76.03064118697364,75.16123412136378,75.52248200660513,108829200
2020-01-17,76.7603530883789,76.76275640961391,75.86204746774389,76.16790133072386,137816400
2020-01-21,76.24015808105469,76.83019183971173,76.1028821310267,76.38947268651397,110843200
2020-01-22,76.5123062133789,77.06380603496487,76.4183782339569,76.72423213565071,101832400
2020-01-23,76.88079071044922,76.96026202494508,76.01860816134078,76.56530142477,104472000
2020-01-24,76.65922546386719,77.86819933392093,76.46896614550444,77.12644008388187,146537600
2020-01-27,74.4050521850586,75.08419286532549,73.4248641436704,74.67237218746828,161940000
2020-01-28,76.50989532470703,76.68088393464757,75.18531972883665,75.28406170066347,162234000
2020-01-29,78.1114273071289,78.95674973344263,77.39856685210137,78.13792264122904,216229200
2020-01-30,77.99825286865234,78.05123619869995,76.7651942962083,77.19628560206807,126743200
2020-01-31,74.53990936279297,77.71166246110458,74.24609404973549,77.29020649112265,199588400
2020-02-03,74.3351821899414,75.49839714349714,72.78422401879573,73.2851511845041,173788400
2020-02-04,76.7892837524414,76.9795430880588,75.53214043347742,75.93673642473705,136616400
2020-02-05,77.41542053222656,78.21257356762338,76.81334075627086,77.91393700101683,118826800
2020-02-06,78.32096099853516,78.32337167005116,77.12884718583062,77.6851684350144,105425600
2020-02-07,77.25636291503906,78.06989154294402,76.76631409771366,77.82124622907054,117684000
2020-02-10,77.623291015625,77.623291015625,75.7644885208781,75.8441484328751,109348800
2020-02-11,77.15496063232422,78.19058359645562,76.93769897957516,78.11816550122239,94323200
2020-02-12,78.98722839355469,78.9920538114317,77.60398368209574,77.60398368209574,113730400
2020-02-13,78.42475891113281,78.7506551305069,78.05782821966719,78.26060628866534,94747600
2020-02-14,78.44405364990234,78.69269890753361,77.93710493391231,78.39335362136931,80113600
2020-02-18,77.00770568847656,77.18875828805763,75.94794093607852,76.12899353565957,152531200
2020-02-19,78.12300872802734,78.35234502696264,77.24912913343354,77.24912913343354,93984000
2020-02-20,77.32152557373047,78.37163210197758,76.81699322453267,77.88399976313329,100566000
2020-02-21,75.57135772705078,77.35774940247184,74.95578178960817,76.91597690115918,129554000
2020-02-24,71.98170471191406,73.43012593023869,69.82114748147725,71.75961758398634,222195200
2020-02-25,69.54353332519531,73.0318176639516,69.07280081018256,72.65040328612861,230673600
2020-02-26,70.64673614501953,71.90927916190874,69.16210602316792,69.16934783382864,198054800
2020-02-27,66.02869415283203,69.04141300899963,65.89350875868202,67.85853712666133,320605600
2020-02-28,65.99005889892578,67.20915102510166,61.88861568726967,62.103468343907636,426510000
2020-03-02,72.13377380371094,72.76866613954134,67.04257525684778,68.14337454443714,341397200
2020-03-03,69.84286499023438,73.3866667341741,68.99311992366323,73.30700681770827,319475600
2020-03-04,73.08250427246094,73.2418314905751,70.76261982320094,71.56166493954149,219178400
2020-03-05,70.71190643310547,72.31240522279981,70.34738484234605,71.33954955045269,187572800
2020-03-06,69.77284240722656,70.20495666747604,67.88989834828591,68.07577636210152,226176800
2020-03-09,64.25437927246094,67.1319051551366,63.48912685930832,63.670179502443226,286744800
2020-03-10,68.88206481933594,69.14761010810192,65.02685113261988,66.90256079781972,285290000
2020-03-11,66.48974609375,67.8874740401239,65.62793406582192,66.96290212891532,255598800
2020-03-12,59.9235954284668,65.17895115078981,59.86807364961435,61.78481820985721,418474000
2020-03-13,67.1029281616211,67.57366791219874,61.06301183278901,63.94537376560975,370732000
2020-03-16,58.4703483581543,62.542820889319664,57.93684495675963,58.40758108532822,322423600
2020-03-17,61.041290283203125,62.1879532458274,57.55059398806874,59.74978006097213,324056000
2020-03-18,59.5469970703125,60.350871115595204,57.24159305699179,57.88131450093201,300233600
2020-03-19,59.09074401855469,61.03645549375763,58.56689890473273,59.72080725380135,271857200
2020-03-20,55.33933639526367,60.7926402539027,55.03999474688709,59.67011183513416,401693200
2020-03-23,54.16371536254883,55.16071324010263,51.32481083433544,55.059324187329935,336752800
2020-03-24,59.59770202636719,59.793238287645494,56.56084531140466,57.05813597182242,287531200
2020-03-25,59.269386291503906,62.34245170831376,58.97487373705756,60.53192552123785,303602000
2020-03-26,62.38831329345703,62.44624776872447,59.47215893769996,59.51078437689467,252087200
2020-03-27,59.8052978515625,61.767905586340525,59.63872886548187,61.01472792774082,204216800
2020-03-30,61.512027740478516,61.68342585318123,60.206033868463194,60.529517371062305,167976400
2020-03-31,61.386505126953125,63.36601343634172,60.83369263605144,61.70274686140532,197002000
2020-04-01,58.15652084350586,60.04188167908633,57.726822887688364,59.50596558883749,176218400
2020-04-02,59.126956939697266,59.18006600388776,57.188487147319506,58.018915768998035,165934000
2020-04-03,58.277217864990234,59.31283722451452,57.68819275537644,58.6127685713981,129880000
2020-04-06,63.3611946105957,63.51568906281684,60.20122279835169,60.56815356854759,201820400
2020-04-07,62.62730407714844,65.58932954032026,62.52350234713508,65.37206051111131,202887200
2020-04-08,64.230224609375,64.54404618126709,63.06183266990903,63.42634690897305,168895200
2020-04-09,64.69371032714844,65.19583364514321,63.899498254908295,64.86511208653789,161834800
2020-04-13,65.96351623535156,66.07215077341053,64.17229875609489,64.77098217772529,131022800
2020-04-14,69.29488372802734,69.58457092501276,67.12225185179103,67.59299170512948,194994800
2020-04-15,68.66239166259766,69.1210568119712,67.74506136385055,68.17234288135833,131154400
2020-04-16,69.20796966552734,69.57249130619873,68.16027936470277,69.37453866907585,157125200
2020-04-17,68.26893615722656,69.2707670058968,66.83499816235295,68.72519250425604,215250000
2020-04-20,66.85186004638672,67.9985265094596,66.83255101061553,67.09809629652644,130015200
2020-04-21,64.78546905517578,66.92913374203486,64.07574203406564,66.69497200558625,180991600
2020-04-22,66.6515121459961,67.0860355273564,65.71003990834832,66.05041238241853,116862400
2020-04-23,66.39320373535156,68.01543553598502,66.35457829164004,66.59598178954948,124814400
2020-04-24,68.30995178222656,68.31960998543786,66.86877252729914,66.91705617630512,126161200
2020-04-27,68.35823822021484,68.68895986495261,67.58091858862758,68.02750920842628,117087600
2020-04-28,67.25017547607422,69.0003506347447,67.15844834573424,68.81929803212363,112004800
2020-04-29,69.45903015136719,69.92735352024151,68.53204161617626,68.73481966758834,137280800
2020-04-30,70.92435455322266,71.10058178322025,69.60870972779222,69.99736587702316,183064000
2020-05-01,69.78250122070312,72.17963585405194,69.00518177066984,69.10174168301795,240616800
2020-05-04,70.76985931396484,70.89780288941466,69.11866006272429,69.80666159250394,133568000
2020-05-05,71.83203125,72.66245995311394,71.0836788601292,71.2285224464027,147751200
2020-05-06,72.5731430053711,73.20320267035598,72.14827044329485,72.5321011645588,142333600
2020-05-07,73.32389831542969,73.66911092684012,72.89661676334377,73.19837114485792,115215200
2020-05-08,75.06914520263672,75.122398042806,73.65553308459083,73.98231154076618,133838400
2020-05-11,76.25035858154297,76.7441494175839,74.36957144120983,74.57774424961227,145946400
2020-05-12,75.37896728515625,77.38319884408511,75.25793879153254,76.93296900656856,162301200
2020-05-13,74.46884155273438,76.47791927324582,73.39410778103768,75.55809815483286,200622400
2020-05-14,74.92631530761719,74.98682954910396,72.98743664654351,73.70876906438306,158929200
2020-05-15,74.48335266113281,74.52934407916516,72.66792527667609,72.70181680027588,166348400
2020-05-18,76.2382583618164,76.611028150083,75.11511790410643,75.80498172029709,135178400
2020-05-19,75.7977294921875,77.0999898949941,75.76626090152799,76.25521336264156,101729600
2020-05-20,77.27183532714844,77.34202651721908,76.61585573751951,76.6545857322091,111504800
2020-05-21,76.69575500488281,77.67366726497515,76.4585365069764,77.13387754437865,102688800
2020-05-22,77.1895523071289,77.27185079219365,76.33266854723075,76.43432834001963,81803200
2020-05-26,76.66670227050781,78.48454498542678,76.6110265113562,78.3054252019707,125522000
2020-05-27,77.000732421875,77.14596806852482,75.78560919845494,76.52388732434491,112945200
2020-05-28,77.03462219238281,78.29089831885972,76.4004341829612,76.67637525704153,133560800
2020-05-29,76.95960235595703,77.73660324937043,76.60377827424547,77.27669643163954,153532400
2020-06-01,77.90604400634766,78.02707250180976,76.78289602270274,76.91360886615988,80791200
2020-06-02,78.2667007446289,78.29090791932163,77.19922860751555,77.63977407114822,87642800
2020-06-03,78.69757080078125,78.9589964979716,78.0149682866651,78.58622664893751,104491200
2020-06-04,78.0197982788086,78.81858326292213,77.64702850562604,78.52085794063949,87560400
2020-06-05,80.24188232421875,80.30239656428226,78.24007392223491,78.26911957554665,137250400
2020-06-08,80.71632385253906,80.75021537775042,79.23009773769596,79.93932296340279,95654400
2020-06-09,83.26519012451172,83.6573213064147,80.3653518160227,80.39682040985336,147712400
2020-06-10,85.40738677978516,85.87455499385788,83.77350211039672,84.21162466782144,166651600
2020-06-11,81.30694580078125,84.97653085136815,81.20528599627451,84.55293109627195,201662400
2020-06-12,82.00892639160156,84.18743986302304,80.90030834197822,83.44190739196993,200146000
2020-06-15,83.02310943603516,83.67424321088224,80.5032957450343,80.66547714891838,138808800
2020-06-16,85.22340393066406,85.49451390772815,83.44186840333514,85.07332981023045,165428800
2020-06-17,85.10481262207031,86.02704912393895,84.98378413219785,85.96653487900272,114406400
2020-06-18,85.13870239257812,85.55504068464955,84.53113702208627,85.06124238777585,96820400
2020-06-19,84.65216064453125,86.30782937031772,83.54595856056092,85.84308414219812,264476000
2020-06-22,86.86698913574219,87.00980187063504,84.99830891368086,85.0443003318489,135445200
2020-06-23,88.72112274169922,90.13715720348478,87.68995789692363,88.10871902854637,212155600
2020-06-24,87.15503692626953,89.26819705246864,86.78226710315806,88.35079901624333,192623200
2020-06-25,88.31208038330078,88.3508103921037,86.55232854521968,87.30996818337783,137522400
2020-06-26,85.59858703613281,88.4282329304763,85.45092847846783,88.2079602539536,205256800
2020-06-29,87.57138061523438,87.66578639039905,85.02978213117639,85.5066347136651,130646000
2020-06-30,88.30240631103516,88.58803923582462,87.14053545970367,87.15989677286147,140223200
2020-07-01,88.1353759765625,88.92206127344404,88.08696900587378,88.37985592496987,110737200
2020-07-02,88.1353759765625,89.67486242954287,88.02161627129679,89.04067423366814,114041600
2020-07-06,90.49301147460938,90.96017971455592,89.52962194946613,89.56109054157537,118655600
2020-07-07,90.21221923828125,91.6476154008952,90.10087509241899,90.87061453958542,112424400
2020-07-08,92.31328582763672,92.34475442259624,91.10057777662374,91.18772214628044,117092000
2020-07-09,92.7102279663086,93.25727160992973,91.66454024632048,93.20401878936576,125642800
2020-07-10,92.8724136352539,92.93051232943125,91.69602034280251,92.30600122922262,90257200
2020-07-13,92.44398498535156,96.77922651804644,92.23097365442625,94.17469096863013,191649200
2020-07-14,93.97379302978516,94.16501274371473,90.89482765300735,91.82674120591236,170989200
2020-07-15,94.62007141113281,96.09419752364778,93.42430934647335,95.84487913129125,153198000
2020-07-16,93.4557876586914,94.31024858615012,92.85790656415841,93.49451766571708,110577600
2020-07-17,93.26697540283203,94.06092201052024,92.79496133182224,93.90600938284572,92186800
2020-07-20,95.2324447631836,95.37041896959599,93.01036418544989,93.3540882350577,90318000
2020-07-21,93.91808319091797,96.09659542988256,93.66876486349388,96.02155837705527,103433200
2020-07-22,94.18195343017578,94.86213298167614,93.53324246932021,93.62037944003524,89001600
2020-07-23,89.89512634277344,93.99314942038049,89.08665688068213,93.91568941051719,197004400
2020-07-24,89.67242431640625,90.01614846898383,86.31267234298356,88.09663844239333,185438800
2020-07-27,91.79768371582031,91.88966654711753,90.50994623863684,90.7326345162056,121214000
2020-07-28,90.28968811035156,91.5459645894224,90.28484224245163,91.36926031193099,103625600
2020-07-29,92.02037048339844,92.20433612820618,90.73504867705178,90.77135574195019,90329200
2020-07-30,93.13386535644531,93.23794810661174,90.78833214151663,91.19498617960477,158130000
2020-07-31,102.8839111328125,103.03398529349649,97.6215868383854,99.61614157613516,374336800
2020-08-03,105.476318359375,108.09053052398437,104.46452205826068,104.76224738585148,308151200
2020-08-04,106.18071746826172,107.26997389606046,104.94380243901392,105.6651349105181,173071600
2020-08-05,106.56556701660156,106.88508394782573,105.43758079842524,105.90233336993235,121776800
2020-08-06,110.2835922241211,110.7773905993439,106.30902020460445,106.89721697372634,202428800
2020-08-07,107.77619934082031,110.26175680038186,106.98082124977309,109.80586800423681,198045600
2020-08-10,109.34268951416016,110.35873735584337,106.69708588297902,109.21901552378732,212403600
2020-08-11,106.09086608886719,109.10505737675727,105.83139636601508,108.60794885006547,187902400
2020-08-12,109.6167221069336,109.87376452711321,106.98566715289093,107.17965891895842,165598000
2020-08-13,111.55667114257812,112.55817011651827,110.50667052619417,110.99408465160128,210082000
2020-08-14,111.45724487304688,111.54696624880587,109.65066604650143,111.3820725095563,165565200
2020-08-17,111.16625213623047,112.60181637912858,110.54062239475888,112.57756555807367,119561600
2020-08-18,112.09256744384766,112.5169308684593,110.58425829007268,110.91890034610189,105633600
2020-08-19,112.23320770263672,113.64452094897047,112.13863913268811,112.49995190044544,145538000
2020-08-20,114.72362518310547,114.8375973733061,112.2574641314498,112.27444044495672,126907200
2020-08-21,120.63562774658203,121.1181872782855,115.66935990258521,115.68148161330981,338054800
2020-08-24,122.0784683227539,124.91807177754512,120.21612051624737,124.83319019483912,345937600
2020-08-25,121.07695770263672,121.42130160395935,119.35768029886763,120.95329109467639,211495600
2020-08-26,122.72348022460938,123.17936898693925,121.32671591454528,122.39126546065715,163022400
2020-08-27,121.25640869140625,123.65709200762272,120.11425938434616,123.32487721481381,155552400
2020-08-28,121.05998229980469,122.64588380173389,120.83688511649021,122.2287948592591,187630000
2020-08-31,125.1653823852539,127.06653708598974,122.2166692582802,123.74922926791106,225702700
2020-09-01,130.1510467529297,130.75244043183687,126.61064913629612,128.77368605712132,151948100
2020-09-02,127.45452117919922,133.8369490459464,123.18664339139957,133.45865994566697,200119000
2020-09-03,117.25039672851562,124.97138507910603,116.88180945410002,123.09934328509381,257599600
2020-09-04,117.32801818847656,119.98574406174012,107.56038329847304,116.46474218511382,332607200
2020-09-08,109.43241119384766,115.4171459794859,109.29661549435876,110.5284785969539,231366600
2020-09-09,113.79730224609375,115.56265389882519,111.79915900187885,113.7391061983007,176940500
2020-09-10,110.0822982788086,116.88181506989982,109.12202651754133,116.74601936225844,182274400
2020-09-11,108.63706970214844,111.77008845058923,106.69712202889578,111.12990216626557,180860300
2020-09-14,111.89614868164062,112.4490333059739,109.41301877590674,111.27536620520715,140150100
2020-09-15,112.07076263427734,115.26197700807842,110.19871308977739,114.77699015613865,184642000
2020-09-16,108.76314544677734,112.51694623083202,108.6758513682307,111.77006975767836,154679000
2020-09-17,107.02689361572266,108.83104527474275,105.4458391619844,106.42551466292394,178011000
2020-09-18,103.63198852539062,107.5506832359034,102.90450823656477,107.08509999522968,287104900
2020-09-21,106.77471923828125,106.88141694986336,100.00429875934016,101.40106341982381,195713800
2020-09-22,108.4527587890625,109.47123415071694,105.88233436259476,109.29663858587081,183055400
2020-09-23,103.90357971191406,108.74374613747926,103.56408301527631,108.2684611226227,150718700
2020-09-24,104.97055053710938,106.93959588038079,101.84723417179123,102.01212791770884,167743300
2020-09-25,108.90863800048828,109.0638373334494,104.43705897382922,105.17424100477153,149981400
2020-09-28,111.50816345214844,111.85735453793174,109.39362072171006,111.5566650919616,137672400
2020-09-29,110.66429138183594,111.84766043177646,110.15990833447874,111.11048577797068,99382200
2020-09-30,112.33265686035156,113.7391232285353,110.20841939441779,110.3733131547286,142675200
2020-10-01,113.28323364257812,114.18530951408272,112.35205974301084,114.1077098390407,116120400
2020-10-02,109.62642669677734,111.90587086149135,108.85045216012577,109.50033277715342,144712000
2020-10-05,113.0019302368164,113.14742776439395,110.14051092914185,110.4897020352033,106243800
2020-10-06,109.76221466064453,112.63333559022071,108.87953514429641,112.22594105943094,161498200
2020-10-07,111.62457275390625,112.08046156708008,110.70309331868141,111.17838574960963,96849000
2020-10-08,111.51788330078125,112.90494606027923,111.14928853931941,112.75944851761336,83477200
2020-10-09,113.45781707763672,113.48691510258755,111.46936816913343,111.81855926916633,100506900
2020-10-12,120.66471862792969,121.42129686008033,115.69845107798898,116.45502931013961,240226800
2020-10-13,117.46379852294922,121.62498605023444,116.05733979847938,121.50858655705257,262330500
2020-10-14,117.55110931396484,119.33585728240598,116.02825097556021,117.36681195189107,150712000
2020-10-15,117.08551788330078,117.56080289760202,114.60238771843201,115.15527240046332,112559200
2020-10-16,115.44625854492188,117.90029805270329,115.24256497002679,117.63840102761567,115393800
2020-10-19,112.4975357055664,116.80421323996534,112.18714446524658,116.358026294525,120639300
2020-10-20,113.98158264160156,115.40744480290577,112.15802781204344,112.71091238476241,124423700
2020-10-21,113.36082458496094,115.14557257156684,112.9534300225298,113.16682541230045,89946000
2020-10-22,112.27445220947266,114.49569279996962,111.14927920105526,113.92340448698165,101988000
2020-10-23,111.58577728271484,113.05043966735408,110.84859518576691,112.89524032049677,82572600
2020-10-26,111.59546661376953,113.05042702646372,109.49061825916863,110.58669317293085,111850700
2020-10-27,113.09892272949219,113.75850508779021,111.10077943831497,112.02225141814819,92276800
2020-10-28,107.86106872558594,111.96406058991157,107.76407283902445,111.59547326085323,143937800
2020-10-29,111.85736083984375,113.41901900582575,108.83104039265947,108.99594153712782,146129200
2020-10-30,105.5913314819336,108.6273463236584,104.48556211975591,107.72527053869118,190272600
2020-11-02,105.50402069091797,107.35667373960923,104.09756199136386,105.8338155489353,122866900
2020-11-03,107.12388610839844,108.14235394209176,105.46523215040254,106.36730788899447,107624400
2020-11-04,111.49847412109375,112.119256698551,108.97654397513469,110.71279779031768,138235500
2020-11-05,115.4559555053711,116.02824377297978,113.3608163942021,114.40838224963099,126387100
2020-11-06,115.32479095458984,115.8203256136095,112.83736946099638,114.96527887670223,114457900
2020-11-09,113.02198028564453,118.53121707167843,112.75963885381937,117.083465097586,154515300
2020-11-10,112.68191528320312,114.25597883957684,110.8940807658282,112.27382528066764,138023400
2020-11-11,116.10210418701172,116.23813418126791,113.13858512576901,113.86732041488949,112295000
2020-11-12,115.83004760742188,117.1126214574974,115.20819406878398,116.22842646880996,103162300
2020-11-13,115.87862396240234,116.27699537989376,114.52803521767761,116.05352071993178,81581900
2020-11-16,116.88916015625,117.55959167779801,114.80011721095168,115.54828228699445,91183000
2020-11-17,116.00494384765625,117.24865091924097,115.5871353083196,116.16041093814378,74271000
2020-11-18,114.68350982666016,116.42275908285534,114.65436159878705,115.24706694247119,76322100
2020-11-19,115.27619934082031,115.68428930116418,113.4980835539356,114.25596702688232,74113000
2020-11-20,114.01305389404297,115.40250938194856,113.96447599254086,115.27619794234921,73604300
2020-11-23,110.62203216552734,114.28514625847261,110.52486892820643,113.85761911856477,127959300
2020-11-24,111.90458679199219,112.56530706965945,109.39773567263003,110.68031687022992,113874200
2020-11-25,112.74020385742188,113.43979090606146,111.90458681744444,112.27381743371453,76499200
2020-11-27,113.28431701660156,114.15880077486167,112.92481238098438,113.26488733889717,46691300
2020-11-30,115.67459869384766,117.5401594833683,113.49810369299398,113.6535707986605,169410200
2020-12-01,119.24053955078125,119.9692749139944,116.60737666127397,117.57902381222483,127728200
2020-12-02,119.59031677246094,119.87209529729249,117.46240743053765,118.56036589233359,89004200
2020-12-03,119.45429229736328,120.27047227200518,118.74498667961886,120.0178419599632,78967600
2020-12-04,118.78386688232422,119.37657225081612,118.07456118438024,119.12394191020984,78260400
2020-12-07,120.2413330078125,121.038083362331,118.7838623046875,118.84215876062711,86712000
2020-12-08,120.85346221923828,121.43645640289948,119.6000365852931,120.84375108576852,82225500
2020-12-09,118.32717895507812,122.37894545635208,117.5692954268489,120.99920839659741,115089200
2020-12-10,119.74575805664062,120.35790032846346,116.74337278978942,117.0834477113147,81312200
2020-12-11,118.93932342529297,119.27939842297663,117.13205925122674,118.95875310526962,86939800
2020-12-14,118.32717895507812,119.85266455789507,118.09398573402578,119.12392925566253,79184500
2020-12-15,124.2542495727539,124.27368666937784,120.61057232920147,120.81461736527078,157243700
2020-12-16,124.18621063232422,124.73033062366706,122.9716517851633,123.79755773169585,98208600
2020-12-17,125.05097961425781,125.90603381216341,124.40968896582861,125.24530607028412,94359800
2020-12-18,123.06880950927734,125.43963050234059,122.54411925279229,125.30360051877908,192541500
2020-12-21,124.59430694580078,124.672040495101,119.94983486476208,121.47532055765235,121251600
2020-12-22,128.1408233642578,130.59908932336018,125.97403967211778,127.87847449783371,168904800
2020-12-23,127.24691009521484,128.67521768491736,127.07200590849821,128.4128836440795,88223700
2020-12-24,128.228271484375,129.67603102914552,127.3829432351903,127.59670678746939,54930100
2020-12-28,132.81443786621094,133.44600251933943,129.72459253226933,130.19099379190865,124486200
2020-12-29,131.0460205078125,134.85487480481046,130.53104880605997,134.1358655444837,121047300
2020-12-30,129.92868041992188,132.13432398091498,129.6177461619134,131.73594502265215,96452100
2020-12-31,128.9279022216797,130.91978245491646,127.98540301121395,130.2784915810847,99116600
2021-01-04,125.74085235595703,129.82176713240116,123.16598610776015,129.7343224533574,143301900
2021-01-05,127.29552459716797,128.00483789663144,124.78867244606262,125.2356367878319,97664900
2021-01-06,123.01053619384766,127.33437075749549,122.79677262000745,124.09878374563415,155088000
2021-01-07,127.20804595947266,127.89792197499627,124.2348079857969,124.72063157172194,109578200
2021-01-08,128.30601501464844,128.8695721666665,126.53761000388556,128.67523086681507,105158200
2021-01-11,125.32305145263672,126.47931399049689,124.85666494889938,125.5271038877366,100384500
2021-01-12,125.14813995361328,126.0129052139805,123.26314235039197,124.85664288048969,91951100
2021-01-13,127.17888641357422,127.72300640920702,124.84693933910279,125.10927337732423,88636800
2021-01-14,125.25502014160156,127.2857588427231,125.10926419379747,127.09143240514113,90221800
2021-01-15,123.53521728515625,126.52789226757409,123.39918727805356,125.12871800814145,111598500
2021-01-19,124.20565032958984,125.0607045202907,123.34088500532488,124.15706500945309,90757300
2021-01-20,128.2865447998047,128.7335089174472,124.90521758681017,125.01209934367105,104319500
2021-01-21,132.98931884765625,135.70993338633443,129.80231790485385,130.00637029637122,120150900
2021-01-22,135.126953125,135.88483658611096,131.19177987621222,132.41604973812463,114459400
2021-01-25,138.86781311035156,140.97628571065687,132.6686993609781,139.0135690829673,157611700
2021-01-26,139.10101318359375,140.20869037046396,137.3617564370404,139.52854031294,98390600
2021-01-27,138.03216552734375,140.208660067174,136.42895396495652,139.3633171255217,140843800
2021-01-28,133.20310974121094,137.9641898687069,132.82416793009364,135.56422012291074,142621100
2021-01-29,128.2185516357422,132.86302336292994,126.51816929301403,131.9788209864335,177523800
2021-02-01,130.3367156982422,131.54156320206033,127.2177225988055,129.95777399701672,106239800
2021-02-02,131.16265869140625,132.44522526454477,130.79342801715512,131.88166811874655,83305400
2021-02-03,130.1423797607422,131.92049525214782,129.82173452529324,131.91076929503612,89880900
2021-02-04,133.49465942382812,133.50437056213588,130.77404325496124,132.4355671278361,84183100
2021-02-05,133.08099365234375,133.72324245824956,132.20521062487953,133.65513325973174,75693800
2021-02-08,133.22698974609375,133.27564766652046,131.29051736028654,132.37065786118401,71297200
2021-02-09,132.35121154785156,134.1709170758531,132.1955269668042,132.9448026300194,76774200
2021-02-10,131.74786376953125,133.3048279995829,130.7844904817518,132.80853804149436,73046600
2021-02-11,131.49484252929688,132.72094164331565,130.17142759822354,132.24411789704274,64280000
2021-02-12,131.72840881347656,131.88410821935858,130.0936095966532,130.73585850968206,60145100
2021-02-16,129.60708618164062,132.35121823326722,129.21783758857316,131.8452173347529,80576300
2021-02-17,127.3202896118164,128.66317119438432,125.98714852369966,127.7192638281322,97918500
2021-02-18,126.22068786621094,126.50288006540657,123.98255701846796,125.7243978338029,96856700
2021-02-19,126.3763656616211,127.19378012757379,125.33515742569439,126.73642239782728,87668800
2021-02-22,122.6104965209961,126.23042665376691,122.22125536466936,124.56642052486617,103916400
2021-02-23,122.47423553466797,123.30136816472337,115.20518512538801,120.43072920624994,158273000
2021-02-24,121.97797393798828,122.18232386351377,118.94190941685854,121.5790071569596,111039900
2021-02-25,117.73524475097656,123.05809741548158,117.29735317502876,121.32598240071049,148199500
2021-02-26,117.99799346923828,121.49141551253575,117.93960247752109,119.29220956982277,164560400
2021-03-01,124.35235595703125,124.48858926018958,119.48685963235278,120.42103403579206,116307900
2021-03-02,121.75415802001953,125.25731317881322,121.6471165286429,124.95565484356455,102260900
2021-03-03,118.77648162841797,122.32829506323422,118.5623986243893,121.4525043304613,112966300
2021-03-04,116.89838409423828,120.27503892466773,115.42900990064756,118.47480719948628,178155000
2021-03-05,118.1536865234375,118.65970219404976,114.40725661331615,117.72552798386944,153766600
2021-03-08,113.22978210449219,117.74496014762576,113.0838157930319,117.6768435254983,154376600
2021-03-09,117.83255004882812,118.77645723226702,115.59442688495044,115.827968557669,129525800
2021-03-10,116.75243377685547,118.88351576641335,116.23668501538924,118.41643235397203,111943300
2021-03-11,118.67916107177734,119.89553490297892,117.99799469596714,119.24356031125248,103026500
2021-03-12,117.77416229248047,117.9103955487277,115.95447204511132,117.16111263936789,88105100
2021-03-15,120.65454864501953,120.6642817142442,117.18058534747087,118.14395874848536,92403800
2021-03-16,122.1920394897461,123.79765430298438,121.36490683570095,122.31853968534864,115227900
2021-03-17,121.40382385253906,122.47423118424491,119.04891881379946,120.71292450730932,111932600
2021-03-18,117.28763580322266,119.86634995731801,117.08328587882134,119.57441725151209,121229700
2021-03-19,116.76216125488281,118.16342636251116,116.46050290360724,116.67458589773459,185549500
2021-03-22,120.07067108154297,120.53776181396455,117.02487423771213,117.09299086284075,111912300
2021-03-23,119.24357604980469,120.89784170891704,118.85433488761423,120.01232530348747,95467100
2021-03-24,116.85945892333984,119.59387224546333,116.84000020937296,119.51602254128295,88530500
2021-03-25,117.34601593017578,118.38723908571315,115.79879193762964,116.32426633816141,98844700
2021-03-26,117.94933319091797,118.21207408800578,115.72093550893463,117.11246742653448,94071200
2021-03-29,118.1244888305664,119.28247903408416,117.48224734126221,118.37749665321657,80819200
2021-03-30,116.67457580566406,117.16112532326552,115.66255191815422,116.8789257121579,85671900
2021-03-31,118.86405181884766,120.19719278132602,117.89095275757859,118.37750228821312,118323800
2021-04-01,119.69116973876953,120.83942678607517,119.19488720011346,120.33341860340158,75089100
2021-04-05,122.51314544677734,122.76615322395301,119.75927394764648,120.53775598934625,88651200
2021-04-06,122.81482696533203,123.71007628588559,122.26989388745704,123.09702657327624,80171300
2021-04-07,124.4593734741211,124.47883218903853,121.77361794195266,122.44505868103397,83466700
2021-04-08,126.85319519042969,126.88238697462579,125.0626964676061,125.48112193995918,88844600
2021-04-09,129.42218017578125,129.46109760648577,125.9871415439433,126.30826602843275,106686700
2021-04-12,127.70954132080078,129.27623158953074,127.1159502289636,128.95510707935833,91420000
2021-04-13,130.81370544433594,131.03752892907758,128.380957683949,128.87724772998885,91266500
2021-04-14,128.4782257080078,131.36833015937881,128.11818392495562,131.3099466105929,87222800
2021-04-15,130.8818359375,131.36838551347583,130.04497007288896,130.22013564136392,89347100
2021-04-16,130.55096435546875,131.04723949609195,129.69463249088383,130.6871976204425,84922400
2021-04-19,131.21267700195312,131.82573417670255,129.75302837507442,129.91845343765638,94264200
2021-04-20,129.52920532226562,131.88410306298763,128.26417368348118,131.38782793049364,94812300
2021-04-21,129.90870666503906,130.15198139662152,127.76789199677557,128.79937448295544,68847100
2021-04-22,128.39071655273438,130.54125756563838,127.87497514158638,129.46111681150813,84566500
2021-04-23,130.7066650390625,131.4851323617936,128.60476763173878,128.60476763173878,78657500
2021-04-26,131.0959014892578,131.426751593288,129.9671030596472,131.20294297565732,66905100
2021-04-27,130.77479553222656,131.76736083305914,130.5023289552631,131.3781122600293,66015800
2021-04-28,129.98660278320312,131.38786811328342,129.50005314627617,130.69696109558785,107760100
2021-04-29,129.88925170898438,133.38268843991688,128.886960916459,132.79882309453924,151101000
2021-04-30,127.9236068725586,129.96710595621136,127.54409883928643,128.23499084555246,109839500
2021-05-03,128.9745635986328,130.4634190600625,128.2836714700979,128.48801399046965,75135100
2021-05-04,124.41070556640625,127.95279275381809,123.29164023246338,127.66086008438737,137564700
2021-05-05,124.65399169921875,126.94076551104096,124.5274840738415,125.72439172337612,84000900
2021-05-06,126.24988555908203,126.25961120491856,123.71008883004946,124.44964624226809,78128300
2021-05-07,126.92247009277344,127.94594783933177,126.2108903922729,127.54631080549646,78973300
2021-05-10,123.64727783203125,126.26935540308767,123.60828686336556,126.14264776926625,88071200
2021-05-11,122.73102569580078,123.08192956770212,119.67029762868589,120.38186984814409,126142800
2021-05-12,119.67028045654297,121.49306907963458,119.1634127705143,120.28437887697672,112172300
2021-05-13,121.81473541259766,122.96494285084451,121.12266251691543,121.43458279999426,105861300
2021-05-14,124.23211669921875,124.66100988052594,122.67251527187383,123.06241748790161,81918000
2021-05-17,123.0819320678711,123.72527195908786,122.00970635261075,123.61804864388507,74244600
2021-05-18,121.69778442382812,123.78375308679564,121.62955208202142,123.3646094337638,63342900
2021-05-19,121.54181671142578,121.76600548369002,119.75801895076617,120.050447495282,92612000
2021-05-20,124.09566497802734,124.49531683623646,121.94146411990351,122.06818662946591,76857100
2021-05-21,122.26312255859375,124.76823446881733,122.04867596571786,124.5927788416249,79295400
2021-05-24,123.89097595214844,124.70977148763245,122.76026751533502,122.82849985689472,63092900
2021-05-25,123.6960220336914,125.08017543327662,123.1306641265909,124.59279202902988,72009500
2021-05-26,123.64727783203125,124.17364475386753,123.22813421483384,123.75450113667013,56575900
2021-05-27,122.11691284179688,124.41732784538095,121.92196544288971,123.24762857840483,94625600
2021-05-28,121.46385192871094,122.6238092325372,121.40536918625511,122.39961299184344,71311100
2021-06-01,121.14216613769531,122.18515038351808,120.8107540580726,121.9219706400981,67637100
2021-06-02,121.9024658203125,122.07792145343016,120.9179717914318,121.14216055572481,59278900
2021-06-03,120.42083740234375,121.69775987143738,120.02118559755706,121.5320538514475,76229200
2021-06-04,122.71151733398438,122.97470451422886,120.72302254551224,120.93746915555829,75169300
2021-06-07,122.72123718261719,123.13063110066896,121.67825318942909,122.98441686228902,71057600
2021-06-08,123.54006958007812,125.21665168991701,123.02345219665295,123.40360489150423,74403800
2021-06-09,123.92021942138672,124.52456834027448,123.32562010482052,123.99820136642403,56877900
2021-06-10,122.92596435546875,124.95345011953233,122.76025831506651,123.81298472926724,71186400
2021-06-11,124.13465118408203,124.22238272093318,122.91621132668672,123.33535493510138,53522400
2021-06-14,127.18563079833984,127.24411353581664,123.86173050218788,124.59279446771667,96906500
2021-06-15,126.36682891845703,127.30259723643738,126.12314095657528,126.6592574474217,62746300
2021-06-16,126.86395263671875,127.58527439037435,125.2166344350542,127.07839924257492,91815000
2021-06-17,128.46258544921875,129.2034066377203,126.37661634337682,126.52283809699388,96721700
2021-06-18,127.16612243652344,128.1895998960208,126.95167585727805,127.40981037898122,108953300
2021-06-21,128.9596710205078,129.066894317528,125.94769141357571,127.01016734634604,79663300
2021-06-22,130.59727478027344,130.69475593415476,128.2968593599112,128.79399242175575,74783600
2021-06-23,130.3242950439453,130.92865119213846,129.8661605700781,130.39253480000346,60214200
2021-06-24,130.0416717529297,131.240612583958,129.57378007008424,131.0554073186903,68711000
2021-06-25,129.74923706054688,130.50954241745376,129.4568084909208,130.09040620403312,70783700
2021-06-28,131.3770751953125,131.8352098315601,129.98318695524438,130.04166969629122,62111300
2021-06-29,132.88792419433594,133.0438880631515,130.9579196567259,131.3965550234282,64556100
2021-06-30,133.50201416015625,133.94064949902392,132.43952338561445,132.73195190270366,63261400
2021-07-01,133.80421447753906,133.86269721920397,132.33232940247316,133.15113240638843,52485800
2021-07-02,136.42633056640625,136.46531411179538,134.2721215635701,134.4183284507029,78852600
2021-07-06,138.43426513671875,139.53572463895688,136.53350195950557,136.53350195950557,108181800
2021-07-07,140.9198760986328,141.231788943126,139.05809657469072,139.91586805219615,104911600
2021-07-08,139.62344360351562,140.42273229042033,137.1183245101573,138.00535215692446,105575500
2021-07-09,141.44625854492188,141.97261806281588,139.04836216143113,139.1458433075578,99890800
2021-07-12,140.8516387939453,142.62569425576672,140.36426288116348,142.51847096001342,76299700
2021-07-13,141.96286010742188,143.7369156295679,140.00361422588887,140.39350901995923,100827100
2021-07-14,145.3842315673828,145.79364043052715,143.95134516697595,144.3607540301203,127050800
2021-07-15,144.73118591308594,146.21281325196273,143.37628110522587,145.4720070192926,106820300
2021-07-16,142.6939239501953,145.97883295333372,142.19680585690423,144.71166743629377,93251400
2021-07-19,138.85342407226562,140.43253247911716,138.09311867670348,140.12060468938105,121434600
2021-07-20,142.45999145507812,143.38601770583355,139.35054523026795,139.83792120496685,96350000
2021-07-21,141.72894287109375,142.4405225803077,140.97839449756518,141.8556653977963,74993500
2021-07-22,143.09356689453125,144.45821346206498,142.1285572602189,142.25527975346566,77338200
2021-07-23,144.80917358398438,144.9651374939281,143.21058069090384,143.8246792903466,71447400
2021-07-26,145.22830200195312,146.04709009069717,143.97086362595675,144.52647939059113,72434100
2021-07-27,143.0643310546875,145.44272791296905,141.87513262554674,145.35498894389306,104818600
2021-07-28,141.31951904296875,143.25928057886588,138.94112214929507,141.15381301329907,118931200
2021-07-29,141.96286010742188,142.8498878684949,140.92962551695572,141.03684881635502,56699500
2021-07-30,142.1773223876953,142.63545700170118,140.47150644681145,140.73469364228038,70440600
2021-08-02,141.84591674804688,143.2398049839172,141.58272954059322,142.66470486730785,62880000
2021-08-03,143.63946533203125,144.30228959895823,141.51449808960257,142.12859665195967,64786600
2021-08-04,143.23980712890625,144.05859526042843,142.58672505684436,143.55173491626834,56368300
2021-08-05,143.34701538085938,144.107320690727,142.47948676454712,143.26903344221475,46397700
2021-08-06,142.6636962890625,143.6106236198985,142.16583326910765,142.8687074712915,54126800
2021-08-09,142.6148223876953,143.2103123656707,142.05838923545102,142.72220631473397,48908700
2021-08-10,142.13650512695312,144.19631350606738,141.84363848192044,142.9565198163916,69023100
2021-08-11,142.39035034179688,143.22989365517753,142.06819844175104,142.57583309295842,48493500
2021-08-12,145.3482666015625,145.50446416374155,142.37081574173467,142.71249604702388,72282600
2021-08-13,145.5532684326172,145.88517705910473,144.7430103885552,145.42635605950554,59375000
2021-08-16,147.52525329589844,147.59359533250273,142.98587035804644,145.00662283051844,103296000
2021-08-17,146.61734008789062,148.07188700426227,145.5435005089824,146.6563820290242,92229700
2021-08-18,142.87841796875,147.13470375005627,142.6734068529053,146.2365903149313,86326000
2021-08-19,143.21035766601562,144.4794367790495,141.06269334170713,141.5800847276963,86960300
2021-08-20,144.66490173339844,144.9675251601663,143.28843882859866,143.9327425154178,60549600
2021-08-23,146.14874267578125,146.6173203855108,144.3720292286724,144.78203658666285,60131800
2021-08-24,146.0608673095703,147.27137582254224,145.6020463753851,145.8949130199866,48606400
2021-08-25,144.8308563232422,146.74423897086186,144.28417982272728,146.24636116832204,58991300
2021-08-26,144.03033447265625,145.57275146160703,144.00104929973693,144.82107882892396,48597200
2021-08-27,145.06515502929688,145.21158091727293,143.33725507209095,143.97178711441077,55802400
2021-08-30,149.4776153564453,149.83882401907485,145.07490345956626,145.45562564226032,90956700
2021-08-31,148.21832275390625,149.16524992421503,147.6911597437249,149.0285807911714,86453100
2021-09-01,148.8821563720703,151.2934023311897,148.71620204197066,149.1945515081308,80313700
2021-09-02,149.99502563476562,151.0395800272227,148.77476016459727,150.20979354918074,71115500
2021-09-03,150.6295623779297,150.9517142276546,149.44833892893834,150.10239938899159,57808700
2021-09-07,152.9627227783203,153.51915609845358,150.71743128739138,151.28363626481305,82278300
2021-09-08,151.4202880859375,153.30437064554417,150.31716343749,153.24580029178898,74420200
2021-09-09,150.40505981445312,152.3965266648195,150.28790419091163,151.79127971049815,57305700
2021-09-10,145.42636108398438,151.7814983871202,145.1627795675759,151.31292061025323,140893200
2021-09-13,145.9925537109375,147.81806596111582,145.21158088499752,147.04686479158386,102404300
2021-09-14,144.59658813476562,147.47642687466802,143.4153793726529,146.77355269563384,109296300
2021-09-15,145.4849395751953,145.88519025288556,142.88821089491876,145.0261185341006,83281300
2021-09-16,145.25064086914062,145.42636685232276,143.71799510025087,144.90897545621797,68034100
2021-09-17,142.58560180664062,145.27995796165817,142.29273506424897,145.27995796165817,129868800
2021-09-20,139.539794921875,141.3945924183066,137.90952209387459,140.37933813407227,123478900
2021-09-21,140.0181427001953,141.16032435989862,139.38361057442205,140.50624891873463,75834000
2021-09-22,142.38059997558594,142.94679012081193,140.28173414994058,141.01389352952881,76404300
2021-09-23,143.33726501464844,143.581318108749,142.1755699033987,143.16153904107028,64838200
2021-09-24,143.42510986328125,143.96202960944674,142.09746053449825,142.1950877231893,53477900
2021-09-27,141.91195678710938,142.48793328173883,140.39883985731234,142.0095839613355,74150700
2021-09-28,138.5343017578125,141.30674132874793,138.31953384357482,139.8424227657557,108972300
2021-09-29,139.4324188232422,141.013878143942,138.65144592439347,139.08098176355122,74602000
2021-09-30,138.13404846191406,140.9455448156453,137.9192805517919,140.2426707272125,89056700
2021-10-01,139.25668334960938,139.5202648503588,135.80089824481317,138.52452409983053,94639600
2021-10-04,135.83021545410156,138.82719517325862,134.98091529074117,138.38788760314102,98322000
2021-10-05,137.75332641601562,138.8564511470798,136.0449547897289,136.17186716291496,80861100
2021-10-06,138.62213134765625,138.76855721821823,135.0784763218966,136.15231569207103,83221100
2021-10-07,139.88143920898438,140.78932429837576,139.32500600229986,139.65691457441454,61732700
2021-10-08,139.50076293945312,140.75031377150447,139.16885425815033,140.6038878520535,58773200
2021-10-11,139.41287231445312,141.36529686032225,138.43666004151856,138.88572424122802,64452200
2021-10-12,138.14381408691406,139.84242905892054,137.68499305819657,139.82290063970592,73035900
2021-10-13,137.55804443359375,138.03637880787855,135.88871526309754,137.88019619968298,78762700
2021-10-14,140.3402862548828,140.45744186952987,138.1438084019397,138.72954178771872,69907100
2021-10-15,141.3945770263672,141.453147377337,140.09621296187518,140.35003767716657,67940300
2021-10-18,143.0639190673828,143.34701408719482,139.7545598847163,140.03765490452832,85589200
2021-10-19,145.22129821777344,145.62154873057395,143.06387794345443,143.5129271417754,76378900
2021-10-20,145.7094268798828,146.1877762179813,144.5965455732881,145.1627504339508,58418800
2021-10-21,145.9241943359375,146.08039186170322,144.35249211048287,145.2701339545865,61421000
2021-10-22,145.1529998779297,146.60754657748723,145.10418628692474,146.129212114762,58883400
2021-10-25,145.1042022705078,145.8168331110648,144.10846150842693,145.14324421012236,50720600
2021-10-26,145.76805114746094,147.25188335627817,145.46541277347194,145.77780790953028,60893400
2021-10-27,145.30921936035156,146.16827612937263,144.9577823061733,145.80708231384622,56094900
2021-10-28,148.9407196044922,149.52643805425132,146.1585085567286,146.256135746264,100077900
2021-10-29,146.23660278320312,146.37327190681347,142.92724374395107,143.7179733088264,124953200
2021-11-01,145.41661071777344,146.13899838558393,144.2842007193759,145.44589589912687,74588300
2021-11-02,146.45138549804688,147.96451766703325,145.11396440756303,145.12373606469237,69122000
2021-11-03,147.88641357421875,148.35499132920407,146.25614074482093,146.81257403590004,54511500
2021-11-04,147.3690643310547,148.80408318474133,147.05666914125726,147.97431139150908,60394600
2021-11-05,147.89691162109375,148.7963357946924,146.7041933888627,148.49327073720926,65463900
2021-11-08,147.07571411132812,148.18044870579655,146.80197694204415,148.02402320404659,55020900
2021-11-09,147.4374237060547,148.04355383183062,146.7041960051751,146.84106457930375,56787900
2021-11-10,144.61209106445312,146.77267581374304,144.54366421842147,146.6651351263565,65187100
2021-11-11,144.5631866455078,146.0882980655143,144.37743321812488,145.62882237351127,41000000
2021-11-12,146.63580322265625,147.03662312152338,144.18192440007093,145.11067671997742,63804000
2021-11-15,146.6455841064453,148.48354686753203,146.08832372641191,147.00730510695527,59222800
2021-11-16,147.62319946289062,148.102247003654,146.00031832566742,146.58690654221206,59256200
2021-11-17,150.05752563476562,151.53375230300938,147.61343285568483,147.6232038564801,88807000
2021-11-18,154.33956909179688,155.12168178008048,149.627365877677,150.2726099643279,137827700
2021-11-19,156.95962524414062,157.41911583313842,153.02952027938457,154.12446895909494,117305600
2021-11-22,157.41915893554688,161.99449424357113,157.3996020130381,158.064388202726,117467900
2021-11-23,157.80039978027344,158.18167763297342,155.5029467463392,157.51687668201387,96041900
2021-11-24,158.3185272216797,158.51405162465102,156.06995929361992,157.15513688529995,69463600
2021-11-26,153.30325317382812,156.8618512011978,152.86331951425362,156.0015407986573,76959800
2021-11-29,156.65658569335938,157.5853380225465,155.23899986098183,155.80603121042097,88748200
2021-11-30,161.60342407226562,161.8185054389282,156.34373142534065,156.41217318635103,174048100
2021-12-01,161.08526611328125,166.49159798116264,160.85062784337472,163.7346542506034,152052500
2021-12-02,160.09780883789062,160.52797144851237,154.27110143280012,155.190082479573,136739200
2021-12-03,158.2207794189453,161.27101721338744,156.14819360952984,160.35203598315746,118023100
2021-12-06,161.6230010986328,164.12575013017414,160.60624998109355,160.61602098349957,107497000
2021-12-07,167.35191345214844,167.7429772469704,164.57542763792551,165.2988844701773,120405400
2021-12-08,171.1647186279297,172.02504411674911,166.882663021836,168.28069194116756,116998900
2021-12-09,170.65631103515625,172.7973384356804,170.03062395661757,170.9984899495763,108923700
2021-12-10,175.43701171875,175.61299419110293,170.78346350878363,171.29183908522813,115402700
2021-12-13,171.8099365234375,178.0570365302883,171.6046261840087,177.06961358561998,153237000
2021-12-14,170.43148803710938,173.76523433574428,168.3589020297747,171.33091243496327,139380400
2021-12-15,175.29031372070312,175.48583813344078,168.45662585148168,171.1940123824784,131063300
2021-12-16,168.40777587890625,177.08919884301145,166.9315491019716,175.27079308478832,150185800
2021-12-17,167.3128204345703,169.59071677301714,165.89524955752734,166.12987292514003,195432700
2021-12-20,165.9539031982422,166.76534380811088,163.71512072913166,164.51677542044033,107499100
2021-12-21,169.12147521972656,169.32677069078633,165.3380088741713,167.72344617879446,91185900
2021-12-22,171.71217346191406,171.9272548095711,168.300214735498,169.17031112645324,92135300
2021-12-23,172.3378448486328,172.89510508509778,171.35043687369296,171.91746810959268,68356600
2021-12-27,176.2973175048828,176.38530127238838,173.11022561335014,173.12976761664484,74919600
2021-12-28,175.2805633544922,177.27495155456995,174.5375644683696,176.13111784462515,79144300
2021-12-29,175.3685302734375,176.59057652650236,174.1562550200767,175.31964543980357,62348900
2021-12-30,174.21490478515625,176.53191454419968,174.10736412193012,175.4565079119385,59773000
2021-12-31,173.59902954101562,175.2218958133562,173.29594950484335,174.1073900997929,64062300
2022-01-03,177.939697265625,178.7902515625947,173.73587028238754,173.85318194367048,104487900
2022-01-04,175.68138122558594,178.84893075193062,175.1143499260673,178.54586564233023,99310400
2022-01-05,171.00827026367188,176.14086475419518,170.73453308424857,175.59339039534856,94537600
2022-01-06,168.15359497070312,171.37980064842037,167.80164498917833,168.83793801323478,96904000
2022-01-07,168.3197479248047,170.24569386432273,167.20524242477114,169.02364770562122,86709100
2022-01-10,168.33935546875,168.6424206204467,164.40924966346103,165.29890311477462,106765600
2022-01-11,171.1647186279297,171.26247339503044,166.99998962694013,168.46644539148625,76138300
2022-01-12,171.6046142578125,173.21770927349675,170.91050037060046,172.18141648353657,74805200
2022-01-13,168.33935546875,172.6702811972984,167.9482916298187,171.84906951188285,84505800
2022-01-14,169.19967651367188,169.8937905683483,167.2639441267619,167.508353425533,80440800
2022-01-18,166.00279235839844,168.68150862321704,165.62151446360372,167.6745435442064,90956700
2022-01-19,162.5126190185547,167.25416515581253,162.22911080921511,166.19831524532339,94815000
2022-01-20,160.83108520507812,165.88546757565922,160.50846314939517,163.24585020445963,91420500
2022-01-21,158.7779998779297,162.61033443094894,158.67045923078265,160.7430445202844,122848900
2022-01-24,158.0056915283203,158.67049246380245,151.2404450916643,156.44148123567246,162294600
2022-01-25,156.20684814453125,159.1202024043847,153.5085752311325,155.4247355135648,115798400
2022-01-26,156.11888122558594,160.71377291639465,154.29070450112417,159.84367643647036,108275300
2022-01-27,155.65939331054688,160.17607231774176,154.74041197266266,158.81715723147198,121954600
2022-01-28,166.5209197998047,166.5404767176366,159.1593140383979,162.0042414218655,179935700
2022-01-31,170.87139892578125,171.0864802658057,165.71924760028926,166.3547206203823,115541600
2022-02-01,170.70521545410156,170.93006781127377,168.45664712970438,170.1186272242385,86213900
2022-02-02,171.90771484375,171.94682868403083,169.45385093947993,170.84209391826516,84914300
2022-02-03,169.033447265625,172.29876649074853,168.27089152715305,170.57811566132818,89418100
2022-02-04,168.7495880126953,170.4234840013588,167.07569202403184,168.05457472378333,82465400
2022-02-07,168.03500366210938,170.2766384169295,167.33999039041194,169.20965988540354,77251200
2022-02-08,171.13807678222656,171.6471000057892,167.80986639624405,168.1035342150904,74829200
2022-02-09,172.5574188232422,172.9196005956565,171.20655609241282,172.33228001362485,71285000
2022-02-10,168.4853057861328,171.77435265074166,167.92735034711362,170.46265325992954,90865900
2022-02-11,165.07876586914062,169.42500712943504,164.49143031742815,168.6908451580762,98670700
2022-02-14,165.31369018554688,165.99890498473425,163.04267549502603,163.83556797241158,86185500
2022-02-15,169.14112854003906,169.29775335068365,166.65477315145358,167.35956986279012,62527400
2022-02-16,168.90618896484375,169.67949961629867,166.4589825612284,168.22097415914394,61177400
2022-02-17,165.31369018554688,168.27970312361404,164.91234475439344,167.41828169802858,69589300
2022-02-18,163.76708984375,166.93866044821442,162.68052937533312,166.23387859788448,82772700
2022-02-22,160.84999084472656,163.16993775264925,158.72580252665216,161.4960419882263,91162800
2022-02-23,156.6897735595703,162.64136771002168,156.3765239008277,162.04424861753867,90009200
2022-02-24,159.30340576171875,159.4110834763149,148.79019822079562,149.35795208534202,141147500
2022-02-25,161.3687744140625,161.6330619155997,157.47281159186534,160.38009360125866,91974200
2022-02-28,161.63311767578125,161.92678549313706,158.99992064321486,159.61662156600548,95056600
2022-03-01,159.753662109375,163.08187242749526,158.54964050687724,161.2219862371019,83474400
2022-03-02,163.042724609375,163.82583387430233,159.50895693417934,160.91855062373517,79724800
2022-03-03,162.7196502685547,165.3430634011942,162.05401727070716,164.91235266773373,76678400
2022-03-04,159.72427368164062,162.05401907314567,158.67687705595137,161.01640589639365,83737200
2022-03-07,155.9359893798828,161.53519862355543,155.6814703637219,159.91025004561254,96418800
2022-03-08,154.11526489257812,159.4403881412621,152.50989817230385,155.4661275372027,131148300
2022-03-09,159.50889587402344,159.9591883833685,156.04365849416726,158.0699374448171,91454900
2022-03-10,155.17247009277344,157.00297572975708,152.68609998585092,156.81698565051138,105342000
2022-03-11,151.4624786376953,155.9163968116597,151.23733985445327,155.5737819765236,96970100
2022-03-14,147.4392852783203,150.86537421208124,146.9302771053436,148.2517595892854,108732100
2022-03-15,151.81492614746094,152.28480063427574,147.204396636905,147.71340492610565,92964300
2022-03-16,156.21987915039062,156.6212246232631,151.19822129277074,153.73352378158447,102300200
2022-03-17,157.22813415527344,157.60011436017203,154.30128444798586,155.26058530967927,75615400
2022-03-18,160.51719665527344,161.00663805311925,156.3863100625295,157.12047215929823,123511700
2022-03-21,161.8876190185547,162.83713639325782,159.56765695852218,160.05709828830467,95811400
2022-03-22,165.25497436523438,165.84229498697943,161.42753966012307,162.01486028186812,81532000
2022-03-23,166.61561584472656,168.9942934206818,164.1096638130363,164.4424952526729,98062700
2022-03-24,170.3940887451172,170.46260275503545,166.6156015912022,167.44764277770662,90131400
2022-03-25,171.03038024902344,171.57855215101324,169.1019802060181,170.20812239603873,80546200
2022-03-28,171.8917999267578,172.0190445148475,168.36781639958284,168.53422465828777,90371900
2022-03-29,175.1808319091797,175.22976408859992,172.61614940998814,172.95876428530602,100589400
2022-03-30,174.0159912109375,175.81713189197046,172.9685794955082,174.77951856347462,92633200
2022-03-31,170.9226837158203,174.2704602652505,170.71711180695456,174.08447018974397,103049300
2022-04-01,170.6290283203125,171.18699858724577,168.30908127405286,170.35494237968112,78751300
2022-04-04,174.6718292236328,174.72077634534207,170.75629847192283,170.88355800105404,76468400
2022-04-05,171.36317443847656,174.53475923368862,170.7366902126206,173.75165021722813,73401800
2022-04-06,168.20138549804688,169.96337702443967,166.53728819844997,168.72019203962893,89058800
2022-04-07,168.50486755371094,169.69910564386342,166.26323274049562,167.54556668896316,77594700
2022-04-08,166.4981689453125,168.15248323813117,165.6269638660641,168.15248323813117,76575500
2022-04-11,162.24978637695312,165.46052001953282,162.0050657338506,165.1472853633742,72246700
2022-04-12,164.11944580078125,166.28276779117587,163.12098145475815,164.4718441031093,79265200
2022-04-13,166.80160522460938,167.42808955183875,163.24827119923606,163.85517369033073,70618900
2022-04-14,161.7994842529297,167.653212444084,161.55476362429968,167.0169298477089,75329400
2022-04-18,161.58416748046875,163.08185675186522,160.11584349387897,160.45844346214486,69023900
2022-04-19,163.8649444580078,164.2760883021938,160.44865367684753,161.53521398147984,67723800
2022-04-20,163.6985626220703,165.3137281661249,162.59243524088046,165.1962520760154,67929800
2022-04-21,162.90565490722656,167.90774603308134,162.4064301142371,165.34307817395856,87227800
2022-04-22,158.3734130859375,164.32502122927878,158.08954369720692,162.94480808191494,84882400
2022-04-25,159.4403839111328,159.72425325965065,155.11372512050855,157.71754117840766,96046400
2022-04-26,153.48878479003906,158.91178747297153,153.41047239469103,158.8236916294158,95623200
2022-04-27,153.263671875,156.41566043489684,152.09879906936447,152.61760570667977,88063200
2022-04-28,160.1843719482422,161.04579354437072,155.57382764277364,155.88707729102597,130216800
2022-04-29,154.3208465576172,162.69029635210208,153.92929946524063,158.42236732431553,131747600
2022-05-02,154.6243133544922,154.88860092145774,150.0333512355366,153.4007100151784,123055300
2022-05-03,156.11221313476562,157.31624964341847,153.01895506893698,154.81029731534235,88966500
2022-05-04,162.51416015625,162.96443797264126,155.8969015040598,156.2982471196119,108256500
2022-05-05,153.4594268798828,160.61505617925764,151.6778534074066,160.38991736716943,130525300
2022-05-06,154.18487548828125,156.3023722983105,151.14587460582203,152.93986371222095,116124600
2022-05-09,149.06761169433594,152.76342612282588,148.5088364921623,151.88112823098254,131577900
2022-05-10,151.4694061279297,153.65553292727364,149.92049701176046,152.45954000160515,115366700
2022-05-11,143.61700439453125,152.39087300235883,142.9405806152843,150.47925033829725,142689800
2022-05-12,139.75453186035156,143.3228989996902,136.06853101088905,139.96040581157675,182602000
2022-05-13,144.21498107910156,145.18550397266762,140.29369821646105,141.74456868725608,113990900
2022-05-16,142.67588806152344,144.61693408926746,141.34265112461745,142.68570084334092,86643800
2022-05-17,146.30311584472656,146.82268479374127,143.79348144376362,145.9305890667493,78336300
2022-05-18,138.04881286621094,144.46010573899827,137.1469043666091,143.960147405131,109742900
2022-05-19,134.64707946777344,138.87226008655338,133.91183880440775,137.12729010884627,136095600
2022-05-20,134.88233947753906,137.93113785871375,130.00034593006458,136.3528207232791,137426100
2022-05-23,140.29371643066406,140.4407585737006,134.941158046499,135.07840236616943,117726300
2022-05-24,137.5978546142578,139.17617200488684,134.62748321427134,138.03899606760518,104132700
2022-05-25,137.75469970703125,138.99969650386015,135.61759232548434,135.7058176181396,92482700
2022-05-26,140.9505157470703,141.49949297179577,134.4411865880973,134.68626677474316,90601500
2022-05-27,146.69525146484375,146.73445772780877,142.40144018228455,142.52888671431893,90978500
2022-05-31,145.9109344482422,147.69512536408004,143.95029298038025,146.13641898717157,103718400
2022-06-01,145.78350830078125,148.753879037452,144.77376414576858,146.95007745203338,74286600
2022-06-02,148.23434448242188,148.29316134885798,143.96994216366954,144.92085472708317,72348100
2022-06-03,142.51905822753906,145.05808578629097,141.6171647882395,144.0091352358549,88570300
2022-06-06,143.26409912109375,145.64628674294468,142.04849579123675,144.13658414441952,71598400
2022-06-07,145.78350830078125,146.06779474236185,141.26422895235845,141.5093091448792,67808200
2022-06-08,145.04824829101562,146.9206493425614,144.55808797164124,145.65604230031803,53950200
2022-06-09,139.83291625976562,145.0384157488822,139.72508040585626,144.1855416961015,69473000
2022-06-10,134.431396484375,137.98995082700978,134.36276684809005,137.51940103001422,91437900
2022-06-13,129.28466796875,132.53932414061902,128.85332456992927,130.2551756575934,122207100
2022-06-14,130.1474151611328,131.25518271689248,128.89260543359612,130.51014411570253,84784300
2022-06-15,132.76486206054688,134.63727870714717,129.55922325217023,131.64729675078482,91533000
2022-06-16,127.50056457519531,129.78471461746233,126.50063282793158,129.48081745861586,108123900
2022-06-17,128.9710235595703,130.4611156124141,127.25546187351353,127.5103548974603,134520300
2022-06-21,133.19619750976562,134.36278178825876,130.69639115129178,130.79441426737327,81000500
2022-06-22,132.68643188476562,135.04899374439105,131.27476747959807,132.13743964836019,73409200
2022-06-23,135.54898071289062,135.86267563561398,132.96093402675356,134.1275183400123,72433800
2022-06-24,138.8722686767578,139.1173489130396,137.01946268880786,137.14689423988725,89116800
2022-06-27,138.8722686767578,140.6662578013618,138.19584483125837,139.89179587794544,70207900
2022-06-28,134.7353057861328,140.59762053174873,134.61767206581916,139.3330131628478,67083400
2022-06-29,136.4900665283203,137.90173093297278,133.98044756827542,134.75490940956817,66242400
2022-06-30,134.02944946289062,135.64697266058235,131.13750634293814,134.54901824559195,98964500
2022-07-01,136.19595336914062,136.3037892489926,132.99031531614665,133.36282702594735,71051600
2022-07-05,138.77423095703125,138.82324999611623,134.23534018265374,135.05882114715405,73353800
2022-07-06,140.10748291015625,141.28386518046202,138.3036957651199,138.56838663745515,74064300
2022-07-07,143.46998596191406,143.66604717243726,140.4603932776671,140.47019110271424,66253700
2022-07-08,144.14637756347656,144.64635079248632,142.1465295229667,142.40140757015126,64547800
2022-07-11,142.01907348632812,143.7542455393016,140.95052737444695,142.8033331399919,63141600
2022-07-12,142.98965454101562,145.5286829248616,142.1955967417716,142.8916164350657,77588800
2022-07-13,142.6269073486328,143.56800712971256,139.3232154144063,140.17610485424197,71185600
2022-07-14,145.54824829101562,146.01879814456234,140.4309718883509,141.244640047542,78140700
2022-07-15,147.2147674560547,147.89119117713278,145.28353435270415,146.83244295612025,76259900
2022-07-18,144.17581176757812,148.58725611818477,143.8130828380742,147.77358792071823,81420900
2022-07-19,148.02847290039062,148.25394254490203,144.01896354895925,145.0090823866063,82982400
2022-07-20,150.02830505371094,150.6949310490213,147.41085002655058,148.14609070693865,64823400
2022-07-21,152.29281616210938,152.5084878978263,148.94991921700273,151.45953764152074,65086600
2022-07-22,151.05764770507812,153.20455292364784,150.3910366563313,152.33206789895848,66675400
2022-07-25,149.94009399414062,151.98896129458768,149.28328071900498,150.97923186102722,53623900
2022-07-26,148.61663818359375,150.0773065915356,147.83237855759032,149.2636385384265,55138700
2022-07-27,153.7045440673828,154.23392585668,149.16566738729702,149.5774004686874,78620700
2022-07-28,154.2534637451172,154.5377501582959,151.3713185756555,153.89073492463993,81378700
2022-07-29,159.3119659423828,160.4099356728857,156.36120501340108,158.06696899861157,101786900
2022-08-01,158.33163452148438,160.37070393464464,157.72384030664722,157.84147403635484,67829400
2022-08-02,156.8611297607422,159.2139087149108,156.48861801917639,156.94937000342367,59907000
2022-08-03,162.86070251464844,163.3116417148104,157.58657171952117,157.67479700322565,82507500
2022-08-04,162.54701232910156,163.89986001020398,161.19416464799912,162.74307352499065,55474100
2022-08-05,162.3212127685547,162.81205403488926,160.01425282506756,160.22041274781424,56697000
2022-08-08,161.8500213623047,164.7361708864107,161.19229575323052,163.32254540690658,60276900
2022-08-09,161.8990936279297,162.78261696114208,160.25968547297944,161.0155852740051,63135500
2022-08-10,166.1399383544922,166.23809760904007,163.8427901046544,164.60850119483868,70170500
2022-08-11,165.40370178222656,167.85790820975464,165.10919401506573,166.9449356294848,57149200
2022-08-12,168.94760131835938,169.01631131920942,166.2970460032489,166.70936592550703,68039400
2022-08-15,170.0176239013672,170.21395743937939,168.21133138479297,168.37821564106778,54091700
2022-08-16,169.8605499267578,170.52810192661653,168.51564947224608,169.61512926108554,56377100
2022-08-17,171.35269165039062,172.92337473871223,169.40896440067246,169.6052979143018,79542000
2022-08-18,170.9600067138672,171.69626861182405,169.94887490568271,170.5673396933382,62290100
2022-08-19,168.37818908691406,170.5575254675204,168.1720291679761,169.8605242913159,70346300
2022-08-22,164.50054931640625,166.74859572706774,164.0784180378036,166.58171149389958,69026800
2022-08-23,164.16677856445312,165.6196796113523,163.5974008535258,164.0195321647684,54147100
2022-08-24,164.46131896972656,165.03069679360976,163.20476617884324,164.25517396927194,53841500
2022-08-25,166.91549682617188,167.0234825149317,165.26627719342727,165.68839353539587,51218200
2022-08-26,160.62290954589844,167.91681938586046,160.56401098389765,167.44561591056575,78961000
2022-08-29,158.4239501953125,159.91609703205498,156.89252766433086,158.19815240165843,73314000
2022-08-30,155.99913024902344,159.58226447685036,154.83092597254304,159.16014829857656,77906200
2022-08-31,154.34014892578125,157.6386032608909,154.2616125155062,157.37354474862363,87991100
2022-09-01,155.06661987304688,155.5181855673853,151.8368751102563,153.77079140207798,74229900
2022-09-02,152.95594787597656,157.42260624530542,152.1313381712874,156.8237793213389,76957800
2022-09-06,151.6994171142578,154.21252227519972,150.87480729194033,153.60388383195894,73714800
2022-09-07,153.10321044921875,153.80019664109167,150.7962505650505,151.98409298992328,87449600
2022-09-08,151.63067626953125,153.49586691377095,149.88326774543208,151.80737191866996,84923800
2022-09-09,154.48741149902344,154.92918072545984,151.91540745534934,152.62222024249937,68028800
2022-09-12,160.4364013671875,161.25119983056848,156.38206187837264,156.66674327917337,104956000
2022-09-13,151.0220489501953,157.59931943362142,150.56065692569356,156.97104316313002,122656600
2022-09-14,152.46511840820312,154.22233860679495,150.79626102566698,151.95463927472932,87965400
2022-09-15,149.57899475097656,152.3964344091801,148.6071384221947,151.8172302065752,90481100
2022-09-16,147.93959045410156,148.577693242223,145.65226780231728,148.44025825358446,162278800
2022-09-19,151.65032958984375,151.72886599832884,146.36888718799335,146.5750321533895,81474200
2022-09-20,154.0260009765625,155.18439428665013,150.27598106267698,150.59011171978128,107689800
2022-09-21,150.90423583984375,155.83228620825895,150.78643873263653,154.45792171393398,101696800
2022-09-22,149.9422149658203,151.64052177438083,148.14573389948876,149.58880860884872,86652500
2022-09-23,147.67449951171875,148.6954577569954,145.83875792782328,148.42058784002563,96029900
2022-09-26,148.00827026367188,150.95331767501642,146.898964278694,146.91860212230296,93339400
2022-09-27,148.98013305664062,151.88591989139582,147.20329010150107,149.9421927062511,84442700
2022-09-28,147.09532165527344,147.8806707549768,142.1869085062377,144.93562286555536,146691400
2022-09-29,139.8701629638672,144.032503482396,138.10313090509123,143.42386493187522,128138200
2022-09-30,135.6685333251953,140.4787870882612,135.47219979960417,138.69211755301987,124925300
2022-10-03,139.8406982421875,140.44935170481597,135.16789396191245,135.67837316238783,114311700
2022-10-04,143.423828125,143.54162523892447,141.61752082886468,142.3734205948832,87830100
2022-10-05,143.7183380126953,144.68039782185656,140.39043433471556,141.43103055560152,79471000
2022-10-06,142.76611328125,144.83746445591814,142.55996829483985,143.13915751475957,68402200
2022-10-07,137.52392578125,140.47880029356153,136.8956494527264,139.9290453992253,85925600
2022-10-10,137.84786987304688,139.29094450363405,136.03176603772727,137.84786987304688,74899000
2022-10-11,136.43423461914062,138.76083241469453,135.68816128454225,137.33738075448184,77033700
2022-10-12,135.80596923828125,137.78897231294513,135.62927355780315,136.58150689181417,70433700
2022-10-13,140.3708038330078,140.9598044199806,131.90868942611982,132.5173428390662,113224000
2022-10-14,135.84524536132812,141.87277603175662,135.65872326737428,141.66661609125816,88598000
2022-10-17,139.8014373779297,140.282452315822,137.7006369919499,138.48598615048115,85250900
2022-10-18,141.11688232421875,144.0128431743189,138.03439937209953,142.825015544548,99136600
2022-10-19,141.224853515625,142.2948839097448,138.9080820775627,139.09460416043055,61758300
2022-10-20,140.76345825195312,143.21766459219867,140.0370077826972,140.40024050696854,64522000
2022-10-21,144.57240295410156,145.1417806685085,140.03701908535325,140.25299045906925,86548600
2022-10-24,146.71246337890625,147.47817461798252,143.3256613631015,144.49386606815804,75981900
2022-10-25,149.54953002929688,149.69679141311283,146.62411995147127,147.34074408565283,74732300
2022-10-26,146.61431884765625,149.2059606049606,145.32830191392304,148.19482861119383,88194300
2022-10-27,142.1476593017578,146.3198108162611,141.48993368404496,145.35776595535313,109180200
2022-10-28,152.88726806640625,154.6150242142885,145.11234293200243,145.48537216958695,164762400
2022-10-31,150.53121948242188,151.41474288743174,149.13723186575905,150.35452378899333,97943200
2022-11-01,147.89048767089844,152.60256746450293,146.39834080336652,152.23934967138234,80379300
2022-11-02,142.37342834472656,149.3826416112209,142.34397906464244,146.22162239502856,93604600
2022-11-03,136.33607482910156,140.18426855678922,136.20845130657773,139.45781809061094,97918500
2022-11-04,136.0706024169922,140.28900066971147,132.13735779737468,139.71867839937045,140814800
2022-11-07,136.60159301757812,136.82775039724396,133.40583154940404,134.82180210827255,83374600
2022-11-08,137.171875,139.06965789658196,135.19542542837,138.06669154902085,89908500
2022-11-09,132.61915588378906,136.23774833279379,132.3438299914245,136.18857977969958,74917800
2022-11-10,144.41891479492188,144.41891479492188,137.17191586897493,138.88288280173376,118854000
2022-11-11,147.20166015625,147.50648417895965,141.96061049585242,143.38642351170455,93979700
2022-11-14,145.80535888671875,147.77198095425382,144.96953850636208,146.48384590068005,73374100
2022-11-15,147.53599548339844,151.02675299903876,146.0806992107757,149.67962155098414,89868300
2022-11-16,146.3068389892578,147.36881668355312,144.83187247009243,146.6411761367448,64218300
2022-11-17,148.2046356201172,148.9519465811487,143.71089713297823,143.98622301357588,80389400
2022-11-18,148.76515197753906,150.1516244369956,147.46718893347042,149.7681336507777,74829600
2022-11-21,145.53985595703125,147.86047052115927,145.25470236836378,147.65398361312236,58724100
2022-11-22,147.67361450195312,147.90961450464576,144.4778542773041,145.65783928663447,51804100
2022-11-23,148.54881286621094,149.29612388958984,146.84767388557262,146.95583870512687,58301400
2022-11-25,145.6382293701172,146.39538323134536,144.6647458342524,145.83488861865806,35195900
2022-11-28,141.81312561035156,144.19273663104678,140.98714790150922,142.71777000634125,69246000
2022-11-29,138.81402587890625,142.39327767480953,138.007718580844,141.8819517027843,83763800
2022-11-30,145.55955505371094,146.23804217919428,138.20439151332914,139.04019702693043,111380900
2022-12-01,145.83486938476562,146.64119170281938,144.16324348642758,145.73654727553216,71250400
2022-12-02,145.3432159423828,145.53004745802465,143.2192602974079,143.5240993516398,65447400
2022-12-05,144.18292236328125,148.40132070138284,143.33727415278167,145.30389650239576,68826400
2022-12-06,140.5249786376953,144.84171332835018,139.55149534602168,144.61555599946504,64727200
2022-12-07,138.58786010742188,140.97729872796708,137.6635453309665,139.81699890501977,69721100
2022-12-08,140.269287109375,141.12477775387197,138.7451672912856,139.9841335639646,62128300
2022-12-09,139.78749084472656,143.14058484738695,138.5485094221092,139.96447961702353,76097000
2022-12-12,142.07862854003906,142.08845624970894,138.70586361029962,140.31849324023466,70462700
2022-12-13,143.04229736328125,147.46719825510277,141.8328286540092,147.00504073940357,93886200
2022-12-14,140.8199920654297,144.21241242784126,138.80420126905452,142.92427726159215,82291200
2022-12-15,134.22195434570312,139.43350575702271,133.7597969655739,138.75501875197617,98931900
2022-12-16,132.26516723632812,135.35276341025192,131.49818579850947,134.40879318099954,160156900
2022-12-19,130.160888671875,132.94366095306307,129.12842399506934,132.85516655290323,79592600
2022-12-20,130.09205627441406,131.0261987808424,127.72227301817315,129.19723960857664,77432800
2022-12-21,133.18946838378906,134.52677190815584,130.53453175568677,130.76068907847488,85928000
2022-12-22,130.0232391357422,132.31435609146064,128.12545567267372,132.10786913644063,77852100
2022-12-23,129.65940856933594,130.21006041152802,127.47645662054781,128.7350936895975,63814900
2022-12-27,127.85997009277344,129.21694451944998,126.57183466067443,129.18744638009963,69007800
2022-12-28,123.93653106689453,128.84325132058044,123.76936998157427,127.50594763388183,85438400
2022-12-29,127.44693756103516,128.30241331797103,125.59831560715067,125.8539710621533,75703700
2022-12-30,127.76160430908203,127.78127473228464,125.30333405560762,126.26698223669045,77034200
2023-01-03,122.98270416259766,128.71540148347327,122.09772277878758,128.10575347623433,112117500
2023-01-04,124.25119018554688,126.51280869797894,122.99255318811515,124.77234386397704,89113600
2023-01-05,122.93354797363281,125.63765344479737,122.67789249421179,125.0083349534918,80962700
2023-01-06,127.45677947998047,128.115596113896,122.80572219640975,123.907033324828,87754700
2023-01-09,127.97791290283203,131.18351617146814,127.72225745979352,128.29257960577254,70790800
2023-01-10,128.5482635498047,129.06941726347972,125.98182082594903,128.08610610497774,63896200
2023-01-11,131.26222229003906,131.2818777117784,128.2827904454057,129.05959971999454,69458900
2023-01-12,131.1835174560547,132.0193227611732,129.24639368399414,131.64567480294028,71379600
2023-01-13,132.510986328125,132.6683196907436,129.46273119909978,129.82655147153693,57809700
2023-01-17,133.67132568359375,134.99878678874634,131.89153482883353,132.57984966159466,63646600
2023-01-18,132.95347595214844,136.29672707490226,132.776472184589,134.5366071318126,69672800
2023-01-19,133.0124969482422,133.9761376268957,131.53753029546903,131.84235433638028,58280400
2023-01-20,135.569091796875,135.71659745917918,131.98001240951498,133.02231973826562,80223600
2023-01-23,138.75503540039062,140.92815961902411,135.59860004292767,135.81492969380113,81760300
2023-01-24,140.1513214111328,140.77081216801105,137.95854199183503,137.9683697007518,66435100
2023-01-25,139.49252319335938,140.05300275817604,136.49342112366645,138.53871015801215,65799300
2023-01-26,141.55747985839844,141.8426334902846,139.53184628445516,140.78065564701856,54105100
2023-01-27,143.49456787109375,144.77287517943125,140.69214050710963,140.77080718806803,70555800
2023-01-30,140.61349487304688,143.12094131391822,140.46600420175812,142.54079133466578,64015300
2023-01-31,141.8819580078125,141.93112656571586,139.90550801485074,140.31849689379183,65874500
2023-02-01,143.00294494628906,144.16325999959267,138.96155019582764,141.56731895311415,77663600
2023-02-02,148.30299377441406,148.65697138188685,145.6972102432423,146.41502317640206,118339000
2023-02-03,151.9215545654297,154.75349514117664,145.36287177724367,145.5595309829737,154357300
2023-02-06,149.19776916503906,150.54491539574025,148.26362674506663,150.0237617823619,69858300
2023-02-07,152.0690460205078,152.63936822302708,148.12597415973434,148.12597415973434,83322600
2023-02-08,149.38461303710938,152.0002240332312,148.64712974900903,151.31190929849808,64120100
2023-02-09,148.35215759277344,151.75442098443708,147.90967054867934,151.21359681759392,56007100
2023-02-10,148.71652221679688,149.04151212756338,146.95371454850684,147.19007494553122,57450700
2023-02-13,151.51341247558594,151.91717418893083,148.62790397291747,148.65744714640496,62199000
2023-02-14,150.87326049804688,151.43461079325414,148.56880303013764,149.8096612758476,61707600
2023-02-15,152.97091674804688,153.13833305811258,150.5581292969133,150.78463194852628,65573800
2023-02-16,151.3755340576172,153.95573796607766,151.02100096105386,151.17855953849067,68167900
2023-02-17,150.2331085205078,150.6762710180938,148.5589307368263,150.03614908014094,59144100
2023-02-21,146.22494506835938,149.00212332766463,146.15601601247863,147.91882364629484,58867200
2023-02-22,146.64842224121094,147.67262055430007,144.9250004924314,146.60902132895072,51011300
2023-02-23,147.1309356689453,148.05666153497864,145.00375275195816,147.81045848665238,48394200
2023-02-24,144.48182678222656,144.95453250364176,143.50685714395402,144.87574571223192,55469600
2023-02-27,145.67347717285156,146.90449291595675,145.2106140512802,145.46667494315656,44998500
2023-02-28,145.17120361328125,146.8158385647427,144.6000106018143,144.8166705381309,50547000
2023-03-01,143.10308837890625,144.9939263960711,142.80764165155819,144.60000744430354,55479000
2023-03-02,143.6939697265625,144.48182259076125,141.71448733904464,142.18720807379,52238100
2023-03-03,148.7362060546875,148.8149928448926,145.0924034132026,145.79161175732688,70732300
2023-03-06,151.4936981201172,153.92618602775224,151.1293223291666,151.4542972077173,87558000
2023-03-07,149.29757690429688,151.69066400049135,148.83471383986452,151.36567408118486,56182000
2023-03-08,150.5482635498047,151.1391569879468,149.5240652876753,150.48917721139935,47204800
2023-03-09,148.3029022216797,152.1929083670859,147.9483691410299,151.2277963802791,53833600
2023-03-10,146.24464416503906,148.64758887079853,145.36816171354923,147.92868001277867,68572400
2023-03-13,148.18475341796875,150.8142012619364,145.45681830298673,145.56514829028342,84457100
2023-03-14,150.2725372314453,151.07023295988367,147.82036369988242,148.98243524821328,73695900
2023-03-15,150.66648864746094,150.92253451978002,147.6431066809658,148.89382292012243,77167900
2023-03-16,153.48301696777344,154.08375312665916,149.33695019463687,149.84905684492745,76161100
2023-03-17,152.6459197998047,154.35949876084172,151.93685367986137,153.70951897971963,98944600
2023-03-20,155.00949096679688,155.42312546588803,151.80885014610277,152.71489092530072,73641400
2023-03-21,156.86093139648438,156.9791040860205,154.16253977805687,154.93070734117964,73938300
2023-03-22,155.4329376220703,159.6774765177441,155.41323716716616,156.88061300312046,75701800
2023-03-23,156.5162353515625,159.0964541870748,155.28521978995877,156.41776312286146,67622100
2023-03-24,157.8162078857422,157.9048374069247,155.4526638252611,156.44731907052963,59196500
2023-03-27,155.87611389160156,158.32830230982592,155.47233717929535,157.5109061704178,52390300
2023-03-28,155.25567626953125,156.0829301456233,153.6110412861723,155.57082346557496,45992200
2023-03-29,158.3282928466797,158.60403911493316,156.92986104995282,156.94954647836764,51305700
2023-03-30,159.89414978027344,160.00247975071784,158.82070781762587,159.07675364456477,49501700
2023-03-31,162.3955535888672,162.4940408365555,159.45097422374334,159.9729235769942,68749800
2023-04-03,163.646240234375,163.76441288882887,161.72585946429217,161.77510307932846,56976200
2023-04-04,163.1144561767578,164.30607057242986,162.60234960420735,164.06972525205444,46278300
2023-04-05,161.27288818359375,162.54330471265868,159.34266411557562,162.2380152446489,51511700
2023-04-06,162.1592254638672,162.45467221127325,159.53962067833683,159.96308282888376,45390100
2023-04-10,159.56915283203125,159.56915283203125,157.64877164706385,158.96841666370352,47716900
2023-04-11,158.35781860351562,159.89412336543904,158.0722146254148,159.88428065231392,47644200
2023-04-12,157.66847229003906,159.59869619161648,157.35332510698044,158.77145737665472,50133100
2023-04-13,163.0455780029297,163.28193844587403,158.9684542811918,159.17527154714915,68445600
2023-04-14,162.70086669921875,163.794009087704,161.33197803499354,162.09027277975596,49386500
2023-04-17,162.72055053710938,162.8781241294329,161.53877864877254,162.5826774005875,41516200
2023-04-18,163.9417266845703,164.8674527745674,163.13417327770642,163.5773508935462,49923000
2023-04-19,165.0841064453125,165.60605581206516,163.0258371209191,163.28189796071484,47720200
2023-04-20,164.11898803710938,165.32046042282218,163.04554607797024,163.56749547193866,52456400
2023-04-21,162.51377868652344,163.9220534848416,161.9918292131701,162.54332186221907,58337300
2023-04-24,162.8190460205078,163.0849495926161,161.40091367199096,162.49405610505224,41949600
2023-04-25,161.28274536132812,163.78416246885476,161.24334444666383,162.68117729099055,48714100
2023-04-26,161.27288818359375,162.7698073781101,160.32747660698578,160.58352244501583,45498800
2023-04-27,165.85223388671875,165.9999497127407,162.6811372537476,162.6811372537476,64902300
2023-04-28,167.1029510498047,167.2703823718156,165.33030085507355,165.93103698503495,55275900
2023-05-01,167.01434326171875,167.86128258741087,166.07877442017465,166.70905380019818,52472900
2023-05-02,165.9802703857422,167.76279339985444,164.99545801480568,167.50673256610264,48425700
2023-05-03,164.90682983398438,168.32412999077732,164.62124085601573,166.9256982160475,65136000
2023-05-04,163.2720184326172,164.50303376107877,161.8145004912906,162.38569340694187,81235400
2023-05-05,170.9338836669922,171.65279246173276,168.16654839153733,168.38320830672657,113453200
2023-05-08,170.86492919921875,171.2096195052504,169.49604074216262,169.86041647416434,55962800
2023-05-09,169.16123962402344,170.9043468501181,168.993823309898,170.42179836441701,45326900
2023-05-10,170.92404174804688,171.38690478906514,169.28924951921832,170.39224965147537,53724500
2023-05-11,171.11114501953125,171.9383837832071,169.55513971049686,171.2096322648924,49514700
2023-05-12,170.1841278076172,171.65351807079642,168.63582673684218,171.21959891598488,45533100
2023-05-15,169.69107055664062,170.81530899814229,169.09935977781652,170.7659972586019,37266700
2023-05-16,169.69107055664062,170.74626955321972,169.42479920138675,169.61217478294208,42110300
2023-05-17,170.30247497558594,170.53914722242257,168.06385467134209,169.3360281894031,57951600
2023-05-18,172.62985229492188,172.81722786089622,170.19400003291315,170.60819152451643,65496700
2023-05-19,172.7383575439453,173.95134816577144,172.5213979143073,173.95134816577144,55809500
2023-05-22,171.79161071777344,172.2945693897219,171.05197977463047,171.57465110395842,43570900
2023-05-23,169.1881103515625,170.9829553293692,168.9119826700276,170.7364116817252,50747300
2023-05-24,169.46424865722656,170.03623176135926,168.16250594092847,168.72461766792532,45143500
2023-05-25,170.5983428955078,171.4957503105663,169.3163129553576,170.02635984381527,56058300
2023-05-26,173.00460815429688,173.33991896491864,170.71669083708804,170.92379413047703,54835000
2023-05-30,174.8487548828125,176.51539231960112,174.12885165758402,174.51345913931758,55964400
2023-05-31,174.79945373535156,176.87042648421155,174.3162227478627,174.87834951174753,99625300
2023-06-01,177.60018920898438,177.62977324467488,174.4838737017158,175.24323239604442,68901800
2023-06-02,178.44827270507812,179.26679934554073,176.78163539298924,178.52716847079088,61996900
2023-06-05,177.0972137451172,182.3929658521557,175.57849662924414,180.10504889865823,121946500
2023-06-06,176.7323455810547,177.62975297431,174.97694105936182,177.4818328127375,64848400
2023-06-07,175.361572265625,178.70470351330488,174.8684849721747,175.97299569419778,61944600
2023-06-08,178.0735626220703,178.33981894141047,175.0065588784877,175.44046308150416,50214900
2023-06-09,178.4581756591797,179.71060666093933,178.13273621096323,178.99070336218668,48900000
2023-06-12,181.24900817871094,181.34763164971682,178.46800386072707,178.76385922591572,54274900
2023-06-13,180.77566528320312,181.60404834381112,179.91769818813273,180.2727216495119,54929100
2023-06-14,181.40682983398438,181.84074910193183,179.50351991974284,180.8348467124019,57462900
2023-06-15,183.4383544921875,183.9413132306641,181.23918907707676,181.4167083517838,65433200
2023-06-16,182.36343383789062,184.40482280312972,181.72242626645283,184.14840773628853,101256200
2023-06-20,182.4521484375,183.52709013546678,181.8604527350327,181.8604527350327,49799100
2023-06-21,181.41668701171875,182.84663717983523,180.0656175699355,182.34367850052172,49515700
2023-06-22,184.41464233398438,184.46395407144706,181.1306792503188,181.19971869233248,51245300
2023-06-23,184.09909057617188,184.96692915011988,182.45218058994394,182.9847233686237,53117000
2023-06-26,182.7085723876953,185.4501365723536,182.6691169769034,184.24700235631448,48088700
2023-06-27,185.4600067138672,185.78544616190248,183.10304984582174,183.32000947784528,50730800
2023-06-28,186.63352966308594,187.27453708797546,185.0063477089331,185.33177206150037,51216800
2023-06-29,186.96885681152344,187.44223149955704,186.3278492789131,186.46591313429835,46347300
2023-06-30,191.2882843017578,191.79122791985353,188.6157445714927,188.98063939826477,85213200
2023-07-03,189.79917907714844,191.19954526937022,189.10884478636748,191.10092178559267,31458200
2023-07-05,188.68479919433594,190.31198136153697,187.98460856583768,188.92148652956726,46920300
2023-07-06,189.1581573486328,189.36526064633148,186.5842409083175,187.21539208287066,45094300
2023-07-07,188.0437774658203,190.0062704618662,187.60987325439862,188.76369580404943,46815000
2023-07-10,186.00241088867188,187.36333679085425,184.45410938571575,186.6434184249519,59922200
2023-07-11,185.47972106933594,186.68285528837708,184.02018687082855,186.5447914459214,46638100
2023-07-12,187.14639282226562,189.04970293089204,185.8643625945321,187.05762565542406,60750200
2023-07-13,187.90570068359375,188.54672319895087,187.15621340871894,187.8662603208446,41342300
2023-07-14,188.05364990234375,188.53686585918993,187.00830716161786,187.6000029338883,41616200
2023-07-17,191.30801391601562,191.63345333608896,189.15814548736353,189.24689758888442,50520200
2023-07-18,191.0516357421875,191.64334662878233,189.75974918921614,190.67689955865484,48288200
2023-07-19,192.40267944335938,195.48939585264796,189.9865395225249,190.4303301514657,80507300
2023-07-20,190.4598846435547,193.7537038386121,189.83858989767532,192.39277822300156,59581200
2023-07-21,189.28636169433594,192.2744696321092,188.5861710830146,191.41650251566858,71951700
2023-07-24,190.08514404296875,192.21528467718613,189.59205676918674,190.73602285584008,45377800
2023-07-25,190.94309997558594,191.75177028050072,190.25278084201756,190.65711599447494,37283200
2023-07-26,191.8109588623047,192.9351972994816,190.64728006234532,190.99243214213982,47471900
2023-07-27,190.54864501953125,194.47361545879667,189.88790988625553,193.30993672945922,47460200
2023-07-28,193.12254333496094,193.911485900383,191.45590611556165,191.97857736749035,48291400
2023-07-31,193.73399353027344,193.77344894031904,192.56044337061044,193.34938604539337,38824100
2023-08-01,192.90560913085938,194.0101198390568,192.58016971551623,193.52690392813534,35175100
2023-08-02,189.91748046875,192.48152505166297,189.19757732195913,192.34346122833557,50389300
2023-08-03,188.5270233154297,189.71042999433632,188.0536636534335,188.9215022402868,61235200
2023-08-04,179.47389221191406,184.789371855198,179.40485277798012,182.95508679019278,115956800
2023-08-07,176.37734985351562,180.59817633552169,174.8980878140883,179.61200164257014,97576100
2023-08-08,177.314208984375,177.77771228390873,175.12490000933562,177.20572916857282,67823000
2023-08-09,175.72647094726562,178.42857997538025,174.5627769846933,178.36941190145535,60378500
2023-08-10,175.50949096679688,178.25105509162734,175.14461118800062,176.99860916334498,54686900
2023-08-11,175.56875610351562,176.38838822312198,174.34425781198718,175.10464195853916,52036700
2023-08-14,177.2178955078125,177.44501774834183,175.09474782272636,175.74650562753334,43675600
2023-08-15,175.2329864501953,177.23762299403361,174.8379899652799,176.6451282666605,43622600
2023-08-16,174.36398315429688,176.30935657463468,174.29485048513217,174.9169842350172,46964900
2023-08-17,171.8260955810547,175.29223725703497,171.31258808782235,174.9268647491592,66062900
2023-08-18,172.3099822998047,172.91236175457905,169.81159252872837,170.14734105941557,61172200
2023-08-21,173.6431121826172,173.92949746098708,171.56935789788312,172.88274314562352,46311900
2023-08-22,175.0157470703125,175.46012191641384,174.04799506153495,174.8478727981476,42038900
2023-08-23,178.8571319580078,179.28176749229362,176.1019960768648,176.28962468028294,52722800
2023-08-24,174.17637634277344,178.8374075605793,173.8109887437673,178.41277199096436,54945800
2023-08-25,176.37852478027344,176.91177162464882,173.62338845938785,175.16389608553052,51449600
2023-08-28,177.9387664794922,178.33376298082638,176.31925671498092,177.8400098200833,43820700
2023-08-29,181.81967163085938,182.5899254092932,177.25739693272806,177.45489519701718,53003900
2023-08-30,185.30557250976562,185.5030858470339,182.43194029759772,182.62943856671393,60813900
2023-08-31,185.5228271484375,186.75721017905872,185.13770024560978,185.49320316115478,60794500
2023-09-01,187.09295654296875,187.54720101813678,185.92769123419916,187.12258052751662,45766500
2023-09-05,187.3299560546875,187.60645663383806,185.26607135025952,185.92769881238064,45280000
2023-09-06,180.6248016357422,186.49059214043663,179.20278998997966,186.0462022000218,81755800
2023-09-07,175.34161376953125,175.98350189646143,171.37183427986267,172.99134398653018,112488800
2023-09-08,175.95388793945312,177.9881638364286,175.56876103562882,176.121777292026,65551300
2023-09-11,177.119140625,178.0473990105972,175.12437356668377,177.82027676778657,58953100
2023-09-12,174.0973358154297,177.87948614675489,172.63583094462646,177.24748281871987,90370200
2023-09-13,172.03347778320312,175.08486860955094,171.8063404869434,174.30473020059844,84267900
2023-09-14,173.5443572998047,173.89986015970092,171.4113401404273,171.82609096561458,60895800
2023-09-15,172.82345581054688,174.29484548306786,171.64833608181547,174.2750911398521,109259500
2023-09-18,175.74649047851562,177.13887792290447,173.9689761950564,174.2751007250675,67257600
2023-09-19,176.832763671875,177.38576479928514,174.91699900323943,175.30212586469654,51826900
2023-09-20,173.29751586914062,177.45490967025808,173.20862883503193,177.02040441249267,58436200
2023-09-21,171.7569580078125,174.0973581099587,171.6878404044714,172.36922214048295,63149100
2023-09-22,172.60623168945312,174.8676297137013,171.87548661966315,172.48773574692532,56725400
2023-09-25,173.88011169433594,174.75899170155245,171.97421669351675,172.02359502231215,46172700
2023-09-26,169.81163024902344,173.01114177617532,169.51537527513614,172.6358995395284,64588900
2023-09-27,168.30067443847656,170.87806622328196,166.93792612877573,170.46331542744704,66921800
2023-09-28,168.55746459960938,169.8807195182162,165.5258128129139,167.2243249736919,56294400
2023-09-29,169.07095336914062,170.90771561508154,168.21181267677895,169.870831028669,51861100
2023-10-02,171.57920837402344,172.12233981703872,168.79443355791753,169.08081880430257,52164500
2023-10-03,170.24607849121094,171.46072207785286,168.6858318118607,170.1078282132375,49594600
2023-10-04,171.4903564453125,172.03348795172127,168.8339619515459,168.9524578917983,53020300
2023-10-05,172.7247314453125,173.2579782200924,170.52258153582127,171.61871413723316,48527900
2023-10-06,175.27249145507812,175.76624458491796,171.016326818613,171.6285909459562,57266700
2023-10-09,176.75376892089844,176.81301689163445,173.60362121945622,174.6009972191987,42390800
2023-10-10,176.1612548828125,177.47464011941017,175.72674968355904,175.8748846750232,43698000
2023-10-11,177.55364990234375,177.60302823490863,175.38113888285298,175.9736336691769,47551100
2023-10-12,178.4522705078125,180.06189553412176,176.80312172309905,177.82026707710477,56743100
2023-10-13,176.6155242919922,179.65703072033497,175.91438812346496,179.15340788479125,51427100
2023-10-16,176.48712158203125,176.84262444155877,174.3047260977915,174.5417330268598,52517000
2023-10-17,174.93675231933594,176.19088966345473,172.61612132571108,174.44299912050275,57549400
2023-10-18,173.6431121826172,175.36137864838344,172.9222367694585,173.3863659573123,54764400
2023-10-19,173.2678680419922,175.61812287122567,173.00123711265553,173.84060845589931,59302900
2023-10-20,170.72010803222656,173.2283676109075,170.48310107616433,173.11974130623128,64244000
2023-10-23,170.83860778808594,171.8359838309846,167.80695589693704,168.77472302133776,55980100
2023-10-24,171.27310180664062,171.50022404547477,169.30795876796012,170.88797493724758,43816600
2023-10-25,168.9623260498047,170.8978298690587,168.51793618108192,169.7325797223047,57157000
2023-10-26,164.804931640625,169.2388405091802,163.600172706508,168.2414494672427,70625300
2023-10-27,166.11831665039062,166.8490767618186,164.7456834493569,164.82468576422622,58499100
2023-10-30,168.1624298095703,169.0314401165317,166.7601727667049,166.90830774256386,51131000
2023-10-31,168.636474609375,168.76484019690602,165.80232095364974,167.23421730907862,44846000
2023-11-01,171.7965087890625,172.0532550571854,167.99460269744,168.86361324824594,56934900
2023-11-02,175.3515167236328,175.55888462715336,173.26787764016203,173.32712561259646,77334800
2023-11-03,174.44296264648438,174.61085195895754,171.18420427007575,172.06308417750907,79829200
2023-11-06,176.9907684326172,177.1882666996337,174.0085099439187,174.1763842242903,63841300
2023-11-07,179.54840087890625,180.1606499568927,176.73400192517136,176.9413698079054,70530000
2023-11-08,180.60501098632812,181.1580120556029,179.3212498937122,180.07176426042716,49340300
2023-11-09,180.13104248046875,181.81966995293175,179.53853262491765,180.67417400336535,53763500
2023-11-10,184.3136749267578,184.48178544542026,181.475802800193,181.9108804268445,66133400
2023-11-13,182.73158264160156,183.9478113332898,182.14818998578377,183.7401702602705,43627500
2023-11-14,185.34202575683594,186.0045247766197,184.214786141562,185.5991101996175,60108400
2023-11-15,185.9056396484375,187.3789678351275,185.67821821290843,185.74744196041772,53790500
2023-11-16,187.58660888671875,188.8226178098646,186.53846064597144,187.44817649084638,54412900
2023-11-17,187.56687927246094,188.24915879673333,186.45941980581802,188.1206090057824,50922700
2023-11-20,189.3071746826172,189.76203272766995,187.75475490242272,187.7646375447921,46505100
2023-11-21,188.5062255859375,189.37638084971888,187.61630503925363,189.2676114417462,38134500
2023-11-22,189.168701171875,190.7705639920827,188.69407794514686,189.34669431189826,39617700
2023-11-24,187.84373474121094,188.76331834061182,187.13179223741543,188.7336553269539,24048300
2023-11-27,187.66571044921875,188.5358656068872,186.7856726513042,187.79426021241986,40552600
2023-11-28,188.26890563964844,188.9413024556769,187.2800983304318,187.65584993609482,38415400
2023-11-29,187.25042724609375,189.9399842182602,186.85491037465812,188.7633011569372,43014200
2023-11-30,187.8239288330078,188.18979776505014,186.08363355367433,187.71515943504943,48794400
2023-12-01,189.09951782226562,189.4159283197641,187.11200544734405,188.19969953750024,45704800
2023-12-04,187.3097686767578,187.9228394923183,185.35193435249073,187.85361573572166,43389500
2023-12-05,191.255126953125,192.2241539878595,188.05138552105933,188.0810636242485,66628400
2023-12-06,190.1674041748047,192.58008102103562,189.95974802820277,192.27355320919483,41089700
2023-12-07,192.09561157226562,192.817436726138,191.42321471638212,191.4627754603769,47477700
2023-12-08,193.51950073242188,193.79636559429088,191.50232520965804,192.0263919187675,53406400
2023-12-11,191.01780700683594,191.32434997590968,189.27751140798418,190.948598334338,60943700
2023-12-12,192.53067016601562,192.54055280703432,189.57413099725628,190.9189094878757,52696900
2023-12-13,195.7443084716797,195.78385412672148,192.66911702808835,192.90642113434447,70404200
2023-12-14,195.8926239013672,197.3857175620074,193.964452594447,195.8036348613561,66831600
2023-12-15,195.35867309570312,196.1793699091571,194.79504567055722,195.3191123528845,128538400
2023-12-18,193.69744873046875,194.42917151631295,192.214237877434,193.89520715993984,55751900
2023-12-19,194.73568725585938,194.74556989591903,193.69743670559018,193.96441886720226,40714100
2023-12-20,192.6493377685547,195.46742966263125,192.6493377685547,194.69616113684165,52242800
2023-12-21,192.50100708007812,194.8741537657828,191.33422165280876,193.9051267903215,46482500
2023-12-22,191.43310546875,193.2228443252002,190.81015202156473,192.9954077755279,37149600
2023-12-26,190.8892364501953,191.71983089218512,190.67169765519787,191.4429660781885,28919300
2023-12-27,190.98812866210938,191.33421726083122,188.95118798803827,190.33552729492325,48087700
2023-12-28,191.413330078125,192.4812438348005,191.00791544042355,191.96705978425237,34049900
2023-12-29,190.3750762939453,192.2241411947973,189.5840274029703,191.72973752393827,42672100
2024-01-02,183.5621795654297,186.33084291740326,181.83176685644636,185.0552730997862,82488700
2024-01-03,182.18771362304688,183.7994740724038,181.37688453456076,182.15805061619977,58414500
2024-01-04,179.87393188476562,181.04071720671112,178.85546161628733,180.11123597031312,71983600
2024-01-05,179.15208435058594,180.71440156415224,178.15339449300276,179.95303087035154,62379700
2024-01-08,183.4830780029297,183.52263874374273,179.46852282651062,180.0519155054874,59144500
2024-01-09,183.06776428222656,183.0776469225398,180.68473531069785,181.86141829199212,42841800
2024-01-10,184.1060333251953,184.31367440860302,181.8614365329183,182.2866315170422,46792900
2024-01-11,183.51275634765625,184.9564217479187,181.56480461990643,184.45212033242825,49128400
2024-01-12,183.8390350341797,184.64986419021457,183.1172099941003,183.9774674403319,40477800
2024-01-16,181.57470703125,182.19764543114704,178.9049149905355,180.12115895148446,65603000
2024-01-17,180.63531494140625,180.8825167727283,178.281963767062,179.24110807963172,47317400
2024-01-18,186.51869201660156,187.02297821650802,183.7500290608814,184.00711348059855,78005800
2024-01-19,189.41595458984375,189.80158889565502,186.70663180624828,187.21091817907703,68903000
2024-01-22,191.71981811523438,193.1437028283241,190.10805762916755,190.147618364531,60133900
2024-01-23,192.99539184570312,193.55901922053994,191.660511110776,192.83719415255706,42355600
2024-01-24,192.32301330566406,194.18197579456825,192.16480052192722,193.23271418014866,53631300
2024-01-25,191.99671936035156,194.07322080915367,190.94858599423335,193.03497008475262,54822100
2024-01-26,190.26629638671875,192.58010181757646,189.7916731135176,192.09559590318426,44594000
2024-01-29,189.58401489257812,190.04875551955823,187.4580852833725,189.86087972294905,47145600
2024-01-30,185.93533325195312,189.65325866018404,185.37172089064353,188.80288370915284,55859400
2024-01-31,182.33607482910156,185.00586682539145,182.28664653050623,184.94652570867123,55467800
2024-02-01,184.76853942871094,184.85752846784007,181.76257176566293,181.93066720224104,64885400
2024-02-02,183.76983642578125,185.2332669548565,177.24370243482153,177.84687547061628,102551700
2024-02-05,185.579345703125,187.1317803970082,183.75994390321247,186.0440863383638,69668800
2024-02-06,187.1811981201172,187.19108076002217,184.67951721617266,184.76850623931696,43490800
2024-02-07,187.2899932861328,188.91163664571195,186.49894443287428,188.50622203381667,53439000
2024-02-08,186.21218872070312,187.41851968576853,185.25304448034683,187.27020463334281,40962000
2024-02-09,186.97454833984375,188.10322646586073,186.13298359451971,186.77652244170517,45155200
2024-02-12,185.2914276123047,186.79633688725167,184.93500212895557,186.54881961012742,41781900
2024-02-13,183.20237731933594,184.36077144619387,181.68757282391297,183.92513863049606,56529500
2024-02-14,182.32122802734375,183.68752828939827,180.62821823999963,183.47962222785034,54630500
2024-02-15,182.0341033935547,182.65785175424014,179.54903541760635,181.727184392981,65434500
2024-02-16,180.49949645996094,183.0142804515248,179.86585283584154,181.5984737728991,49752500
2024-02-20,179.75692749023438,180.61828269677792,178.21242224791314,179.98463913307552,53665600
2024-02-21,180.5093994140625,181.0737309260645,178.86588113831095,180.13316833455778,41371400
2024-02-22,182.5390167236328,183.12316891523534,180.6479964148563,181.65785591778803,52292200
2024-02-23,180.70741271972656,183.20237592421455,180.42028422645075,183.17267506039363,45119700
2024-02-26,179.36090087890625,180.94500218994074,178.8559560281093,180.43017719516277,40867400
2024-02-27,180.81631469726562,182.09349711935678,177.77679547469845,179.30151026553332,54318900
2024-02-28,179.61830139160156,181.3014155316966,178.34111913385524,180.6974728870872,48953900
2024-02-29,178.95498657226562,180.75691955299587,177.74710108364005,179.4698267249393,136682600
2024-03-01,177.8758087158203,178.73716395290236,175.61845249589473,177.76690051629518,73563100
2024-03-04,173.361083984375,175.14319605787904,172.06408093389737,174.40064432483445,81510100
2024-03-05,168.4305419921875,170.33147275577412,167.93550746706842,169.0641855800497,95132400
2024-03-06,167.4404754638672,169.53943215491887,167.00484265804033,169.36121186741923,68587700
2024-03-07,167.32168579101562,169.03450118476172,166.81675596481475,167.47019012011697,71765100
2024-03-08,169.0345001220703,171.97500667784078,167.2622830078253,167.3216847390924,76267000
2024-03-11,171.034423828125,172.64824117092596,170.34137853305091,171.22253935977105,60139500
2024-03-12,171.50967407226562,172.30173241116674,169.31171935776177,171.43046672764987,59825400
2024-03-13,169.4305419921875,171.4700820663792,169.06420612614593,171.05425482761498,52488700
2024-03-14,171.2819366455078,172.57892461566286,170.34137411890524,171.1928340614332,72913500
2024-03-15,170.90570068359375,170.90570068359375,168.5988381717502,169.47010369924573,121752700
2024-03-18,171.9948272705078,175.9452089236444,171.79681644661977,173.82646138280157,75604200
2024-03-19,174.3313446044922,174.85607994565953,171.31163124958826,172.6086191723699,55215200
2024-03-20,176.89561462402344,176.89561462402344,173.35116602745083,173.97491429018868,53423100
2024-03-21,169.66810607910156,175.7273381457555,169.1433707597941,175.29170540355622,106181300
2024-03-22,170.56910705566406,171.33146450930536,168.37115239719608,170.05426688241553,71160100
2024-03-25,169.15330505371094,170.2324767040703,167.76719930445816,168.87608692531137,54288300
2024-03-26,168.024658203125,169.71766815187948,167.89594436696248,168.31177163695932,57388400
2024-03-27,171.5888671875,171.87599567632833,168.42064920188324,168.71767294274684,60273300
2024-03-28,169.7770538330078,170.51960569647457,168.81668554767697,170.04437673388762,65672700
2024-04-01,168.34146118164062,169.54934678777494,167.79692011211174,169.48994505423667,46240500
2024-04-02,167.16326904296875,167.65830361021796,166.55932626663449,167.40089107386055,49329500
2024-04-03,167.96519470214844,168.98496453257434,166.90582876011774,167.11373478373662,47691700
2024-04-04,167.14346313476562,170.21266810452119,167.14346313476562,168.59885072968464,53704400
2024-04-05,167.8959197998047,168.69787335368648,167.2721714324497,167.90581505219322,42104800
2024-04-08,166.77713012695312,167.51968192191484,166.5692240844266,167.3513719945941,37425500
2024-04-09,167.98501586914062,168.39094781013864,166.67813256359855,167.02464767080627,42373800
2024-04-10,166.11380004882812,167.41078821247058,165.45045553411236,167.1236748074244,49709300
2024-04-11,173.30169677734375,173.7175391133101,166.49003132152566,166.66823651643443,91070300
2024-04-12,174.79672241210938,176.58874526879183,172.47996408161129,172.5294554564089,101670900
2024-04-15,170.97500610351562,174.87588010863277,170.78689058947398,173.61848833629102,73531800
2024-04-16,167.69789123535156,172.03438316124112,166.59891404642835,170.0443499195711,73711200
2024-04-17,166.3315887451172,168.9552655008738,166.3315887451172,167.9256004082147,50901200
2024-04-18,165.38111877441406,166.96523521407434,164.8959946340493,166.36129252101995,43122900
2024-04-19,163.36138916015625,164.74747975255278,162.45052746983075,164.559379327856,68149400
2024-04-22,164.19305419921875,165.59895049362888,163.1336881290828,163.87623994630854,48116400
2024-04-23,165.2425079345703,165.391027347015,163.28217556978177,163.7079130900853,49537800
2024-04-24,167.3414764404297,167.6186945681344,164.55938480415762,164.88609429896647,48251800
2024-04-25,168.2028350830078,168.9156860278579,166.4801094484109,167.84640961058278,50558300
2024-04-26,167.6186981201172,169.63843239437367,167.49987955768663,168.19293999888993,44838400
2024-04-29,171.77696228027344,174.2818355072499,171.38094074443057,171.64824848286057,68169400
2024-04-30,168.6384735107422,173.2521991943247,168.31174889120035,171.60868084411632,65934800
2024-05-01,167.6186981201172,170.99483730573115,167.43058257791944,167.8959162536964,50383100
2024-05-02,171.31166076660156,171.69778712393833,169.19291342760516,170.79682058773386,94214900
2024-05-03,181.55886840820312,185.14291355827163,180.84601747897057,184.7963833456082,163224100
2024-05-06,179.9054412841797,182.37070337959045,178.62824383792136,180.5390848280799,78569700
2024-05-07,180.58859252929688,183.06376520709566,179.51933122687228,181.6281680754234,77305800
2024-05-08,180.92523193359375,181.25195654794928,179.6480343404535,181.03414013837894,45057100
2024-05-09,182.737060546875,182.82616313989396,180.30148392023486,180.74701199258516,48983000
2024-05-10,181.47793579101562,183.50040923773955,180.5658387363955,183.3120385724197,50759500
2024-05-13,184.68020629882812,185.4931713127623,183.03445892506747,183.84742393900163,72044800
2024-05-14,185.82034301757812,186.6828817403559,184.6901339480471,185.89965779253163,52393600
2024-05-15,188.09068298339844,189.01268886802714,185.76085876781028,186.2962297111884,70400000
2024-05-16,188.20962524414062,189.45881387860598,188.03117836935675,188.83421956137332,52845200
2024-05-17,188.23936462402344,189.17129419091543,187.55528802161362,187.88245575005936,41282900
2024-05-20,189.3993377685547,190.2717851507536,187.38677266186554,187.70403175639103,44361300
2024-05-21,190.69808959960938,191.07481584379752,189.28036268210627,189.44890089382775,42309400
2024-05-22,189.2605438232422,191.16406816634918,188.63596455316463,190.6187885434668,34648500
2024-05-23,185.2750701904297,189.35968258649532,185.02721720275102,189.3398501117122,51005900
2024-05-24,188.3484344482422,188.94328765804346,186.42509288132968,187.19840810516956,36327000
2024-05-28,188.35833740234375,191.34248153890573,187.47598148636735,189.86527247896473,52280100
2024-05-29,188.65576171875,190.5989356775744,187.88246165547932,187.98160889548626,53068000
2024-05-30,189.64718627929688,190.52954231443272,188.99286588586446,189.12173915319045,49889100
2024-05-31,190.5989532470703,190.9162123421418,188.27905284340878,189.7959119633218,75158300
2024-06-03,192.3636474609375,193.31540952983562,190.86662095571478,191.24334718637152,50080500
2024-06-04,192.68092346191406,193.64259428823095,191.3722523931234,192.96842627855952,47471400
2024-06-05,194.1878662109375,195.20901937445223,193.19645419760306,193.72190135445058,54156800
2024-06-06,192.80978393554688,194.81244022862765,192.50244866402238,194.0093990023229,41181800
2024-06-07,195.1990966796875,195.24867030234284,192.47271383884646,192.97832848334124,53103900
2024-06-10,191.4614715576172,195.60558138834554,190.49980075281104,195.20900753042525,97010200
2024-06-11,205.37098693847656,205.38091074009856,191.96710777388114,191.98692512163242,172373300
2024-06-12,211.24014282226562,218.30889945026047,205.1231180281253,205.58908283581826,198134300
2024-06-13,212.40008544921875,214.88852380834695,209.782758705521,212.8957913864929,97862700
2024-06-14,210.6651153564453,213.32209192759066,209.48533280144244,212.01343611534222,70122700
2024-06-17,214.8092498779297,217.06966817138198,210.8931752545736,211.53758704443374,93728300
2024-06-18,212.4496612548828,216.75240063817128,211.1707464886947,215.72132373307375,79943300
2024-06-20,207.87924194335938,212.4000929584359,207.05638337080816,212.0927425591543,86172500
2024-06-21,205.7080841064453,210.07029091430852,205.33134270047418,208.58317289420788,241805100
2024-06-24,206.35247802734375,210.87331399723786,204.8157865138524,205.93608683303725,80727000
2024-06-25,207.27450561523438,209.5646648210329,206.81844945769743,207.35380525957078,55549700
2024-06-26,211.41860961914062,213.0147835489249,208.83102368645302,209.68363861405976,66213200
2024-06-27,212.2613067626953,213.88722177256454,210.5263358320774,212.8462361886446,49772700
2024-06-28,208.8111572265625,214.21436386520998,208.49391330369318,213.91693728719588,82542700
2024-07-01,214.8885498046875,215.64201747450758,210.10002805599396,210.26856627972688,60402900
2024-07-02,218.37832641601562,218.48738234159504,213.2527281692765,214.29369867156123,58046200
2024-07-03,219.64732360839844,219.64732360839844,217.1489612238199,218.11063203893852,37369800
2024-07-05,224.3961639404297,224.5052198536283,219.7464397478406,219.7464397478406,60412400
2024-07-08,225.86346435546875,225.89320550199054,221.3327047505454,225.13972278278513,59085900
2024-07-09,226.71609497070312,227.42991284004066,224.4259356098064,225.97253595078877,48076100
2024-07-10,230.97914123535156,231.07828847688273,227.28117906796422,227.3307526887298,62627700
2024-07-11,225.61563110351562,230.39422897123262,223.83108651749725,229.40281699319425,64710600
2024-07-12,228.5601043701172,230.64207551688347,226.71607753741577,226.9540218514806,53046500
2024-07-15,232.38694763183594,235.1926451763578,231.08820043911544,234.44908623752588,62631300
2024-07-16,232.80337524414062,234.2409196318231,230.3347538954296,232.98182214446476,43234300
2024-07-17,226.91439819335938,229.4722431354341,224.69362972259938,227.47949520376963,57345900
2024-07-18,222.25473022460938,228.46097889584826,220.36114484151935,228.3023493485251,66034600
2024-07-19,222.3836212158203,224.85224251867803,221.36246807560826,222.88925101284036,49151500
2024-07-22,222.03663635253906,225.82382229500527,221.17409763275575,225.06043082550624,48201800
2024-07-23,223.0775909423828,224.9910238167192,220.76759935066607,222.44308791792702,39960300
2024-07-24,216.6631622314453,222.86941075843336,215.26528287042115,222.07627816799848,61777600
2024-07-25,215.62217712402344,218.95332167523742,212.77681471652627,217.0497975364767,51391200
2024-07-26,216.08815002441406,217.6050090608147,214.15488466672127,216.8217851678197,41601300
2024-07-29,216.36573791503906,217.41663210574902,213.89711684474761,215.0967318967012,36311800
2024-07-30,216.9209442138672,218.43780333279796,214.26395224147618,217.3075942808937,41643800
2024-07-31,220.17274475097656,221.8978068103832,218.73520059867647,219.5382417741392,50036300
2024-08-01,216.48471069335938,222.55214689360594,215.15622233135366,222.44309097566543,62501000
2024-08-02,217.97183227539062,223.66254232334134,215.84030263063204,217.2679231335739,105568600
2024-08-05,207.4727783203125,211.66644653820467,194.31673780556494,197.38019703112641,119548600
2024-08-06,205.45028686523438,208.18659343179937,199.34320096724198,203.53686913101606,69660500
2024-08-07,208.01805114746094,211.80523672133984,204.61750047992084,205.12311510057037,63516400
2024-08-08,211.4780731201172,212.36042911915672,207.03655197769595,211.27979376271134,47161100
2024-08-09,214.38290405273438,214.9182597959333,210.1495712142523,210.2784595957283,42201600
2024-08-12,215.9114532470703,217.8767166928247,213.99582080224636,214.46232494953352,38028100
2024-08-13,219.6236572265625,220.2390393048837,217.380462936734,217.380462936734,44155300
2024-08-14,220.0703125,221.37056313371255,218.06533789669703,218.92887503482297,41960600
2024-08-15,223.0479736328125,223.67329096872731,221.10255033510867,222.9288713384501,46414000
2024-08-16,224.3680877685547,225.1422830006272,221.98593577772976,222.25393109506462,44340200
2024-08-19,224.20925903320312,224.30852103873067,221.38045847347976,224.0405257400108,40687800
2024-08-20,224.82464599609375,225.47973889834265,223.7725353535306,224.0901616619868,30299000
2024-08-21,224.71546936035156,226.28371522001356,223.37552309496598,224.8345868015738,34765500
2024-08-22,222.85939025878906,226.64103964823346,222.23407290784718,226.09512887719345,43695300
2024-08-23,225.15219116210938,226.52192810531062,222.66087229355688,223.98097823318813,38677300
2024-08-26,225.4896697998047,225.58893181224732,222.22415556593285,225.07279660900764,30602200
2024-08-27,226.33334350585938,227.14724957253156,223.21670725505913,224.31844891527626,35934600
2024-08-28,224.80479431152344,228.14971479709,224.0008084384826,226.22414704916858,38052200
2024-08-29,228.0802459716797,231.18696212304621,227.1770283167567,228.3879521456165,51906300
2024-08-30,227.29612731933594,228.68570457235603,225.78743262658827,228.4772755570311,52990800
2024-09-03,221.11248779296875,227.2961293418145,219.52438650802387,226.84948058831634,50190600
2024-09-04,219.20677185058594,220.12984491677884,215.86183603349318,220.01074262314262,43840200
2024-09-05,220.72537231445312,223.80229748015876,219.87177059333374,219.9809527371486,36615400
2024-09-06,219.17698669433594,223.56409767944487,218.13479623481732,222.28368749781316,48423000
2024-09-09,219.26632690429688,219.6236489368284,215.09757995493325,219.17700018247805,67180000
2024-09-10,218.47225952148438,219.83206111139577,215.1174037589381,217.29111136152258,51591000
2024-09-11,221.00328063964844,221.43007391385896,216.2687680395375,219.81221238330573,44587100
2024-09-12,221.11248779296875,221.8866830044339,218.1844402475294,220.84449248276735,37455600
2024-09-13,220.844482421875,222.37301734416337,220.25887596851652,221.91644846858938,36766600
2024-09-16,214.71047973632812,215.60377723416104,212.32832783334672,214.92882889414335,59357400
2024-09-17,215.1769561767578,215.2861383219032,212.90400170360138,214.14470101422842,45519300
2024-09-18,219.04795837402344,221.05293280374121,215.92138686335736,215.9313221513165,59894900
2024-09-19,227.16708374023438,228.11002736409566,222.95864123060412,223.31596324984213,66781300
2024-09-20,226.5020751953125,231.3556905514529,225.92638886705737,228.2589097535001,318679900
2024-09-23,224.7849578857422,227.74278104335218,224.12986496132828,225.64847983003366,54146000
2024-09-24,225.6782684326172,227.64354731931365,224.05047131587074,226.94874349226038,43556100
2024-09-25,224.68568420410156,225.59883710649478,222.35317851779175,223.2563961324406,42308700
2024-09-26,225.82716369628906,226.79986786044512,223.7328623413079,225.6087993733805,36636700
2024-09-27,226.09512329101562,227.81226214161182,225.6087788258606,226.7601514881057,34026000
2024-09-30,231.266357421875,231.266357421875,227.9412771261621,228.3283747151782,54541900
2024-10-01,224.5269012451172,227.94129335648356,222.0752779583648,227.81227091446172,63285000
2024-10-02,225.0926513671875,225.67825786117984,221.36063294746157,224.2092739820147,32880600
2024-10-03,223.9908905029297,225.12240767637772,221.65838486968212,223.46483520314058,34044200
2024-10-04,225.11248779296875,226.3035561118749,222.46235586119454,226.20429410810965,37245100
2024-10-07,220.04051208496094,224.01074997862722,219.68319006872073,222.8296017820206,39505400
2024-10-08,224.09017944335938,224.29860847272343,221.58892507419034,222.6311156567822,31855700
2024-10-09,227.83209228515625,228.0405364361267,223.15714569962594,223.55416342639623,33591100
2024-10-10,227.3358154296875,227.7923994519787,225.47973405841245,226.0851959438118,28183500
2024-10-11,225.85690307617188,227.7030642360917,225.64845893034402,227.59388209213523,31759200
2024-10-14,229.57901000976562,230.0058033150611,226.89910245149323,226.99834931201846,39882100
2024-10-15,232.11004638671875,235.7229623804217,230.6410474142004,231.87182665313995,64751400
2024-10-16,230.05543518066406,230.3929017691756,228.12986736523644,229.87678174389526,34082200
2024-10-17,230.4226837158203,232.11004699556463,228.8048220166126,231.69315867439417,32993800
2024-10-18,233.25149536132812,234.4227083661851,232.2688559498539,234.4227083661851,46431500
2024-10-21,234.720458984375,235.08771628667242,232.7055644739604,232.7055644739604,36254500
2024-10-22,234.10507202148438,234.46239402859047,230.8693336731526,232.14972869721714,38846600
2024-10-23,229.04299926757812,233.39041424004768,226.06532109909307,232.33830371042365,52287000
2024-10-24,228.85446166992188,229.10260155629064,226.710529416834,228.26884002769643,31109500
2024-10-25,229.68820190429688,231.484732210271,227.86189602437614,228.03062932515897,38802300
2024-10-28,231.6633758544922,232.98348177622344,230.81970938626554,231.5839844241638,36087100
2024-10-29,231.93138122558594,232.5864741436605,230.59143496071306,231.36563017470797,35417200
2024-10-30,228.387939453125,231.7328600109945,227.8420287171323,230.87925826342104,47070900
2024-10-31,224.22911071777344,228.11994197442104,223.693120129287,227.63358238786932,64370100
2024-11-01,221.25143432617188,223.67328184782377,218.6310779402587,219.32586653780092,65276700
2024-11-04,220.35812377929688,221.13231895883285,218.0752491010658,219.34572401852256,44944500
2024-11-05,221.78741455078125,222.28369429475046,219.49460455688452,220.14969745378525,28111300
2024-11-06,221.06285095214844,224.387931303672,219.54423614319148,220.95366880237512,54561100
2024-11-07,225.7874298095703,226.18446269494834,222.89909318788202,222.95864433437472,42137700
2024-11-08,225.51914978027344,227.20835428792034,224.9726384261151,225.72780810336752,38328800
2024-11-11,222.8064727783203,224.26714170400084,220.0938084143074,223.57158868270503,42005600
2024-11-12,222.8064727783203,224.15783943194586,221.9420008205612,223.12444853772337,40398300
2024-11-13,223.69082641601562,225.2111120360391,221.34580821096,222.58787261698694,48566200
2024-11-14,226.7711639404297,227.41703140021204,223.57160465201176,223.59148192887395,44923900
2024-11-15,223.57159423828125,225.47940335635096,222.8462328667566,224.96270031544069,47923700
2024-11-18,226.5724334716797,228.28151537171908,223.74052045447314,223.82001439888424,44633700
2024-11-19,226.8307647705078,228.6988344551977,225.22105418122663,225.53901477922054,36211800
2024-11-20,227.54620361328125,228.4702922716314,224.45594670445817,226.61216873586113,35169600
2024-11-21,227.06924438476562,228.69883223369175,224.2770861035494,227.42695953023323,42108300
2024-11-22,228.41065979003906,229.25526960886552,226.6121530455377,226.6121530455377,38168300
2024-11-25,231.39163208007812,231.76922452168117,228.2815130321861,229.99059491471002,90152800
2024-11-26,233.56771850585938,234.07449047305911,231.84870566104107,231.84870566104107,45986200
2024-11-27,233.4385528564453,234.19373774290258,232.32566796514345,232.98148163119754,33498400
2024-11-29,235.82333374023438,236.30028225823045,232.4846637904217,233.31932748739487,28481400
2024-12-02,238.0689697265625,239.26134854667043,235.65440375298792,235.76370602927642,48137100
2024-12-03,241.1095428466797,241.21884512379424,237.38334952948236,238.2875760799829,38861000
2024-12-04,241.46725463867188,242.56027739454964,239.7184333911867,241.32814402991647,44383900
2024-12-05,241.49705505371094,242.98753231090083,240.59284370740727,242.4410361127995,40033900
2024-12-06,241.29832458496094,243.0769692456264,240.5431549096241,241.36788746709487,36870600
2024-12-09,245.1835174560547,245.67041216886827,240.21525975684386,240.29475369946152,44649200
2024-12-10,246.197021484375,246.63423054379348,243.78244060146582,245.32260336553807,36914800
2024-12-11,244.9251708984375,249.20780656351602,244.69662013013263,246.3858398593606,45205800
2024-12-12,246.38583374023438,247.1608807008323,244.12029436088807,245.32261935264157,32777500
2024-12-13,246.55474853515625,247.70737273801882,244.67674782957272,246.24671899982582,33155300
2024-12-16,249.44627380371094,249.7841268474892,246.07779571830554,246.4156487620838,51694800
2024-12-17,251.87075805664062,252.2185421189052,248.19425082976375,248.49234928857376,51356400
2024-12-18,246.4752655029297,252.6657103008961,246.1672359539693,250.55917390522964,56774100
2024-12-19,248.20419311523438,250.400169527173,245.5213371883983,245.92873792847348,60882300
2024-12-20,252.8743896484375,253.3811464831127,244.13025293349912,246.4653249902114,147495300
2024-12-23,253.64942932128906,254.02700659111463,251.84097626600598,253.15260355822258,40858800
2024-12-24,256.56085205078125,256.5707679464462,253.6693071300515,253.86804957710976,23234700
2024-12-26,257.37554931640625,258.44870970386563,255.9943897750778,256.55083207826743,27237100
2024-12-27,253.96739196777344,257.05766400729357,251.45345479939442,256.19316170058187,42355300
2024-12-30,250.59890747070312,251.890657464443,249.15811581542044,250.6287158030117,35557500
2024-12-31,248.8302001953125,251.6720440162376,247.84647977817443,250.83738041728796,39480700
2025-01-02,242.3019256591797,247.51859606258614,240.28481431614935,247.34966196417784,55740700
2025-01-03,241.8150177001953,242.6298040057451,240.3543488544026,241.8150177001953,40244100
2025-01-06,243.4446258544922,245.7598357483754,241.6560500607284,242.75900387005615,45045600
2025-01-07,240.67233276367188,243.99112508347835,239.81779188041267,241.43743349025635,40856000
2025-01-08,241.1592254638672,242.1628232218062,238.52605495049286,240.38417847646193,37628900
2025-01-10,235.3463592529297,238.63534322792128,231.52079498772144,238.48628640867517,61710900
2025-01-13,232.91188049316406,233.18017061465545,228.26159925087094,232.04740863292375,49630700
2025-01-14,231.7990264892578,234.62099318079112,230.99417118008773,233.25969544364762,39435300
2025-01-15,236.35987854003906,237.4429702030776,232.94171493841435,233.1503884256181,39832000
2025-01-16,226.81089782714844,236.4990004602556,226.58236221549976,235.8432019589194,71759100
2025-01-17,228.5199737548828,230.8153063545454,227.02949646555186,230.6463874145182,68488300
2025-01-21,221.22657775878906,222.99527628303537,217.9872792040061,222.57794445660952,98070400
2025-01-22,222.40902709960938,222.6971793763667,218.39466636780546,218.39466636780546,64126500
2025-01-23,222.2400665283203,225.5886667553655,220.88870007399572,223.31321181515892,60234800
2025-01-24,221.36566162109375,224.19757422629087,220.00436403066544,223.35296445648333,54697900
2025-01-27,228.4007110595703,230.67616609083086,222.55803598473332,222.59779053134582,94863400
2025-01-28,236.74742126464844,238.66517670855166,229.34471998625472,229.38447454034346,75707600
2025-01-29,237.8404083251953,238.33723404319062,232.52436707787834,232.63366934231402,45486100
2025-01-30,236.08164978027344,239.26133146080375,235.7040725307193,237.1547951903121,55658300
2025-01-31,234.50173950195312,245.62070152543137,231.9579942451269,245.62070152543137,100959800
2025-02-03,226.56246948242188,230.35822543026035,224.2671369795404,228.52991033796462,73063300
2025-02-04,231.3220672607422,231.64997406812495,225.21110156992967,225.80729852188347,45067300
2025-02-05,230.99417114257812,231.19289841511937,226.82083777153602,227.0791817096477,39620300
2025-02-06,231.7394256591797,232.31574540236795,228.96712922491054,229.8216702010973,29925300
2025-02-07,226.1848907470703,232.51444580894437,225.81722939017394,231.1233398047693,39707200
2025-02-10,226.45347595214844,229.3780258753388,226.00584416726187,228.36339787721977,33115600
2025-02-11,231.3973388671875,233.99362125199642,226.93094812871882,227.000572314181,53718400
2025-02-12,235.62501525878906,235.71455375787428,229.4675472393098,229.98481838871234,45243300
2025-02-13,240.26052856445312,241.06626881430705,234.33186254170715,235.66481592241834,53614100
2025-02-14,243.31439208984375,244.25939586817944,239.72336558929686,239.981993568851,40896200
2025-02-18,243.18507385253906,243.8913336127375,240.56889220053384,242.86674847770814,48822500
2025-02-19,243.58297729492188,244.71698493563778,241.88197342314302,243.37408953874765,32204200
2025-02-20,244.5379180908203,245.4829218502696,243.00600383864503,243.65259654249155,32316900
2025-02-21,244.25938415527344,247.38287960480025,243.93111682470231,244.6572756706751,53197400
2025-02-24,245.80125427246094,247.55199828948733,243.1353323966777,243.64264638435856,51326400
2025-02-25,245.74156188964844,248.68601093773057,243.62276739789988,246.69652285022872,48013300
2025-02-26,239.09666442871094,243.6923767743236,237.87313357927937,243.04579925662603,44433600
2025-02-27,236.05276489257812,241.18564780716906,235.81402085750776,238.1516754344793,41153600
2025-02-28,240.5688934326172,240.8175794410065,228.9900734891547,235.70459571566596,56833400
2025-03-03,236.7789306640625,242.74739510665418,234.86902386386396,240.51916291712755,47184000
2025-03-04,234.68992614746094,238.80818055450627,233.44649624540747,236.46058429228577,53798100
2025-03-05,234.50096130371094,235.30670153327668,228.0251680036218,234.18263593082168,47227600
2025-03-06,234.09310913085938,236.60981025581015,231.93451645578955,233.20778757123546,45170400
2025-03-07,237.81344604492188,240.10134501237943,233.5260868229449,233.8742532807345,46273600
2025-03-10,226.28436279296875,234.91874867921032,223.04150278970278,234.3019970725287,72071200
2025-03-11,219.67926025390625,224.65298022983382,216.30707871737093,222.63365113389432,76137400
2025-03-12,215.83956909179688,220.58450266635003,213.78045671174684,218.98296406915986,62547500
2025-03-13,208.5779266357422,215.70029772842102,207.3245545879158,214.81497612462363,61368300
2025-03-14,212.36788940429688,212.82546311709572,208.47843695256688,210.13965751241793,60107600
2025-03-17,212.87522888183594,214.08881784956162,208.86641153353526,212.18885305172668,48073400
2025-03-18,211.57208251953125,214.01914401352187,210.37839287524898,213.03435726681795,42432400
2025-03-19,214.10870361328125,217.6101915579757,212.6265295918345,213.0940604852241,54385400
2025-03-20,212.97470092773438,216.3468825511506,211.10457731145533,212.86527847830126,48862900
2025-03-21,217.12277221679688,217.68976839110027,210.16950634984832,210.4480334492585,94127800
2025-03-24,219.56983947753906,220.3158974796034,217.4311459430569,219.8384246082871,44299500
2025-03-25,222.573974609375,222.92214108802088,218.92326587520165,219.6096416779903,34493600
2025-03-26,220.36563110351562,223.83729303324841,219.31120492080973,222.3352199198642,34466100
2025-03-27,222.67344665527344,223.80745418869535,219.40073045135125,220.22636977863218,37094800
2025-03-28,216.7547149658203,222.6336557419088,216.5358700680628,220.504904155295,39818600
2025-03-31,220.9624786376953,224.4341253115235,215.09348022110552,215.86937928840504,65299300
2025-04-01,222.0169219970703,222.50433685640354,217.749461617725,218.65468232589998,36412700
2025-04-02,222.71324157714844,224.00641185945875,219.8583310514353,220.15675729790527,35905900
2025-04-03,202.12203979492188,206.39944211542388,200.19223396809613,204.4596791341039,103419000
2025-04-04,187.38987731933594,198.82943318150367,186.3553350717911,192.87091122900438,125910900
2025-04-07,180.50625610351562,193.12954493623218,173.70219548773406,176.26863687444822,160466300
2025-04-08,171.51376342773438,189.33957458197378,168.32064359895526,185.71870692843436,120859500
2025-04-09,197.8048553466797,199.55559936553783,170.98654976711688,171.04623198001363,184395900
2025-04-10,189.4191436767578,193.7562279640405,182.03814529024513,188.07624843340898,121880000
2025-04-11,197.1085205078125,198.49121408156802,185.0820690088969,185.12186726950821,87435900
2025-04-14,201.45555114746094,211.82078139531484,200.10269875392328,210.32866545443895,101352900
2025-04-15,201.0775604248047,202.4403549077855,198.7498630049633,200.7990333068026,51343900
2025-04-16,193.2489471435547,199.6451446388344,191.35892418198236,197.31744700836063,59732400
2025-04-17,195.94467163085938,197.78495412822454,193.39812938355274,196.16351652823,52164700
2025-04-21,192.14476013183594,192.78139570274652,188.8123615658979,192.25418258208256,46742500
2025-04-22,198.690185546875,200.53045296496776,194.93999616163734,195.0892017003565,52976400
2025-04-23,203.52462768554688,206.9067512010516,201.7340854567431,204.9172632087338,52929200
2025-04-24,207.27481079101562,207.73239972806866,201.87335793866913,203.81310578126346,47311000
2025-04-25,208.18002319335938,208.6475540878433,205.1162098506388,205.28531450927932,38222300
2025-04-28,209.03550720214844,210.38835967290976,206.3696005213303,208.89624364686077,38743100
2025-04-29,210.09988403320312,211.12446912484504,207.27479957627347,207.59312493762445,36827600
2025-04-30,211.3831024169922,212.4574277707069,205.5837430092506,208.19992461631293,52286500
2025-05-01,212.1988067626953,213.43227966302132,207.80202473083082,207.98108655162656,57365700
2025-05-02,204.27069091796875,205.9020705063368,201.09745506032002,205.0067917796952,101010600
2025-05-05,197.84463500976562,203.02725796650907,197.1682163705072,202.03251395918386,69018500
2025-05-06,197.46661376953125,199.59536519080132,195.9844550154461,197.1682027308483,51216500
2025-05-07,195.21852111816406,198.3917570874617,192.23428894820486,198.12317194216024,68536700
2025-05-08,196.45201110839844,198.99855348942916,193.65676753221484,196.68079799363124,50478900
2025-05-09,197.4865264892578,199.48595647897335,196.50172445806652,197.95405738682032,36453900
2025-05-12,209.95704650878906,210.435160708662,205.93301745006437,210.13634313336473,63775800
2025-05-13,212.08860778808594,212.55675181657614,208.1741443311085,209.5984864444124,51909300
2025-05-14,211.490966796875,213.09460539099953,209.7478820292828,211.5905625216416,49325800
2025-05-15,210.6144256591797,212.11846843107298,208.71196961705186,210.1164014721405,45029500
2025-05-16,210.42520141601562,211.73003772257164,208.94109887256835,211.52086084946143,54737900
2025-05-19,207.9550018310547,208.65223273202483,203.45285841572866,207.0884445111699,46140500
2025-05-20,206.04258728027344,207.64622592622177,204.2198167548668,206.84938410987283,42496600
2025-05-21,201.2914276123047,206.22186440009241,199.91689108628387,204.3592586621154,59211800
2025-05-22,200.56431579589844,201.94882252859867,198.91087172706415,199.91689038506837,46742400
2025-05-23,194.49838256835938,196.91877297523902,192.6955373289648,192.9046989896,78432900
2025-05-27,199.4188690185547,199.94677348688452,196.64984031499387,197.51641281084125,56288500
2025-05-28,199.62803649902344,201.9289060786693,199.11008702875665,199.79736291846774,45339700
2025-05-29,199.15989685058594,203.00464471322186,197.72558456215265,202.775557811137,51396800
2025-05-30,200.0563507080078,201.16196516975768,196.00242594876025,198.58218796001185,70819900
2025-06-02,200.90298461914062,201.3312933884623,199.3292261245183,199.4885975362889,35423300
2025-06-03,202.46678161621094,202.96480586317466,200.16591202699755,200.55437033168948,46381600
2025-06-04,202.0185546875,205.42503857555045,201.30139858491114,202.10819540070028,43604000
2025-06-05,199.83721923828125,203.9409342732031,199.35910500622674,202.69587362440456,55126100
2025-06-06,203.11419677734375,204.8871617909174,201.2515910514923,202.19783403313102,46607700
2025-06-09,200.6539764404297,205.18600036190864,199.2296343157191,203.58236159580053,72862600
2025-06-10,201.86912536621094,203.54249456453348,199.77743286642308,199.80731310224203,54672600
2025-06-11,197.99452209472656,203.69192080198684,197.62598900862739,202.6958722895077,60989900
2025-06-12,198.41285705566406,198.890956077424,196.58013147350607,198.29333609984755,43904600
2025-06-13,195.6737060546875,199.57821397711425,194.92666975119658,198.94074360607502,51447300
2025-06-16,197.63595581054688,197.9048931805357,195.7833048588921,196.52038627354875,43020700
2025-06-17,194.86692810058594,197.6060614779548,194.43863454049264,196.4207613301707,38856200
2025-06-18,195.80319213867188,196.78928550519313,194.29916455806153,195.16572178414586,45394700
2025-06-20,200.20574951171875,200.90298042554332,196.08210930882012,197.45666110928434,96813500
2025-06-23,200.70376586914062,201.50060768152076,198.17380945321412,200.83325703321927,55814300
2025-06-24,199.5084991455078,202.63609053842802,199.40888822531906,201.78944331230142,54064000
2025-06-25,200.76353454589844,202.8651975026319,199.82724651799433,200.65396860223956,39525700
2025-06-26,200.20574951171875,201.8392684520338,198.67184150130464,200.63404307360597,50799100
2025-06-27,200.28543090820312,202.41697405518968,199.20969672208463,201.09222774816857,73188600
2025-06-30,204.35926818847656,206.570497066428,198.47261792694385,201.21175129212304,91912800
2025-07-01,206.99879455566406,209.35942450018746,205.3254252695324,205.85332972802502,78788900
2025-07-02,211.60055541992188,212.49699303139835,207.3175436349344,208.08450527048316,67941800
2025-07-03,212.70616149902344,213.80180573654258,210.97303162710094,211.31168447150716,34955800
2025-07-07,209.120361328125,215.37554414763466,207.97491173225177,211.8395692407974,50229000
2025-07-08,209.1801300048828,210.59451698338924,207.6262968509882,209.26978591644843,42848900
2025-07-09,210.3056640625,210.49491569520316,206.40115605631001,208.70202548866368,48749400
2025-07-10,211.57064819335938,212.6364120977978,209.2000480941239,209.678147079363,44443600
2025-07-11,210.3256072998047,211.29177557167307,209.03074119537857,209.73794232575938,39765800
2025-07-14,207.79562377929688,210.07658325197187,206.71988962428105,209.10044482334126,38840100
2025-07-15,208.28369140625,211.05270487364396,208.09443976951917,208.39325734338402,42296300
2025-07-16,209.3295440673828,211.5606828488181,207.8155461810567,209.4689902412225,47490500
2025-07-17,209.1901092529297,210.9630743588066,208.7618004967043,209.7379389650813,48068100
2025-07-18,210.34548950195312,210.95307962142945,208.87134215576987,210.0367169360457,48974600
2025-07-21,211.64036560058594,214.92732845073886,210.7937335563828,211.2618775331451,51377400
2025-07-22,213.5527801513672,214.1006098348481,211.39135685335447,212.29776458434165,46404100
2025-07-23,213.30377197265625,214.29982043425818,211.57065737650467,214.15041924441525,46989300
2025-07-24,212.91531372070312,214.83769515517375,212.68622683006964,213.05475989741393,46022600
2025-07-25,213.03485107421875,214.38947759784276,212.5567368669443,213.85160291428238,40268800
2025-07-28,213.2041778564453,214.00101967144602,212.2180844005514,213.18425263148458,37858000
2025-07-29,210.43516540527344,213.96117031669576,209.9869466315705,213.33365491441555,51411700
2025-07-30,208.2239227294922,211.55072076453234,206.89917652304968,211.06265157316113,45512500
2025-07-31,206.74977111816406,209.0107900151974,206.34138763159262,207.6661338109758,80698400
2025-08-01,201.58030700683594,212.7360475386617,200.7037794341265,210.03674932642843,104434500
2025-08-04,202.5464630126953,207.0585613783641,200.88304868853191,203.70186769022786,75109300
2025-08-05,202.1181640625,204.5285996595603,201.36117265797924,202.59626309701343,44155100
2025-08-06,212.40733337402344,214.52892145014,204.77759854868273,204.81744899810374,108483100
2025-08-07,219.16055297851562,219.9773200540019,215.7241886502616,218.01510326859565,90224800
2025-08-08,228.44374084472656,230.08721487155407,218.38364441813084,219.95740294972967,113854000
2025-08-11,226.5391082763672,228.91239906441297,224.1259370249458,227.2770261826339,61806100
2025-08-12,229.0021209716797,230.14888579943394,226.429412881848,227.36674823663387,55626200
2025-08-13,232.6717529296875,234.33703985510917,229.77992501054072,230.4181341091737,69878500
2025-08-14,232.12330627441406,234.4567012802976,230.19875827485632,233.39969406647393,51916300
2025-08-15,230.9366455078125,233.6190590405621,228.69299310222902,233.33985018068216,56038700
2025-08-18,230.23861694335938,232.4623214496413,229.46081868168693,231.04632935234682,37476200
2025-08-19,229.90956115722656,232.2130419457167,228.70298322789472,230.62753117126795,39402600
2025-08-20,225.3723907470703,229.81981519856654,225.13307755654054,229.33119207499826,42263900
2025-08-21,224.26551818847656,225.88095827873425,223.14868274098328,225.63166356522294,30621200
2025-08-22,227.11746215820312,228.44371192910324,224.77410085849388,225.53195134940427,42477800
2025-08-25,226.5191650390625,228.65312729963858,225.59178073979155,225.84107546750252,30983100
2025-08-26,228.6630859375,228.84258604761433,224.05612439304167,226.22996704217394,54575100
2025-08-27,229.8397674560547,230.24859923631865,227.6160475796746,227.96506627689797,31259500
2025-08-28,231.9039306640625,232.75153884501827,228.69301327644948,230.16884905542523,38074700
2025-08-29,231.485107421875,232.7216147258446,230.71727541448905,231.85405874294378,39418400
2025-09-02,229.0719451904297,230.19876225122124,226.32970313085187,228.6032698757151,44075600
2025-09-03,237.79725646972656,238.17618932549604,233.69885053091846,236.5408165177042,66427800
2025-09-04,239.1035614013672,239.2232180033205,236.07214416452067,237.77731160532718,47549400
2025-09-05,239.0137939453125,240.63920029193574,237.81718240373485,239.32291694518142,54870400
2025-09-08,237.2089080810547,239.47249309970456,235.67324414176576,238.62490021245955,48999500
2025-09-09,233.68887329101562,238.1063683630383,232.70166073618753,236.33139119913957,66313900
2025-09-10,226.1501922607422,231.76431424305812,225.31256565050364,231.53496736029473,83440800
2025-09-11,229.3810577392578,229.7998710451417,226.010588238333,226.23995033725743,50208600
2025-09-12,233.40968322753906,233.84842918261825,228.373926506362,228.57335925244223,55824200
2025-09-15,236.0322265625,237.5180285002954,234.3669397384463,236.33138325533858,42699500
2025-09-16,237.4781494140625,240.53949594661788,235.65332541334,236.51088466190768,63421100
2025-09-17,238.3157958984375,239.42266510979977,237.05934071942244,238.2958480596019,46508000
2025-09-18,237.2089080810547,240.51953392817583,235.98236714862816,239.2930082114909,44249600
2025-09-19,244.8074188232422,245.60516498271895,239.53234916144805,240.5494606794321,163741300
2025-09-22,255.35755920410156,255.9160073848096,247.42002368458668,247.5995237986898,105517400
2025-09-23,253.71221923828125,256.6140134777918,252.86462630601793,255.15814081026073,60275200
2025-09-24,251.59820556640625,255.01853710208397,250.33178410429736,254.49999981420794,42303700
2025-09-25,256.14532470703125,256.4444966190252,250.99989343760635,252.49566170312627,55202100
2025-09-26,254.73931884765625,256.87328100426123,253.06405044687503,253.38315498635407,46076300
2025-09-29,253.71221923828125,254.28061851263055,252.29622703166862,253.84185736381545,40127700
2025-09-30,253.9116668701172,255.1980209495745,252.39595068950493,254.1410137555297,37704300
2025-10-01,254.72933959960938,258.0599285933123,254.21080232618834,254.32049261064776,48713900
2025-10-02,256.40460205078125,257.45162766856953,253.43299812845933,255.85613542550084,42630200
2025-10-03,257.2920837402344,258.5086431914624,253.23357360959045,253.9515436206674,49155600
2025-10-06,255.9658660888672,258.339156849437,254.33049322602108,257.262186546101,44664100
2025-10-07,255.75643920898438,256.67382669789566,254.70938317067183,256.0854948355218,31955800
2025-10-08,257.33197021484375,257.7906639625656,255.3874592951906,255.7963062732735,36496900
2025-10-09,253.32330322265625,257.27213808351553,252.42584836214985,257.08267167133846,38322000
2025-10-10,244.57806396484375,255.6567217403356,243.3116425485481,254.2207817432353,61999100
2025-10-13,246.96133422851562,248.98560621270488,244.86725241658198,248.67648318296307,38142900
2025-10-14,247.07101440429688,248.14796941642882,244.00966795095763,245.90431694508948,35478000
2025-10-15,248.63656616210938,251.1095806192417,246.77184661648403,248.78615211625979,33893600
2025-10-16,246.7519073486328,248.33741809379524,244.43846029169785,247.54965348458146,39777000
2025-10-17,251.5782470703125,252.66518358811555,246.57242016484557,247.3203043073955,49147000
2025-10-20,261.50018310546875,263.63416054313814,254.90884523128253,255.168106265739,90483000
2025-10-21,262.0286865234375,264.5415968076956,261.0913359303388,261.141213133835,46695900
2025-10-22,257.72088623046875,262.1084670888602,254.70938662410154,261.9090191460537,45015300
2025-10-23,258.84765625,259.8847307097371,257.2821086816683,259.2066564378435,32754900
2025-10-24,262.07855224609375,263.3848541030092,258.44880663072195,260.4531458541269,38253700
2025-10-27,268.0516662597656,268.36078929414754,263.90339825112477,264.13276036080543,44888200
2025-10-28,268.2411193847656,269.12862319727753,267.39351124836816,268.23113785786586,41534800
2025-10-29,268.93914794921875,270.6443152614699,266.35642794866993,268.5203194424725,51086700
2025-10-30,270.63433837890625,273.36662916750566,267.72259312931254,271.2226702585742,69886500
2025-10-31,269.6072692871094,276.53767519933945,268.40069127196034,276.2085891024436,86167100
2025-11-03,268.29095458984375,270.08589475979994,265.49886601188945,269.65711516237894,50194600
2025-11-04,269.2781982421875,270.72408938596277,266.86501191822913,267.5730004152706,49274800
2025-11-05,269.3779296875,270.9335263776032,266.17696342424256,267.8522167164328,43683100
2025-11-06,269.0089416503906,272.6287059365568,267.1342708755924,267.1342708755924,51204000
2025-11-07,267.7126159667969,271.5218466038475,266.0173996929098,269.03885049148494,48227400
2025-11-10,268.93035888671875,273.22240319845355,266.96401085683,268.46122924118225,41312400
2025-11-11,274.73956298828125,275.3983427074405,269.2996575494418,269.3096487524697,46208300
2025-11-12,272.9628601074219,275.2186787593472,271.19615348009904,274.49002155435767,48398000
2025-11-13,272.44384765625,276.1868935731559,271.5854266195937,273.6016697208788,49602800
2025-11-14,271.9048156738281,275.44821996704485,269.10002929321837,270.54732197227213,47431300
2025-11-17,266.9639892578125,269.98836893107386,265.237217022597,268.3214829895084,45018300
2025-11-18,266.9440612792969,270.2079864201871,264.8279974843966,269.48932037088264,45677300
2025-11-19,268.06195068359375,271.7051756343288,265.00762791735707,265.0375710636542,40424500
2025-11-20,265.7562561035156,274.91922505965954,265.42688147061517,270.327749378444,45823600
2025-11-21,270.98651123046875,272.8230952896135,265.17732758833057,265.4568071090486,59030800
2025-11-24,275.4083251953125,276.4863089537433,270.397615191446,270.397615191446,65585800
2025-11-25,276.4563903808594,279.8600705608694,274.73957871594786,274.75953066216096,46914200
2025-11-26,277.0352783203125,279.01161742605893,276.1170014953278,276.44637611579356,33431400
2025-11-28,278.3328857421875,278.4826014787427,275.4781737009374,276.7458380127342,20135600
2025-12-01,282.57501220703125,282.89442609469603,275.62792768573877,277.4944549964911,46587700
2025-12-02,285.6592712402344,286.86701880065203,282.10587559562896,282.47518456741903,53669500
2025-12-03,283.623046875,288.0847586222564,282.77461708045536,285.6692634925469,43538700
2025-12-04,280.179443359375,284.20196835267484,278.07334059490756,283.5731318378766,43989100
2025-12-05,278.26300048828125,280.6186397013617,277.53434330937836,280.01974631085085,47265800
2025-12-08,277.3746643066406,279.15136205700173,275.6378704438954,277.6142094762677,38211800
2025-12-09,276.66595458984375,279.5106752769474,276.40645748061854,277.64414811825674,32193300
2025-12-10,278.26300048828125,279.2312028389952,275.92734368017386,277.23491184461454,33038300
2025-12-11,277.514404296875,279.07150890817053,273.3022288840155,278.5824273392719,33248000
2025-12-12,277.7639465332031,278.70220580092337,276.30666253778065,277.38464634485007,39532900
2025-12-15,273.6016540527344,279.63046152672615,272.33402020742307,279.63046152672615,50409100
2025-12-16,274.1007385253906,274.9891026980292,271.2859911871425,272.3140798989353,37648600
2025-12-17,271.33587646484375,275.6478724530811,271.13626563598973,274.50001118897205,50138700
2025-12-18,271.68524169921875,273.12257373871984,266.4549687260805,273.1025913325419,51630700
2025-12-19,273.1625061035156,274.09077415448866,269.399477884542,271.6453053723066,144632000
2025-12-22,270.4674987792969,273.37210596231955,270.00836035897595,272.3539780142796,36571800
2025-12-23,271.85491943359375,271.99467443806464,269.06012395403746,270.3377490962612,29642000
2025-12-24,273.3022155761719,274.9192064044749,271.69521595033444,271.8349404799371,17910600
2025-12-26,272.8929748535156,274.859322715931,272.35396775197984,273.65157518449314,21521800
2025-12-29,273.2523498535156,273.8512128461511,271.8449608988494,272.1843267483383,23715200
2025-12-30,272.5735778808594,273.5717234473003,271.77507361210075,272.304089543875,22139600
2025-12-31,271.3558349609375,273.17246717497864,271.24605357156486,272.553621806917,27293600
