Date,Open,High,Low,Close,Volume,Lag_1,Lag_2,Lag_3,Lag_5,Lag_10,MA10,MA20,MA50,STD20,Daily_Return,Return_MA10,Return_STD10
2018-03-14,42.32301671345703,42.36995811673612,41.73389082089603,41.88175964355469,117473600,42.24087142944336,42.651615142822266,42.24321746826172,41.08140182495117,41.8066520690918,41.702912139892575,41.26177444458008,40.35747734069824,0.8390129241138367,-0.008501524086417356,0.00023581214382698557,0.011183722283892578
2018-03-15,41.89584418772932,42.30424194138419,41.79492034377192,41.93104934692383,90975200,41.88175964355469,42.24087142944336,42.651615142822266,41.529693603515625,41.074363708496094,41.78858070373535,41.394151306152345,40.39075668334961,0.7092934005177031,0.0011768775664784403,0.002105107179109544,0.0092885493627331
2018-03-16,41.93105312956666,42.04136741352731,41.689301464223135,41.78318786621094,157618800,41.93104934692383,41.88175964355469,42.24087142944336,42.24321746826172,41.35835266113281,41.831064224243164,41.4531810760498,40.42121925354004,0.6887799743741359,-0.003526300510381497,0.0010610751756219838,0.009274705324770701
2018-03-19,41.61888030428851,41.654085457493494,40.75983875209598,41.1447639465332,133787200,41.78318786621094,41.93104934692383,41.88175964355469,42.651615142822266,41.50152587890625,41.79538803100586,41.486861610412596,40.435172958374025,0.6538144809236173,-0.015279444970114686,-0.0008130465952923327,0.01054254531501393
2018-03-20,41.13068771362305,41.49683568443578,41.06027381583607,41.13068771362305,78597600,41.1447639465332,41.78318786621094,41.93104934692383,42.24087142944336,41.4663200378418,41.76182479858399,41.526644706726074,40.439635009765624,0.6022097169359408,-0.0003421148053843748,-0.0007624278429203546,0.010543572379391268
2018-03-21,41.08375108302355,41.09548733194154,40.19654510210862,40.19889450073242,148219600,41.13068771362305,41.1447639465332,41.78318786621094,41.88175964355469,41.08140182495117,41.67357406616211,41.528991889953616,40.428500213623046,0.5966353689734197,-0.022654452543520276,-0.002099605981841468,0.0124243846810728
2018-03-22,39.90079415284308,40.52981671806352,39.57220081002626,39.63087844848633,165963200,40.19889450073242,41.13068771362305,41.1447639465332,41.93104934692383,41.529693603515625,41.48369255065918,41.48615646362305,40.40609878540039,0.6975564293983733,-0.01413014112205857,-0.004603848140438338,0.012027747139766325
2018-03-23,39.522912207842715,39.882019088604274,38.71316146850586,38.71316146850586,164115200,39.63087844848633,40.19889450073242,41.13068771362305,41.78318786621094,42.24321746826172,41.1306869506836,41.362228584289554,40.36552978515625,0.9330414314046485,-0.02315661463758245,-0.008637614899068512,0.010587785404398193
2018-03-26,39.4478137655839,40.62840784209897,39.06523432694473,40.55095291137695,150164800,38.71316146850586,39.63087844848633,40.19889450073242,41.1447639465332,42.651615142822266,40.92062072753906,41.28946857452392,40.35708839416504,0.9369156842400514,0.04747200624175796,-0.00485719118971315,0.020218795609675926
2018-03-27,40.76453853670361,41.10956343270425,39.17789604359712,39.51118469238281,163690400,40.55095291137695,38.71316146850586,39.63087844848633,41.13068771362305,42.24087142944336,40.647652053833006,41.171526718139646,40.319389495849606,1.0059155257237176,-0.025641030465215597,-0.006458273933243841,0.0212465655698871
2018-03-28,39.25535512087376,39.90550460608626,38.77185176834323,39.07462692260742,166674000,39.51118469238281,40.55095291137695,38.71316146850586,40.19889450073242,41.88175964355469,40.366938781738284,41.03492546081543,40.27716697692871,1.0965462844283393,-0.011048966847596264,-0.006713018209361732,0.021289015374191093
2018-03-29,39.386782699739925,40.31154297775571,39.17319520783287,39.37974166870117,153594000,39.07462692260742,39.51118469238281,40.55095291137695,39.63087844848633,41.93104934692383,40.11180801391602,40.950194358825684,40.227442245483395,1.1571369418432367,0.00780851335312982,-0.006049854630696594,0.02166211784216103
2018-04-02,39.11217610913106,39.65201123119887,38.60285451256873,39.12156295776367,150347200,39.37974166870117,39.07462692260742,39.51118469238281,38.71316146850586,41.78318786621094,39.84564552307129,40.838354873657224,40.1718058013916,1.2218943518320222,-0.006556130131820992,-0.006352837592840543,0.02164408091372898
2018-04-03,39.34688194941007,39.60741083952156,38.6990820303163,39.52291488647461,121112000,39.12156295776367,39.37974166870117,39.07462692260742,40.55095291137695,41.1447639465332,39.68346061706543,40.739424324035646,40.12793655395508,1.2452505949120702,0.010259097499357273,-0.0037989833458933475,0.021977884087047626
2018-04-04,38.69909250610223,40.37257697878735,38.67327419175449,40.27869415283203,138422000,39.52291488647461,39.12156295776367,39.37974166870117,39.51118469238281,41.13068771362305,39.59826126098633,40.68004302978515,40.10600868225097,1.237053034395151,0.01912255886308789,-0.001852515979046121,0.02314880919789047
2018-04-05,40.506350601221754,40.89362160917028,40.38899531621928,40.557987213134766,107732800,40.27869415283203,39.52291488647461,39.12156295776367,39.07462692260742,40.19889450073242,39.63417053222656,40.65387229919433,40.08947967529297,1.2336470233320964,0.006934014773244401,0.0011063307526303467,0.022059870865785185
2018-04-06,40.12848388752817,40.48289571302498,39.47833432314732,39.52058410644531,140021200,40.557987213134766,40.27869415283203,39.52291488647461,39.37974166870117,39.63087844848633,39.62314109802246,40.55341682434082,40.065386581420896,1.240357921762635,-0.025578268991452546,-3.848203430905084e-05,0.023205729533597674
2018-04-09,39.87264006137012,40.62605912311723,39.865599029495826,39.912540435791016,116070800,39.52058410644531,40.557987213134766,40.27869415283203,39.12156295776367,38.71316146850586,39.743078994750974,40.436882972717285,40.06367233276367,1.181323104454181,0.009917776728451289,0.003268957102294323,0.021862805669659188
2018-04-10,40.60494233278657,40.83965298210904,40.25991739177053,40.66361999511719,113634400,39.912540435791016,39.52058410644531,40.557987213134766,39.52291488647461,40.55095291137695,39.754345703125,40.33748321533203,40.07510955810547,1.062859254976429,0.018818134629502437,0.000403569941068771,0.01669199202030447
2018-04-11,40.42421230284707,40.82087385529702,40.29981595084088,40.47350311279297,89726400,40.66361999511719,39.912540435791016,39.52058410644531,40.27869415283203,39.51118469238281,39.85057754516602,40.24911479949951,40.099341278076174,0.9652695642708297,-0.004675355572058004,0.0025001374303845305,0.014185758508390952
2018-04-12,40.70116744671329,41.07435645439156,40.61432208628652,40.87250518798828,91557200,40.47350311279297,40.66361999511719,39.912540435791016,40.557987213134766,39.07462692260742,40.0303653717041,40.19865207672119,40.136181411743166,0.8995705982733786,0.009858352860718789,0.004590869401216035,0.013490635459748936
2018-04-13,41.0227340229716,41.27152678080941,40.80445480081609,41.0109977722168,100497200,40.87250518798828,40.47350311279297,40.66361999511719,39.52058410644531,39.37974166870117,40.193490982055664,40.15264949798584,40.173640670776365,0.826906042090165,0.0033884045910945737,0.004148858525012511,0.013445834376994028
2018-04-16,41.08139562250636,41.35366077533175,41.03445421925359,41.26681900024414,86313600,41.0109977722168,40.87250518798828,40.47350311279297,39.912540435791016,39.12156295776367,40.40801658630371,40.1268310546875,40.214580307006834,0.7800500967610173,0.006237868911364242,0.005428258429331034,0.012912150608122905
2018-04-17,41.42408000955185,41.999120331657075,41.40530272955087,41.83482360839844,106421600,41.26681900024414,41.0109977722168,40.87250518798828,40.66361999511719,39.52291488647461,40.639207458496095,40.16133403778076,40.30091506958008,0.8403735695029838,0.01376419656070249,0.0057787683354655565,0.013104006963131607
2018-04-18,41.733899061182015,41.97095910385769,41.51561988120563,41.74094009399414,83018000,41.83482360839844,41.26681900024414,41.0109977722168,40.47350311279297,40.27869415283203,40.78543205261231,40.191846656799314,40.40411918640137,0.8871959178289333,-0.0022441474902131775,0.003642097700135449,0.012410084631595467
2018-04-19,40.78330735475603,41.165886729911804,40.525127876590034,40.557987213134766,139235200,41.74094009399414,41.83482360839844,41.26681900024414,40.87250518798828,40.557987213134766,40.78543205261231,40.209801292419435,40.453088989257814,0.8909715924267774,-0.028340350701147266,0.00011466115269628263,0.015894457478535115
2018-04-20,40.04162516124711,40.187144570368126,38.828168347966916,38.896236419677734,261964400,40.557987213134766,41.74094009399414,41.83482360839844,41.0109977722168,39.52058410644531,40.72299728393555,40.17306919097901,40.48514030456543,0.9303675918086123,-0.04097222045868365,-0.0014247339940268277,0.019084641334534892
2018-04-23,39.156765922577186,39.17788901493464,38.51365765341196,38.78357696533203,146062000,38.896236419677734,40.557987213134766,41.74094009399414,41.26681900024414,39.912540435791016,40.61010093688965,40.17658996582031,40.53546211242676,0.9246678900742906,-0.0028964101598454306,-0.0027061526828564995,0.018664002061298014
2018-04-24,38.88451831529907,39.039428225186825,37.84005649511789,38.24375915527344,134768000,38.78357696533203,38.896236419677734,40.557987213134766,41.83482360839844,40.66361999511719,40.36811485290527,40.06123027801514,40.566115341186524,1.015011890195789,-0.013918721590355787,-0.005979838304842322,0.017289564412550855
2018-04-25,38.16863731070807,38.82582771877816,38.11935008940759,38.4103889465332,113528400,38.24375915527344,38.78357696533203,38.896236419677734,41.74094009399414,40.47350311279297,40.1618034362793,40.00619049072266,40.57052787780762,1.074510243376248,0.004357045304653084,-0.005076598217171213,0.017598460788685363
2018-04-26,38.52071313940064,38.89859745277348,38.344680140899015,38.544185638427734,111852000,38.4103889465332,38.24375915527344,38.78357696533203,40.557987213134766,40.87250518798828,39.928971481323245,39.97966842651367,40.56996490478516,1.1048327358089194,0.0034833464477741494,-0.005714098858465677,0.01710590611932848
2018-04-27,38.49253285734537,38.56998777396035,37.70155939528785,38.09822082519531,142623200,38.544185638427734,38.4103889465332,38.24375915527344,38.896236419677734,41.0109977722168,39.63769378662109,39.91559238433838,40.54625907897949,1.1763071181128373,-0.011570222741657976,-0.007209961591740932,0.01687394698669302
2018-04-30,38.05363485006051,39.257697923260864,37.98556676309641,38.78827667236328,169709600,38.09822082519531,38.544185638427734,38.4103889465332,38.78357696533203,41.26681900024414,39.389839553833006,39.89892807006836,40.509972763061526,1.1904239466662643,0.018112547836134585,-0.006022493699263898,0.018284344611094967
2018-05-01,39.05819166644517,39.71303266229741,38.790621726653995,39.6895637512207,214277600,38.78827667236328,38.09822082519531,38.544185638427734,38.24375915527344,41.83482360839844,39.175313568115236,39.907260513305665,40.49434097290039,1.188234718853702,0.023236069147139826,-0.005075306440620164,0.01961981445171985
2018-05-02,41.12834088273352,41.719812647104675,40.792706415671205,41.44285583496094,266157600,39.6895637512207,38.78827667236328,38.09822082519531,38.4103889465332,41.74094009399414,39.14550514221192,39.96546859741211,40.51649757385254,1.2349826254245178,0.04417514122176036,-0.00043337756942281037,0.025092163826734376
2018-05-03,41.28090316830111,41.66113320985868,40.94291931740563,41.51795959472656,136272800,41.44285583496094,39.6895637512207,38.78827667236328,38.544185638427734,40.557987213134766,39.241502380371095,40.0134672164917,40.54381774902344,1.2771582817251133,0.0018122245258558323,0.0025818799532774995,0.023098523208404026
2018-05-04,41.83717238903761,43.245436256270295,41.818395107706486,43.14685821533203,224805200,41.51795959472656,41.44285583496094,39.6895637512207,38.09822082519531,38.896236419677734,39.666564559936525,40.19478092193604,40.59700317382813,1.4493055406098774,0.039233590390900686,0.010602461038235932,0.02001379239865145
2018-05-07,43.46372178633522,44.04815266592173,43.36279791351144,43.45903015136719,169805600,43.14685821533203,41.51795959472656,41.44285583496094,38.78827667236328,38.78357696533203,40.13410987854004,40.37210540771484,40.64234939575195,1.619876998668586,0.007235102367760149,0.011615612290996492,0.01950447755365818
2018-05-08,43.41912263854349,43.707815723321396,43.1093028742744,43.66791534423828,113611200,43.45903015136719,43.14685821533203,41.51795959472656,39.6895637512207,38.24375915527344,40.67652549743652,40.5223201751709,40.67558464050293,1.779741571737994,0.004806485375848268,0.013488132987616896,0.017585096173116804
2018-05-09,43.78527631777293,43.984778238947406,43.47311069609928,43.97539138793945,92844800,43.66791534423828,43.45903015136719,43.14685821533203,41.44285583496094,38.4103889465332,41.23302574157715,40.697414588928225,40.71769203186035,1.9397541597023298,0.007041234766471227,0.01375655193379871,0.017450201252749205
2018-05-10,44.064569122468185,44.68185556216297,44.04344244670562,44.604400634765625,111957200,43.97539138793945,43.66791534423828,43.45903015136719,41.51795959472656,38.544185638427734,41.839047241210935,40.88400936126709,40.77364700317383,2.127857940261847,0.014303664549047745,0.01483858374392607,0.017073821308682725
2018-05-11,44.646817320397844,44.78111639096404,44.16615931102086,44.43476104736328,104848800,44.604400634765625,43.97539138793945,43.66791534423828,43.14685821533203,38.09822082519531,42.47270126342774,41.05519752502441,40.84085494995117,2.271487022755193,-0.0038032029348719076,0.015615285724604678,0.01587344693241003
2018-05-14,44.53371864959899,44.65623981059255,44.26276205405801,44.33108901977539,83115200,44.43476104736328,44.604400634765625,43.97539138793945,43.45903015136719,38.78827667236328,43.02698249816895,41.208411026000974,40.90030967712402,2.3869227766854686,-0.0023331289545449607,0.013570718045536723,0.01680543417119883
2018-05-15,44.00829297134428,44.0766235265029,43.61246038568903,43.928184509277344,94780800,44.33108901977539,44.43476104736328,44.604400634765625,43.66791534423828,39.6895637512207,43.45084457397461,41.313079071044925,40.94884284973145,2.4605976336442557,-0.00908853175969393,0.010338257954853347,0.01781802510126084
2018-05-16,43.84101578429413,44.404137173242404,43.82452095930741,44.33816146850586,76732400,43.928184509277344,44.33108901977539,44.43476104736328,43.97539138793945,41.44285583496094,43.7403751373291,41.442940139770506,41.006279678344725,2.5512334900291123,0.009332891031313517,0.006854032935808663,0.013300025146934203
2018-05-17,44.29574794788918,44.510159080061804,43.90933837555642,44.057777404785156,69176000,44.33816146850586,43.928184509277344,44.33108901977539,44.604400634765625,41.51795959472656,43.99435691833496,41.61792964935303,41.06580718994141,2.6067610449423113,-0.0063237638736974855,0.006040434095853331,0.013878965243881883
2018-05-18,44.10490308433846,44.25098366663279,43.85515101968935,43.897560119628906,73190800,44.057777404785156,44.33816146850586,43.928184509277344,44.43476104736328,43.14685821533203,44.06942710876465,41.86799583435059,41.11316452026367,2.5715784510696635,-0.0036365267290775494,0.0017534223838555074,0.007758180900469386
2018-05-21,44.29574904119214,44.594981969565396,44.0389288058782,44.20857238769531,73603200,43.897560119628906,44.057777404785156,44.33816146850586,44.33108901977539,43.45903015136719,44.14438133239746,42.13924560546875,41.15247161865234,2.5145935001191435,0.007084955683615224,0.001738407715441015,0.007746529799690967
2018-05-22,44.38527546543168,44.503083285569076,44.00828900290828,44.09782409667969,60962800,44.20857238769531,43.897560119628906,44.057777404785156,43.928184509277344,43.66791534423828,44.1873722076416,42.431948852539065,41.18139579772949,2.3740720087475764,-0.002505131584987552,0.0010072460193574328,0.007769792407088816
2018-05-23,43.90698323730388,44.41355550927262,43.767967254278695,44.38056945800781,80233600,44.09782409667969,44.20857238769531,43.897560119628906,44.33816146850586,43.97539138793945,44.22789001464844,42.730457878112794,41.22418975830078,2.2115744043213854,0.006411775798920161,0.0009443001226023262,0.007717853519398285
2018-05-24,44.47717318699425,44.49366441518397,43.873997617810524,44.33108901977539,92936000,44.38056945800781,44.09782409667969,44.20857238769531,44.057777404785156,44.604400634765625,44.20055885314942,43.019803047180176,41.27317634582519,2.003850212660224,-0.0011149121977634957,-0.0005975575520787979,0.006129000762622428
2018-05-25,44.34994044932966,44.6845142986647,44.21328291731223,44.43240737915039,69844000,44.33108901977539,44.38056945800781,44.09782409667969,43.897560119628906,44.43476104736328,44.200323486328124,43.33651237487793,41.323203506469724,1.6552990076007787,0.0022854922271322575,1.1311964121618611e-05,0.006077375584590966
2018-05-29,44.201500640550265,44.472457219965484,44.02949861480413,44.27218246459961,90056400,44.43240737915039,44.33108901977539,44.38056945800781,44.20857238769531,44.33108901977539,44.19443283081055,43.610707664489745,41.3729833984375,1.2720818134270044,-0.0036060372147642683,-0.00011597886190031214,0.006144891539433532
2018-05-30,44.2297722871285,44.29574438476563,44.00829298997112,44.17793655395508,74762000,44.27218246459961,44.43240737915039,44.33108901977539,44.09782409667969,43.928184509277344,44.21940803527832,43.83512630462646,41.43364685058594,0.8791369920386294,-0.0021287839315329293,0.0005799959209157879,0.005359706646658225
2018-05-31,44.1119774419747,44.34994803599016,43.857512021089384,44.029510498046875,109931200,44.17793655395508,44.27218246459961,44.43240737915039,44.38056945800781,44.33816146850586,44.18854293823242,43.96445903778076,41.49162330627441,0.675318375674864,-0.0033597326513186143,-0.0006892664473474253,0.004488703312619054
2018-06-01,44.293400548573096,44.82824564504332,44.23685148143154,44.82353591918945,93770000,44.029510498046875,44.17793655395508,44.27218246459961,44.33108901977539,44.057777404785156,44.265118789672854,44.129737854003906,41.58411613464355,0.38874664211936005,0.01803393706086731,0.0017465036461090544,0.006998548625244179
2018-06-04,45.15339832964452,45.57279404120709,45.08507134987317,45.19816589355469,105064800,44.82353591918945,44.029510498046875,44.17793655395508,44.43240737915039,43.897560119628906,44.39517936706543,44.23230323791504,41.69546188354492,0.3863764196431057,0.008357885353815986,0.0029459448543984077,0.007001300717902818
2018-06-05,45.490314287367944,45.69529874796764,45.32302559759376,45.54685974121094,86264000,45.19816589355469,44.82353591918945,44.029510498046875,44.27218246459961,44.20857238769531,44.529008102416995,44.33669471740723,41.83213584899902,0.4441789545498656,0.007714778703132641,0.0030089271563501496,0.007045365723583652
2018-06-06,45.62226003673747,45.72828636153599,45.21935568825165,45.7047233581543,83734400,45.54685974121094,45.19816589355469,44.82353591918945,44.17793655395508,44.09782409667969,44.68969802856445,44.438535118103026,41.93521125793457,0.5112117234306427,0.003465960503980181,0.003606036365246923,0.0067739143879366505
2018-06-07,45.74243513194571,45.756571499725034,45.31832612251338,45.582218170166016,85388800,45.7047233581543,45.54685974121094,45.19816589355469,44.029510498046875,44.38056945800781,44.80986289978027,44.518876457214354,42.05663192749024,0.5586555897240169,-0.0026803616560218124,0.0026968226197527255,0.006963022772538782
2018-06-08,45.04265782757154,45.238219311227645,44.71279724984477,45.16753387451172,106627200,45.582218170166016,45.7047233581543,45.54685974121094,44.82353591918945,44.33108901977539,44.893507385253905,44.54703311920166,42.17849006652832,0.5770802825864743,-0.00909750144466892,0.0018985636950621832,0.007849683361533992
2018-06-11,45.085046641538945,45.23112716353696,44.816445000492635,45.05677032470703,73234000,45.16753387451172,45.582218170166016,45.7047233581543,45.19816589355469,44.43240737915039,44.95594367980957,44.57813358306885,42.29203063964844,0.5873801612135593,-0.0024522824317223524,0.0014247862291767222,0.007965852520082273
2018-06-12,45.09449373664577,45.38194521050095,45.03794466802796,45.30419158935547,67644400,45.05677032470703,45.16753387451172,45.582218170166016,45.54685974121094,44.27218246459961,45.05914459228516,44.62678871154785,42.41568321228027,0.6058520057107899,0.005491322677266153,0.0023345222183797643,0.007846050639966943
2018-06-13,45.33716304565847,45.445547826799476,44.87064506424611,44.93190383911133,86553600,45.30419158935547,45.05677032470703,45.16753387451172,45.7047233581543,44.17793655395508,45.13454132080078,44.67697467803955,42.523862991333004,0.5861898016960166,-0.008217512269474203,0.0017256493845856369,0.00844433843584641
2018-06-14,45.13218279322,45.13689611332946,44.818813517322575,44.95547103881836,86440400,44.93190383911133,45.30419158935547,45.05677032470703,45.582218170166016,44.029510498046875,45.22713737487793,44.70784015655518,42.617398529052736,0.5836574096689741,0.0005245092616465996,0.002114073575882158,0.008272004715988405
2018-06-15,44.77405085873973,44.80468204998491,44.35701006610469,44.49366760253906,246876800,44.95547103881836,44.93190383911133,45.30419158935547,45.16753387451172,44.82353591918945,45.19415054321289,44.72963466644287,42.69611213684082,0.5659761829561434,-0.010272463520191732,-0.000716566482223746,0.006957758057324076
2018-06-18,44.26747838860552,44.58320256034685,44.10725784482574,44.47010803222656,73939600,44.49366760253906,44.95547103881836,44.93190383911133,45.05677032470703,45.19816589355469,45.12134475708008,44.75826206207275,42.79510261535645,0.5353241625211035,-0.0005295038953173625,-0.001605305407137081,0.006195736187793245
2018-06-19,43.62188694452313,43.90227017955534,43.223695869239414,43.7514762878418,134314000,44.47010803222656,44.49366760253906,44.95547103881836,45.30419158935547,45.54685974121094,44.941806411743165,44.73540725708008,42.871881332397464,0.5687418818599838,-0.01615988303567839,-0.003992771581018184,0.006777873617613297
2018-06-20,43.90698086547268,44.10725202475832,43.76089670758285,43.94232177734375,82514800,43.7514762878418,44.47010803222656,44.49366760253906,44.93190383911133,45.7047233581543,44.76556625366211,44.72763214111328,42.937455368041995,0.5788892485035724,0.0043620354258762095,-0.0039031640888285814,0.006892394824628952
2018-06-21,44.11903902665944,44.37821773005367,43.57476734474176,43.697288513183594,102847600,43.94232177734375,43.7514762878418,44.47010803222656,44.95547103881836,45.582218170166016,44.57707328796387,44.69346809387207,43.00193107604981,0.6192080817574266,-0.005576247550180491,-0.004192752678244449,0.006896144693755587
2018-06-22,43.852787370982426,43.85985555346904,43.51821355084701,43.57004928588867,108801600,43.697288513183594,43.94232177734375,43.7514762878418,44.49366760253906,45.16753387451172,44.41732482910156,44.655416107177736,43.05588195800781,0.6643852113725524,-0.00291183347123547,-0.003574185880901104,0.006681394144773364
2018-06-25,43.21191781471853,43.5700546843232,42.58282432899554,42.92211151123047,126652400,43.57004928588867,43.697288513183594,43.94232177734375,44.47010803222656,45.05677032470703,44.20385894775391,44.57990131378174,43.094104232788084,0.7687073470184659,-0.014871173782859515,-0.00481607501601482,0.007547697452636995
2018-06-26,43.115317704014764,43.94939568980616,43.00928776415795,43.4546012878418,98276800,42.92211151123047,43.57004928588867,43.697288513183594,43.7514762878418,45.30419158935547,44.01889991760254,44.539022254943845,43.13785987854004,0.8067314178719552,0.012405954829878274,-0.004124611800753608,0.008808356402074311
2018-06-27,43.64308664748483,44.12609945793199,43.360348581313914,43.3909797668457,101141200,43.4546012878418,42.92211151123047,43.57004928588867,43.94232177734375,44.93190383911133,43.864807510375975,44.49967441558838,43.16898300170899,0.8436184487025098,-0.0014640916982454621,-0.003449269743630734,0.008718116173816697
2018-06-28,43.37684271328096,43.873991879852326,43.306157299059485,43.706703186035156,69460800,43.3909797668457,43.4546012878418,42.92211151123047,43.697288513183594,44.95547103881836,43.73993072509766,44.483534049987796,43.20829826354981,0.8560831454436173,0.007276245452071839,-0.00277409612458821,0.009301953851228322
2018-06-29,43.89284334908779,44.10489961774891,43.09646479717635,43.61481857299805,90950800,43.706703186035156,43.3909797668457,43.4546012878418,43.57004928588867,44.49366760253906,43.652045822143556,44.423098182678224,43.26943489074707,0.8733090160898255,-0.0021023002500556442,-0.0019570797975746014,0.008921184203686525
2018-07-02,43.31087386848866,44.130815387435966,43.21662544405176,44.1025390625,70925200,43.61481857299805,43.706703186035156,43.3909797668457,42.92211151123047,44.47010803222656,43.6152889251709,44.36831684112549,43.373560943603515,0.8563297569318294,0.011182449118426474,-0.0007858844962002176,0.009849873158817055
2018-07-03,44.24627770584401,44.28397708664571,43.2449108227678,43.33444595336914,55819200,44.1025390625,43.61481857299805,43.706703186035156,43.4546012878418,43.7514762878418,43.57358589172363,44.2576961517334,43.46457832336426,0.8387929707028031,-0.017416074572086493,-0.0009115036498410278,0.01007320758995905
2018-07-05,43.65015756585503,43.92111774246245,43.41925521678168,43.683143615722656,66416800,43.33444595336914,44.1025390625,43.61481857299805,43.3909797668457,43.94232177734375,43.547668075561525,44.156617164611816,43.573366012573246,0.7745892953882704,0.008046662526359327,-0.000543040939792716,0.010351094840235872
2018-07-06,43.6878565456575,44.39705840908352,43.636020811298415,44.28867721557617,69940800,43.683143615722656,43.33444595336914,44.1025390625,43.706703186035156,43.697288513183594,43.606806945800784,44.09194011688233,43.6909317779541,0.6996699287233625,0.013861951080726964,0.0014007789232980295,0.011099012715106903
2018-07-09,44.64916397921801,44.927188709958024,44.60204157004962,44.903629302978516,79026400,44.28867721557617,43.683143615722656,43.33444595336914,43.61481857299805,43.57004928588867,43.74016494750977,44.078744888305664,43.81812065124512,0.6805445689517878,0.013885085896990113,0.0030804708601205877,0.011632036194027863
2018-07-10,44.934267130145,45.06856619589097,44.80938751433222,44.84944534301758,63756400,44.903629302978516,44.28867721557617,43.683143615722656,44.1025390625,42.92211151123047,43.932898330688474,44.068378639221194,43.95314514160156,0.6662927107079796,-0.0012066721733190455,0.004446921021074635,0.009973211807137205
2018-07-11,44.41356335394152,44.7151511888342,44.20386550631754,44.26748275756836,75326000,44.84944534301758,44.903629302978516,44.28867721557617,43.33444595336914,43.4546012878418,44.014186477661134,44.01654319763183,44.06272926330566,0.6023482159819921,-0.012975914885864248,0.0019087340495003823,0.010908557520456311
2018-07-12,44.65623154209923,45.09919009160523,44.6043958141694,45.0096549987793,72164400,44.26748275756836,44.84944534301758,44.903629302978516,43.683143615722656,43.3909797668457,44.17605400085449,44.02043075561524,44.16913108825683,0.6087834191023156,0.016765630096372552,0.003731706228962184,0.01177138137624905
2018-07-13,45.02144504787517,45.20051167231687,44.97903235551187,45.08034896850586,50055600,45.0096549987793,44.26748275756836,44.84944534301758,44.28867721557617,43.706703186035156,44.313418579101565,44.02667465209961,44.24188095092774,0.6194256396492489,0.0015706401155146654,0.0031611456953064667,0.011718645308333782
2018-07-16,45.12511762037944,45.391360903359555,44.86593892521994,44.98139190673828,60172400,45.08034896850586,45.0096549987793,44.26748275756836,44.903629302978516,43.61481857299805,44.45007591247558,44.05106086730957,44.31114959716797,0.6477322062291063,-0.0021951263473295457,0.0031518630855790764,0.01172331369569648
2018-07-17,44.70808510901566,45.207589309963836,44.578495737483614,45.1086311340332,62138000,44.98139190673828,45.08034896850586,45.0096549987793,44.84944534301758,44.1025390625,44.55068511962891,44.082987022399905,44.35038505554199,0.6841841843353523,0.0028287080924203067,0.0023164889829784597,0.011380101416629838
2018-07-18,45.1863682402803,45.191081559852485,44.75047785769445,44.8612174987793,65573600,45.1086311340332,44.98139190673828,45.08034896850586,44.26748275756836,43.33444595336914,44.70336227416992,44.13847408294678,44.378428802490234,0.700684589799742,-0.005484840240856714,0.0035096124161014377,0.00956156433163725
2018-07-19,44.69395044584258,45.367811608312735,44.69395044584258,45.2099494934082,81147200,44.8612174987793,45.1086311340332,44.98139190673828,45.0096549987793,43.683143615722656,44.85604286193848,44.20185546875,44.40926948547363,0.73832879639648,0.007773574014980689,0.0034823035649635737,0.009547545928390654
2018-07-20,45.18637448948724,45.33952324227363,44.80703310367688,45.106266021728516,82704800,45.2099494934082,44.8612174987793,45.1086311340332,45.08034896850586,44.28867721557617,44.93780174255371,44.27230434417724,44.431886978149414,0.7546894995847924,-0.002293377295075394,0.0018667707273833378,0.008943791407358685
2018-07-23,44.92718450375423,45.2287758036567,44.66329616094973,45.14630889892578,63957600,45.106266021728516,45.2099494934082,44.8612174987793,44.98139190673828,44.903629302978516,44.96206970214844,44.351117324829104,44.44272514343262,0.7597804617585996,0.0008877453340512265,0.0005670366710894492,0.00788492336099565
2018-07-24,45.344241819647266,45.629338405290476,45.24999697549978,45.47383117675781,74791600,45.14630889892578,45.106266021728516,45.2099494934082,45.1086311340332,44.84944534301758,45.02450828552246,44.478703308105466,44.46350654602051,0.7204138345340917,0.0072546856170521146,0.0014131724501265652,0.008123814754391421
2018-07-25,45.487963024230176,45.90971710862951,45.33952399399678,45.90264892578125,66839600,45.47383117675781,45.14630889892578,45.106266021728516,44.8612174987793,44.26748275756836,45.18802490234375,44.60110569000244,44.49493774414063,0.7448106463384585,0.009429989467054423,0.0036537628854184322,0.006674897928524022
2018-07-26,45.853144475047785,46.17122692051593,45.61752891402194,45.7588996887207,76304000,45.90264892578125,45.47383117675781,45.14630889892578,45.2099494934082,45.0096549987793,45.26294937133789,44.719501686096194,44.53155204772949,0.7303872453357837,-0.003131610929316353,0.0016640387828495418,0.005115538173170569
2018-07-27,45.94269236331336,45.989814769630826,44.79053209208713,44.99787139892578,96096000,45.7588996887207,45.90264892578125,45.47383117675781,45.106266021728516,45.08034896850586,45.25470161437988,44.784060096740724,44.544746246337894,0.6922206129335065,-0.01663126287939376,-0.00015615151664130078,0.007725117687332987
2018-07-30,45.21465776770341,45.28534320671292,44.547868406463465,44.745784759521484,84118000,44.99787139892578,45.7588996887207,45.90264892578125,45.14630889892578,44.98139190673828,45.2311408996582,44.84060840606689,44.558506393432616,0.6355521096393274,-0.005602190316280509,-0.0004968579135363971,0.007898228361871538
2018-07-31,44.837666532786,45.27119853960078,44.61147388845953,44.83530807495117,157492000,44.745784759521484,44.99787139892578,45.7588996887207,45.47383117675781,45.1086311340332,45.20380859375,44.87724685668945,44.57726135253906,0.6114278979564434,0.002000709472653517,-0.0005796577755130761,0.007863756500720383
2018-08-01,46.918146914157724,47.53781364713079,46.489324692851646,47.47655487060547,271742800,44.83530807495117,44.745784759521484,44.99787139892578,45.90264892578125,44.8612174987793,45.465342330932614,45.08435230255127,44.64262100219727,0.747675401825343,0.05890997316755198,0.005859823565327793,0.020157254475903514
2018-08-02,47.25979195423673,49.097594916163985,47.20560135629759,48.86433410644531,249616000,47.47655487060547,44.83530807495117,44.745784759521484,45.7588996887207,45.2099494934082,45.830780792236325,45.3434118270874,44.73795120239258,1.0663264912297268,0.029230832768345483,0.008005549440664273,0.021482122818546626
2018-08-03,48.7795141514494,49.182418547865296,48.41430912684515,49.005706787109375,133789600,48.86433410644531,47.47655487060547,44.83530807495117,44.99787139892578,45.106266021728516,46.22072486877441,45.579263305664064,44.83045394897461,1.3137213596780928,0.002893167035820099,0.008524203873753822,0.021267379676803127
2018-08-06,49.008059489642534,49.302579077921635,48.78893864166359,49.260169982910156,101701600,49.005706787109375,48.86433410644531,47.47655487060547,44.745784759521484,45.14630889892578,46.63211097717285,45.79709033966064,44.9290355682373,1.5378562100471318,0.0051925216976509425,0.008954681510113794,0.021138812228787943
2018-08-07,49.319086523265995,49.36149562913163,48.71590723211677,48.79837417602539,102349600,49.260169982910156,49.005706787109375,48.86433410644531,44.83530807495117,45.47383117675781,46.96456527709961,45.994536781311034,45.016354904174804,1.6585504833911597,-0.009374628773002103,0.007291750071108371,0.021926809216384652
2018-08-08,48.548602744312035,48.96328497133965,48.18811110715973,48.83134078979492,90102000,48.79837417602539,49.260169982910156,49.005706787109375,47.47655487060547,45.90264892578125,47.25743446350098,46.22272968292236,45.107538070678714,1.7212037676838545,0.0006755678713927793,0.006416307911542208,0.02200657091553333
2018-08-09,49.3685494382247,49.427453353804616,48.81956451359469,49.21540069580078,93970400,48.83134078979492,48.79837417602539,49.260169982910156,48.86433410644531,45.7588996887207,47.603084564208984,46.43301696777344,45.20828735351562,1.8193176937711444,0.007865028889113113,0.007515971893385154,0.021749702170868104
2018-08-10,49.0286148009558,49.44002519266483,48.86546923859156,49.068809509277344,98444800,49.21540069580078,48.83134078979492,48.79837417602539,49.005706787109375,44.99787139892578,48.01017837524414,46.63243999481201,45.30907333374024,1.8807994000011237,-0.0029785633043915016,0.00888124185088538,0.020455514339306934
2018-08-13,49.489674247514394,49.87743898167193,49.10900248470338,49.38563919067383,103563600,49.068809509277344,49.21540069580078,48.83134078979492,49.260169982910156,44.745784759521484,48.47416381835937,46.852652359008786,45.40031539916992,1.934384134195348,0.006456844675161388,0.01008714535002957,0.019853402909556297
2018-08-14,49.690657765657285,49.785233134291715,49.24141574509612,49.59371566772461,82992000,49.38563919067383,49.068809509277344,49.21540069580078,48.79837417602539,44.83530807495117,48.95000457763672,47.07690658569336,45.48822639465332,1.9809755233671094,0.004213299259880232,0.010308404328752241,0.019765403363615482
2018-08-15,49.46839237417397,49.82778520144578,49.25795915190542,49.709564208984375,115230400,49.59371566772461,49.38563919067383,49.068809509277344,48.83134078979492,47.47655487060547,49.17330551147461,47.31932392120361,45.57148048400879,1.9921860671911071,0.0023359520394872213,0.004651002215945765,0.009985690018944029
2018-08-16,50.06659332005974,50.553663261058226,50.00038984892316,50.437808990478516,114001600,49.709564208984375,49.59371566772461,49.38563919067383,49.21540069580078,48.86433410644531,49.33065299987793,47.580716896057126,45.66614219665527,2.0431691599145836,0.014649993277601858,0.003192918266871403,0.006428907896117508
2018-08-17,50.46618706310315,51.53253931119231,50.39998358384993,51.4450569152832,141708000,50.437808990478516,49.709564208984375,49.59371566772461,49.068809509277344,49.005706787109375,49.574588012695315,47.89765644073486,45.78339897155762,2.12896648090609,0.01997009673823924,0.004900611237113317,0.008327994453010305
2018-08-20,51.56801642387874,51.82337068218962,50.861053342429805,50.943809509277344,121150800,51.4450569152832,50.437808990478516,49.709564208984375,49.38563919067383,49.260169982910156,49.74295196533203,48.18753147125244,45.89892448425293,2.129319780370105,-0.00974335409583249,0.003407023657764974,0.00952337413868311
2018-08-21,51.26063031267377,51.3528425555406,50.60568491149106,50.84449005126953,104639200,50.943809509277344,51.4450569152832,50.437808990478516,49.59371566772461,48.79837417602539,49.947563552856444,48.45606441497803,46.01467887878418,2.1076191679450758,-0.0019495883594988772,0.004149527699115296,0.008667060412827348
2018-08-22,50.622235974791955,51.15659362058982,50.5607587429564,50.84685516357422,76072400,50.84449005126953,50.943809509277344,51.4450569152832,49.709564208984375,48.83134078979492,50.149114990234374,48.703274726867676,46.125532150268555,2.0821649103215445,4.6516590141765235e-05,0.004086622570990195,0.008697305831377875
2018-08-23,50.75227555879988,51.31973854252035,50.74045634465841,50.950889587402344,75532800,50.84685516357422,50.84449005126953,50.943809509277344,50.437808990478516,49.21540069580078,50.32266387939453,48.962874221801755,46.245911865234376,2.018433392019207,0.0020460345776243116,0.0035047231398413147,0.008610650601918018
2018-08-24,51.2133452207593,51.284274943614335,50.861045296696645,51.109310150146484,73905600,50.950889587402344,50.84685516357422,50.84449005126953,51.4450569152832,49.068809509277344,50.52671394348145,49.268446159362796,46.36898864746094,1.841421782366805,0.003109279622534933,0.004113507432533958,0.008311350494634257
2018-08-27,51.343386840644364,51.719332421045124,51.149506246562076,51.53017807006836,82100400,51.109310150146484,50.950889587402344,50.84685516357422,50.943809509277344,49.38563919067383,50.741167831420896,49.607665824890134,46.509718856811524,1.569200515509057,0.00823466250445315,0.0042912892154631345,0.008385725632635893
2018-08-28,51.783162574157686,52.14491855568263,51.761883659437096,51.94630813598633,91107200,51.53017807006836,51.109310150146484,50.950889587402344,50.84449005126953,49.59371566772461,50.97642707824707,49.963215827941895,46.65924285888672,1.1909957835457,0.008075463378995895,0.004677505627374701,0.008470247339764567
2018-08-29,52.05269349906117,52.842412348687965,51.87772876624209,52.721824645996094,109019200,51.94630813598633,51.53017807006836,51.109310150146484,50.84685516357422,49.709564208984375,51.27765312194824,50.22547931671143,46.8386498260498,1.192117649517317,0.01492919396657788,0.005936829820083767,0.009002845700399902
2018-08-30,52.78568028191906,53.970253487975114,52.58470312439228,53.206546783447266,195175200,52.721824645996094,51.94630813598633,51.53017807006836,50.950889587402344,50.437808990478516,51.55452690124512,50.442589950561526,47.023934326171876,1.3197498113519783,0.009193956026861239,0.005391226095009705,0.008571100641031284
2018-08-31,53.556475387508385,54.11447864417697,53.43589126797498,53.821292877197266,173360400,53.206546783447266,52.721824645996094,51.94630813598633,51.109310150146484,51.4450569152832,51.79215049743652,50.68336925506592,47.22641441345215,1.474066314622683,0.01155395587411534,0.0045496120085973145,0.007299364676934865
2018-09-04,54.00571549067332,54.18777322429528,53.58484903952322,53.993892669677734,109560400,53.821292877197266,53.206546783447266,52.721824645996094,51.53017807006836,50.943809509277344,52.09715881347656,50.9200553894043,47.43489128112793,1.6075188643383325,0.0032069053575931594,0.00584463795393988,0.005377624230489472
2018-09-05,54.14285341285009,54.30363223674393,53.22309420206611,53.64159393310547,133332000,53.993892669677734,53.821292877197266,53.206546783447266,51.94630813598633,50.84449005126953,52.376869201660156,51.162216377258304,47.64928092956543,1.6356331958786878,-0.006524788622438216,0.005387117927645946,0.0062399170715450565
2018-09-06,53.49027078929188,53.75508827339755,52.32461350158914,52.75020980834961,137160000,53.64159393310547,53.993892669677734,53.821292877197266,52.721824645996094,50.84685516357422,52.5672046661377,51.35815982818603,47.835193099975584,1.5753276767152034,-0.016617405624960946,0.0037207257061356745,0.009299566831667277
2018-09-07,52.45467459718158,53.28694808475434,52.185130782082055,52.32463073730469,150479200,52.75020980834961,53.64159393310547,53.993892669677734,53.206546783447266,50.950889587402344,52.70457878112793,51.51362133026123,48.013866119384765,1.504567996009002,-0.008067817599041294,0.0027093404884691143,0.010023714390311215
2018-09-10,52.24185615259656,52.45465610496239,51.18259706413789,51.622379302978516,158066000,52.32463073730469,52.75020980834961,53.64159393310547,53.821292877197266,51.109310150146484,52.755885696411134,51.64129981994629,48.17217964172363,1.3901809757180295,-0.013421049024728293,0.0010563076237427916,0.011239701407780902
2018-09-11,51.54671589005231,53.033937997206316,51.203875733106486,52.92753982543945,142996000,51.622379302978516,52.32463073730469,52.75020980834961,53.993892669677734,51.53017807006836,52.895621871948244,51.81839485168457,48.35843406677246,1.3110585364038763,0.02528284321806984,0.0027611256951044607,0.013512587510951128
2018-09-12,53.185262513230725,53.19944845556792,51.97940690511045,52.270233154296875,197114800,52.92753982543945,51.622379302978516,52.32463073730469,53.64159393310547,51.94630813598633,52.9280143737793,51.95222072601318,48.5217879486084,1.2042772088430769,-0.012418991574338123,0.0007116801997710587,0.014155884909276693
2018-09-13,52.84951587627025,53.991531148163254,52.62489670197329,53.532833099365234,166825600,52.270233154296875,52.92753982543945,51.622379302978516,52.75020980834961,52.721824645996094,53.00911521911621,52.14338417053223,48.72575569152832,1.130750712208785,0.02415523843831502,0.0016342846469447724,0.015428877807530635
2018-09-14,53.376787478992235,53.63450842198434,52.61308074363496,52.9251823425293,127997200,53.532833099365234,52.270233154296875,52.92753982543945,52.32463073730469,53.206546783447266,52.98097877502441,52.26775283813477,48.910596466064455,1.0683537918673858,-0.011350991936257993,-0.0004202101493671506,0.015676279751007466
2018-09-17,52.5255883134687,52.714742633075524,51.371753818722354,51.51598358154297,148780400,52.9251823425293,53.532833099365234,52.270233154296875,51.622379302978516,53.821292877197266,52.750447845458986,52.27129917144775,49.05514259338379,1.0655933254945384,-0.026626242907696773,-0.004238230027548362,0.01702714977309106
2018-09-18,51.494699140442705,52.454656645298286,51.33628344092451,51.60110092163086,126286800,51.51598358154297,52.9251823425293,53.532833099365234,52.92753982543945,53.993892669677734,52.5111686706543,52.30416374206543,49.189092025756835,1.032106401651811,0.001652251091220247,-0.004393695454185653,0.016958578610760732
2018-09-19,51.662574550544555,51.927388423487095,50.905960907981274,51.6318359375,108495200,51.60110092163086,51.51598358154297,52.9251823425293,52.270233154296875,53.64159393310547,52.31019287109375,52.34353103637695,49.32473983764648,0.9875544109791784,0.0005956271343090513,-0.0036816538785109263,0.01700856727332683
2018-09-20,52.073992180573526,52.55633231761007,51.81626763486653,52.02433776855469,106435200,51.6318359375,51.60110092163086,51.51598358154297,53.532833099365234,52.75020980834961,52.23760566711426,52.402405166625975,49.47987693786621,0.9268660548203312,0.007601934425299328,-0.001259719873484899,0.01668315948873342
2018-09-21,52.201660382649074,52.338797164845985,51.37647656846738,51.46396255493164,384986800,52.02433776855469,51.6318359375,51.60110092163086,52.9251823425293,52.32463073730469,52.15153884887695,52.428058815002444,49.608963088989256,0.890982540238886,-0.010771405031930192,-0.001530078616773789,0.016827032867616387
2018-09-24,51.265365127852924,52.31516476068613,51.220440562753595,52.204036712646484,110773600,51.46396255493164,52.02433776855469,51.6318359375,51.51598358154297,51.622379302978516,52.20970458984375,52.48279514312744,49.75143684387207,0.8377386353546862,0.014380434793082708,0.001250069765007311,0.016940412974192652
2018-09-25,51.95813791715987,52.684016706504345,51.94631509368086,52.535057067871094,98217600,52.204036712646484,51.46396255493164,52.02433776855469,51.60110092163086,52.92753982543945,52.17045631408691,52.53303909301758,49.90251014709472,0.807174321908997,0.006340895763419452,-0.0006441249804577276,0.014889447783910444
2018-09-26,52.253694901749306,52.903910562291436,51.96050545054438,52.11655807495117,95938800,52.535057067871094,52.204036712646484,51.46396255493164,51.6318359375,52.270233154296875,52.15508880615234,52.54155158996582,50.042668685913085,0.8015390230320628,-0.007966090003086013,-0.00019883482333251656,0.014561142175273455
2018-09-27,52.92044888482368,53.53992575525717,52.8542418072406,53.187625885009766,120724800,52.11655807495117,52.535057067871094,52.204036712646484,52.02433776855469,53.532833099365234,52.120568084716794,52.5648416519165,50.20919685363769,0.81372749815096,0.020551391911151295,-0.0005592194760488889,0.013921981049789983
2018-09-28,53.14980117088278,53.39806601850307,52.96774340940435,53.37442398071289,91717600,53.187625885009766,52.11655807495117,52.535057067871094,51.46396255493164,52.9251823425293,52.16549224853516,52.573235511779785,50.37248634338379,0.8215237869283157,0.0035120592918920224,0.0009270856467661126,0.013426408206502339
2018-10-01,53.89696364312672,54.24453373923677,53.51865853436576,53.73381805419922,94403200,53.37442398071289,53.187625885009766,52.11655807495117,52.204036712646484,51.51598358154297,52.38727569580078,52.56886177062988,50.5450373840332,0.814734292348861,0.006733451092909126,0.004263055046826702,0.00934319112052121
2018-10-02,53.73144877171672,54.381664323409666,53.584855874564354,54.21142578125,99152800,53.73381805419922,53.37442398071289,53.187625885009766,52.535057067871094,51.60110092163086,52.648308181762694,52.57973842620849,50.726339721679686,0.8359358074217305,0.008888401091637244,0.004986670046868402,0.009398571551559537
2018-10-03,54.39349126972169,55.20212260237653,54.32965090961708,54.8711051940918,114619200,54.21142578125,53.73381805419922,53.37442398071289,52.11655807495117,51.6318359375,52.972235107421874,52.641213989257814,50.91428520202637,0.9548828657527232,0.012168641634767052,0.006143971496914202,0.009509669444276895
2018-10-04,54.56608563865395,54.937301318347934,53.60849479660541,53.90641403198242,128168000,54.8711051940918,54.21142578125,53.73381805419922,53.187625885009766,52.02433776855469,53.16044273376465,52.69902420043945,51.07436050415039,0.9959453353221247,-0.01758104121827031,0.0036256739325572383,0.012070333985360702
2018-10-05,53.899327312763546,54.00572550581806,52.15438395852076,53.03158187866211,134322000,53.90641403198242,54.8711051940918,54.21142578125,53.37442398071289,51.46396255493164,53.3172046661377,52.734371757507326,51.21981414794922,0.994502527221302,-0.016228720997862656,0.0030799423359639923,0.0128891838731877
2018-10-08,52.53977383107797,53.15215769186115,52.06452314346974,52.90862274169922,118655600,53.03158187866211,53.90641403198242,54.8711051940918,53.73381805419922,52.204036712646484,53.38766326904297,52.79868392944336,51.37802917480469,0.9597912419326519,-0.0023186020972224552,0.0014100386469334757,0.01233214821859648
2018-10-09,52.87788730397269,53.736172895235825,52.549233077184034,53.64159393310547,107564000,52.90862274169922,53.03158187866211,53.90641403198242,54.21142578125,52.535057067871094,53.49831695556641,52.83438663482666,51.55594535827637,0.977945889758862,0.01385352998101319,0.0021613020686928495,0.012882460404054427
2018-10-10,53.30821307731672,53.5186463057796,51.08329306782395,51.15658950805664,167962400,53.64159393310547,52.90862274169922,53.03158187866211,54.8711051940918,52.11655807495117,53.402320098876956,52.778704452514646,51.68237098693848,1.0414036338441468,-0.046326073534425305,-0.0016746962844410795,0.019985919386764212
2018-10-11,50.721543060089694,51.89902330763163,50.201371338479035,50.70499038696289,212497600,51.15658950805664,53.64159393310547,52.90862274169922,53.90641403198242,53.187625885009766,53.154056549072266,52.63731231689453,51.746939697265624,1.1224422229288153,-0.008827780065804203,-0.004612613482136629,0.01845651586269116
2018-10-12,52.11654480060176,52.69819370350563,51.27008201426514,52.51613235473633,161351600,50.70499038696289,51.15658950805664,53.64159393310547,53.03158187866211,53.37442398071289,53.06822738647461,52.61685981750488,51.81997566223144,1.1206460465049954,0.03571920542635798,-0.0013918988686900335,0.022417012593806247
2018-10-15,52.291520137503866,52.44993586441361,51.371760786579564,51.39303970336914,123164000,52.51613235473633,50.70499038696289,51.15658950805664,52.90862274169922,53.73381805419922,52.834149551391604,52.61071262359619,51.86772232055664,1.127319949316141,-0.021385669526859163,-0.004203810930666863,0.023039490593731806
2018-10-16,51.764252977522055,52.72421066994395,51.251174194641926,52.525596618652344,116736000,51.39303970336914,52.51613235473633,50.70499038696289,53.64159393310547,54.21142578125,52.66556663513184,52.65693740844726,51.93303085327148,1.102421961082399,0.02203716537920508,-0.0028889345019100787,0.02421491038182238
2018-10-17,52.56105380461304,52.64144321335758,51.86118394400235,52.29860305786133,91541600,52.525596618652344,51.39303970336914,52.51613235473633,51.15658950805664,54.8711051940918,52.408316421508786,52.69027576446533,52.003035430908206,1.0796366588297033,-0.004321579865889769,-0.004537956651975761,0.023629985884958953
2018-10-18,51.5112625057011,51.95577469132143,50.36215405754023,51.076210021972656,130325200,52.29860305786133,52.525596618652344,51.39303970336914,50.70499038696289,53.90641403198242,52.12529602050781,52.64286937713623,52.04793281555176,1.1300553894712968,-0.023373340097368578,-0.005117186539885588,0.024052444177512563
2018-10-19,51.55853916023749,52.31515279784084,51.409579553774584,51.85409164428711,132314800,51.076210021972656,52.29860305786133,52.525596618652344,52.51613235473633,53.03158187866211,52.007546997070314,52.662375831604,52.10070663452149,1.1118551936970114,0.015229822690051131,-0.001971332171094209,0.0244909308105563
2018-10-22,51.967592478519066,52.81169226211933,51.766618916580256,52.17093276977539,115168400,51.85409164428711,51.076210021972656,52.29860305786133,51.39303970336914,52.90862274169922,51.93377799987793,52.660720634460446,52.16274909973144,1.112597818402603,0.00611024348207212,-0.0011284476131647515,0.024622342953241564
2018-10-23,51.03128633927155,52.78568585733632,50.7641056774064,52.66273498535156,155071200,52.17093276977539,51.85409164428711,51.076210021972656,52.525596618652344,53.64159393310547,51.83589210510254,52.66710453033447,52.228291015625,1.112205060794507,0.009426747605729924,-0.001571125850693078,0.024361469591276292
2018-10-24,52.63199757568536,53.017395633132395,50.72627177410019,50.85631561279297,163702000,52.66273498535156,52.17093276977539,51.85409164428711,52.29860305786133,51.15658950805664,51.80586471557617,52.60409240722656,52.253543014526365,1.1787470243098248,-0.03430166270439727,-0.00036868476769027494,0.022098654712189723
2018-10-25,51.47580005736859,52.34354194395916,51.24881410296684,51.96996307373047,119423200,50.85631561279297,52.66273498535156,52.17093276977539,51.076210021972656,50.70499038696289,51.93236198425293,52.5432092666626,52.29875099182129,1.1784673354755475,0.021897918626597512,0.0027038851015498966,0.02291286232238123
2018-10-26,51.04782749681985,52.06216571984942,50.28412082995475,51.14240646362305,189033600,51.96996307373047,50.85631561279297,52.66273498535156,51.85409164428711,52.51613235473633,51.7949893951416,52.43160839080811,52.31284294128418,1.2010774863735327,-0.01592374828000853,-0.0024604102690867547,0.02031767490179657
2018-10-29,51.82572439213365,51.94394539631925,48.72833263934348,50.18245315551758,183742000,51.14240646362305,51.96996307373047,50.85631561279297,52.17093276977539,51.39303970336914,51.67393074035645,52.25404014587402,52.28759086608887,1.2595215271560398,-0.018770202156761506,-0.002198863532076989,0.020062211651717555
2018-10-30,49.92473008302534,50.87759111597405,49.480221547617695,50.433082580566406,146640000,50.18245315551758,51.14240646362305,51.96996307373047,52.66273498535156,52.525596618652344,51.46467933654785,52.06512298583984,52.277376327514645,1.23357053714192,0.0049943637524478834,-0.003903143694752709,0.018432286708907272
2018-10-31,51.27954555631616,52.12364167690508,51.21806832318598,51.74769973754883,153435600,50.433082580566406,50.18245315551758,51.14240646362305,50.85631561279297,52.29860305786133,51.409589004516604,51.908952713012695,52.29544052124024,1.0425592855846966,0.026066563646636842,-0.0008643293435000477,0.020718770562408884
2018-11-01,51.792627782293415,52.575250330223895,51.262996332298286,52.54214859008789,233292800,51.74769973754883,50.433082580566406,50.18245315551758,51.96996307373047,51.076210021972656,51.556182861328125,51.84073944091797,52.32934638977051,0.9450617274015821,0.015352351052670965,0.0030082397715039066,0.01963490181909254
2018-11-02,49.54641290200179,50.51582276279323,48.57226958405468,49.056976318359375,365314800,52.54214859008789,51.74769973754883,50.433082580566406,51.14240646362305,51.85409164428711,51.276471328735354,51.64200916290283,52.291468124389645,1.0884815267240624,-0.06633098122648895,-0.005147840620150101,0.028796427886170903
2018-11-05,48.305108099645274,48.32638701675462,46.85571728176754,47.66434860229492,264654800,49.056976318359375,52.54214859008789,51.74769973754883,50.18245315551758,52.17093276977539,50.825812911987306,51.379795455932616,52.222568893432616,1.3640767392623314,-0.028387964782559783,-0.008597661446613291,0.02935880448503668
2018-11-06,47.74237510519479,48.40441352241418,47.68799444752672,48.17979431152344,127531600,47.66434860229492,49.056976318359375,52.54214859008789,50.433082580566406,52.66273498535156,50.377518844604495,51.10670547485351,52.15556121826172,1.4324457164124216,0.010814072243582551,-0.008458928982828028,0.02945655600168436
2018-11-07,48.69996440139942,49.66701142221143,48.264911939279166,49.6410026550293,133697600,48.17979431152344,47.66434860229492,49.056976318359375,51.74769973754883,50.85631561279297,50.255987548828124,51.03092613220215,52.10945510864258,1.4692830339411023,0.030328239553243153,-0.001995938757063986,0.030236279447749786
2018-11-08,49.82132566766374,49.85454290419516,49.0549542402841,49.46780014038086,101450400,49.6410026550293,48.17979431152344,47.66434860229492,52.54214859008789,51.96996307373047,50.005771255493165,50.96906661987305,52.04437461853027,1.509228747157529,-0.0034891018590432754,-0.0045346408056280655,0.029049682323843955
2018-11-09,48.7702373142276,48.87937811740739,47.98725541404549,48.51398849487305,137463200,49.46780014038086,49.6410026550293,48.17979431152344,49.056976318359375,51.14240646362305,49.742929458618164,50.76895942687988,51.95052345275879,1.5578459360992918,-0.01928146476700121,-0.004870412454327333,0.029214885874480543
2018-11-12,47.21613325998762,47.41781165926097,45.97997059020177,46.070133209228516,204542000,48.51398849487305,49.46780014038086,49.6410026550293,47.66434860229492,50.18245315551758,49.33169746398926,50.50281410217285,51.79550025939941,1.8691909339930914,-0.050374239708260604,-0.008030816209477242,0.03241929917667108
2018-11-13,45.46747474101187,46.784303647550004,45.42476479992899,45.609832763671875,187531600,46.070133209228516,48.51398849487305,49.46780014038086,48.17979431152344,50.433082580566406,48.849372482299806,50.15702590942383,51.6278190612793,2.1006496237288186,-0.009991298342164057,-0.009529382418938437,0.032095049466422935
2018-11-14,46.00606949744506,46.14368479083384,44.11505123237931,44.321475982666016,243204000,45.609832763671875,46.070133209228516,48.51398849487305,49.6410026550293,51.74769973754883,48.106750106811525,49.75816955566406,51.44141670227051,2.4075255962792075,-0.028247347182382865,-0.014960773501840408,0.029924201539328493
2018-11-15,44.69872073884626,45.54813685758566,44.345191678630414,45.41526794433594,185915200,44.321475982666016,45.609832763671875,46.070133209228516,49.46780014038086,52.54214859008789,47.39406204223633,49.47512245178223,51.29471786499023,2.571592389250628,0.024678599649923694,-0.014028148642115134,0.031096296728808304
2018-11-16,45.1993741101405,46.25995813873549,44.95261796519588,45.91829299926758,147713200,45.41526794433594,44.321475982666016,45.609832763671875,48.51398849487305,49.056976318359375,47.08019371032715,49.17833251953125,51.16659111022949,2.6245652970415487,0.011076122143508726,-0.006287438305115367,0.02581616457943095
2018-11-19,45.080723353294985,45.24680950472581,43.89201716190447,44.09843826293945,167701200,45.91829299926758,45.41526794433594,44.321475982666016,46.070133209228516,47.66434860229492,46.7236026763916,48.77470779418945,51.01611228942871,2.7574771840685104,-0.03963245620557265,-0.007411887447416654,0.027098754116083888
2018-11-20,42.32131328103685,43.056842423109295,41.642729521839435,41.991512298583984,271300800,44.09843826293945,45.91829299926758,45.41526794433594,45.609832763671875,48.17979431152344,46.104774475097656,48.241146659851076,50.797391738891605,2.988320809975917,-0.047777790945629506,-0.013271073766337859,0.028988507659964784
2018-11-21,42.64398659199424,42.772112768462414,41.8894794521052,41.94404983520508,124496800,41.991512298583984,44.09843826293945,45.91829299926758,44.321475982666016,49.6410026550293,45.335079193115234,47.79553337097168,50.590868072509764,3.232353385003962,-0.00113028706947782,-0.01641692642860996,0.025189364768839668
2018-11-23,41.507486637209176,41.901350698379524,40.83364927354388,40.878726959228516,94496000,41.94404983520508,41.991512298583984,44.09843826293945,45.41526794433594,49.46780014038086,44.476171875,47.24097156524658,50.33778594970703,3.4242143268835763,-0.025398665130385245,-0.018607882755744154,0.024891044714582998
2018-11-26,41.34140152229291,41.50985905728153,40.39707629811021,41.43156051635742,179994000,40.878726959228516,41.94404983520508,41.991512298583984,45.91829299926758,48.51398849487305,43.76792907714844,46.7554292678833,50.1079135131836,3.5287739587744547,0.013523746903378209,-0.015327361588706212,0.026875115882750874
2018-11-27,40.693658680506765,41.467151357006,40.544182944086934,41.341400146484375,165549600,41.43156051635742,40.878726959228516,41.94404983520508,44.09843826293945,46.070133209228516,43.29505577087402,46.31337661743164,49.90442184448242,3.62920663416504,-0.0021761277815603997,-0.010507550396036191,0.024066602420955423
2018-11-28,41.932199377386205,43.01413640794062,41.505118017849625,42.931095123291016,184250000,41.341400146484375,41.43156051635742,40.878726959228516,41.991512298583984,45.609832763671875,43.027182006835936,45.93827724456787,49.73102172851563,3.5681746414684063,0.038452857696495535,-0.005663134792170232,0.028625908210278005
2018-11-29,43.3391999516029,43.372417193579416,42.162353797963114,42.60129928588867,167080000,42.931095123291016,41.341400146484375,41.43156051635742,41.94404983520508,44.321475982666016,42.8551643371582,45.480957221984866,49.5504109954834,3.3647455155354096,-0.0076819805424303,-0.0036065981281749758,0.027541320968365774
2018-11-30,42.776860200784085,42.78635290696132,42.003371186044795,42.37113571166992,158126000,42.60129928588867,42.931095123291016,41.341400146484375,40.878726959228516,45.41526794433594,42.5507511138916,44.97240657806397,49.3573469543457,2.9889870352626455,-0.00540273602159802,-0.006614731695327147,0.02568917685751607
2018-12-03,43.76627212076378,43.8801592662894,42.99515437591232,43.851688385009766,163210000,42.37113571166992,42.60129928588867,42.931095123291016,41.43156051635742,45.91829299926758,42.34409065246582,44.71214218139649,49.20510147094726,2.8373855147212335,0.03494248262342592,-0.004228095647335428,0.02847314466628089
2018-12-04,42.933450995699744,43.275115960024046,41.82304348205187,41.92269515991211,165377200,43.851688385009766,42.37113571166992,42.60129928588867,41.341400146484375,44.09843826293945,42.126516342163086,44.42505950927735,48.999474639892576,2.8133285899474716,-0.043989029753232045,-0.004663753002101367,0.029101441097976216
2018-12-06,40.75297231428439,41.46951955718573,40.43503545235043,41.455284118652344,172393600,41.92269515991211,43.851688385009766,42.37113571166992,42.931095123291016,41.991512298583984,42.07289352416992,44.08883399963379,48.7778791809082,2.741898285131782,-0.011149355724312304,-0.0010009094799696473,0.02510228722205952
2018-12-07,41.16345841264806,41.400725443078066,39.93204194545113,39.97712326049805,169126400,41.455284118652344,41.92269515991211,43.851688385009766,42.60129928588867,41.94404983520508,41.87620086669922,43.60564002990723,48.53509048461914,2.5572618795452375,-0.035656753766866944,-0.00445355614970856,0.027392063993519015
2018-12-10,39.14905645625793,40.356744662283546,38.7528209859677,40.24048614501953,248104000,39.97712326049805,41.455284118652344,41.92269515991211,42.37113571166992,40.878726959228516,41.81237678527832,43.14427433013916,48.27614768981934,2.258951217066371,0.006587839820423325,-0.0012549056546277027,0.0265284495364785
2018-12-11,40.72926047741938,40.76010273038026,39.623595215094355,40.01034164428711,189126800,40.24048614501953,39.97712326049805,41.455284118652344,43.851688385009766,41.43156051635742,41.67025489807129,42.719091987609865,48.00886604309082,1.9778570913353053,-0.005719227643101066,-0.00317920310927563,0.02603058053250327
2018-12-12,40.43028940365676,40.79093620431171,40.10286345370511,40.12184524536133,142510800,40.01034164428711,40.24048614501953,39.97712326049805,41.92269515991211,41.341400146484375,41.548299407958986,42.421677589416504,47.73662658691406,1.892833599704574,0.0027868695065276228,-0.0026829033804668277,0.026099052417596517
2018-12-13,40.45165022819319,40.9451659993989,40.22861867943218,40.560791015625,127594400,40.12184524536133,40.01034164428711,40.24048614501953,41.455284118652344,42.931095123291016,41.311268997192386,42.16922550201416,47.46361389160156,1.7784896901873526,0.01094031861145317,-0.005434157288971064,0.022480095371579172
2018-12-14,40.098139728759065,40.11712153112704,39.2155058308957,39.26295852661133,162814800,40.560791015625,40.12184524536133,40.01034164428711,39.97712326049805,42.60129928588867,40.977434921264646,41.91629962921142,47.15145095825196,1.81560866468263,-0.031997218410107275,-0.007865681075738762,0.024012988658288693
2018-12-17,39.25582050641888,39.94389690996211,38.610454041222965,38.89754867553711,177151600,39.26295852661133,40.560791015625,40.12184524536133,40.24048614501953,42.37113571166992,40.630076217651364,41.590413665771486,46.851273651123044,1.7377890743074331,-0.009306732472199042,-0.008256080720798864,0.02400022923660616
2018-12-18,39.23921640915953,39.74933899527448,39.00432078305257,39.402931213378906,135366000,38.89754867553711,39.26295852661133,40.560791015625,40.01034164428711,43.851688385009766,40.18520050048828,41.26464557647705,46.578700637817384,1.4745266762955322,0.012992657765080073,-0.010451063206633448,0.020334187309367206
2018-12-19,39.38631585646059,39.73035222871584,37.746800273297104,38.17388153076172,196189200,39.402931213378906,38.89754867553711,39.26295852661133,40.12184524536133,41.92269515991211,39.810319137573245,40.968417739868165,46.28400581359863,1.4703700256780234,-0.031191833824785964,-0.009171343613788841,0.01828879470295897
2018-12-20,38.05762010916007,38.463348216247596,36.84756074809764,37.21057891845703,259092000,38.17388153076172,39.402931213378906,38.89754867553711,40.560791015625,41.455284118652344,39.38584861755371,40.729371070861816,45.955385513305664,1.6703220012321909,-0.025234599513503153,-0.010579867992707926,0.018987119476438805
2018-12-21,37.21770403005254,37.52615187290748,35.50226452935719,35.76325607299805,382978400,37.21057891845703,38.17388153076172,39.402931213378906,39.26295852661133,39.97712326049805,38.96446189880371,40.42033138275146,45.64751884460449,1.9773224754053615,-0.03889546702916491,-0.010903739318937723,0.019483526877900104
2018-12-24,35.15109636781357,35.95780615108884,34.780960513781764,34.83790588378906,148676800,35.76325607299805,37.21057891845703,38.17388153076172,38.89754867553711,40.24048614501953,38.424203872680664,40.11829032897949,45.33017715454102,2.3330018075520247,-0.025874327195493874,-0.014149956020529441,0.018942176069586477
2018-12-26,35.18668070978635,37.30547231165693,34.811798587020675,37.291236877441406,234330000,34.83790588378906,35.76325607299805,37.21057891845703,39.402931213378906,40.01034164428711,38.1522933959961,39.911274147033694,45.02567924499512,2.393252465269245,0.07042131067912272,-0.006535902188307063,0.03288150125132983
2018-12-27,36.97569172966579,37.196351942081705,35.60666362348881,37.04924392700195,212468400,37.291236877441406,34.83790588378906,35.76325607299805,38.17388153076172,40.12184524536133,37.84503326416016,39.69666633605957,44.73880332946777,2.450030249472523,-0.006489271225697535,-0.007463516261529579,0.03271972144773292
2018-12-28,37.3695483010569,37.61156162757762,36.66961145378511,37.06821823120117,169165600,37.04924392700195,37.291236877441406,34.83790588378906,37.21057891845703,40.560791015625,37.49577598571777,39.40352249145508,44.42965576171875,2.3927396743058744,0.0005121374200403039,-0.008506334380670865,0.03223051825328034
2018-12-31,37.61393775275985,37.810869799996105,37.12753967179389,37.42649841308594,140014000,37.06821823120117,37.04924392700195,37.291236877441406,35.76325607299805,39.26295852661133,37.312129974365234,39.14478244781494,44.13221366882324,2.3070005521721115,0.009665427662320036,-0.004340069773428134,0.03154198341076075
2019-01-02,36.750281492025124,37.68986030291286,36.593684420142715,37.469200134277344,148158800,37.42649841308594,37.06821823120117,37.04924392700195,34.83790588378906,38.89754867553711,37.169295120239255,38.89968566894531,43.860073471069335,2.2042966594302706,0.0011409488731779494,-0.0032953016388904354,0.03153222140367599
2019-01-03,34.16169431348471,34.574540108213995,33.69190676803851,33.73698806762695,365248800,37.469200134277344,37.42649841308594,37.06821823120117,37.291236877441406,39.402931213378906,36.602700805664064,38.393950653076175,43.497731399536136,2.1683768971035975,-0.09960746568582635,-0.014555313983981077,0.043065048243063585
2019-01-04,34.29220667285654,35.24602123385648,34.11900273892931,35.17721176147461,234428400,33.73698806762695,37.469200134277344,37.42649841308594,37.04924392700195,38.17388153076172,36.30303382873535,38.0566764831543,43.157856979370116,2.1145561059406646,0.042689753186048396,-0.007167155282897642,0.04612273536091897
2019-01-07,35.28160791885267,35.31245379240385,34.61725948663249,35.09891128540039,219111200,35.17721176147461,33.73698806762695,37.469200134277344,37.06821823120117,37.21057891845703,36.09186706542969,37.7388578414917,42.806580505371095,2.0536651485301776,-0.0022258863665816087,-0.004866283968205487,0.0456931844710758
2019-01-08,35.48565702140331,36.02188283523813,35.238900899053064,35.76800537109375,164101200,35.09891128540039,35.17721176147461,33.73698806762695,37.42649841308594,35.76325607299805,36.09234199523926,37.528401947021486,42.504814300537106,2.0277270657103443,0.019063100853834003,0.0009295728200944042,0.04455896787532725
2019-01-09,35.89612398881753,36.66487039683081,35.50226350768915,36.375404357910156,180396400,35.76800537109375,35.09891128540039,35.17721176147461,37.469200134277344,34.83790588378906,36.24609184265137,37.335147857666016,42.192923126220705,1.9378355246278658,0.016981628707405605,0.005215168410384352,0.0437481056219182
2019-01-10,36.183217066092084,36.53199984154206,35.79409933557466,36.49166488647461,143122800,36.375404357910156,35.76800537109375,35.09891128540039,33.73698806762695,37.291236877441406,36.166134643554685,37.15921401977539,41.899908294677736,1.8394030969755406,0.003196130204369041,-0.0015073496370910156,0.03730562028893335
2019-01-11,36.27337496621485,36.46793199596804,35.94831676050969,36.133384704589844,108092800,36.49166488647461,36.375404357910156,35.76800537109375,35.17721176147461,37.04924392700195,36.07454872131348,36.959790992736814,41.61892692565918,1.7131752981389181,-0.00981813745685145,-0.001840236260206407,0.037369811438751
2019-01-14,35.7917243040485,35.89137599820077,35.40497797975705,35.59004592895508,129756800,36.133384704589844,36.49166488647461,36.375404357910156,35.09891128540039,37.06821823120117,35.926731491088866,36.71125373840332,41.322066192626956,1.512022129467612,-0.01503702960785036,-0.0033951529629954735,0.03758393465285847
2019-01-15,35.654106540640925,36.394378285844226,35.601907520616955,36.31845474243164,114843600,35.59004592895508,36.133384704589844,36.49166488647461,35.76800537109375,37.42649841308594,35.81592712402344,36.56402854919433,41.013481292724606,1.3888199473751701,0.020466644379459664,-0.0023150312912815106,0.03815190292880115
2019-01-16,36.32084811856788,36.98519672294444,36.30186631611042,36.76216506958008,122278800,36.31845474243164,35.59004592895508,36.133384704589844,36.375404357910156,37.469200134277344,35.74522361755371,36.45725936889649,40.697881622314455,1.2776117691707929,0.012217213818572548,-0.0012074047967420508,0.03842320372194049
2019-01-17,36.586559010318375,37.40750416153968,36.36352752216668,36.98042297363281,119284800,36.76216506958008,36.31845474243164,35.59004592895508,36.49166488647461,33.73698806762695,36.069567108154295,36.33613395690918,40.456350555419924,1.0837759298206422,0.005937025298690557,0.009347044301709639,0.01680472882856562
2019-01-18,37.36955746448795,37.459720094996186,37.008910562862575,37.20821762084961,135004000,36.98042297363281,36.76216506958008,36.31845474243164,36.133384704589844,35.17721176147461,36.272667694091794,36.28785076141357,40.24722793579102,1.017050003621904,0.006159871329195266,0.005694056116024327,0.012048830316572544
2019-01-22,37.11093601889627,37.18685958381331,36.21169197229735,36.3730354309082,121576000,37.20821762084961,36.98042297363281,36.76216506958008,35.59004592895508,35.09891128540039,36.40008010864258,36.24597358703613,40.01109275817871,0.994039571088818,-0.02244617569301177,0.00367202718338131,0.014887839762974586
2019-01-23,36.57470818551413,36.80960382903162,35.99340473442524,36.520137786865234,92522400,36.3730354309082,37.20821762084961,36.98042297363281,36.31845474243164,35.76800537109375,36.47529335021973,36.28381767272949,39.74867546081543,0.9890900928202386,0.00404426944890135,0.002170144042888045,0.013886551612461537
2019-01-24,36.565218274806185,36.65300590810053,36.00289663164888,36.23067092895508,101766000,36.520137786865234,36.3730354309082,37.20821762084961,36.76216506958008,36.375404357910156,36.460820007324216,36.35345592498779,39.48393287658691,0.9291438893160227,-0.007926225788071006,-0.0003206414066596164,0.013148905004724838
2019-01-25,36.89026785958372,37.519027508765205,36.615040923074886,37.431236267089844,134142000,36.23067092895508,36.520137786865234,36.3730354309082,36.98042297363281,36.49166488647461,36.55477714538574,36.36045589447021,39.26227783203125,0.937074291656708,0.03313671282789543,0.0026734168556930226,0.016909649928823486
2019-01-28,36.96382275590851,37.09194895785594,36.4584465294026,37.08483123779297,104768400,37.431236267089844,36.23067092895508,36.520137786865234,37.20821762084961,36.133384704589844,36.64992179870605,36.36223526000977,39.082571792602536,0.9384837630038382,-0.009254437305385999,0.0027297868708395677,0.016864259862524805
2019-01-29,37.07297331497307,37.519036488429236,36.565222017267494,36.700462341308594,166348800,37.08483123779297,37.431236267089844,36.23067092895508,36.3730354309082,35.59004592895508,36.760963439941406,36.34384746551514,38.90438438415527,0.927461364727996,-0.01036458529417994,0.00319703130220661,0.016374943553487245
2019-01-30,38.73383245886544,39.42190521671021,38.01728520303353,39.20836639404297,244439200,36.700462341308594,37.08483123779297,37.431236267089844,36.520137786865234,36.31845474243164,37.04995460510254,36.43294086456299,38.80212219238281,1.1054432314387066,0.06833439942557828,0.007983806806818473,0.026095452946410937
2019-01-31,39.41242029951825,40.09812176355808,39.044655736776996,39.490718841552734,162958400,39.20836639404297,36.700462341308594,37.08483123779297,36.23067092895508,36.76216506958008,37.3228099822998,36.53401679992676,38.68363121032715,1.2832921480777173,0.007201331590103388,0.007482218583971556,0.02605321179899524
2019-02-01,39.61409500678469,40.09337168073329,39.369706696277575,39.50969696044922,130672400,39.490718841552734,39.20836639404297,36.700462341308594,37.431236267089844,36.98042297363281,37.575737380981444,36.82265224456787,38.55545928955078,1.270205750001339,0.00048057162424997024,0.006936573216527497,0.026146142172580884
2019-02-04,39.7208725954977,40.72925742817227,39.69002672443846,40.63197708129883,125982000,39.50969696044922,39.490718841552734,39.20836639404297,37.08483123779297,37.20821762084961,37.91811332702637,37.095390510559085,38.48613006591797,1.468454045533092,0.02840518169433337,0.009161104253041308,0.02700493628828032
2019-02-05,41.01397692943241,41.54070999970741,40.89297205344229,41.32716751098633,144406400,40.63197708129883,39.50969696044922,39.490718841552734,36.700462341308594,36.3730354309082,38.41352653503418,37.40680332183838,38.472843170166016,1.6694347750894962,0.017109441371669476,0.013116665959509433,0.024655606729128764
2019-02-06,41.43867685735861,41.656965666225744,41.01159918712273,41.341400146484375,112958400,41.32716751098633,40.63197708129883,39.50969696044922,39.20836639404297,36.520137786865234,38.895652770996094,37.68547306060791,38.460790176391605,1.8381268194080458,0.00034438932922919996,0.012746677947542218,0.024833991600264012
2019-02-07,40.90483758027317,41.27023086120382,40.416068041217194,40.55842971801758,126966800,41.341400146484375,41.32716751098633,40.63197708129883,39.490718841552734,36.23067092895508,39.32842864990234,37.89462432861328,38.45438423156738,1.9174847665862536,-0.018939136693302827,0.011645386857019036,0.02606623556580695
2019-02-08,40.267704060953164,40.665638790011116,40.131880133513,40.6060676574707,95280000,40.55842971801758,41.341400146484375,41.32716751098633,39.50969696044922,37.431236267089844,39.64591178894043,38.10034446716308,38.43787437438965,1.9787745143334545,0.0011745508833633789,0.008449170662565831,0.025079077299022555
2019-02-11,40.75857827237781,40.796704677929405,40.329665299757814,40.372554779052734,83973600,40.6060676574707,40.55842971801758,41.341400146484375,40.63197708129883,37.08483123779297,39.974684143066405,38.31230297088623,38.418497467041014,1.9840270562777427,-0.0057506892907668306,0.008799545464027747,0.02482747520642196
2019-02-12,40.53220813832866,40.74666280397595,40.43689212564779,40.72045135498047,89134000,40.372554779052734,40.6060676574707,40.55842971801758,41.32716751098633,36.700462341308594,40.37668304443359,38.5688232421875,38.37428459167481,1.944808826844892,0.00861715533811691,0.010697719527257432,0.02390808890737527
2019-02-13,40.83959548318567,41.099324812062115,40.48931684716783,40.55126953125,89960800,40.72045135498047,40.372554779052734,40.6060676574707,41.341400146484375,39.20836639404297,40.510973358154295,38.780463981628415,38.33328399658203,1.9171448746701183,-0.004154713862467463,0.0034488081984528573,0.012985081996885858
2019-02-14,40.43927960962729,40.80861781758018,40.36064525814671,40.69900894165039,87342800,40.55126953125,40.72045135498047,40.372554779052734,40.55842971801758,39.490718841552734,40.63180236816406,38.97730617523193,38.29984146118164,1.9010494639125421,0.0036432746029453345,0.003093002499737052,0.012919415185499555
2019-02-15,40.80623611906368,40.91346345759115,40.44880923334926,40.60845947265625,98507200,40.69900894165039,40.55126953125,40.72045135498047,40.6060676574707,39.50969696044922,40.741678619384764,39.158708000183104,38.23497688293457,1.8733698645342713,-0.0022248568539828817,0.0028224596519137667,0.013008221747629516
2019-02-19,40.4392766336708,40.851507928428646,40.38685373654159,40.72998046875,75891200,40.60845947265625,40.69900894165039,40.55126953125,40.372554779052734,40.63197708129883,40.75147895812988,39.33479614257813,38.211122589111326,1.845693737928182,0.0029925044601994966,0.0002811919285003794,0.00945102774561823
2019-02-20,40.791937772979175,41.29948509114437,40.7442815842349,40.992095947265625,104457600,40.72998046875,40.60845947265625,40.69900894165039,40.72045135498047,41.32716751098633,40.71797180175781,39.565749168395996,38.201858825683594,1.7416409720819315,0.0064354432655997496,-0.0007862078821065932,0.00779735521883215
2019-02-21,40.93729535437326,41.07311568683924,40.57986845134195,40.760963439941406,68998800,40.992095947265625,40.72998046875,40.60845947265625,40.55126953125,41.341400146484375,40.65992813110351,39.7777904510498,38.21753562927246,1.604049326477108,-0.005638465220747957,-0.001384493337104309,0.007929378790627935
2019-02-22,40.884871894446135,41.223235588397145,40.837215701877646,41.216087341308594,75652800,40.760963439941406,40.992095947265625,40.72998046875,40.69900894165039,40.55842971801758,40.72569389343262,40.02706127166748,38.23704765319824,1.3979389489330252,0.011165680664976918,0.0016259883987236657,0.006005430813938272
2019-02-25,41.499648872153486,41.90711352229098,41.449607503854075,41.516326904296875,87493600,41.216087341308594,40.760963439941406,40.992095947265625,40.60845947265625,40.6060676574707,40.81671981811523,40.231315803527835,38.26716735839844,1.2932138502759558,0.007284523649758734,0.002236985675363201,0.0062598264262883
2019-02-26,41.392422020496234,41.77129368525542,41.26374629243125,41.540157318115234,68280800,41.516326904296875,41.216087341308594,40.760963439941406,40.72998046875,40.372554779052734,40.93348007202148,40.45408210754395,38.29553359985351,1.090529655287425,0.0005740010158723496,0.002869454706027119,0.0056532315031216935
2019-02-27,41.2732773821219,41.699805218546146,41.15889815564964,41.668827056884766,111341600,41.540157318115234,41.516326904296875,41.216087341308594,40.992095947265625,40.72045135498047,41.02831764221192,40.702500343322754,38.31769432067871,0.6785260805324368,0.003097478369765927,0.002317487009192021,0.005287306462994315
2019-02-28,41.53776831669921,41.67835534148874,41.20416773449612,41.25897216796875,112861600,41.668827056884766,41.540157318115234,41.516326904296875,40.760963439941406,40.55126953125,41.09908790588379,40.80503063201904,38.35761459350586,0.5900281272743574,-0.009836007343247188,0.0017493576611140483,0.006273319323335224
2019-03-01,41.52824051212283,41.735546954193026,41.19702505785762,41.692657470703125,103544800,41.25897216796875,41.668827056884766,41.540157318115234,41.216087341308594,40.69900894165039,41.19845275878906,40.91512756347656,38.41351676940918,0.5347192999178884,0.0105112968148795,0.0024361598823074647,0.006852886670221944
2019-03-04,41.86422115680062,42.35508684168328,41.45437136174755,41.902347564697266,109744800,41.692657470703125,41.25897216796875,41.668827056884766,41.516326904296875,40.60845947265625,41.32784156799316,41.034760093688966,38.46350509643555,0.4671131481080327,0.005029425004666299,0.003161588068172383,0.006686603421805771
2019-03-05,41.923789316150554,41.93808580910875,41.590188724744905,41.82609176635742,78949600,41.902347564697266,41.692657470703125,41.25897216796875,41.540157318115234,40.72998046875,41.437452697753905,41.094465827941896,38.53654930114746,0.4887349586656813,-0.0018198454924776009,0.002680353072904673,0.0068707609778322675
2019-03-06,41.621163745570044,41.81655883042522,41.44721703446925,41.58542251586914,83241600,41.82609176635742,41.902347564697266,41.692657470703125,41.668827056884766,40.992095947265625,41.49678535461426,41.10737857818604,38.62404617309571,0.498520387080786,-0.005754045867652935,0.0014614041595794047,0.00720375076941604
2019-03-07,41.43054036805001,41.56636432916655,40.98971605951243,41.10409164428711,99185600,41.58542251586914,41.82609176635742,41.902347564697266,41.25897216796875,40.760963439941406,41.531098175048825,41.09551315307617,38.730862884521486,0.49547201809636837,-0.01157450958682349,0.0008677997229718515,0.008048805750234722
2019-03-08,40.58462987503848,41.239912445241174,40.389234781584264,41.201786041259766,95997600,41.10409164428711,41.58542251586914,41.82609176635742,41.692657470703125,41.216087341308594,41.52966804504395,41.127680969238284,38.8581404876709,0.47939094233307933,0.0023767560129559495,-1.1092742230245367e-05,0.007238443230270082
2019-03-11,41.81655706066394,42.681527506223055,41.78319736904366,42.62910461425781,128044000,41.201786041259766,41.10409164428711,41.58542251586914,41.902347564697266,41.516326904296875,41.64094581604004,41.22883281707764,38.964897842407225,0.5686575338189978,0.034642152929213355,0.002724670185715217,0.01309933404850009
2019-03-12,42.891222911242956,43.52744228144765,42.74110246755472,43.108062744140625,129870400,42.62910461425781,41.201786041259766,41.10409164428711,41.82609176635742,41.540157318115234,41.79773635864258,41.36560821533203,39.08607421875,0.6715339578208855,0.011235472436421201,0.003790817327770102,0.01333656066114305
2019-03-13,43.42737051589921,43.67757008556457,43.110451545781046,43.29869842529297,124130000,43.108062744140625,42.62910461425781,41.201786041259766,41.58542251586914,41.668827056884766,41.9607234954834,41.494520568847655,39.210683822631836,0.7798934394563529,0.004422274373214741,0.003923296928114983,0.013335488005317137
2019-03-14,43.82054106149008,43.868200895214414,43.501240536772094,43.780033111572266,94318000,43.29869842529297,43.108062744140625,42.62910461425781,41.10409164428711,41.25897216796875,42.21282958984375,41.65595874786377,39.337754516601564,0.8993869582102607,0.011116608669190953,0.0060185585293587975,0.012556721223912638
2019-03-15,44.04690286026948,44.63784755758058,43.782406850290364,44.34952163696289,156171600,43.780033111572266,43.29869842529297,43.108062744140625,41.201786041259766,41.692657470703125,42.478516006469725,41.838484382629396,39.47536094665527,1.0523721842721057,0.01300795099764529,0.006268223947635376,0.01268018932831949
2019-03-18,44.273276908909104,44.890433115459594,44.27089173604565,44.802268981933594,104879200,44.34952163696289,43.780033111572266,43.29869842529297,42.62910461425781,41.902347564697266,42.76850814819336,42.04817485809326,39.69666656494141,1.2016198065916939,0.0102086184531327,0.006786143292482017,0.01272964385544595
2019-03-19,44.88089565250784,45.033397616371296,44.30186231557087,44.44721603393555,126585600,44.802268981933594,44.34952163696289,43.780033111572266,43.108062744140625,41.82609176635742,43.03062057495117,42.23403663635254,39.88206665039063,1.2723948231833484,-0.007924887646677425,0.006175639077062034,0.013320905577049581
2019-03-20,44.375729817383224,45.1525397614325,44.01830299972137,44.83562088012695,124140800,44.44721603393555,44.802268981933594,44.34952163696289,43.29869842529297,41.58542251586914,43.35564041137695,42.42621288299561,40.07680084228516,1.362041286219843,0.008738564095777335,0.007624900073405061,0.01265028043584727
2019-03-21,45.27884496121636,46.782420346635014,45.228803590706896,46.48694610595703,204136800,44.83562088012695,44.44721603393555,44.802268981933594,43.780033111572266,41.10409164428711,43.89392585754395,42.71251201629639,40.29117965698242,1.578225645395132,0.03683065369486194,0.012465416401573604,0.013704496772201463
2019-03-22,46.54652003926414,47.10649038962943,45.45994267815405,45.5242805480957,169630800,46.48694610595703,44.83562088012695,44.44721603393555,44.34952163696289,41.201786041259766,44.32617530822754,42.92792167663574,40.474157180786136,1.6553558466388718,-0.0207082985332514,0.010156910946952868,0.017113157400126547
2019-03-25,45.63387294895227,45.745866978541436,44.46389856952138,44.97382736206055,175381200,45.5242805480957,46.48694610595703,44.83562088012695,44.802268981933594,42.62910461425781,44.560647583007814,43.100796699523926,40.64380043029785,1.680527351483759,-0.012091419774412748,0.005483553676590258,0.01603052598085725
2019-03-26,45.66962270436676,45.96033017793337,43.98256747013785,44.50917434692383,199202000,44.97382736206055,45.5242805480957,46.48694610595703,44.44721603393555,43.108062744140625,44.70075874328613,43.249247550964355,40.81131622314453,1.666487807140944,-0.010331631581987466,0.0033268432747493915,0.016610978253271094
2019-03-27,44.97621952108113,45.21688566494624,44.45199411345279,44.90950012207031,119393600,44.50917434692383,44.97382736206055,45.5242805480957,44.83562088012695,43.29869842529297,44.86183891296387,43.411281204223634,40.99770530700684,1.6622758999197305,0.008994230538319492,0.0037840388912598667,0.01670711896688233
2019-03-28,45.02387105568849,45.169224796190974,44.685507385455566,44.96906661987305,83121600,44.90950012207031,44.50917434692383,44.97382736206055,46.48694610595703,43.780033111572266,44.98074226379394,43.596785926818846,41.170717544555664,1.615811403683312,0.0013263674198293884,0.00280501476632371,0.01651544430291174
2019-03-29,45.23356445269698,45.2931356005877,44.926175293457625,45.26215744018555,94256000,44.96906661987305,44.90950012207031,44.50917434692383,45.5242805480957,44.34952163696289,45.07200584411621,43.77526092529297,41.34071739196777,1.5913710399943979,0.006517609600172891,0.0021559806265764704,0.016194340932757803
2019-04-01,45.66485430363971,45.67438408651486,44.88804792365926,45.569541931152344,111448000,45.26215744018555,44.96906661987305,44.90950012207031,44.97382736206055,44.802268981933594,45.148733139038086,43.958620643615724,41.512499771118165,1.5754030077102184,0.00679120281380774,0.0018142390626439743,0.0160408594256171
2019-04-02,45.53380735459335,46.336828999804766,45.524277569564575,46.23198318481445,91062800,45.569541931152344,45.26215744018555,44.96906661987305,44.50917434692383,44.44721603393555,45.327209854125975,44.17891521453858,41.69297508239746,1.5695440499371403,0.014536930273798765,0.004060420854691593,0.016098120995171373
2019-04-03,46.048497688881305,46.822922617672326,46.024667775160154,46.54889678955078,93087200,46.23198318481445,45.569541931152344,45.26215744018555,44.90950012207031,44.83562088012695,45.49853744506836,44.42708892822266,41.89649230957031,1.5297868171697153,0.0068548563765791215,0.003872050082771772,0.016048241531919142
2019-04-04,46.41545121424215,46.79194128270273,46.02228311605566,46.62990951538086,76457200,46.54889678955078,46.23198318481445,45.569541931152344,44.96906661987305,46.48694610595703,45.512833786010745,44.70337982177735,42.098687744140626,1.3907226604345742,0.0017403790727057444,0.00036302262055615264,0.01112083249447615
2019-04-05,46.81100893546065,46.96589610699699,46.687099925418465,46.94206619262695,74106400,46.62990951538086,46.54889678955078,46.23198318481445,45.26215744018555,45.5242805480957,45.654612350463864,44.990393829345706,42.312915649414066,1.210721787746053,0.006694344477403025,0.0031032869216215953,0.0083934552229892
2019-04-08,46.80387003624659,47.711733961677744,46.78480682813005,47.68075942993164,103526800,46.94206619262695,46.62990951538086,46.54889678955078,45.569541931152344,44.97382736206055,45.92530555725098,45.24297657012939,42.5179061126709,1.2190919223539898,0.01573627445953174,0.005886056345016044,0.007343372076911058
2019-04-09,47.73317206117505,48.33603179875124,47.473439087978925,47.537776947021484,143072800,47.68075942993164,46.94206619262695,46.62990951538086,46.23198318481445,44.50917434692383,46.228165817260745,45.46446228027344,42.72696502685547,1.2131874180992375,-0.002998745922247137,0.006619344910990077,0.005733674501093617
2019-04-10,47.342384260292086,47.833253607870596,47.22324195607037,47.804656982421875,86781200,47.537776947021484,47.68075942993164,46.94206619262695,46.54889678955078,44.90950012207031,46.5176815032959,45.68976020812988,42.949048919677736,1.2082054016673855,0.005614062174127632,0.006281328074570891,0.005677471731731864
2019-04-11,47.85945441527274,47.895195644215804,47.285187764028926,47.40671157836914,83603200,47.804656982421875,47.537776947021484,47.68075942993164,46.62990951538086,44.96906661987305,46.76144599914551,45.871094131469725,43.11301582336426,1.178283098614028,-0.008324406640948467,0.005316250668493105,0.007223151627266948
2019-04-12,47.46628769869107,47.69027578606465,46.75381913013985,47.38765335083008,111042800,47.40671157836914,47.804656982421875,47.537776947021484,46.94206619262695,45.26215744018555,46.97399559020996,46.023000717163086,43.2709545135498,1.1675869615614252,-0.00040201538779072177,0.004624288169696744,0.007423928708984201
2019-04-15,47.31856994146504,47.62119248874213,47.1827459350722,47.473453521728516,70146400,47.38765335083008,47.40671157836914,47.804656982421875,47.68075942993164,45.569541931152344,47.16438674926758,46.15655994415283,43.43022964477539,1.1733620828055473,0.0018106018093622112,0.004126228069252192,0.007429469328347003
2019-04-16,47.528251819139626,47.98337267920693,47.31379347996625,47.47821044921875,102785600,47.473453521728516,47.38765335083008,47.40671157836914,47.537776947021484,46.23198318481445,47.289009475708006,46.30810966491699,43.56715431213379,1.1361141081223807,0.00010020184202641502,0.002682555226074956,0.006529908834797724
2019-04-17,47.54731119326293,48.46232689195172,47.32570824322464,48.40275573730469,115627200,47.47821044921875,47.473453521728516,47.38765335083008,47.804656982421875,46.54889678955078,47.4743953704834,46.48646640777588,43.70866607666016,1.172209934035783,0.01947304414674189,0.0039443740030912335,0.0083821764580246
2019-04-18,48.40036639173176,48.64579923684503,48.25739781446443,48.576698303222656,96783200,48.40275573730469,47.47821044921875,47.473453521728516,47.40671157836914,46.62990951538086,47.66907424926758,46.59095401763916,43.85337203979492,1.2619567594962022,0.003593650057075237,0.004129701101528183,0.00834845223087057
2019-04-22,48.33126412020742,48.83404475360525,48.214503361460345,48.73634719848633,77758000,48.576698303222656,48.40275573730469,47.47821044921875,47.38765335083008,46.94206619262695,47.84850234985352,46.75155735015869,44.016930389404294,1.3220242333035446,0.0032865324495114923,0.0037889198987390293,0.008301553477838623
2019-04-23,48.71251655805477,49.50362313511346,48.58622601734535,49.43928527832031,93292000,48.73634719848633,48.576698303222656,48.40275573730469,47.473453521728516,47.68075942993164,48.02435493469238,46.97483024597168,44.193594741821286,1.3817181367782332,0.014423282011086336,0.003657620653894489,0.008099520513428191
2019-04-24,49.41068184560052,49.677559364124285,49.33681422071865,49.3630256652832,70162400,49.43928527832031,48.73634719848633,48.576698303222656,47.47821044921875,47.537776947021484,48.20687980651856,47.21752281188965,44.3734041595459,1.3517976315731715,-0.0015424902000059637,0.003803246226118606,0.007978735361718385
2019-04-25,49.284411491501174,49.50601445679401,48.87694316585517,48.915069580078125,74172800,49.3630256652832,49.43928527832031,48.73634719848633,48.40275573730469,47.804656982421875,48.31792106628418,47.41780128479004,44.53729652404785,1.287025269803229,-0.009074729094657674,0.0023343670992400757,0.008906483885488415
2019-04-26,48.8245100123111,48.84833992518488,48.16207915688333,48.681541442871094,74596400,48.915069580078125,49.3630256652832,49.43928527832031,48.576698303222656,47.40671157836914,48.445404052734375,47.60342502593994,44.69990196228027,1.1783990281095211,-0.004774155269772762,0.002689392236357646,0.008495687147465883
2019-04-29,48.70536406711703,49.07947258276034,48.57669200067746,48.75540542602539,88818800,48.681541442871094,48.915069580078125,49.3630256652832,48.73634719848633,47.38765335083008,48.58217926025391,47.77808742523193,44.861029891967775,1.0667029127936696,0.0015172893249688624,0.0028813227076336045,0.00843958234911048
2019-04-30,48.386074191108,48.467090089008494,47.4448506724918,47.81657409667969,186139600,48.75540542602539,48.681541442871094,48.915069580078125,49.43928527832031,47.473453521728516,48.61649131774902,47.8904390335083,45.00519218444824,0.9316255551708739,-0.019255943441392476,0.0007746681825581359,0.010982668813875017
2019-05-01,50.011167604108095,51.30505109696013,49.85628044929439,50.16366958618164,259309200,47.81657409667969,48.75540542602539,48.681541442871094,49.3630256652832,47.47821044921875,48.88503723144531,48.08702335357666,45.19386596679688,0.976966054775992,0.0490853963053981,0.005673187628895304,0.018794466525284572
2019-05-02,50.001632355540394,50.67121140289478,49.594167784628695,49.837215423583984,127985200,50.16366958618164,47.81657409667969,48.75540542602539,48.915069580078125,48.40275573730469,49.02848320007324,48.25143928527832,45.37076835632324,0.9811775351590313,-0.006507780736351498,0.0030751051405859655,0.018467771844100544
2019-05-03,50.25183931905875,50.4782089626399,50.0945706099009,50.456764221191406,83569600,49.837215423583984,50.16366958618164,47.81657409667969,48.681541442871094,48.576698303222656,49.21648979187012,48.44278202056885,45.56468437194824,1.0206637723054985,0.012431448915065868,0.003958885026385028,0.018705284408132662
2019-05-06,48.679161066436805,49.7633567622048,48.490917825549325,49.677574157714844,129772400,50.456764221191406,49.837215423583984,50.16366958618164,48.75540542602539,48.73634719848633,49.310612487792966,48.57955741882324,45.733914108276366,0.9918549772020698,-0.015442727560981973,0.002085959025335682,0.019691738194398966
2019-05-07,49.05802599276639,49.42498261248666,47.85468824698724,48.33840560913086,155054800,49.677574157714844,50.456764221191406,49.837215423583984,47.81657409667969,49.43928527832031,49.200524520874026,48.612439727783205,45.870355682373045,0.9711751174368558,-0.026957204961990167,-0.0020520896719719685,0.02110803518351834
2019-05-08,48.10965016805922,48.929349618462254,48.07390893920655,48.34793472290039,105358000,48.33840560913086,49.677574157714844,50.456764221191406,50.16366958618164,49.3630256652832,49.099015426635745,48.65294761657715,46.00651123046875,0.9403998614812163,0.00019713339009541642,-0.0018781273129618303,0.021119866970107704
2019-05-09,47.752234575494825,48.05723858660724,46.86105245762417,47.828487396240234,139634400,48.34793472290039,48.33840560913086,49.677574157714844,49.837215423583984,48.915069580078125,48.99035720825195,48.65413913726807,46.12970443725586,0.939282910984848,-0.010743940348999392,-0.002045048438396002,0.02118954659595654
2019-05-10,47.223295764690995,47.565356793291954,46.111007044630455,47.16588592529297,164834800,47.828487396240234,48.34793472290039,48.33840560913086,50.456764221191406,48.681541442871094,48.83879165649414,48.642097854614256,46.247842712402345,0.9574834781861621,-0.013853699061353808,-0.0029530028175541066,0.021511558542564486
2019-05-13,44.90064286413654,45.32402809525781,43.73812012203512,44.42462921142578,229722400,47.16588592529297,47.828487396240234,48.34793472290039,49.677574157714844,48.75540542602539,48.40571403503418,48.493946647644044,46.3024821472168,1.3217443169750178,-0.058119478943088665,-0.00891667964435986,0.02755283111425411
2019-05-14,44.58968654744338,45.37666024246978,44.35048432829495,45.127891540527344,146118800,44.42462921142578,47.16588592529297,47.828487396240234,48.33840560913086,47.81657409667969,48.13684577941895,48.376668548583986,46.3669930267334,1.507996064202989,0.01583046030062718,-0.005408039270157894,0.02831340771619777
2019-05-15,44.55619123871001,45.86701816748591,44.4963906935112,45.668479919433594,106178800,45.127891540527344,44.42462921142578,47.16588592529297,48.34793472290039,50.16366958618164,47.68732681274414,48.28618202209473,46.44384078979492,1.6152284004796558,0.011979030272681213,-0.009118675873429582,0.022135765265434336
2019-05-16,45.42689968507999,46.03925685450639,45.170951528362195,45.46756362915039,132125600,45.668479919433594,45.127891540527344,44.42462921142578,47.828487396240234,49.837215423583984,47.250361633300784,48.13942241668701,46.52148361206055,1.7331223042301935,-0.00439945210871151,-0.008907843010665583,0.022173404313231077
2019-05-17,44.7140592058034,45.663692098249506,44.67339527551436,45.20920944213867,131516400,45.46756362915039,45.668479919433594,45.127891540527344,47.16588592529297,50.456764221191406,46.72560615539551,47.971047973632814,46.603585968017576,1.8481638729001657,-0.005682164743177065,-0.010719204376489877,0.020942163875142424
2019-05-20,43.89839489959819,44.09693319133087,43.123378349333606,43.795536041259766,154449200,45.20920944213867,45.46756362915039,45.668479919433594,44.42462921142578,49.677574157714844,46.13740234375,47.72400741577148,46.65546096801758,2.058705783662635,-0.03126958905769428,-0.012301890526161107,0.021914291974638424
2019-05-21,44.30503163302324,44.970013454882476,44.180645467442574,44.6351318359375,113459200,43.795536041259766,45.20920944213867,45.46756362915039,45.127891540527344,48.33840560913086,45.76707496643066,47.48379974365234,46.69558151245117,2.1271688654057614,0.019170807588397842,-0.0076890892711223065,0.02329782742841912
2019-05-22,44.17109119736444,44.422254305979834,43.66637427145734,43.72138977050781,118994400,44.6351318359375,43.795536041259766,45.20920944213867,45.668479919433594,48.34793472290039,45.304420471191406,47.201717948913576,46.70784805297851,2.236126070027888,-0.020471364771325717,-0.00975593908726442,0.023436851901404987
2019-05-23,43.00855529990352,43.18556258786972,42.53254161888472,42.975067138671875,146118800,43.72138977050781,44.6351318359375,43.795536041259766,45.46756362915039,47.828487396240234,44.81907844543457,46.90471782684326,46.70137542724609,2.386031257015195,-0.01706996588519627,-0.010388541640884107,0.023551577500915653
2019-05-24,43.104241988346736,43.56829490792796,42.726302019305706,42.81002426147461,94858800,42.975067138671875,43.72138977050781,44.6351318359375,45.20920944213867,47.16588592529297,44.38349227905273,46.611141967773435,46.68197525024414,2.513703867757937,-0.003840433260167031,-0.00938721506076543,0.023600694630199124
2019-05-28,42.79806098088244,43.19752825231062,42.55646805143749,42.63301086425781,111792800,42.81002426147461,42.975067138671875,43.72138977050781,43.795536041259766,44.42462921142578,44.20433044433594,46.30502223968506,46.64764503479004,2.6097883671075666,-0.004134858605443381,-0.003988753027000902,0.016242108734153517
2019-05-29,42.20006695771477,42.900931555316085,42.09960243535015,42.42970275878906,113924800,42.63301086425781,42.81002426147461,42.975067138671875,44.6351318359375,45.127891540527344,43.93451156616211,46.035678672790525,46.60019371032715,2.7211772222484205,-0.004768795385249214,-0.006048678595588541,0.014680407127498633
2019-05-30,42.5660389538605,42.87221753680418,42.259860370916826,42.64976119995117,84873600,42.42970275878906,42.63301086425781,42.81002426147461,43.72138977050781,45.668479919433594,43.632639694213864,45.659983253479005,46.56424461364746,2.6387047382021187,0.0051864242936872085,-0.0067279391934879414,0.013889422358826991
2019-05-31,42.15460804379681,42.575606305283934,41.8579996140433,41.87713623046875,108174400,42.64976119995117,42.42970275878906,42.63301086425781,42.975067138671875,45.46756362915039,43.273596954345706,45.261979293823245,46.505074920654295,2.575032050605863,-0.01811557550956011,-0.008099551533572802,0.014304962953097288
2019-06-03,42.0039165147465,42.558863836181885,40.72896808562691,41.45375061035156,161584400,41.87713623046875,42.64976119995117,42.42970275878906,42.81002426147461,45.20920944213867,42.89805107116699,44.81182861328125,46.40441101074219,2.400099929185615,-0.010110185610283984,-0.008542353620283494,0.014290345767613228
2019-06-04,41.96564243887218,43.01574014822659,41.74557681150609,42.97029113769531,123872000,41.45375061035156,41.87713623046875,42.64976119995117,42.63301086425781,43.795536041259766,42.81552658081055,44.476464462280276,46.35333122253418,2.1388082272579547,0.03658391593075905,-0.001757003121438161,0.01794240476408863
2019-06-05,44.08018796856743,44.25002316291043,43.32909308993842,43.66397476196289,119093600,42.97029113769531,41.45375061035156,41.87713623046875,42.42970275878906,44.6351318359375,42.718410873413085,44.242742919921874,46.327134170532226,1.9408157119986678,0.01614333079672914,-0.0020597508006050314,0.017571761216250315
2019-06-06,43.793138271764924,44.364831371467275,43.57067833258456,44.305030822753906,90105200,43.66397476196289,42.97029113769531,41.45375061035156,42.64976119995117,43.72138977050781,42.7767749786377,44.04059772491455,46.32305130004883,1.684332967725671,0.014681578218331603,0.0014555434983607007,0.016985656558135265
2019-06-07,44.61360655057878,45.90769148933359,44.43659923654732,45.48430252075195,122737600,44.305030822753906,43.66397476196289,42.97029113769531,41.87713623046875,42.975067138671875,43.0276985168457,43.92338848114014,46.33454734802246,1.475483660507164,0.026617105915484496,0.005824250678428777,0.017306602656202527
2019-06-10,45.88138027302039,46.732939648630975,45.83593126422042,46.06556701660156,104883600,45.48430252075195,44.305030822753906,43.66397476196289,41.45375061035156,42.81002426147461,43.3532527923584,43.86837253570557,46.35647735595703,1.3645626392723733,0.01277945277020387,0.0074862392814658675,0.017071786728190253
2019-06-11,46.61094078992602,46.88363115164734,46.30954733221378,46.59897994995117,107731600,46.06556701660156,45.48430252075195,44.305030822753906,42.97029113769531,42.63301086425781,43.74984970092773,43.97709007263184,46.38321380615234,1.4918903240027033,0.011579428364734357,0.009057667978483641,0.016599944839638833
2019-06-12,46.393273742142995,46.87646328917654,46.259321071663166,46.45068359375,73012800,46.59897994995117,46.06556701660156,45.48430252075195,43.66397476196289,42.42970275878906,44.151947784423825,44.04322967529297,46.4008366394043,1.572725257677671,-0.0031823949013571884,0.009216308026872844,0.01646011982410736
2019-06-13,46.57266682669041,47.07259854029726,46.30954660107747,46.441104888916016,86698400,46.45068359375,46.59897994995117,46.06556701660156,44.305030822753906,42.64976119995117,44.53108215332031,44.08186092376709,46.40501907348633,1.6234198747261863,-0.0002062123545426564,0.008677044362049857,0.016693497656436178
2019-06-14,45.81918484080178,46.307155751593456,45.52018207317705,46.10383605957031,75046000,46.441104888916016,46.45068359375,46.59897994995117,45.48430252075195,41.87713623046875,44.95375213623047,44.113674545288085,46.39611785888672,1.6578730672521012,-0.007262291242907115,0.009762372788715157,0.015027731173676305
2019-06-17,46.142109980575825,46.63486965392285,45.967493369838486,46.37892150878906,58676400,46.10383605957031,46.441104888916016,46.45068359375,46.06556701660156,41.45375061035156,45.44626922607422,44.172160148620605,46.39109809875488,1.7180934172072586,0.005966649908769384,0.011370056340620494,0.013441795551701113
2019-06-18,46.89559690653218,47.90981200382238,46.69466791366559,47.46968078613281,106204000,46.37892150878906,46.10383605957031,46.441104888916016,46.59897994995117,42.97029113769531,45.89620819091797,44.35586738586426,46.401650390625,1.8657845037046907,0.023518426946108395,0.010063507442155428,0.011159999510054969
2019-06-19,47.76389566380698,47.811739025879014,47.19698759262692,47.33094024658203,84496800,47.46968078613281,46.37892150878906,46.10383605957031,46.45068359375,43.66397476196289,46.262904739379884,44.490657806396484,46.39465400695801,1.9808502323256354,-0.0029227190335627817,0.008156902459126236,0.011624861777063806
2019-06-20,47.92894825704651,47.986358104546575,47.36921593118183,47.71127700805664,86056000,47.33094024658203,47.46968078613281,46.37892150878906,46.441104888916016,44.305030822753906,46.603529357910155,44.690152168273926,46.39812400817871,2.096817638053963,0.008035689962911263,0.007492313633584202,0.011398163680848257
2019-06-21,47.55341101332739,48.04377638657859,47.397927351110866,47.54862594604492,191202400,47.71127700805664,47.33094024658203,47.46968078613281,46.10383605957031,45.48430252075195,46.80996170043945,44.91883010864258,46.393003387451174,2.1486804225781735,-0.00340906955779563,0.004489696086256189,0.009615892932264215
2019-06-24,47.49120806529403,47.87871815109603,47.40270441017317,47.50077819824219,72881600,47.54862594604492,47.71127700805664,47.33094024658203,46.37892150878906,46.06556701660156,46.95348281860352,45.153367805480954,46.39488471984863,2.1623447169147725,-0.0010062908622644473,0.003111121723009358,0.009277629641431764
2019-06-25,47.464891779808674,47.66343004792434,46.713797002206945,46.78077697753906,84281200,47.50077819824219,47.54862594604492,47.71127700805664,47.46968078613281,46.59897994995117,46.971662521362305,45.36075611114502,46.382747192382816,2.1060692013449063,-0.015157672105880815,0.0004374116759478408,0.010355991622130826
2019-06-26,47.30702611814578,48.07725759186515,47.20656161939147,47.792606353759766,104270000,46.78077697753906,47.50077819824219,47.54862594604492,47.33094024658203,46.45068359375,47.10585479736328,45.62890129089355,46.38913024902344,2.054005166240596,0.021629169962408268,0.0029185681623243864,0.012200388458362818
2019-06-27,47.90980612080103,48.215988288918595,47.737583898017675,47.77824783325195,83598800,47.792606353759766,46.78077697753906,47.50077819824219,47.71127700805664,46.441104888916016,47.239569091796874,45.8853256225586,46.395130996704104,1.9813492659005476,-0.0003004339290795244,0.0029091460048707,0.012203105889849583
2019-06-28,47.52469551117032,47.720843084338505,47.13479837293914,47.34290313720703,124442400,47.77824783325195,47.792606353759766,46.78077697753906,47.54862594604492,46.10383605957031,47.36347579956055,46.158613967895505,46.373933944702145,1.7644795411352883,-0.009111776086144774,0.002724197520546934,0.012387020595249331
2019-07-01,48.59870708259573,48.91445571612795,47.995916559447814,48.21120071411133,109012000,47.34290313720703,47.77824783325195,47.792606353759766,47.50077819824219,46.37892150878906,47.54670372009277,46.49648647308349,46.36662399291992,1.4317561817012525,0.018340606920277613,0.003961593221697757,0.013329131741673621
2019-07-02,48.17772417850372,48.58915232452939,48.16576333648064,48.49346923828125,67740800,48.21120071411133,47.34290313720703,47.77824783325195,46.78077697753906,47.46968078613281,47.649082565307616,46.77264537811279,46.36176643371582,1.2349558124973439,0.00585483290166855,0.002195233817253772,0.011493506053356656
2019-07-03,48.625025041282115,48.90250048134883,48.48389661312159,48.89532470703125,45448000,48.49346923828125,48.21120071411133,47.34290313720703,47.792606353759766,47.33094024658203,47.80552101135254,47.03421287536621,46.35088722229004,1.0870235735330216,0.008286795625518373,0.0033161852831618877,0.011485519843014052
2019-07-05,48.641772747995475,49.05559156534589,48.534128829376186,48.85226821899414,69062000,48.89532470703125,48.49346923828125,48.21120071411133,47.77824783325195,47.71127700805664,47.91962013244629,47.26157474517822,46.34067207336426,0.9534923866949019,-0.0008805849699351498,0.0024245577898772464,0.011424358259855315
2019-07-08,48.03421357351424,48.17534205539454,47.460129509969434,47.845245361328125,101354400,48.85226821899414,48.89532470703125,48.49346923828125,47.34290313720703,47.54862594604492,47.94928207397461,47.37962188720703,46.31927558898926,0.8638067270376276,-0.02061363564843599,0.0007041011808132103,0.013506258196680615
2019-07-09,47.64908366307894,48.20164023244244,47.555794939029724,48.13705825805664,82312000,47.845245361328125,48.85226821899414,48.89532470703125,48.21120071411133,47.50077819824219,48.01291007995606,47.48319644927979,46.30838592529297,0.8210870530995419,0.006099099179547318,0.0014146401849943868,0.01359290255970746
2019-07-10,48.28297103527144,48.73266874059022,48.21360034539757,48.613067626953125,71588400,48.13705825805664,47.845245361328125,48.85226821899414,48.49346923828125,46.78077697753906,48.19613914489746,47.58390083312988,46.30553916931152,0.8303910818817252,0.009888626063201844,0.003919270001902652,0.012460329034266315
2019-07-11,48.6321995013914,48.89053831965134,48.24947816503057,48.2590446472168,80767200,48.613067626953125,48.13705825805664,47.845245361328125,48.89532470703125,47.792606353759766,48.24278297424316,47.674318885803224,46.314388580322266,0.7983392960782778,-0.007282465333252164,0.0010281064723366095,0.011183262538973305
2019-07-12,48.426486993480296,48.797251151333036,48.36668644059876,48.62981033325195,70380800,48.2590446472168,48.613067626953125,48.13705825805664,48.85226821899414,47.77824783325195,48.32793922424317,47.78375415802002,46.28371139526367,0.7699006282261736,0.007682822748471763,0.0018264321400917384,0.011361412468625393
2019-07-15,48.81878761572397,49.244567339973045,48.797260288640274,49.08669662475586,67789600,48.62981033325195,48.2590446472168,48.613067626953125,47.845245361328125,47.34290313720703,48.50231857299805,47.9328971862793,46.26870101928711,0.7142480022658938,0.009395189666028703,0.003677128715309086,0.010878756836099509
2019-07-16,48.93837836621987,49.30196674070282,48.6776488381085,48.91685104370117,67467200,49.08669662475586,48.62981033325195,48.2590446472168,48.13705825805664,48.21120071411133,48.57288360595703,48.059793663024905,46.2379027557373,0.6458011930181838,-0.003460114302518136,0.001497056593029511,0.009738364298743437
2019-07-17,48.80921404901501,49.057982753514956,48.62263660815599,48.64177322387695,56430000,48.91685104370117,49.08669662475586,48.62981033325195,48.613067626953125,48.49346923828125,48.5877140045166,48.11839828491211,46.217186737060544,0.6426057727727,-0.0056233754617293075,0.0003492357566897253,0.009843537442868066
2019-07-18,48.797255539973115,49.246956906066245,48.725494140074105,49.194332122802734,74162400,48.64177322387695,48.91685104370117,49.08669662475586,48.2590446472168,48.89532470703125,48.61761474609375,48.211567878723145,46.23430526733399,0.6573404710203591,0.01135976059882915,0.0006565322540208029,0.010161690332691929
2019-07-19,49.22541480969587,49.39524996275497,48.40495308770733,48.45996856689453,83717200,49.194332122802734,48.64177322387695,48.91685104370117,48.62981033325195,48.85226821899414,48.57838478088379,48.24900245666504,46.236545944213866,0.6486105958562098,-0.014927808229513673,-0.0007481900719370493,0.011304453618787335
2019-07-22,48.7135358552826,49.5698803325022,48.70396937143094,49.56748962402344,89111600,48.45996856689453,49.194332122802734,48.64177322387695,49.08669662475586,47.845245361328125,48.75060920715332,48.349945640563966,46.27132598876953,0.6896722723770616,0.02285434947404208,0.0035986084403107576,0.011173447774770409
2019-07-23,49.8641074492469,49.97174774213906,49.58423757781546,49.95500183105469,73420800,49.56748962402344,48.45996856689453,49.194332122802734,48.91685104370117,48.13705825805664,48.932403564453125,48.47265682220459,46.32710830688477,0.7466158164456487,0.007817870341439326,0.0037704855564999586,0.011229265911508532
2019-07-24,49.67512349936027,50.02914175520972,49.55552239198474,49.91432571411133,59966400,49.95500183105469,49.56748962402344,48.45996856689453,48.64177322387695,48.613067626953125,49.06252937316894,48.6293342590332,46.43690223693848,0.700235440512739,-0.000814255138673059,0.002700197436312468,0.011090540281310778
2019-07-25,49.96695653329002,50.050678778547585,49.450278810987754,49.519649505615234,55638400,49.91432571411133,49.95500183105469,49.56748962402344,49.194332122802734,48.2590446472168,49.188589859008786,48.71568641662598,46.52473739624023,0.6981056140602264,-0.007907072826279116,0.0026377366870097728,0.011154582349784755
2019-07-26,49.629665298704275,50.16787018217037,49.5483374367428,49.69186019897461,70475600,49.519649505615234,49.91432571411133,49.95500183105469,48.45996856689453,48.62981033325195,49.29479484558105,48.81136703491211,46.60520500183105,0.6939856687698073,0.0034776234298639075,0.0022172167551489873,0.01102172860421887
2019-07-29,49.86410236528758,50.38556151543497,49.85931729833176,50.15592575073242,86693600,49.69186019897461,49.519649505615234,49.91432571411133,49.56748962402344,49.08669662475586,49.40171775817871,48.95201816558838,46.6989722442627,0.6651672987386494,0.009338864552456139,0.002211584243791731,0.011017666458986239
2019-07-30,49.93586587243436,50.27075124912288,49.589023301883856,49.940650939941406,135742800,50.15592575073242,49.69186019897461,49.519649505615234,49.95500183105469,48.91685104370117,49.50409774780273,49.03849067687988,46.79360107421875,0.676116524247299,-0.004292111202590543,0.00212838455378449,0.011068280183520131
2019-07-31,51.76814131769529,52.95219151502836,50.54342718307284,50.95963668823242,277125600,49.940650939941406,50.15592575073242,49.69186019897461,49.91432571411133,48.64177322387695,49.73588409423828,49.16179904937744,46.9368830871582,0.7872400846490981,0.02040393405196994,0.004731115505154415,0.01205876941417627
2019-08-01,51.1653626359901,52.15326915093734,49.45267720551432,49.85692596435547,216071600,50.95963668823242,49.940650939941406,50.15592575073242,49.519649505615234,49.194332122802734,49.80214347839355,49.209879112243655,47.04131896972656,0.7993797289669292,-0.021638904739907483,0.001431248971280752,0.01434214116430528
2019-08-02,49.163234154260714,49.37851470178692,48.23034691506533,48.802040100097656,163448400,49.85692596435547,50.95963668823242,49.940650939941406,49.69186019897461,48.45996856689453,49.83635063171387,49.207367706298825,47.14293197631836,0.800640271290905,-0.02115826124161746,0.0008082036700703732,0.015239052475932083
2019-08-05,47.359645023139706,47.51751570162563,46.065560241571106,46.247352600097656,209572000,48.802040100097656,49.85692596435547,50.95963668823242,50.15592575073242,49.56748962402344,49.50433692932129,49.12747306823731,47.20837768554688,0.9988973162203978,-0.05234796526456864,-0.006712027803790699,0.020720535761175305
2019-08-06,46.957783150481916,47.37878135711824,46.41479313620579,47.122833251953125,143299200,46.247352600097656,48.802040100097656,49.85692596435547,49.940650939941406,49.95500183105469,49.221120071411136,49.07676181793213,47.294633865356445,1.0746932927792763,0.01893039498770399,-0.005600775339164232,0.021853381396573456
2019-08-07,46.742507730135785,47.735195505332065,46.36217706782614,47.610809326171875,133457600,47.122833251953125,46.247352600097656,48.802040100097656,50.95963668823242,49.91432571411133,48.99076843261719,49.026648902893065,47.39418983459473,1.1198713769570723,0.010355406085403862,-0.00448380921675654,0.02240373312894002
2019-08-08,47.888281812721345,48.684825611688794,47.694528606203654,48.66090393066406,108038000,47.610809326171875,47.122833251953125,46.247352600097656,49.85692596435547,49.519649505615234,48.90489387512207,49.04674186706543,47.518813858032225,1.1089256219379906,0.02205580243969818,-0.0014875216901588106,0.023851858037872896
2019-08-09,48.33435586806552,48.68491595492223,47.851730305039446,48.25992202758789,98478800,48.66090393066406,47.610809326171875,47.122833251953125,48.802040100097656,49.69186019897461,48.7617000579834,49.02824745178223,47.63101707458496,1.1192811921001784,-0.008240329929906864,-0.0026593170261358877,0.02386866122181348
2019-08-12,47.93096316663212,48.51443488116721,47.8181106881789,48.13745880126953,89927600,48.25992202758789,48.66090393066406,47.610809326171875,46.247352600097656,50.15592575073242,48.55985336303711,48.98078556060791,47.75622352600098,1.1366630025181736,-0.0025375761330147517,-0.003846961094682977,0.02349792040919547
2019-08-13,48.267127875565244,50.93716177711402,48.13746584722147,50.17601013183594,188874000,48.13745880126953,48.25992202758789,48.66090393066406,47.122833251953125,49.940650939941406,48.58338928222656,49.04374351501465,47.93066871643067,1.1673914446845801,0.042348544799224896,0.0008171045054985671,0.02765996284033718
2019-08-14,48.78097206530071,49.56853618197208,48.644106979365894,48.682525634765625,146189600,50.17601013183594,48.13745880126953,48.25992202758789,47.610809326171875,50.95963668823242,48.355678176879884,49.04578113555908,48.04491340637207,1.1666882531660396,-0.02976491142173776,-0.004199780041872203,0.02825594607990451
2019-08-15,48.852997569788144,49.256382389403456,47.942974606430376,48.440006256103516,108909600,48.682525634765625,50.17601013183594,48.13745880126953,48.66090393066406,49.85692596435547,48.213986206054685,49.00806484222412,48.14043403625488,1.1738042864425406,-0.004981651537177445,-0.0025340547215991992,0.027596956845536834
2019-08-16,49.04988847143179,49.74140951677776,48.944239015747925,49.58293533325195,110481600,48.440006256103516,48.682525634765625,50.17601013183594,48.25992202758789,48.802040100097656,48.29207572937012,49.06421318054199,48.24599212646484,1.1730645289168167,0.02359473430093595,0.0019412448326561415,0.02786853608261172
2019-08-19,50.57218589365761,51.078820332819284,50.430521259871156,50.50735855102539,97654400,49.58293533325195,48.440006256103516,48.682525634765625,48.13745880126953,46.247352600097656,48.71807632446289,49.11120662689209,48.346453247070315,1.2124516505355414,0.01864397925536876,0.00904043928464988,0.02059550953224014
2019-08-20,50.634609112717676,51.22768357887078,50.500147538234934,50.50975036621094,107537200,50.50735855102539,49.58293533325195,48.440006256103516,50.17601013183594,47.122833251953125,49.05676803588867,49.1389440536499,48.4353369140625,1.2388298392179349,4.7355776547464146e-05,0.007152135363534229,0.0204531511460369
2019-08-21,51.14126844537108,51.29973899908032,50.807514137227294,51.057228088378906,86141600,50.50975036621094,50.50735855102539,49.58293533325195,48.682525634765625,47.610809326171875,49.40140991210937,49.19608917236328,48.52450187683105,1.301266056918146,0.010839050246706616,0.007200499779664504,0.02046213721077805
2019-08-22,51.18927233994728,51.48941113488219,50.603400826025755,51.01399230957031,89014800,51.057228088378906,50.50975036621094,50.50735855102539,48.440006256103516,48.66090393066406,49.63671875,49.270806312561035,48.61576805114746,1.36229298133862,-0.000846810146719168,0.004910238521022769,0.01988834875749028
2019-08-23,50.28645752648354,50.91555099493653,48.262323049739784,48.656105041503906,187272000,51.01399230957031,51.057228088378906,50.50975036621094,49.58293533325195,48.25992202758789,49.6763370513916,49.2190185546875,48.66006805419922,1.3651283535787697,-0.0462204027035944,0.001112231243654016,0.025510508020910743
2019-08-26,49.42926854605089,49.748616731609175,49.237178943574676,49.58053970336914,104174400,48.656105041503906,51.01399230957031,51.057228088378906,50.50735855102539,48.13745880126953,49.82064514160156,49.19024925231933,48.7296021270752,1.3503270949724384,0.018999356012502133,0.0032659244582057046,0.026071095892556857
2019-08-27,49.90947864777375,50.07515584403641,48.86979745227065,49.02106857299805,103493200,49.58053970336914,48.656105041503906,51.01399230957031,50.50975036621094,50.17601013183594,49.70515098571777,49.14427013397217,48.78244506835937,1.3390397153794773,-0.011284087138185739,-0.002097338735535359,0.022395247693382428
2019-08-28,49.00667191279658,49.395650682194926,48.819385567248915,49.35002899169922,63755200,49.02106857299805,49.58053970336914,48.656105041503906,51.057228088378906,48.682525634765625,49.771901321411136,49.063789749145506,48.820052032470706,1.2708215113870494,0.006710592573299534,0.0015502116639683704,0.020256584415545863
2019-08-29,50.06316401304191,50.260056872342915,49.62136047132866,50.18561935424805,83962000,49.35002899169922,49.02106857299805,49.58053970336914,51.01399230957031,48.440006256103516,49.946462631225586,49.080224418640135,48.87714561462403,1.283678792460747,0.016931912293088436,0.0037415680469949585,0.020652882389762605
2019-08-30,50.461749711640046,50.531380318643734,49.75101924277267,50.120792388916016,84573600,50.18561935424805,49.35002899169922,49.02106857299805,48.656105041503906,49.58293533325195,50.00024833679199,49.146162033081055,48.92533592224121,1.3023709837663449,-0.0012917438534419956,0.001252920231557164,0.019459719930427007
2019-09-03,49.56612630727239,49.69818812822895,49.03548289552534,49.390846252441406,80092000,50.120792388916016,50.18561935424805,49.35002899169922,49.58053970336914,50.50735855102539,49.888597106933595,49.303336715698244,48.96218032836914,1.1095264525464852,-0.01456373895309826,-0.0020678515892895376,0.018989964650568215
2019-09-04,50.036742667870506,50.29846283883695,49.77982574387522,50.22883224487305,76752400,49.390846252441406,50.120792388916016,50.18561935424805,49.02106857299805,50.50975036621094,49.86050529479981,49.45863666534424,49.01674140930176,1.0002503676323367,0.016966423052332757,-0.0003759448617110084,0.01992980136504803
2019-09-05,50.90354224548307,51.376561303793046,50.78588651283309,51.21088409423828,95654800,50.22883224487305,49.390846252441406,50.120792388916016,49.35002899169922,51.057228088378906,49.875870895385745,49.63864040374756,49.10534355163574,0.9737986774783397,0.01955155645621187,0.0004953057592395171,0.020651906716118527
2019-09-06,51.39577500112992,51.4846149241543,51.02600190350711,51.206085205078125,77449200,51.21088409423828,50.22883224487305,49.390846252441406,50.18561935424805,51.01399230957031,49.895080184936525,49.76589946746826,49.17361312866211,1.0051030486407395,-9.370838338440546e-05,0.0005706159355729934,0.020647841440665962
2019-09-09,51.58545739982879,51.96963654756328,50.68024137405337,51.424583435058594,109237600,51.206085205078125,51.21088409423828,50.22883224487305,50.120792388916016,48.656105041503906,50.171928024291994,49.9241325378418,49.24653984069824,1.0046450274669292,0.004267036409938196,0.005619359846926253,0.012500516227731793
2019-09-10,51.3501518092004,52.05127566981013,50.833914491991756,52.032066345214844,127111600,51.424583435058594,51.206085205078125,51.21088409423828,49.390846252441406,49.58053970336914,50.41708068847656,50.11886291503906,49.3403231048584,1.0174711813404194,0.01181308373500789,0.004900732619176828,0.011834693916731118
2019-09-11,52.36101772978543,53.71524388706847,52.27937718938957,53.68642807006836,177158400,52.032066345214844,51.424583435058594,51.206085205078125,50.22883224487305,49.02106857299805,50.8836166381836,50.29438381195068,49.449827651977536,1.2932579853802284,0.031795041808975855,0.009208645513892989,0.013065281227818972
2019-09-12,53.97696341496987,54.365942133767874,53.511147403478866,53.56637191772461,128906800,53.68642807006836,52.032066345214844,51.424583435058594,51.21088409423828,49.35002899169922,51.30525093078613,50.53857612609863,49.55128570556641,1.4270512433803184,-0.0022362477195737585,0.00831396148460566,0.013552592534135783
2019-09-13,52.82443464006696,53.014120770564304,52.10890468762575,52.524295806884766,159053200,53.56637191772461,53.68642807006836,52.032066345214844,51.206085205078125,50.18561935424805,51.5391185760498,50.742790603637694,49.62386512756348,1.4029676416741756,-0.019453923675107676,0.0046753778877860475,0.01569659674282567
2019-09-16,52.27937453367597,52.85564321495497,52.23855609745347,52.8004150390625,84632400,52.524295806884766,53.56637191772461,53.68642807006836,51.424583435058594,50.120792388916016,51.807080841064455,50.90366458892822,49.702828063964844,1.4467566476753053,0.005256981134843519,0.005330250386614599,0.015555961645073928
2019-09-17,52.8148243007248,53.021319935148554,52.61312824901063,52.99250411987305,73274800,52.8004150390625,52.524295806884766,53.56637191772461,52.032066345214844,49.390846252441406,52.167246627807614,51.02792186737061,49.80577323913574,1.5159916997360259,0.003638022175932454,0.00715042649951767,0.013951717926779128
2019-09-18,53.07894858894895,53.50874942392138,52.68996985697935,53.489540100097656,101360000,52.99250411987305,52.8004150390625,52.524295806884766,53.68642807006836,50.22883224487305,52.493317413330075,51.17691135406494,49.91282287597656,1.6061311986108726,0.009379363902114912,0.006391720584495886,0.01355938348705271
2019-09-19,53.307052941713785,53.72724727960935,52.91327096589523,53.05493927001953,88242400,53.489540100097656,52.99250411987305,52.8004150390625,53.56637191772461,51.21088409423828,52.6777229309082,51.276796913146974,50.00166030883789,1.6595277290563129,-0.008124968531507903,0.0036240680857239083,0.013398448932292424
2019-09-20,53.15578449922015,53.43911377467882,52.216949430695024,52.27937698364258,221652400,53.05493927001953,53.489540100097656,52.99250411987305,52.524295806884766,51.206085205078125,52.785052108764646,51.34006614685059,50.082066955566404,1.6730472357199642,-0.014618097712444489,0.0021716291528179,0.014581285062696826
2019-09-23,52.57231054140675,52.78600921665871,52.260165462190585,52.517086029052734,76662000,52.27937698364258,53.05493927001953,53.489540100097656,52.8004150390625,51.424583435058594,52.89430236816406,51.533115196228025,50.159812469482425,1.5664076212926124,0.004546898970975377,0.002199615408921618,0.01458602150289859
2019-09-24,53.07175336927151,53.42231716904428,52.1497276727192,52.26737976074219,124763200,52.517086029052734,52.27937698364258,53.05493927001953,52.99250411987305,52.032066345214844,52.917833709716795,51.66745719909668,50.22342613220215,1.5041112396838126,-0.004754762443834104,0.0005428307910374186,0.014311081389798138
2019-09-25,52.4762724285388,53.18459931647141,52.13771495764018,53.071746826171875,87613600,52.26737976074219,52.517086029052734,52.27937698364258,53.489540100097656,53.68642807006836,52.85636558532715,51.86999111175537,50.30652404785156,1.397985744343203,0.015389466032384558,-0.0010977267866217112,0.010852910760265346
2019-09-26,52.82442795501207,53.050132915210256,52.54349848236231,52.79801559448242,75334000,53.071746826171875,52.26737976074219,52.517086029052734,53.05493927001953,53.56637191772461,52.77952995300293,52.04239044189453,50.38964889526367,1.2783523206749012,-0.005157758092757314,-0.0013898778239400666,0.010926039994936252
2019-09-27,52.95409870061891,53.05494858356497,52.17133785844145,52.54111099243164,101408000,52.79801559448242,53.071746826171875,52.26737976074219,52.27937698364258,52.524295806884766,52.78121147155762,52.160165023803714,50.45658447265625,1.2046666875214305,-0.004865800336587456,6.893450991195538e-05,0.009060881121523168
2019-09-30,53.04052161178746,53.924132049896365,53.014109253653146,53.77766418457031,103909600,52.54111099243164,52.79801559448242,53.071746826171875,52.517086029052734,52.8004150390625,52.8789363861084,52.34300861358643,50.562938385009765,1.155350071284204,0.023534964693015192,0.0018967328657291227,0.011686774941321698
2019-10-01,54.04179249498683,54.79814079095974,53.832893402806675,53.926536560058594,139223200,53.77766418457031,52.54111099243164,52.79801559448242,52.26737976074219,52.99250411987305,52.97233963012695,52.569793128967284,50.65011932373047,0.976716189437514,0.002768293821340695,0.0018097600302699468,0.011675607355405463
2019-10-02,53.55917937969037,53.68403817289297,52.32740831027184,52.57472610473633,138449200,53.926536560058594,53.77766418457031,52.54111099243164,53.071746826171875,53.489540100097656,52.88085823059082,52.687087821960446,50.7025138092041,0.8068875012168804,-0.025067629808132375,-0.0016349393407547818,0.01403691129463001
2019-10-03,52.44745522730388,53.054939558377036,51.65509168829448,53.021324157714844,114426000,52.57472610473633,53.926536560058594,53.77766418457031,52.79801559448242,53.05493927001953,52.87749671936035,52.77760982513428,50.76465377807617,0.7304985022501922,0.008494538841511634,2.7011396547171886e-05,0.014166388056302702
2019-10-04,54.178663133484626,54.62287009035569,53.75846874977578,54.50761413574219,138478800,53.021324157714844,52.57472610473633,53.926536560058594,52.54111099243164,52.27937698364258,53.100320434570314,52.94268627166748,50.86441307067871,0.7297134907577667,0.028031928693562858,0.0042920140371479065,0.015613643079089901
2019-10-07,54.32992905331613,55.20873272385884,54.2266793952243,54.519615173339844,122306000,54.50761413574219,53.021324157714844,52.57472610473633,53.77766418457031,52.517086029052734,53.30057334899902,53.09743785858154,50.96096817016601,0.7189268778659826,0.0002201717647698498,0.003859341316527354,0.01566565786872975
2019-10-08,54.221881339577685,54.75972776925968,53.8641145411307,53.88092041015625,111820000,54.519615173339844,54.50761413574219,53.021324157714844,53.926536560058594,52.26737976074219,53.46192741394043,53.189880561828616,51.03546806335449,0.6931308313541548,-0.01171495362087438,0.0031633221988233264,0.016235170947399822
2019-10-09,54.51241683959961,54.6948999368784,54.17866259327657,54.51241683959961,74770400,53.88092041015625,54.519615173339844,54.50761413574219,52.57472610473633,53.071746826171875,53.605994415283206,53.23118000030517,51.12690338134766,0.7468039460827943,0.011720223497227567,0.0027963979453076273,0.0159674064335765
2019-10-10,54.728521012309976,55.33120221536916,54.57725351139381,55.247161865234375,113013600,54.51241683959961,53.88092041015625,54.519615173339844,53.021324157714844,52.79801559448242,53.850909042358396,53.315219497680665,51.21265388488769,0.8707886038603802,0.013478489273310412,0.0046600226819144,0.01602335142918388
2019-10-11,55.93386847365883,57.059989886560345,55.78019754791175,56.71663284301758,166795600,55.247161865234375,54.51241683959961,53.88092041015625,54.50761413574219,52.54111099243164,54.26846122741699,53.5248363494873,51.34984802246094,1.1349113350388942,0.02659812609682488,0.007806415325255634,0.017004154165023357
2019-10-14,56.40208648570823,57.17764784685901,56.34686196781524,56.63499450683594,96427600,56.71663284301758,55.247161865234375,54.51241683959961,54.519615173339844,53.77766418457031,54.55419425964355,53.71656532287598,51.506507110595706,1.3156056954795408,-0.0014394073147395714,0.005308978124480157,0.016254904815911058
2019-10-15,56.759854250095415,57.06239287164702,56.39728786256741,56.50293731689453,87360000,56.63499450683594,56.71663284301758,55.247161865234375,53.88092041015625,53.926536560058594,54.81183433532715,53.89208698272705,51.71161880493164,1.4420197052344503,-0.002331724247372602,0.004798976317608827,0.01642261859193612
2019-10-16,56.034714997954104,56.48372515630135,55.99389655879597,56.27482604980469,73903200,56.50293731689453,56.63499450683594,56.71663284301758,54.51241683959961,52.57472610473633,55.181844329833986,54.031351280212405,51.89465866088867,1.5327393151064292,-0.004037157675723879,0.006902023530849677,0.013204193944066156
2019-10-17,56.447710219951496,56.70222736637808,56.070737747547255,56.49333190917969,67585200,56.27482604980469,56.50293731689453,56.63499450683594,55.247161865234375,53.021324157714844,55.52904510498047,54.20327091217041,52.07230911254883,1.6084210524953477,0.0038828349141695195,0.006440853138115465,0.013222914676969223
2019-10-18,56.32764082698268,57.045574064199954,56.25560679138777,56.764644622802734,97433600,56.49333190917969,56.27482604980469,56.50293731689453,56.71663284301758,54.50761413574219,55.75474815368652,54.42753429412842,52.2343839263916,1.6384641959636421,0.004802561726386045,0.004117916441397784,0.01083286336995392
2019-10-21,57.03117389835004,57.8643594805564,56.98315242424609,57.74910354614258,87247200,56.764644622802734,56.49333190917969,56.27482604980469,56.63499450683594,54.519615173339844,56.0776969909668,54.68913516998291,52.4241675567627,1.7323704913252949,0.01734281840186802,0.005830181105107602,0.011482089795477997
2019-10-22,57.90519420446426,58.154908138327166,57.535421055865456,57.617061614990234,82293600,57.74910354614258,56.764644622802734,56.49333190917969,56.50293731689453,53.88092041015625,56.451311111450195,54.95661926269531,52.61375961303711,1.7516599957450896,-0.002286475859263115,0.006773028881268728,0.010196427604678614
2019-10-23,58.130884866797174,58.40461130875165,57.91958597693626,58.390201568603516,75828800,57.617061614990234,57.74910354614258,56.764644622802734,56.27482604980469,54.51241683959961,56.83908958435059,55.2225419998169,52.77804344177246,1.8513208283517946,0.013418593936281864,0.006942865925174157,0.010301588751226044
2019-10-24,58.70955335592496,58.7791876143368,58.06125423337426,58.48625183105469,69275200,58.390201568603516,57.617061614990234,57.74910354614258,56.49333190917969,55.247161865234375,57.162998580932616,55.50695381164551,52.97411796569824,1.8956468050231425,0.0016449722705327297,0.005759514224896389,0.010145905957884721
2019-10-25,58.38540931615225,59.242603940499954,58.31817850890162,59.20658874511719,73477200,58.48625183105469,58.390201568603516,57.617061614990234,56.764644622802734,56.71663284301758,57.41199417114258,55.84022769927979,53.189449615478516,1.9323520534039844,0.012316346004583867,0.004331336215672288,0.007563083170051849
2019-10-28,59.40828511149882,59.847688843365425,59.24020808221215,59.79966735839844,96572800,59.20658874511719,58.48625183105469,58.390201568603516,57.74910354614258,56.63499450683594,57.72846145629883,56.14132785797119,53.393784255981444,2.0590681688864576,0.010017104951518752,0.00547698744229812,0.007458800627648894
2019-10-29,59.78045888467337,59.967745243380165,58.24374936097542,58.4166259765625,142839600,59.79966735839844,59.20658874511719,58.48625183105469,57.617061614990234,56.50293731689453,57.919830322265625,56.36583232879639,53.551969604492186,2.0496355086113796,-0.023127910955539788,0.0033973687714814018,0.011617608556579938
2019-10-30,58.76958279527963,58.89924482176762,57.91719144782321,58.40941619873047,124522000,58.4166259765625,59.79966735839844,59.20658874511719,58.390201568603516,56.27482604980469,58.1332893371582,56.65756683349609,53.709962921142576,1.8907068693696616,-0.00012341996326392657,0.0037887425427273968,0.01140327191203178
2019-10-31,59.36506765293137,59.82848030145837,56.968756318935924,59.73003387451172,139162000,58.40941619873047,58.4166259765625,59.79966735839844,58.48625183105469,56.49333190917969,58.4569595336914,56.993002319335936,53.883419036865234,1.8047908534536887,0.02260967086690302,0.005661426138000747,0.012864509939394114
2019-11-01,59.91730831812791,61.45161774300314,59.82606861277858,61.425209045410156,151125200,59.73003387451172,58.40941619873047,58.4166259765625,59.20658874511719,56.764644622802734,58.92301597595215,57.33888206481934,54.09164337158203,1.9596290806692451,0.028380616265175185,0.008019231591879662,0.01471692914148978
2019-11-04,61.787764481529685,61.91262689943389,61.31955239720896,61.82858657836914,103272000,61.425209045410156,59.73003387451172,58.40941619873047,59.79966735839844,57.74910354614258,59.33096427917481,57.704330635070804,54.355093002319336,2.083783302779446,0.006566970454439547,0.006941646797136813,0.014348286509041963
2019-11-05,61.72055980377515,61.99428999489555,61.54528337772311,61.73977279663086,79897600,61.82858657836914,61.425209045410156,59.73003387451172,58.4166259765625,57.617061614990234,59.743235397338864,58.09727325439453,54.59827766418457,2.0657501995974306,-0.0014364517556245682,0.007026649207500668,0.014289941937563966
2019-11-06,61.65330658033023,61.82618681516117,61.31715260360538,61.76615905761719,75864400,61.73977279663086,61.82858657836914,61.425209045410156,58.40941619873047,58.390201568603516,60.080831146240236,58.45996036529541,54.853179473876956,2.039838004013244,0.0004273786538417923,0.005727527679256661,0.014234692410460006
2019-11-07,62.31285597676723,62.70059923548496,62.161130673338896,62.47903060913086,94940400,61.76615905761719,61.73977279663086,61.82858657836914,59.73003387451172,58.48625183105469,60.48010902404785,58.821553802490236,55.11575950622559,2.080911967537286,0.011541458338840238,0.006717176286087412,0.014263312298741185
2019-11-08,62.30081136770355,62.72226723714008,61.85768150693457,62.650020599365234,69986400,62.47903060913086,61.76615905761719,61.73977279663086,61.425209045410156,59.20658874511719,60.82445220947265,59.11822319030762,55.36504753112793,2.18535687765956,0.002736758054139532,0.0057592174910429785,0.014166842653093014
2019-11-11,62.206886797370636,63.211159215108815,62.20207280445758,63.14613723754883,81821200,62.650020599365234,62.47903060913086,61.76615905761719,61.82858657836914,59.79966735839844,61.1590991973877,59.44378032684326,55.625554428100585,2.2789405071390445,0.007918858340943968,0.0055493928299855,0.014112205339539975
2019-11-12,62.98958734351304,63.2882239296663,62.83786940371136,63.08832931518555,87388800,63.14613723754883,62.650020599365234,62.47903060913086,61.73977279663086,58.4166259765625,61.62626953125,59.773049926757814,55.89950408935547,2.307238463221521,-0.0009154625269605088,0.007770637672843428,0.010341160324793593
2019-11-13,62.88845126287323,63.7674864521532,62.87400193315638,63.69282913208008,102734400,63.08832931518555,63.14613723754883,62.650020599365234,61.76615905761719,58.40941619873047,62.154610824584964,60.14395008087158,56.16878402709961,2.3115203180678012,0.009581800999587164,0.008741159769128537,0.009966618768045138
2019-11-14,63.519433306302396,63.791574613561565,63.122062018099385,63.252113342285156,89182800,63.69282913208008,63.08832931518555,63.14613723754883,62.47903060913086,59.73003387451172,62.506818771362305,60.481889152526854,56.409608612060545,2.2427544969365476,-0.006919394157873016,0.005788253266650933,0.009773673187108492
2019-11-15,63.5025824556953,64.00833114520599,63.34122912522696,64.0035171508789,100206400,63.252113342285156,63.69282913208008,63.08832931518555,62.650020599365234,61.425209045410156,62.76464958190918,60.84383277893066,56.66555725097656,2.1948852029467556,0.011879505187875283,0.004138142158920943,0.0063173658852037394
2019-11-18,64.01313169523063,64.40568896392628,63.635031105699284,64.32621765136719,86703200,64.0035171508789,63.252113342285156,63.69282913208008,63.14613723754883,61.82858657836914,63.01441268920898,61.172688484191895,56.923589935302736,2.1995170989873962,0.005041918239079957,0.003985636937384985,0.00627045126353955
2019-11-19,64.51886989658281,64.54295455850364,63.914386775129536,64.13113403320312,76167200,64.32621765136719,64.0035171508789,63.252113342285156,63.08832931518555,61.73977279663086,63.253548812866214,61.49839210510254,57.1655712890625,2.126374410834811,-0.003032723285882777,0.0038260097843591636,0.006441795450068219
2019-11-20,63.95052001576698,64.0805639810246,62.71264022711498,63.38456344604492,106234400,64.13113403320312,64.32621765136719,64.0035171508789,63.69282913208008,61.76615905761719,63.41538925170899,61.74811019897461,57.35953399658203,2.0333729555913513,-0.01164131273230995,0.0026191406457439894,0.008073224597950637
2019-11-21,63.50496816719241,63.5820361437923,62.90047770949757,63.100372314453125,121395200,63.38456344604492,64.13113403320312,64.32621765136719,63.252113342285156,62.47903060913086,63.47752342224121,61.978816223144534,57.550214004516604,1.9012723354707026,-0.004483601623819777,0.0010166346494779877,0.0076865939482771775
2019-11-22,63.24006001374813,63.3821499803746,62.81860410694484,63.044986724853516,65325200,63.100372314453125,63.38456344604492,64.13113403320312,64.0035171508789,62.650020599365234,63.517020034790036,62.170736122131345,57.760627822875975,1.7976110283423046,-0.0008777379208414482,0.0006551850519798897,0.007681701949176373
2019-11-25,63.26896758200509,64.16727351573608,63.22320891771047,64.1504135131836,84020400,63.044986724853516,63.100372314453125,63.38456344604492,64.32621765136719,63.14613723754883,63.61744766235351,62.38827342987061,57.987627792358396,1.7583995213989236,0.017533936412017725,0.0016166928590872654,0.009152796953923157
2019-11-26,64.28767055900286,64.3406538731176,63.21837629203759,63.64946746826172,105207600,64.1504135131836,63.044986724853516,63.100372314453125,64.13113403320312,63.08832931518555,63.67356147766113,62.649915504455564,58.200767059326175,1.5077851317238764,-0.00780892931919952,0.0009273461798633642,0.009612733354051547
2019-11-27,63.9601500849875,64.53815268116317,63.89512810024147,64.50443267822266,65235600,63.64946746826172,64.1504135131836,63.044986724853516,63.38456344604492,63.69282913208008,63.75472183227539,62.95466632843018,58.421064910888674,1.187541519654891,0.013432401620441903,0.001312406241948838,0.010064436252115254
2019-11-29,64.20579591584789,64.54295915794552,64.03721061999535,64.36233520507812,46617600,64.50443267822266,63.64946746826172,64.1504135131836,63.100372314453125,63.252113342285156,63.865744018554686,63.1862813949585,58.64721282958985,0.954358665330598,-0.0022029102070144635,0.0017840546370346932,0.009741128633468389
2019-12-02,64.36714398387619,64.60316190902952,63.4471716441627,63.618160247802734,94487200,64.36233520507812,64.50443267822266,63.64946746826172,63.044986724853516,64.0035171508789,63.82720832824707,63.295928955078125,58.873988494873046,0.8629783358300022,-0.011562274036580833,-0.0005601232854109184,0.009861603145549973
2019-12-03,62.20929663764317,62.50311189277975,61.72281877405297,62.483848571777344,114430400,63.618160247802734,64.36233520507812,64.50443267822266,64.1504135131836,64.32621765136719,63.642971420288085,63.32869205474854,59.07332374572754,0.8154692881558262,-0.017829998094994748,-0.0028473149188183887,0.011004111355005139
2019-12-04,62.87400512239632,63.41346639147771,62.780077124864164,63.03535842895508,67181600,62.483848571777344,63.618160247802734,64.36233520507812,63.64946746826172,64.13113403320312,63.53339385986328,63.39347133636475,59.288683319091795,0.7295372051134947,0.008826438668293468,-0.0016613987234007643,0.011604560285339306
2019-12-05,63.52905636870785,64.03480488761794,63.2737751129012,63.960140228271484,74424400,63.03535842895508,62.483848571777344,63.618160247802734,64.50443267822266,63.38456344604492,63.59095153808594,63.50317039489746,59.50645118713379,0.6301443799005114,0.014670842244177917,0.0009698167742480223,0.012064193283302039
2019-12-06,64.41772007388622,65.26544572676671,64.37436474563619,65.19560241699219,106075600,63.960140228271484,63.03535842895508,62.483848571777344,64.36233520507812,63.100372314453125,63.80047454833984,63.63899898529053,59.75440292358398,0.6879042382919826,0.019316126955184698,0.00334978963214847,0.013166065189549304
2019-12-09,65.02462660501106,65.21728922547906,63.79879285948436,64.28286743164062,128042400,65.19560241699219,63.960140228271484,63.03535842895508,63.618160247802734,63.044986724853516,63.924262619018556,63.7206413269043,59.989238052368165,0.6607098045059406,-0.013999947105537758,0.002037568713678839,0.014244022494624019
2019-12-10,64.68745273051618,65.04147593348435,64.02756829699055,64.65855407714844,90420400,64.28286743164062,65.19560241699219,63.960140228271484,62.483848571777344,64.1504135131836,63.97507667541504,63.796262168884276,60.206855850219725,0.6778241742666118,0.005844273295794178,0.0008686024020564842,0.013277877829944952
2019-12-11,64.73805430941124,65.28956168970447,64.66339697163997,65.2100830078125,78756800,64.65855407714844,64.28286743164062,65.19560241699219,63.03535842895508,63.64946746826172,64.13113822937012,63.902349853515624,60.43252677917481,0.7255522439681242,0.008529867989407913,0.0025024821329172275,0.013095453667759188
2019-12-12,64.48996866624496,65.64114490385342,64.37918804536231,65.37622833251953,137310400,65.2100830078125,64.65855407714844,64.28286743164062,63.960140228271484,64.50443267822266,64.2183177947998,63.9865198135376,60.688556823730465,0.7943491977241168,0.0025478471586537488,0.001414026686738412,0.01252601615429296
2019-12-13,65.37624490379989,66.3010387920999,65.24860425293159,66.2649154663086,133587600,65.37622833251953,65.2100830078125,64.65855407714844,65.19560241699219,64.36233520507812,64.40857582092285,64.13715991973876,60.95342864990234,0.9230016070065155,0.013593429239585175,0.002993660631398376,0.013006036659687227
2019-12-16,66.71045505717711,67.62321027270899,66.70564106368182,67.39923095703125,128186000,66.2649154663086,65.37622833251953,65.2100830078125,64.28286743164062,63.618160247802734,64.7866828918457,64.30694561004638,61.21126098632813,1.1750343962312444,0.017117889349747673,0.005861676970031227,0.012595309232590725
2019-12-17,67.32937932220554,67.85920511821561,67.14393404643634,67.53167724609375,114158400,67.39923095703125,66.2649154663086,65.37622833251953,64.65855407714844,62.483848571777344,65.29146575927734,64.46721858978272,61.471502227783205,1.3787520094269847,0.0019651008948000648,0.007841186869010707,0.009675166236315064
2019-12-18,67.38474961619893,67.89049797807019,67.22098571985354,67.37030029296875,116028400,67.53167724609375,67.39923095703125,66.2649154663086,65.2100830078125,63.03535842895508,65.7249599456787,64.629176902771,61.74128982543945,1.5201887973081234,-0.002389648231850061,0.0067195781789963546,0.010184949574526548
2019-12-19,67.31252943237541,67.71712534090744,67.1800748008847,67.43775939941406,98369200,67.37030029296875,67.53167724609375,67.39923095703125,65.37622833251953,63.960140228271484,66.07272186279297,64.83183670043945,61.99979667663574,1.612878412908948,0.001001318179553179,0.005352625772533881,0.009912893337537095
2019-12-20,67.97001905135092,68.07116437712546,67.08616236392761,67.298095703125,275978000,67.43775939941406,67.37030029296875,67.53167724609375,66.2649154663086,65.19560241699219,66.28297119140625,65.04172286987304,62.24081535339356,1.6484375247603646,-0.002071001432029762,0.003213912933812435,0.008811476345096858
2019-12-23,67.5605836287108,68.45647873677,67.52204963647512,68.39627075195312,98572000,67.298095703125,67.43775939941406,67.37030029296875,67.39923095703125,64.28286743164062,66.6943115234375,65.30928707122803,62.47440811157227,1.7390832946839703,0.01631807018243947,0.006245714662610158,0.007320160752157255
2019-12-24,68.562448734815,68.61061806486987,68.13617882730028,68.46129608154297,48478800,68.39627075195312,67.298095703125,67.43775939941406,67.53167724609375,64.65855407714844,67.07458572387695,65.524831199646,62.7109341430664,1.8514118490718598,0.0009507145473715006,0.0057563587877678905,0.007511058220042198
2019-12-26,68.59375403067095,69.83644770700805,68.56485537418061,69.81958770751953,93121200,68.46129608154297,68.39627075195312,67.298095703125,67.37030029296875,65.2100830078125,67.53553619384766,65.83333721160889,62.97726715087891,2.0281079594872353,0.019840285003642544,0.006887400489191353,0.008728090228444414
2019-12-27,70.11099839799601,70.79737094783557,69.38850252439819,69.79309844970703,146266000,69.81958770751953,68.46129608154297,68.39627075195312,67.43775939941406,65.37622833251953,67.9772232055664,66.0977705001831,63.247632598876955,2.1844719768249843,-0.0003793957925312119,0.0065946761940728574,0.008936403460532484
2019-12-30,69.71120798213394,70.4890977572307,68.69008295692782,70.20732116699219,144114400,69.79309844970703,69.81958770751953,68.46129608154297,67.298095703125,66.2649154663086,68.37146377563477,66.39001979827881,63.5219123840332,2.326448801657789,0.005935009714229,0.00582883424153724,0.008591476641899088
2019-12-31,69.82441117567208,70.72753106158736,69.72566918619233,70.72030639648438,100805600,70.20732116699219,69.79309844970703,69.81958770751953,68.39627075195312,67.39923095703125,68.70357131958008,66.7451271057129,63.80102561950684,2.421190107181245,0.0073067198828455915,0.004847717294847032,0.007669830608707694
2020-01-02,71.34403937841115,72.39407027941263,71.09116882440814,72.3338623046875,135480400,70.72030639648438,70.20732116699219,69.79309844970703,68.46129608154297,67.53167724609375,69.18378982543945,67.2376277923584,64.09272079467773,2.5089880222562786,0.022816019760391493,0.006932809181406175,0.009431101317366847
2020-01-03,71.56321309934685,72.38926493117573,71.40667380039741,71.63064575195312,146322800,72.3338623046875,70.72030639648438,70.20732116699219,69.81958770751953,67.37030029296875,69.6098243713379,67.6673921585083,64.37299247741699,2.48734679827788,-0.009721816730485888,0.006199592331542591,0.010464773348290391
2020-01-06,70.7539985575802,72.23992710936326,70.50353134989086,72.2013931274414,118387200,71.63064575195312,72.3338623046875,70.72030639648438,69.79309844970703,67.43775939941406,70.08618774414063,68.0794548034668,64.64921630859375,2.5232448120352924,0.00796792168347471,0.006896252681934745,0.010311023815850784
2020-01-07,72.21105649751387,72.46633779595872,71.6426965801033,71.86185455322266,108872000,72.2013931274414,71.63064575195312,72.3338623046875,70.20732116699219,67.298095703125,70.5425636291504,68.41276741027832,64.91672836303711,2.5622412131259744,-0.00470265959577032,0.006633086865560689,0.010594996022188882
2020-01-08,71.56562867701548,73.31888511458335,71.56562867701548,73.0178451538086,132079200,71.86185455322266,72.2013931274414,71.63064575195312,70.72030639648438,68.39627075195312,71.00472106933594,68.84951629638672,65.19295349121094,2.5656864891409725,0.01608628955894509,0.00660990880321125,0.010571682476629258
2020-01-09,73.9932175310026,74.76147215954668,73.74275755557424,74.56880950927734,170108400,73.0178451538086,71.86185455322266,72.2013931274414,72.3338623046875,68.46129608154297,71.61547241210937,69.34502906799317,65.48833633422852,2.668605869482379,0.021240894636122443,0.008638926812086344,0.011287723712532196
2020-01-10,74.8024026801614,75.30092656417412,74.23644614635045,74.73737335205078,140644800,74.56880950927734,73.0178451538086,71.86185455322266,71.63064575195312,69.81958770751953,72.1072509765625,69.82139358520507,65.81475128173828,2.741002729871648,0.0022605140659039957,0.00688094971831249,0.010703183579856236
2020-01-13,75.05286332420356,76.36057889021191,74.93485068528152,76.3340835571289,121532000,74.73737335205078,74.56880950927734,73.0178451538086,72.2013931274414,69.79309844970703,72.76134948730468,70.36928634643554,66.17324462890625,2.896465453369072,0.021364280459212903,0.009055317343486902,0.01125857083596687
2020-01-14,76.27148630079421,76.48100893453174,75.18051779267843,75.30333709716797,161954400,76.3340835571289,74.73737335205078,74.56880950927734,71.86185455322266,70.20732116699219,73.27095108032226,70.82120742797852,66.48471069335938,2.9273220521130283,-0.01350309602118327,0.007111506769945675,0.013342332187391679
2020-01-15,75.10345563091921,75.98249090201921,74.54953765831824,74.98062896728516,121923600,75.30333709716797,76.3340835571289,74.73737335205078,73.0178451538086,70.72030639648438,73.69698333740234,71.20027732849121,66.75581909179688,2.951645913040393,-0.004285442615463486,0.005952290520114767,0.013818566326117523
2020-01-16,75.52248200660513,76.03064118697364,75.16123412136378,75.91985321044922,108829200,74.98062896728516,75.30333709716797,76.3340835571289,74.56880950927734,72.3338623046875,74.05558242797852,71.61968612670898,67.03764442443848,2.9985062374450004,0.012526225187759588,0.004923311062851576,0.012766354407296045
2020-01-17,76.16791647174253,76.76277166888072,75.86206254796348,76.76036834716797,137816400,75.91985321044922,74.98062896728516,75.30333709716797,74.73737335205078,71.63064575195312,74.5685546875,72.08918952941895,67.33805633544922,3.0330670449889268,0.011071084850346802,0.007002601220934846,0.011770486266355601
2020-01-21,76.38948797518701,76.8302072165908,76.10289736234121,76.24017333984375,110843200,76.76036834716797,75.91985321044922,74.98062896728516,76.3340835571289,72.2013931274414,74.97243270874023,72.52931022644043,67.62753662109375,2.960362336195349,-0.006776869607653557,0.005528122091822019,0.012534841257767264
2020-01-22,76.72422448512405,77.06379835057774,76.41837061392836,76.51229858398438,101832400,76.24017333984375,76.76036834716797,75.91985321044922,75.30333709716797,71.86185455322266,75.4374771118164,72.99002037048339,67.90820198059082,2.8169101418754656,0.003569315653672689,0.006355319616766319,0.012048170352044887
2020-01-23,76.56529382668359,76.96025438766408,76.01860061750638,76.88078308105469,104472000,76.51229858398438,76.24017333984375,76.76036834716797,74.98062896728516,73.0178451538086,75.82377090454102,73.41424598693848,68.1928172302246,2.726100199337253,0.004816016560603487,0.005228292316932159,0.011553746155465727
2020-01-24,77.12641705620177,77.8681760847734,76.46894331412666,76.6592025756836,146537600,76.88078308105469,76.51229858398438,76.24017333984375,75.91985321044922,74.56880950927734,76.03281021118164,73.8241413116455,68.46307853698731,2.5530020573605134,-0.0028821312230584706,0.002815989731014068,0.01028799165872349
2020-01-27,74.67234156024762,75.08416206919466,73.42483402812097,74.40502166748047,161940000,76.6592025756836,76.88078308105469,76.51229858398438,76.76036834716797,74.73737335205078,75.99957504272462,74.05341300964355,68.6894123840332,2.374073035526551,-0.02940522249729416,-0.00035058392530574746,0.014492185742545075
2020-01-28,75.28406170066347,76.68088393464757,75.18531972883665,76.50989532470703,162234000,74.40502166748047,76.6592025756836,76.88078308105469,76.24017333984375,76.3340835571289,76.01715621948242,74.38925285339356,68.94575370788574,2.209030389630152,0.028289403188851203,0.0003419283476580826,0.015755523978545943
2020-01-29,78.13792264122904,78.95674973344263,77.39856685210137,78.1114273071289,216229200,76.50989532470703,74.40502166748047,76.6592025756836,76.51229858398438,75.30333709716797,76.29796524047852,74.78445816040039,69.24293998718262,2.1270040126216627,0.020932350980549463,0.0037854730478313558,0.01615146923469326
2020-01-30,77.19627050016777,78.05122092954578,76.76517927864235,77.99823760986328,126743200,78.1114273071289,76.50989532470703,74.40502166748047,76.88078308105469,74.98062896728516,76.59972610473633,75.14835472106934,69.5228343963623,2.0147013619206997,-0.0014490798743258537,0.0040691093219451194,0.01601834363487374
2020-01-31,77.29019858022654,77.71165450707113,74.24608645041388,74.53990173339844,199588400,77.99823760986328,78.1114273071289,76.50989532470703,76.6592025756836,75.91985321044922,76.46173095703125,75.25865669250489,69.72710807800293,1.910179475655022,-0.044338641262165135,-0.0016173773230473531,0.021750382370720498
2020-02-03,73.28514366287956,75.498389394716,72.78421654858387,74.33517456054688,173788400,74.53990173339844,77.99823760986328,78.1114273071289,74.40502166748047,76.76036834716797,76.21921157836914,75.39388313293458,69.9311888885498,1.7267486790972275,-0.002746544710828802,-0.0029991402791649134,0.021288748873649795
2020-02-04,75.9367288800473,76.97953543976107,75.53213292898627,76.78927612304688,136616400,74.33517456054688,74.53990173339844,77.99823760986328,76.50989532470703,76.24017333984375,76.27412185668945,75.62327728271484,70.19928314208984,1.5787112441736804,0.03301400147383937,0.0009799468289843794,0.024044498690155913
2020-02-05,77.91395235806485,78.21258898353346,76.81335589638837,77.41543579101562,118826800,76.78927612304688,74.33517456054688,74.53990173339844,78.1114273071289,76.51229858398438,76.36443557739258,75.9009563446045,70.48558441162109,1.3548290355889456,0.008154259287004972,0.0014384411923176077,0.024142873374216674
2020-02-06,77.6851684350144,78.32337167005116,77.12884718583062,78.32096099853516,105425600,77.41543579101562,76.78927612304688,74.33517456054688,77.99823760986328,76.88078308105469,76.50845336914062,76.16611213684082,70.79110389709473,1.2776131755665858,0.011696959375957272,0.002126535473852986,0.024347026867141842
2020-02-07,77.82125391424971,78.06989925267796,76.76632167871378,77.2563705444336,117684000,78.32096099853516,77.41543579101562,76.78927612304688,74.53990173339844,76.6592025756836,76.56817016601562,76.30049018859863,71.05322303771973,1.2415981127195406,-0.01359266332446396,0.0010554822637124373,0.02482278159365052
2020-02-10,75.8441484328751,77.623291015625,75.7644885208781,77.623291015625,109348800,77.2563705444336,78.32096099853516,77.41543579101562,74.33517456054688,74.40502166748047,76.88999710083007,76.44478607177734,71.33269950866699,1.2178452356497445,0.004749387896501922,0.004470943303092045,0.02239710060001869
2020-02-11,78.11818867514276,78.19060679185898,76.93772180330761,77.15498352050781,94323200,77.623291015625,77.2563705444336,78.32096099853516,76.78927612304688,76.50989532470703,76.95450592041016,76.48583106994629,71.5857105255127,1.2277112825742191,-0.006033079620689108,0.0010386950221380141,0.020922829692889434
2020-02-12,77.60397618630914,78.99204618157108,77.60397618630914,78.98722076416016,113730400,77.15498352050781,77.623291015625,77.2563705444336,77.41543579101562,78.1114273071289,77.04208526611328,76.6700252532959,71.87820823669433,1.3142605152489333,0.023747490570914742,0.001320208981174542,0.021236819619634615
2020-02-13,78.26060628866534,78.7506551305069,78.05782821966719,78.42475891113281,94747600,78.98722076416016,77.15498352050781,77.623291015625,78.32096099853516,77.99823760986328,77.08473739624023,76.84223175048828,72.17434020996093,1.3068697471068247,-0.007120922189511436,0.0007530247496559839,0.021394156323535266
2020-02-14,78.3933612458328,78.69270656111114,77.93711251400148,78.44406127929688,80113600,78.42475891113281,78.98722076416016,77.15498352050781,77.2563705444336,74.53990173339844,77.47515335083008,76.96844215393067,72.49354446411132,1.3346940617640135,0.0002461259483874656,0.005211501470711244,0.014482202790988984
2020-02-18,76.12900862033511,77.18877358272158,75.94795598487916,77.00772094726562,152531200,78.44406127929688,78.42475891113281,78.98722076416016,77.623291015625,74.33517456054688,77.74240798950196,76.98080978393554,72.77299171447754,1.3338102421803841,-0.018310376956608865,0.0036551182461332377,0.01617038705445711
2020-02-19,77.24912158938099,78.35233737517142,77.24912158938099,78.12300109863281,93984000,77.00772094726562,78.44406127929688,78.42475891113281,77.15498352050781,76.78927612304688,77.87578048706055,77.074951171875,73.05624893188477,1.3451815005565095,0.014482705599493384,0.0018019886586986388,0.013225751347095945
2020-02-20,77.88400744802773,78.3716398349872,76.81700080414447,77.321533203125,100566000,78.12300109863281,77.00772094726562,78.44406127929688,78.98722076416016,77.41543579101562,77.86639022827148,77.11541290283203,73.29876754760743,1.3395253253806025,-0.01025905154995177,-3.934242499703533e-05,0.013521574675879581
2020-02-21,76.91598466630131,77.35775721221363,74.95578935685651,75.57136535644531,129554000,77.321533203125,78.12300109863281,77.00772094726562,78.42475891113281,78.32096099853516,77.5914306640625,77.04994201660156,73.52453750610351,1.3828943100526523,-0.022634934592954403,-0.003472531821888203,0.014531379633770367
2020-02-24,71.75960997813098,73.43011814732492,69.8211400810818,71.98169708251953,222195200,75.57136535644531,77.321533203125,78.12300109863281,78.44406127929688,77.2563705444336,77.0639633178711,76.81606674194336,73.67100036621093,1.7885014795099377,-0.04750037606168023,-0.006863303095609829,0.020059660058640103
2020-02-25,72.65040328612861,73.0318176639516,69.07280081018256,69.54353332519531,230673600,71.98169708251953,75.57136535644531,77.321533203125,77.00772094726562,77.623291015625,76.25598754882813,76.5729923248291,73.7576693725586,2.3694426815680703,-0.03387199602322677,-0.010725441487582699,0.021257582769988834
2020-02-26,69.16936277352076,71.9092946933909,69.16212096129591,70.6467514038086,198054800,69.54353332519531,71.98169708251953,75.57136535644531,78.12300109863281,77.15498352050781,75.6051643371582,76.27983512878419,73.86307983398437,2.7151469979997094,0.015863704730883832,-0.008535763052425404,0.022861857966805565
2020-02-27,67.85851360418104,69.0413890764873,65.89348591735909,66.02867126464844,320605600,70.6467514038086,69.54353332519531,71.98169708251953,77.321533203125,78.98722076416016,74.30930938720704,75.67569732666016,73.85835494995118,3.5131364167909833,-0.06536861281509954,-0.01744737339102683,0.02602899517123298
2020-02-28,62.103468343907636,67.20915102510166,61.88861568726967,65.99005889892578,426510000,66.02867126464844,70.6467514038086,69.54353332519531,75.57136535644531,78.42475891113281,73.06583938598632,75.07528839111328,73.83017150878906,4.076298648507729,-0.0005847818074045108,-0.01679375935281614,0.026396583520528098
2020-03-02,68.14340337380023,72.76869692572286,67.0426036204966,72.13380432128906,341397200,65.99005889892578,66.02867126464844,70.6467514038086,71.98169708251953,78.44406127929688,72.43481369018555,74.95498352050781,73.92221405029296,4.128107934040256,0.09310107499333187,-0.0075082644483217,0.04371032087973065
2020-03-03,73.3069988099028,73.38665871766685,68.99311238709194,69.84285736083984,319475600,72.13380432128906,65.99005889892578,66.02867126464844,69.54353332519531,77.00772094726562,71.71832733154297,74.73036766052246,73.97166519165039,4.282921114705489,-0.031759685795097914,-0.008853195332170605,0.0442827866915891
2020-03-04,71.56166493954149,73.2418314905751,70.76261982320094,73.08250427246094,219178400,69.84285736083984,72.13380432128906,65.99005889892578,70.6467514038086,78.12300109863281,71.21427764892579,74.54502906799317,74.08456008911133,4.269316437533353,0.046384799162548784,-0.005662985975865065,0.047203559400502186
2020-03-05,71.33957264179317,72.31242862903635,70.3474076125405,70.71192932128906,187572800,73.08250427246094,69.84285736083984,72.13380432128906,66.02867126464844,77.321533203125,70.55331726074219,74.20985374450683,74.1528367614746,4.295167192353862,-0.03243696935088691,-0.007880777755958579,0.04795845487259061
2020-03-06,68.07579124975517,70.2049720207652,67.88991319528947,69.77285766601562,226176800,70.71192932128906,73.08250427246094,69.84285736083984,65.99005889892578,75.57136535644531,69.97346649169921,73.78244857788086,74.18036849975586,4.289847198925432,-0.013280243719650753,-0.006945308668628214,0.04772937438015117
2020-03-09,63.670171942415024,67.13189718407227,63.489119320777824,64.2543716430664,286744800,69.77285766601562,70.71192932128906,73.08250427246094,72.13380432128906,71.98169708251953,69.2007339477539,73.1323486328125,74.09623001098633,4.70115611921226,-0.07909216001105712,-0.010104487063565903,0.05160048362665995
2020-03-10,66.9025682079639,69.14761776690831,65.02685833500999,68.88207244873047,285290000,64.2543716430664,69.77285766601562,70.71192932128906,69.84285736083984,69.54353332519531,69.13458786010742,72.69528770446777,74.07747970581055,4.667876488581884,0.07202157125387476,0.0004848696641442496,0.056786089266936096
2020-03-11,66.96293286366341,67.8875051992336,65.62796418784407,66.48977661132812,255598800,68.88207244873047,64.2543716430664,69.77285766601562,73.08250427246094,70.6467514038086,68.71889038085938,72.16202735900879,74.01141326904298,4.740222605116834,-0.03473031156521822,-0.004574531965465955,0.057512862697160334
2020-03-12,61.784814276675704,65.17894700154001,59.86806983845157,59.92359161376953,418474000,66.48977661132812,68.88207244873047,64.2543716430664,70.71192932128906,66.02867126464844,68.10838241577149,71.20884590148925,73.80573867797851,5.190829176379012,-0.09875480611014542,-0.007913151294970545,0.06221120331575114
2020-03-13,63.94536649521935,67.57366022928257,61.06300489011421,67.10292053222656,370732000,59.92359161376953,66.48977661132812,68.88207244873047,69.77285766601562,65.99005889892578,68.21966857910157,70.64275398254395,73.73339096069336,4.975357509449718,0.11980805430907004,0.0041261323166769115,0.07426802977858121
2020-03-16,58.40758108532822,62.542820889319664,57.93684495675963,58.4703483581543,322423600,67.10292053222656,59.92359161376953,66.48977661132812,64.2543716430664,72.13380432128906,66.85332298278809,69.64406833648681,73.4561206817627,5.319720349512913,-0.1286467430270255,-0.018048649485358826,0.07777213778995049
2020-03-17,59.749772593000145,62.187945473114404,57.550586794967394,61.041282653808594,324056000,58.4703483581543,67.10292053222656,59.92359161376953,68.88207244873047,69.84285736083984,65.97316551208496,68.84574642181397,73.2443334197998,5.3544239037716554,0.04396988162113025,-0.010475692743736009,0.07994536863354879
2020-03-18,57.88131450093201,60.350871115595204,57.24159305699179,59.5469970703125,300233600,61.041282653808594,58.4703483581543,67.10292053222656,66.48977661132812,73.08250427246094,64.61961479187012,67.91694622039795,72.99124549865722,5.270938897512192,-0.024479917828247988,-0.017562164442815685,0.0774468847824541
2020-03-19,59.72080725380135,61.03645549375763,58.56689890473273,59.09074401855469,271857200,59.5469970703125,61.041282653808594,58.4703483581543,59.92359161376953,70.71192932128906,63.45749626159668,67.00540676116944,72.73582328796387,5.133536001229006,-0.007662066505538023,-0.015084674158280797,0.0773143311421163
2020-03-20,59.67011594836406,60.79264444451166,55.03999854094989,55.33934020996094,401693200,59.09074401855469,59.5469970703125,61.041282653808594,67.10292053222656,69.77285766601562,62.01414451599121,65.99380550384521,72.38225318908691,5.345757617948454,-0.06348547257106452,-0.020105197043422174,0.07879994149529704
2020-03-23,55.05932030955582,55.160709355187784,51.324807219579434,54.16371154785156,336752800,55.33934020996094,59.09074401855469,59.5469970703125,58.4703483581543,64.2543716430664,61.00507850646973,65.10290622711182,71.97415122985839,5.763714138384377,-0.021243994916617437,-0.014320380533978206,0.07606435218282216
2020-03-24,57.05813231967632,59.79323446043245,56.56084169108887,59.59769821166992,287531200,54.16371154785156,55.33934020996094,59.09074401855469,61.041282653808594,68.88207244873047,60.07664108276367,64.60561447143554,71.67135772705078,5.789417647175027,0.10032522714064074,-0.011490014945301608,0.08005598324771283
2020-03-25,60.53192552123785,62.34245170831376,58.97487373705756,59.269386291503906,303602000,59.59769821166992,54.16371154785156,55.33934020996094,59.5469970703125,66.48977661132812,59.35460205078125,64.03674621582032,71.33006378173827,5.723164155580441,-0.005508802017822334,-0.00856786399056202,0.0796456861794103
2020-03-26,59.51079165439952,62.446255405203736,59.472166210481355,62.38832092285156,252087200,59.269386291503906,59.59769821166992,54.16371154785156,59.09074401855469,59.92359161376953,59.60107498168945,63.85472869873047,71.07176345825195,5.714360875523199,0.052623028961491736,0.006569919516601697,0.0748405964546523
2020-03-27,61.01473181958192,61.767909526223264,59.638732669554486,59.805301666259766,204216800,62.38832092285156,59.269386291503906,59.59769821166992,55.33934020996094,67.10292053222656,58.87131309509277,63.54549083709717,70.76825691223145,5.759889194952975,-0.0414022884152615,-0.009551114755831458,0.06436839631859037
2020-03-30,60.529509863529455,61.683418202528024,60.206026401052306,61.512020111083984,167976400,59.805301666259766,62.38832092285156,59.269386291503906,54.16371154785156,58.4703483581543,59.17548027038574,63.01440162658692,70.48010025024413,5.405089740357207,0.02853791214612489,0.006167350761483581,0.04953777202687681
2020-03-31,61.70272768965909,63.365993747799614,60.833673734330254,61.3864860534668,197002000,61.512020111083984,59.805301666259766,62.38832092285156,59.59769821166992,61.041282653808594,59.210000610351564,62.59158306121826,70.17262260437012,5.168384138908661,-0.002040805315619343,0.001566282067808622,0.047740690624844165
2020-04-01,59.505973395261975,60.04188955581618,57.726830460711994,58.15652847290039,176218400,61.3864860534668,61.512020111083984,59.805301666259766,59.269386291503906,59.5469970703125,59.07095375061035,61.84528427124023,69.81094970703126,4.622614555248663,-0.05261675310349512,-0.001247401459716091,0.05021154193725727
2020-04-02,58.018915768998035,59.18006600388776,57.188487147319506,59.126956939697266,165934000,58.15652847290039,61.3864860534668,61.512020111083984,62.38832092285156,59.09074401855469,59.07457504272461,61.266035652160646,69.46324287414551,4.15530143934917,0.016686492338501058,0.0011874544246878171,0.05045568119183628
2020-04-03,58.61278008138311,59.31284887197434,57.68820408379941,58.27722930908203,129880000,59.126956939697266,58.15652847290039,61.3864860534668,59.805301666259766,55.33934020996094,59.36836395263672,60.691254234313966,69.09117179870606,3.6851304340286126,-0.014371239018471038,0.006098877779947165,0.045619496980158734
2020-04-06,60.568160861628826,63.515696710814225,60.20123004725037,63.361202239990234,201820400,58.27722930908203,59.126956939697266,58.15652847290039,61.512020111083984,54.16371154785156,60.288113021850585,60.64659576416015,68.82521179199219,3.644870000610122,0.08723772545782138,0.016947049817391046,0.05097853370908773
2020-04-07,65.37206847487805,65.58933753055518,62.52350996388426,62.62731170654297,202887200,63.361202239990234,58.27722930908203,59.126956939697266,61.3864860534668,59.59769821166992,60.59107437133789,60.333857727050784,68.58965759277343,3.1335243898239917,-0.011582648489963043,0.005756262254330668,0.042162363497296254
2020-04-08,63.426369510698045,64.54406918127975,63.061855141740836,64.2302474975586,168895200,62.62731170654297,63.361202239990234,58.27722930908203,58.15652847290039,59.269386291503906,61.08716049194336,60.2208812713623,68.34406463623047,2.9342960177324717,0.0255948362996421,0.008866626086077111,0.042385673387413524
2020-04-09,64.86512738575412,65.19584902236409,63.89951332637289,64.6937255859375,161834800,64.2302474975586,62.62731170654297,63.361202239990234,59.126956939697266,62.38832092285156,61.317700958251955,60.459387969970706,68.07571060180663,3.0981489846462336,0.00721588513879734,0.004325911703807672,0.0395120643441221
2020-04-13,64.77096719479518,66.07213548949194,64.17228391165321,65.9635009765625,131022800,64.6937255859375,64.2302474975586,62.62731170654297,58.27722930908203,59.805301666259766,61.93352088928223,60.4024169921875,67.83501586914062,2.977687523173621,0.01962748905128775,0.010428889450462598,0.03624214193454911
2020-04-14,67.59298426311395,69.58456326372355,67.12224446160415,69.29487609863281,194994800,65.9635009765625,64.6937255859375,64.2302474975586,63.361202239990234,61.512020111083984,62.71180648803711,60.94364337921142,67.73011535644531,3.538883680964781,0.05050330975085737,0.012625429210935846,0.03808063120722092
2020-04-15,68.17234288135833,69.1210568119712,67.74506136385055,68.66239166259766,131154400,69.29487609863281,65.9635009765625,64.6937255859375,62.62731170654297,61.3864860534668,63.4393970489502,61.32469882965088,67.61665969848633,3.93777744518748,-0.00912743440272401,0.011916766302225379,0.038448055675862576
2020-04-16,69.3745233735621,69.5724759670409,68.16026433690568,69.20795440673828,157125200,68.66239166259766,69.29487609863281,65.9635009765625,64.2302474975586,58.15652847290039,64.54453964233399,61.807746696472165,67.46503326416016,4.285437538703343,0.007945583177782156,0.017972999930353107,0.03124934199880191
2020-04-17,68.72516178272222,69.27073604048029,66.83496828577375,68.26890563964844,215250000,69.20795440673828,68.66239166259766,69.29487609863281,64.6937255859375,59.126956939697266,65.4587345123291,62.26665477752685,67.28210266113281,4.466760641051299,-0.013568509214576863,0.014947499775045314,0.032813221528457934
2020-04-20,67.09811926901436,67.99854979022932,66.83257389218826,66.85188293457031,130015200,68.26890563964844,69.20795440673828,68.66239166259766,65.9635009765625,58.27722930908203,66.31619987487792,62.842281913757326,67.05272109985351,4.264274850424452,-0.02075648777142791,0.014308974899749628,0.03350203427620056
2020-04-21,66.69495629705587,66.92911797835283,64.07572694243713,64.78545379638672,180991600,66.85188293457031,68.26890563964844,69.20795440673828,69.29487609863281,63.361202239990234,66.45862503051758,63.37336902618408,66.80330276489258,3.7578971089597446,-0.030910559994339448,0.002494146354533544,0.02456686713699576
2020-04-22,66.05040482183006,67.08602784822331,65.71003238672124,66.65150451660156,116862400,64.78545379638672,66.85188293457031,68.26890563964844,68.66239166259766,62.62731170654297,66.86104431152344,63.72605934143066,66.5838670349121,3.7156617032970343,0.02880354479077396,0.0065327656826072444,0.025304155303368915
2020-04-23,66.59597413685326,68.01542772017612,66.35457066668404,66.39319610595703,124814400,66.65150451660156,64.78545379638672,66.85188293457031,69.20795440673828,64.2302474975586,67.07733917236328,64.08224983215332,66.3686312866211,3.605777137249654,-0.0038755075750794843,0.003585731295135086,0.024542077200282283
2020-04-24,66.91705617630512,68.31960998543786,66.86877252729914,68.30995178222656,126161200,66.39319610595703,66.65150451660156,64.78545379638672,68.26890563964844,64.6937255859375,67.43896179199218,64.37833137512207,66.15508590698242,3.7012212034030196,0.028869760588277504,0.005751118840083102,0.025819968732038918
2020-04-27,68.02752439339068,68.68897519756469,67.58093367390491,68.3582534790039,117087600,68.30995178222656,66.39319610595703,66.65150451660156,66.85188293457031,65.9635009765625,67.67843704223633,64.80597896575928,65.95375579833984,3.6386178660899686,0.0007070960455561881,0.0038590795395099463,0.025379623183603574
2020-04-28,68.81933706916497,69.0003897744863,67.15848644067563,67.25021362304688,112004800,68.3582534790039,68.30995178222656,66.39319610595703,64.78545379638672,69.29487609863281,67.47397079467774,65.09288864135742,65.72987884521484,3.5911370023090172,-0.01620930611249982,-0.002812182046825773,0.019941932469633494
2020-04-29,68.73481211774124,69.92734583940624,68.53203408860236,69.45902252197266,137280800,67.25021362304688,68.3582534790039,68.30995178222656,66.65150451660156,68.66239166259766,67.55363388061524,65.49651546478272,65.57890487670899,3.6062551438319272,0.03284463765879875,0.0013850251593265027,0.022692355373311105
2020-04-30,69.99736587702316,71.10058178322025,69.60870972779222,70.92435455322266,183064000,69.45902252197266,67.25021362304688,68.3582534790039,66.39319610595703,69.20795440673828,67.72527389526367,66.13490676879883,65.43493194580078,3.360228736528084,0.021096352612599123,0.0027001021028081997,0.023482116519886208
2020-05-01,69.1017567929507,72.17965163700352,69.00519685948858,69.78251647949219,240616800,70.92435455322266,69.45902252197266,67.25021362304688,68.30995178222656,68.26890563964844,67.87663497924805,66.66768474578858,65.28415161132813,3.0179136607668853,-0.016099379133209024,0.0024470151109449835,0.023689661168662505
2020-05-04,69.80666159250394,70.89780288941466,69.11866006272429,70.76985931396484,133568000,69.78251647949219,70.92435455322266,69.45902252197266,68.3582534790039,66.85188293457031,68.2684326171875,67.29231624603271,65.18812149047852,2.4243616408134874,0.014148856823797962,0.005937549570467571,0.022428881831502576
2020-05-05,71.2285148811078,72.66245223551824,71.08367131021836,71.83202362060547,147751200,70.76985931396484,69.78251647949219,70.92435455322266,67.25021362304688,64.78545379638672,68.97308959960938,67.71585731506347,65.18512802124023,2.4413176222196,0.01500871016188432,0.010529476586089947,0.018382169805157448
2020-05-06,72.53209353947886,73.20319497472518,72.14826285856589,72.57313537597656,142333600,71.83202362060547,70.76985931396484,69.78251647949219,69.45902252197266,66.65150451660156,69.56525268554688,68.21314849853516,65.24572006225586,2.361918112650876,0.010317289114468275,0.00868085101845938,0.01723390324844696
2020-05-07,73.19836352852457,73.66910326152602,72.89660917840814,73.32389068603516,115215200,72.57313537597656,71.83202362060547,70.76985931396484,70.92435455322266,66.39319610595703,70.2583221435547,68.66783065795899,65.2992628479004,2.429164403095288,0.010344810185879183,0.010102882794555245,0.01665983748703755
2020-05-08,73.98228898395239,75.12237513838589,73.65551062741005,75.06912231445312,133838400,73.32389068603516,72.57313537597656,71.83202362060547,69.78251647949219,68.30995178222656,70.93423919677734,69.18660049438476,65.48007186889649,2.6349526624367465,0.023801677899101925,0.009596074525637687,0.016092939807491595
2020-05-11,74.57775171164975,76.74415709638575,74.36957888241814,76.2503662109375,145946400,75.06912231445312,73.32389068603516,72.57313537597656,70.76985931396484,68.3582534790039,71.7234504699707,69.70094375610351,65.68527801513672,2.9570074747730906,0.01573541637447584,0.011098906558529653,0.015870787082472592
2020-05-12,76.93296900656856,77.38319884408511,75.25793879153254,75.37896728515625,162301200,76.2503662109375,75.06912231445312,73.32389068603516,71.83202362060547,67.25021362304688,72.53632583618165,70.0051483154297,65.75018127441406,3.214754004562394,-0.011428127746568872,0.011577024395122749,0.015005109397190295
2020-05-13,75.55806719087377,76.47788793234099,73.39407770388901,74.46881103515625,200622400,75.37896728515625,76.2503662109375,75.06912231445312,72.57313537597656,69.45902252197266,73.0373046875,70.29546928405762,65.84270034790039,3.346591251104371,-0.012074405935503352,0.007085120035692538,0.014650318567652488
2020-05-14,73.7087840752181,74.98684482021679,72.98745151047878,74.92633056640625,158929200,74.46881103515625,75.37896728515625,76.2503662109375,73.32389068603516,70.92435455322266,73.43750228881837,70.58138809204101,65.8795768737793,3.4899930881411576,0.006143773814704989,0.005589862155903125,0.013799758614298718
2020-05-15,72.70180935336562,74.52933644505968,72.66791783323735,74.48334503173828,166348400,74.92633056640625,74.46881103515625,75.37896728515625,75.06912231445312,69.78251647949219,73.90758514404297,70.89211006164551,65.95500518798828,3.549408500528949,-0.00591228118765752,0.006608571950458275,0.012317099485671978
2020-05-18,75.80498172029709,76.611028150083,75.11511790410643,76.2382583618164,135178400,74.48334503173828,74.92633056640625,74.46881103515625,76.2503662109375,70.76985931396484,74.45442504882813,71.3614288330078,66.0843132019043,3.6071593838899285,0.023561150876485693,0.007549801355727049,0.013279363128964496
2020-05-19,76.2552363889688,77.10001317641341,75.7662837802092,75.7977523803711,101729600,76.2382583618164,74.48334503173828,74.92633056640625,75.37896728515625,71.83202362060547,74.85099792480469,71.91204376220703,66.3151808166504,3.3841298385910172,-0.0057780173748819275,0.005471128602050424,0.013604982720258297
2020-05-20,76.65459330065981,77.3420341535439,76.61586330214624,77.27184295654297,111504800,75.7977523803711,76.2382583618164,74.48334503173828,74.46881103515625,72.57313537597656,75.32086868286133,72.4430606842041,66.48297622680664,3.3482827911797575,0.019447681888699497,0.006384167879473546,0.014257093190595772
2020-05-21,77.13389289033314,77.67368271832201,76.45855171857032,76.69577026367188,102688800,77.27184295654297,75.7977523803711,76.2382583618164,74.92633056640625,73.32389068603516,75.658056640625,72.95818939208985,66.68709609985352,3.1555004689631283,-0.007455143695680566,0.004604172491317571,0.014808174836084178
2020-05-22,76.43432078527125,77.27184315466477,76.33266100253039,77.18954467773438,81803200,76.69577026367188,77.27184295654297,75.7977523803711,74.48334503173828,75.06912231445312,75.87009887695312,73.40216903686523,67.03241516113282,3.0910939739414673,0.0064380918578033075,0.002867813887187709,0.013242222086626442
2020-05-26,78.3054252019707,78.48454498542678,76.6110265113562,76.66670227050781,125522000,77.18954467773438,76.69577026367188,77.27184295654297,76.2382583618164,76.2503662109375,75.91173248291015,73.81759147644043,67.22369079589843,2.931740583875174,-0.0067734873862700384,0.000616923511113121,0.012714481829558227
2020-05-27,76.52390248864035,77.14598335609439,75.78562421645006,77.00074768066406,112945200,76.66670227050781,77.18954467773438,76.69577026367188,75.7977523803711,75.37896728515625,76.07391052246093,74.30511817932128,67.59429878234863,2.5706372341511026,0.004357112022082443,0.0021954474879782525,0.012013468388944487
2020-05-28,76.67640563269867,78.29092933411673,76.40046444930317,77.03465270996094,133560800,77.00074768066406,76.66670227050781,77.18954467773438,77.27184295654297,74.46881103515625,76.3304946899414,74.6838996887207,67.91416618347168,2.3692275778693537,0.0004403207802277098,0.0034469201595513587,0.010968139309154502
2020-05-29,77.27668877080987,77.73659554294788,76.60377068012559,76.9595947265625,153532400,77.03465270996094,77.00074768066406,76.66670227050781,76.69577026367188,74.92633056640625,76.53382110595703,74.9856616973877,68.26241813659668,2.2463414592681343,-0.0009743405176503295,0.002735108726315827,0.011004587378396078
2020-06-01,76.91361639836452,78.0270801430567,76.78290354210658,77.90605163574219,80791200,76.9595947265625,77.03465270996094,77.00074768066406,77.18954467773438,74.48334503173828,76.87609176635742,75.3918384552002,68.63872428894042,1.973926292319579,0.012298101523824823,0.0045561469974640615,0.010921030503827839
2020-06-02,77.63976650286615,78.2909002875674,77.19922108217762,78.26669311523438,87642800,77.90605163574219,76.9595947265625,77.03465270996094,76.66670227050781,76.2382583618164,77.07893524169921,75.76668014526368,69.0972713470459,1.7490341308217725,0.004629184407629827,0.0026629503505784745,0.008669188043318269
2020-06-03,78.58622664893751,78.9589964979716,78.0149682866651,78.69757080078125,104491200,78.26669311523438,77.90605163574219,76.9595947265625,77.00074768066406,75.7977523803711,77.36891708374023,76.10995750427246,69.58794853210449,1.6038620919224518,0.0055052496585294985,0.003791277053919617,0.008168305343709778
2020-06-04,78.5208656190316,78.81859097042819,77.6470360985682,78.01980590820312,87560400,78.69757080078125,78.26669311523438,77.90605163574219,77.03465270996094,77.27184295654297,77.44371337890625,76.38229103088379,69.95639068603515,1.4240453450917308,-0.00861227209025106,0.0009852816560245615,0.006916002594498229
2020-06-05,78.26911213372232,80.30238892913404,78.24006648317224,80.24187469482422,137250400,78.01980590820312,78.69757080078125,78.26669311523438,76.9595947265625,76.69577026367188,77.79832382202149,76.72819023132324,70.37584045410156,1.4811063788682666,0.028480829460605817,0.0045788789716531995,0.010467435105928015
2020-06-08,79.9393002955481,80.75019247995644,79.23007527095147,80.71630096435547,95654400,80.24187469482422,78.01980590820312,78.69757080078125,77.90605163574219,77.18954467773438,78.1509994506836,77.01054916381835,70.74240005493164,1.6739149751390796,0.005912452461206641,0.004526315031993533,0.010458377265723481
2020-06-09,80.39682040985336,83.6573213064147,80.3653518160227,83.26519012451172,147712400,80.71630096435547,80.24187469482422,78.01980590820312,78.26669311523438,76.66670227050781,78.81084823608398,77.36129035949708,71.21159782409669,2.16819234962299,0.031578369297198705,0.008361500700340408,0.01265543585209618
2020-06-10,84.2116096226659,85.87453965160508,83.77348714351568,85.4073715209961,166651600,83.26519012451172,80.71630096435547,80.24187469482422,78.69757080078125,77.00074768066406,79.6515106201172,77.86271057128906,71.68950485229492,2.7634977449906604,0.025727214377112784,0.010498510935843442,0.013667907524194214
2020-06-11,84.55291522831224,84.97651490391192,81.20527075656385,81.30693054199219,201662400,85.4073715209961,83.26519012451172,80.71630096435547,78.01980590820312,77.03465270996094,80.07873840332032,78.20461654663086,72.08791374206542,2.7444449076417845,-0.04801038722981743,0.005653440134838927,0.023018548389155423
2020-06-12,83.44188410385023,84.18741636682982,80.90028576320306,82.00890350341797,200146000,81.30693054199219,85.4073715209961,83.26519012451172,80.24187469482422,76.9595947265625,80.58366928100585,78.55874519348144,72.56496124267578,2.7560925570888806,0.0086336177832127,0.00661423596492523,0.02291143534390694
2020-06-15,80.66547714891838,83.67424321088224,80.5032957450343,83.02310943603516,138808800,82.00890350341797,81.30693054199219,85.4073715209961,80.71630096435547,77.90605163574219,81.09537506103516,78.9857334136963,73.04288429260254,2.752990338650738,0.012367022229176738,0.0066211280354604215,0.022913345390275182
2020-06-16,85.07334504214955,85.49452921505798,83.44188334314991,85.22341918945312,165428800,83.02310943603516,82.00890350341797,81.30693054199219,83.26519012451172,78.26669311523438,81.79104766845703,79.43499145507812,73.58180809020996,3.00283733554249,0.026502377089516083,0.008808447303649047,0.023731472636539592
2020-06-17,85.96652717235735,86.02704141186865,84.98377651365317,85.10480499267578,114406400,85.22341918945312,83.02310943603516,82.00890350341797,85.4073715209961,78.69757080078125,82.43177108764648,79.90034408569336,74.01668014526368,3.128054930017819,-0.0013918028390020876,0.00811874205389589,0.0239374699221488
2020-06-18,85.06125763268233,85.55505601805591,84.53115217198582,85.13871765136719,96820400,85.10480499267578,85.22341918945312,83.02310943603516,81.30693054199219,78.01980590820312,83.14366226196289,80.29368782043457,74.46690826416015,3.2714633681465157,0.00039848112799645286,0.00901981737572064,0.02340127827368106
2020-06-19,85.8430918789263,86.30783714893171,83.54596609025744,84.65216827392578,264476000,85.13871765136719,85.10480499267578,85.22341918945312,82.00890350341797,80.24187469482422,83.58469161987304,80.69150772094727,74.8753466796875,3.294597702992365,-0.005714783953333247,0.005600256034326734,0.0227303563809938
2020-06-22,85.04429286253834,87.00979422869749,84.99830144840965,86.86698150634766,135445200,84.65216827392578,85.13871765136719,85.10480499267578,83.02310943603516,80.71630096435547,84.19975967407227,81.17537956237793,75.31881179809571,3.4597170450640995,0.026163691699602643,0.007625379958166334,0.023644985518533144
2020-06-23,88.1087341820106,90.1371727058119,87.6899729783668,88.72113800048828,212155600,86.86698150634766,84.65216827392578,85.13871765136719,85.22341918945312,83.26519012451172,84.74535446166992,81.77810134887696,75.77396453857422,3.676153789892705,0.02134477867180329,0.0066020208956267925,0.022695500353408053
2020-06-24,88.35079901624333,89.26819705246864,86.78226710315806,87.15503692626953,192623200,88.72113800048828,86.86698150634766,84.65216827392578,85.10480499267578,85.4073715209961,84.92012100219726,82.28581581115722,76.13116775512695,3.682825543405043,-0.017651949800397415,0.0022641044778757722,0.0227793242192449
2020-06-25,87.3099530977363,88.35079512662277,86.55231359048508,88.31206512451172,137522400,87.15503692626953,88.72113800048828,86.86698150634766,85.13871765136719,81.30693054199219,85.62063446044922,82.84968643188476,76.52416122436523,3.699806830042261,0.013275517274130566,0.008392694928270572,0.014484508940340372
2020-06-26,88.20796811592135,88.42824081207692,85.45093609470156,85.59859466552734,205256800,88.31206512451172,87.15503692626953,88.72113800048828,84.65216827392578,82.00890350341797,85.97960357666015,83.28163642883301,76.85197402954101,3.473315882671374,-0.03072593144729019,0.004456740005220283,0.01904235182519641
2020-06-29,85.50661981464565,87.66577111516035,85.02976731524565,87.57136535644531,130646000,85.59859466552734,88.31206512451172,87.15503692626953,86.86698150634766,83.02310943603516,86.43442916870117,83.76490211486816,77.23802322387695,3.3564430509742116,0.02304676494545821,0.0055247142768484305,0.019818933818387122
2020-06-30,87.15988924218063,88.58803158175118,87.14052793069565,88.30239868164062,140223200,87.57136535644531,85.59859466552734,88.31206512451172,88.72113800048828,85.22341918945312,86.74232711791993,84.26668739318848,77.66703353881836,3.2393249192195945,0.008347858026647836,0.0037092623705616058,0.018469375212280842
2020-07-01,88.37983297329643,88.9220381809634,88.08694613026117,88.1353530883789,110737200,88.30239868164062,87.57136535644531,85.59859466552734,87.15503692626953,85.10480499267578,87.04538192749024,84.73857650756835,78.1340315246582,3.0682518649548043,-0.001891744683674701,0.003659268186094344,0.018485387039955836
2020-07-02,89.0406511103845,89.67483914156468,88.02159341265586,88.1353530883789,114041600,88.1353530883789,88.30239868164062,87.57136535644531,88.31206512451172,85.13871765136719,87.34504547119141,85.24435386657714,78.56370849609375,2.7159297977953507,0.0,0.0036194200732946992,0.018493624844047298
2020-07-06,89.56108299075036,90.9601720457748,89.52961440129422,90.49300384521484,118655600,88.1353530883789,88.1353530883789,88.30239868164062,85.59859466552734,84.65216827392578,87.92912902832032,85.75691032409668,79.0457046508789,2.6893402140970366,0.026750341085849838,0.006865932577213007,0.0194954158330979
2020-07-07,90.87062222466152,91.64762315168353,90.10088271239697,90.21222686767578,112424400,90.49300384521484,88.1353530883789,88.1353530883789,87.57136535644531,86.86698150634766,88.26365356445312,86.2317066192627,79.48375015258789,2.5889637970262522,-0.003102747898824587,0.003939288617370284,0.018444992639254462
2020-07-08,91.18769953716944,92.34473152661032,91.10055518911935,92.31326293945312,117092000,90.21222686767578,90.49300384521484,88.1353530883789,88.30239868164062,88.72113800048828,88.62286605834962,86.68411026000976,79.96285034179688,2.8232462034698464,0.02328992581969147,0.0041338033321591024,0.018657966715223698
2020-07-09,93.20403412942578,93.2572869587544,91.66455533300416,92.71024322509766,125642800,92.31326293945312,90.21222686767578,90.49300384521484,88.1353530883789,87.15503692626953,89.17838668823242,87.04925384521485,80.47205093383789,3.1073874907152734,0.004300360240812928,0.006329034336280137,0.017030351361789795
2020-07-10,92.30600881208682,92.93051996359854,91.69602787555728,92.87242126464844,90257200,92.71024322509766,92.31326293945312,90.21222686767578,88.1353530883789,88.31206512451172,89.6344223022461,87.62752838134766,80.94031890869141,3.0582782946657137,0.0017493001194810454,0.005176412620815185,0.016897504022307882
2020-07-13,94.17469096863013,96.77922651804644,92.23097365442625,92.44398498535156,191649200,92.87242126464844,92.71024322509766,92.31326293945312,90.49300384521484,85.59859466552734,90.31896133422852,88.14928245544434,81.37071151733399,2.9369964862752953,-0.004613170125887023,0.007787688752955502,0.012057274291398856
2020-07-14,91.82674866099546,94.1650203886337,90.89483503243176,93.97380065917969,170989200,92.44398498535156,92.87242126464844,92.71024322509766,90.21222686767578,87.57136535644531,90.95920486450196,88.69681701660156,81.85453720092774,2.951756831153499,0.016548569104528843,0.007137869168862565,0.011294500792713848
2020-07-15,95.844855946832,96.09417427887949,93.4242867475394,94.62004852294922,153198000,93.97380065917969,92.44398498535156,92.87242126464844,92.31326293945312,88.30239868164062,91.59096984863281,89.16664848327636,82.33154098510742,3.113213319534026,0.006876893977219467,0.006990772763919728,0.011286567212107308
2020-07-16,93.49451003316076,94.31024088700049,92.85789898357274,93.45578002929688,110577600,94.62004852294922,93.97380065917969,92.44398498535156,92.71024322509766,88.1353530883789,92.12301254272461,89.58419723510742,82.76401611328124,3.0997536740791434,-0.01230467022398496,0.005949480209888702,0.012600932491784522
2020-07-17,93.90600938284572,94.06092201052024,92.79496133182224,93.26697540283203,92186800,93.45578002929688,94.62004852294922,93.97380065917969,92.87242126464844,88.1353530883789,92.63617477416992,89.99061012268066,83.17789291381835,3.017999699686771,-0.0020202562795543777,0.0057474545819332645,0.012722524812151928
2020-07-20,93.35413310853578,95.37046481228467,93.01040889370655,95.23249053955078,90318000,93.26697540283203,93.45578002929688,94.62004852294922,92.44398498535156,90.49300384521484,93.11012344360351,90.51962623596191,83.61606491088867,2.9597235782104443,0.02107407394985672,0.005179827868333953,0.011772499768789236
2020-07-21,96.02155837705527,96.09659542988256,93.66876486349388,93.91808319091797,103433200,95.23249053955078,93.26697540283203,93.45578002929688,93.97380065917969,90.21222686767578,93.48070907592773,90.87218132019044,83.99304412841796,2.921437136739411,-0.013802089404423734,0.004109893717774038,0.013028133184258658
2020-07-22,93.620364272229,94.86211761268852,93.53322731563136,94.18193817138672,89001600,93.91808319091797,95.23249053955078,93.26697540283203,94.62004852294922,92.31326293945312,93.66757659912109,91.14522132873535,84.35167556762696,2.9646832622155834,0.002809416158253475,0.0020618427516302384,0.011152791236347982
2020-07-23,93.91568143989768,93.99314144318696,89.08664931990235,89.8951187133789,197004400,94.18193817138672,93.91808319091797,95.23249053955078,93.45578002929688,92.71024322509766,93.38606414794921,91.28222541809082,84.6419985961914,2.8308764928086925,-0.04551636482790267,-0.002919829755241321,0.018648702777430783
2020-07-24,88.09663844239333,90.01614846898383,86.31267234298356,89.67242431640625,185438800,89.8951187133789,94.18193817138672,93.91808319091797,93.26697540283203,92.87242126464844,93.066064453125,91.35024337768554,84.94607086181641,2.771475487648394,-0.0024772690682204335,-0.003342486674011469,0.018578888063227453
2020-07-27,90.73264205708286,91.88967418415685,90.50995376100627,91.79769134521484,121214000,89.67242431640625,89.8951187133789,94.18193817138672,95.23249053955078,92.44398498535156,93.00143508911133,91.66019821166992,85.28349807739258,2.418544124788716,0.023700340935465913,-0.0005111355678761754,0.020429037429905515
2020-07-28,91.36926031193099,91.5459645894224,90.28484224245163,90.28968811035156,103625600,91.79769134521484,89.67242431640625,89.8951187133789,93.91808319091797,93.97380065917969,92.63302383422851,91.79611434936524,85.59962493896484,2.2469633060688934,-0.01642746361879932,-0.0038087388402089917,0.02002682710352472
2020-07-29,90.77137079362801,92.20435141750036,90.73506372270917,92.0203857421875,90329200,90.28968811035156,91.79769134521484,89.67242431640625,94.18193817138672,94.62004852294922,92.37305755615235,91.98201370239258,85.91526748657226,2.0910978604701573,0.019168275669760648,-0.0025796006709548737,0.021103756577658363
2020-07-30,91.19495629734762,93.23791755492837,90.78830239250956,93.13383483886719,158130000,92.0203857421875,90.28968811035156,91.79769134521484,89.8951187133789,93.45578002929688,92.34086303710937,92.231937789917,86.26198913574218,1.8968362585010474,0.012100026398489838,-0.00013913100870739382,0.021264661416863857
2020-07-31,99.61614157613516,103.03398529349649,97.6215868383854,102.8839111328125,374336800,93.13383483886719,92.0203857421875,90.28968811035156,89.67242431640625,93.26697540283203,93.30255661010742,92.96936569213867,86.77423049926757,2.84852962717607,0.10468887392872972,0.010531782012121016,0.03932254169255225
2020-08-03,104.7622398081077,108.09052270549662,104.4645145020522,105.47631072998047,308151200,102.8839111328125,93.13383483886719,92.0203857421875,91.79769134521484,95.23249053955078,94.32693862915039,93.71853103637696,87.34984130859375,3.928536835057284,0.025197327440453332,0.010944107361180677,0.0394667212104604
2020-08-04,105.66515009521494,107.26998931138203,104.94381752005107,106.18073272705078,173071600,105.47631072998047,102.8839111328125,93.13383483886719,90.28968811035156,93.91808319091797,95.55320358276367,94.5169563293457,87.92966506958008,4.721157723260654,0.0066784853603159,0.01299216483765464,0.03856088206454349
2020-08-05,105.90234853375506,106.8850992523654,105.43759589570149,106.56558227539062,121776800,106.18073272705078,105.47631072998047,102.8839111328125,92.0203857421875,94.18193817138672,96.79156799316407,95.22957229614258,88.52764266967773,5.398118419844093,0.0036244762910908612,0.01307367085093838,0.0385378218494453
2020-08-06,106.89720218347466,110.77737527223312,106.30900549573542,110.28357696533203,202428800,106.56558227539062,106.18073272705078,105.47631072998047,93.13383483886719,89.8951187133789,98.83041381835938,96.1082389831543,89.19329925537109,6.318264675538608,0.034889263592941644,0.02111423369302281,0.03293612456754275
2020-08-07,109.80586023116359,110.26174899503663,106.98081367668276,107.77619171142578,198045600,110.28357696533203,106.56558227539062,106.18073272705078,102.8839111328125,89.67242431640625,100.64079055786132,96.85342750549316,89.8081300354004,6.77865608314761,-0.02273579913620738,0.019088380686224114,0.035100364490506214
2020-08-10,109.21903838608283,110.35876045671141,106.69710821737102,109.34271240234375,212403600,107.77619171142578,110.28357696533203,106.56558227539062,105.47631072998047,91.79769134521484,102.39529266357422,97.69836387634277,90.45579238891601,7.237744967434561,0.014534941957425884,0.018171840788420112,0.0350862167609561
2020-08-11,108.60794103965802,109.10504953060087,105.83138875527999,106.09085845947266,187902400,109.34271240234375,107.77619171142578,110.28357696533203,106.18073272705078,90.28968811035156,103.97540969848633,98.30421676635743,91.01948852539063,7.414546626098902,-0.0297400153281856,0.016840585617481484,0.03675760714486271
2020-08-12,107.17968129827851,109.87378746896775,106.98568949170516,109.61674499511719,165598000,106.09085845947266,109.34271240234375,107.77619171142578,106.56558227539062,92.0203857421875,105.7350456237793,99.05405158996582,91.64648956298828,7.772047368845976,0.033234593317872374,0.01824721738229266,0.03712389821100239
2020-08-13,110.99410742435849,112.55819321018032,110.5066931989482,111.55669403076172,210082000,109.61674499511719,106.09085845947266,109.34271240234375,110.28357696533203,93.13383483886719,107.57733154296875,99.95909729003907,92.3036720275879,8.131430103128098,0.017697561040796783,0.01880697084652335,0.037063062311451775
2020-08-14,111.38206488530741,111.5469586132698,109.65065854076958,111.45723724365234,165565200,111.55669403076172,109.61674499511719,106.09085845947266,107.77619171142578,102.8839111328125,108.43466415405274,100.86861038208008,92.97242065429687,8.357667140721613,-0.0008915358058383394,0.008248929873066546,0.021757866741997634
2020-08-17,112.57755010556633,112.60180092329254,110.54060722184437,111.1662368774414,119561600,111.45723724365234,111.55669403076172,109.61674499511719,109.34271240234375,105.47631072998047,109.00365676879883,101.66529769897461,93.59090789794922,8.549368864386418,-0.002610870082620065,0.0054681101207592064,0.021118713072349006
2020-08-18,110.91893054414521,112.5169615015718,110.58428839700858,112.09259796142578,105633600,111.1662368774414,111.45723724365234,111.55669403076172,106.09085845947266,106.18073272705078,109.59484329223633,102.5740234375,94.21843383789063,8.647896185838484,0.008333115431492732,0.00563357312787689,0.021135725005656494
2020-08-19,112.49996719549999,113.64453639963617,112.13865437861999,112.23322296142578,145538000,112.09259796142578,111.1662368774414,111.45723724365234,109.61674499511719,106.56558227539062,110.16160736083984,103.47658767700196,94.7977944946289,8.667897992564258,0.0012545431416299824,0.005396579812930802,0.02117400822507573
2020-08-20,112.27444044495672,114.8375973733061,112.2574641314498,114.72362518310547,126907200,112.23322296142578,112.09259796142578,111.1662368774414,111.55669403076172,110.28357696533203,110.6056121826172,104.71801300048828,95.3841195678711,8.394025047171997,0.022189527806179443,0.0041266062342545816,0.019525208764543493
2020-08-21,115.6814669811538,121.11817195845913,115.66934527196243,120.63561248779297,338054800,114.72362518310547,112.23322296142578,112.09259796142578,111.45723724365234,107.77619171142578,111.89155426025391,106.26617240905762,96.1706932067871,8.328131643820527,0.05153243105116001,0.011553429252991321,0.02212402012509073
2020-08-24,124.83319799639226,124.91807958440302,120.21612802925294,122.07847595214844,345937600,120.63561248779297,114.72362518310547,112.23322296142578,111.1662368774414,109.34271240234375,113.16513061523438,107.7802116394043,96.97208465576172,8.311828793899299,0.011960510123007584,0.01129598606954949,0.02210043721377425
2020-08-25,120.95328347307442,121.42129395286675,119.35767277780953,121.07695007324219,211495600,122.07847595214844,120.63561248779297,114.72362518310547,112.09259796142578,106.09085845947266,114.66373977661132,109.31957473754883,97.73316146850586,7.732826557440695,-0.008203951360752804,0.01344959246629277,0.018396188824227368
2020-08-26,122.39127306939878,123.17937664467517,121.32672345710665,122.7234878540039,163022400,121.07695007324219,122.07847595214844,120.63561248779297,112.23322296142578,109.61674499511719,115.9744140625,110.85472984313965,98.48316284179687,7.142918641834801,0.013599101891530019,0.011486043323658535,0.01704829320660538
2020-08-27,123.32488497435537,123.65709978806709,120.11426694187719,121.25641632080078,155552400,122.7234878540039,121.07695007324219,122.07847595214844,114.72362518310547,111.55669403076172,116.9443862915039,112.26085891723633,99.20619506835938,6.1730544777505925,-0.011954284863125775,0.008520858733266279,0.01837492720447658
2020-08-28,122.22880256231407,122.64589153107447,120.83689273182479,121.05998992919922,187630000,121.25641632080078,122.7234878540039,121.07695007324219,120.63561248779297,111.45723724365234,117.9046615600586,113.16966285705567,99.92462051391601,6.056768701272226,-0.0016199257537174994,0.008448019738478363,0.018417777739601935
2020-08-31,123.74923681098468,127.06654483126823,122.21667670793738,125.16539001464844,225702700,121.05998992919922,121.25641632080078,122.7234878540039,122.07847595214844,111.1662368774414,119.3045768737793,114.15411682128907,100.73488494873047,6.334248203834545,0.03391211322461052,0.012100318069201421,0.019566578687529767
2020-09-01,128.7737011544299,130.75245576113278,126.61066398001222,130.15106201171875,151948100,125.16539001464844,121.05998992919922,121.25641632080078,121.07695007324219,112.09259796142578,121.1104232788086,115.35263328552246,101.6005665588379,6.980913350959271,0.03983267256616885,0.015250273782669032,0.021347205057965588
2020-09-02,133.45864396806553,133.83693302305636,123.18662864355862,127.45450592041016,200119000,130.15106201171875,125.16539001464844,121.05998992919922,122.7234878540039,112.23322296142578,122.63255157470704,116.39707946777344,102.37523391723633,7.157460488787149,-0.02071866375601139,0.013052953092904895,0.02392332725704675
2020-09-03,123.09936731503697,124.97140947448622,116.88183227033254,117.25041961669922,257599600,127.45450592041016,130.15106201171875,125.16539001464844,121.25641632080078,114.72362518310547,122.8852310180664,116.7454216003418,102.97714157104492,7.012327506306676,-0.08006061637462192,0.0028279386748247593,0.037553045306935914
2020-09-04,116.46472703859587,119.98572845730746,107.56036930998823,117.3280029296875,332607200,117.25041961669922,127.45450592041016,130.15106201171875,121.05998992919922,120.63561248779297,122.55447006225586,117.22301216125489,103.55746032714843,6.687035632223897,0.0006616890007038467,-0.002259135530220857,0.03344292439160049
2020-09-08,110.52850171438395,115.41717011939836,109.2966383541402,109.43243408203125,231366600,117.3280029296875,117.25041961669922,127.45450592041016,125.16539001464844,122.07847595214844,121.28986587524415,117.22749824523926,104.03413711547852,6.681498592559842,-0.0672948371275689,-0.010184670255278505,0.03867983379220831
2020-09-09,113.7391214492864,115.56266939432574,111.799173992742,113.79731750488281,176940500,109.43243408203125,117.3280029296875,117.25041961669922,130.15106201171875,121.07695007324219,120.5619026184082,117.61282119750976,104.55865615844726,6.211101961928062,0.039886560684372796,-0.005375619050765945,0.041815867622673066
2020-09-10,116.74603554472291,116.8818312711873,109.12204164322466,110.08231353759766,182274400,113.79731750488281,109.43243408203125,117.3280029296875,127.45450592041016,122.7234878540039,119.29778518676758,117.63609962463379,104.9942544555664,6.180352729356423,-0.03264579560169112,-0.010000108800088059,0.04204080624186859
2020-09-11,111.12989436180371,111.77008060116817,106.69711453574045,108.6370620727539,180860300,110.08231353759766,113.79731750488281,109.43243408203125,117.25041961669922,121.25641632080078,118.0358497619629,117.4901180267334,105.4042886352539,6.363281714041465,-0.013128825316249704,-0.010117562845400451,0.04204851247682396
2020-09-14,111.27538137934282,112.44904864015743,109.41303369608222,111.89616394042969,140150100,108.6370620727539,110.08231353759766,113.79731750488281,117.3280029296875,121.05998992919922,117.11946716308594,117.51206436157227,105.87950485229493,6.342101462355332,0.029999908000946984,-0.006955579469934003,0.043906361037402857
2020-09-15,114.77697452888815,115.26196131479541,110.19869808587379,112.07074737548828,184642000,111.89616394042969,108.6370620727539,110.08231353759766,109.43243408203125,125.16539001464844,115.81000289916992,117.5572898864746,106.3110597229004,6.297536131987296,0.0015602271687484848,-0.010190768075520207,0.04169679318779998
2020-09-16,111.7700619173575,112.51693833812011,108.67584374495958,108.76313781738281,154679000,112.07074737548828,111.89616394042969,108.6370620727539,113.79731750488281,130.15106201171875,113.67121047973633,117.39081687927246,106.68207794189453,6.490642060836526,-0.029513585262561537,-0.017125393858393245,0.03806097354135543
2020-09-17,106.42553742249994,108.8310685487523,105.44586171205238,107.02691650390625,178011000,108.76313781738281,112.07074737548828,111.89616394042969,110.08231353759766,127.45450592041016,111.62845153808594,117.13050155639648,106.97635101318359,6.805163007053162,-0.015963324967616654,-0.01664985997955377,0.038040792217904955
2020-09-18,107.08508422800398,107.55066740012516,102.90449308489,103.63197326660156,287104900,107.02691650390625,108.76313781738281,112.07074737548828,108.6370620727539,117.25041961669922,110.26660690307617,116.57591896057129,107.19478561401367,7.43448792170289,-0.03172046199407019,-0.011815844541498598,0.03161651962542521
2020-09-21,101.40104892896447,106.88140167582651,100.0042844680874,106.77470397949219,195713800,103.63197326660156,107.02691650390625,108.76313781738281,111.89616394042969,117.3280029296875,109.21127700805664,115.88287353515625,107.47283126831054,7.67818874899121,0.03032587929987307,-0.008849425511581677,0.03420311624113151
2020-09-22,109.29663858587081,109.47123415071694,105.88233436259476,108.4527587890625,183055400,106.77470397949219,103.63197326660156,107.02691650390625,112.07074737548828,109.43243408203125,109.11330947875976,115.20158767700195,107.79300674438477,7.703981111148862,0.015715846048073523,-0.0005483571940174348,0.027942773904193564
2020-09-23,108.26845317272523,108.74373815268274,103.56407541081022,103.90357208251953,150718700,108.4527587890625,106.77470397949219,103.63197326660156,108.76313781738281,113.79731750488281,108.12393493652344,114.34291877746583,107.99160217285156,7.967216385595861,-0.04194625159689125,-0.008731638422143839,0.026742246398039685
2020-09-24,102.01213533208141,106.93960365288808,101.84724157417912,104.9705581665039,167743300,103.90357208251953,108.4527587890625,106.77470397949219,107.02691650390625,110.08231353759766,107.61275939941406,113.45527229309081,108.19861236572265,7.973320913864983,0.01026900290912991,-0.0044401585710617366,0.02590859819954753
2020-09-25,105.17424837255975,109.06384497371614,104.4370662899755,108.90864562988281,149981400,104.9705581665039,103.90357208251953,108.4527587890625,103.63197326660156,108.6370620727539,107.63991775512696,112.83788375854492,108.50766967773437,7.813933827450754,0.03751611434829494,0.0006243353953927277,0.028809034196666788
2020-09-28,111.55668035738763,111.85736984450415,109.39363569114487,111.5081787109375,137672400,108.90864562988281,104.9705581665039,103.90357208251953,106.77470397949219,111.89616394042969,107.60111923217774,112.36029319763183,108.87249374389648,7.573141273051974,0.023868932223149564,1.1237817612985702e-05,0.028172626965991942
2020-09-29,111.11047045765872,111.84764500982021,110.15989314523581,110.66427612304688,99382200,111.5081787109375,108.90864562988281,104.9705581665039,108.4527587890625,112.07074737548828,107.4604721069336,111.63523750305175,109.1811294555664,6.951292043133609,-0.007568077944114515,-0.0009015926936733143,0.02826459555200761
2020-09-30,110.37329816208843,113.73910777869786,110.2084044241761,112.3326416015625,142675200,110.66427612304688,111.5081787109375,108.90864562988281,103.90357208251953,108.76313781738281,107.81742248535156,110.74431648254395,109.5494206237793,5.428310633079795,0.015075917332713518,0.0035573575658541913,0.026724517642833116
2020-10-01,114.10767141443411,114.18527106334523,112.3520219096015,113.28319549560547,116120400,112.3326416015625,110.66427612304688,111.5081787109375,104.9705581665039,107.02691650390625,108.44305038452148,110.0357509613037,109.93144577026368,3.8185057968483074,0.008461956208726251,0.005999885683488482,0.02584384129170957
2020-10-02,109.50031753591523,111.90585528542881,108.85043700934379,109.62641143798828,144712000,113.28319549560547,112.3326416015625,110.66427612304688,108.90864562988281,103.63197326660156,109.04249420166016,109.65455055236816,110.32607162475585,3.420130683048521,-0.032280022130546704,0.005943929669840831,0.025935031214727792
2020-10-05,110.48972441454302,113.14745068204762,110.14053323775403,113.001953125,106243800,109.62641143798828,113.28319549560547,112.3326416015625,111.5081787109375,106.77470397949219,109.66521911621093,109.4382480621338,110.79266220092774,3.023035082966788,0.03079131791996259,0.005990473531849783,0.02598402109151806
2020-10-06,112.22592545814258,112.63331993229768,108.87952000821461,109.76219940185547,161498200,113.001953125,109.62641143798828,113.28319549560547,110.66427612304688,108.4527587890625,109.79616317749023,109.454736328125,111.15195236206054,3.0239008838701875,-0.02866989139170717,0.0015518997878717134,0.027861308946692843
2020-10-07,111.17838574960963,112.08046156708008,110.70309331868141,111.62457275390625,96849000,109.76219940185547,113.001953125,109.62641143798828,112.3326416015625,103.90357208251953,110.56826324462891,109.34609909057617,111.57865005493164,2.896001712018055,0.01696734724886806,0.007443259672447644,0.023534226752735816
2020-10-08,112.7594330889432,112.90493061170089,111.1492733309645,111.51786804199219,83477200,111.62457275390625,109.76219940185547,113.001953125,113.28319549560547,104.9705581665039,111.22299423217774,109.41787681579589,111.96859970092774,2.9327660756375176,-0.0009559249301612782,0.0063207668885185255,0.02365187339606643
2020-10-09,111.81855926916633,113.48691510258755,111.46936816913343,113.45781707763672,100506900,111.51786804199219,111.62457275390625,109.76219940185547,109.62641143798828,108.90864562988281,111.67791137695312,109.65891456604004,112.37507934570313,3.0605355736092843,0.017395858347238446,0.0043087412884128765,0.02145725858491719
2020-10-12,116.45503667336371,121.42130453731181,115.6984583933761,120.66472625732422,240226800,113.45781707763672,111.51786804199219,111.62457275390625,113.001953125,111.5081787109375,112.5935661315918,110.09734268188477,112.73069564819336,3.90848539728335,0.06352060497300038,0.008273908563397958,0.028106827423308285
2020-10-13,121.50860234126793,121.62500184957032,116.05735487456657,117.46381378173828,262330500,120.66472625732422,113.45781707763672,111.51786804199219,109.76219940185547,110.66427612304688,113.27351989746094,110.36699600219727,112.97044570922851,4.225020809864014,-0.026527325547980096,0.0063779838030114,0.029877817454189767
2020-10-14,117.36681956932418,119.33586502763562,116.028258506117,117.55111694335938,150712000,117.46381378173828,120.66472625732422,113.45781707763672,111.62457275390625,112.3326416015625,113.79536743164063,110.8063949584961,113.19785339355468,4.497619369096755,0.0007432345231299653,0.004944715522053045,0.02975774325848461
2020-10-15,115.15526489684527,117.56079523723751,114.60238025084043,117.08551025390625,112559200,117.55111694335938,117.46381378173828,120.66472625732422,111.51786804199219,113.28319549560547,114.1755989074707,111.3093246459961,113.408251953125,4.61363588717515,-0.003960886987381618,0.003702431202442258,0.029853746508309336
2020-10-16,117.63839325335097,117.90029026113083,115.24255735409358,115.44625091552734,115393800,117.08551025390625,117.55111694335938,117.46381378173828,113.45781707763672,109.62641143798828,114.75758285522461,111.90003852844238,113.5115054321289,4.326300612640438,-0.014000531191469268,0.0055303802963500015,0.02790153236732082
2020-10-19,116.358026294525,116.80421323996534,112.18714446524658,112.4975357055664,120639300,115.44625091552734,117.08551025390625,117.55111694335938,120.66472625732422,113.001953125,114.70714111328125,112.1861801147461,113.60593231201172,4.155345772663698,-0.02554188799182855,-0.00010294029482911249,0.027921492028981584
2020-10-20,112.71091992910422,115.40745252774086,112.15803531937775,113.9815902709961,124423700,112.4975357055664,115.44625091552734,117.08551025390625,117.46381378173828,109.76219940185547,115.12908020019532,112.46262168884277,113.69870986938477,4.0770715449733865,0.013191885103277512,0.0040832373546693555,0.02625077418622047
2020-10-21,113.16681779596242,115.14556482205545,112.95342242055368,113.3608169555664,89946000,113.9815902709961,112.4975357055664,115.44625091552734,117.55111694335938,111.62457275390625,115.30270462036133,112.93548393249512,113.84410903930664,3.5459776012148008,-0.00544625947009314,0.0018418766827732358,0.025983974449511064
2020-10-22,113.92338900408984,114.49567723930029,111.14926409518415,112.2744369506836,101988000,113.3608169555664,113.9815902709961,112.4975357055664,117.08551025390625,111.51786804199219,115.37836151123047,113.3006778717041,113.89726287841796,3.0195398238432842,-0.009583381930889145,0.0009791309827004492,0.026229262481327526
2020-10-23,112.89524032049677,113.05043966735408,110.84859518576691,111.58577728271484,82572600,112.2744369506836,113.3608169555664,113.9815902709961,115.44625091552734,113.45781707763672,115.19115753173828,113.43453445434571,113.89784454345703,2.870240952019285,-0.0061337174041784515,-0.0013738265924412407,0.02564173567131517
2020-10-26,110.58669317293085,113.05042702646372,109.49061825916863,111.59546661376953,111850700,111.58577728271484,112.2744369506836,113.3608169555664,112.4975357055664,120.66472625732422,114.28423156738282,113.4388988494873,113.90060913085938,2.867222408382678,8.68330291783348e-05,-0.0077172037868234455,0.012045974017002685
2020-10-27,112.02222874785393,113.75848206612486,111.1007569545019,113.0988998413086,92276800,111.59546661376953,111.58577728271484,112.2744369506836,113.9815902709961,117.46381378173828,113.84774017333984,113.5606300354004,113.93926239013672,2.7939692653859978,0.013472171165719748,-0.003717254115453461,0.011743188884719187
2020-10-28,111.59549694147971,111.96408434875251,107.76409570662547,107.86109161376953,143937800,113.0988998413086,111.59546661376953,111.58577728271484,113.3608169555664,117.55111694335938,112.87873764038086,113.33705253601075,113.85463226318359,3.0633320826550485,-0.046311752235329795,-0.008422752791299438,0.017682698700346323
2020-10-29,108.99594153712782,113.41901900582575,108.83104039265947,111.85736083984375,146129200,107.86109161376953,113.0988998413086,111.59546661376953,112.2744369506836,117.08551025390625,112.35592269897461,113.26576080322266,113.84711502075196,3.0811908346874466,0.03705014631581993,-0.004321649460979282,0.0228370710357804
2020-10-30,107.72527832227131,108.6273541724171,104.4855696692542,105.59133911132812,190272600,111.85736083984375,107.86109161376953,113.0988998413086,111.58577728271484,115.44625091552734,111.37043151855468,113.06400718688965,113.66446929931641,3.4429087786515145,-0.056017965035731976,-0.008523392845405552,0.02807938773312676
2020-11-02,105.83380024244883,107.35665821287549,104.0975469359875,105.5040054321289,122866900,105.59133911132812,111.85736083984375,107.86109161376953,111.59546661376953,112.4975357055664,110.67107849121093,112.6891098022461,113.36183715820313,3.8358256583875097,-0.0008270913119791112,-0.006051913177420609,0.02749664606205515
2020-11-03,106.36731546450528,108.14236164402186,105.46523966166725,107.12389373779297,107624400,105.5040054321289,105.59133911132812,111.85736083984375,113.0988998413086,113.9815902709961,109.98530883789063,112.55719451904297,113.06274551391601,3.9842743753452106,0.015353808597400986,-0.005835720828008262,0.027672697461318205
2020-11-04,110.71278263905,112.11924135480659,108.97652906147681,111.49845886230469,138235500,107.12389373779297,105.5040054321289,105.59133911132812,107.86109161376953,113.3608169555664,109.79907302856445,112.55088882446289,112.87117568969727,3.9859275237091207,0.040836502220684245,-0.0012074446589305232,0.03136866622081462
2020-11-05,114.40840493014188,116.02826677461476,113.36083886704176,115.45597839355469,126387100,111.49845886230469,107.12389373779297,105.5040054321289,111.85736083984375,112.2744369506836,110.11722717285156,112.74779434204102,112.72582550048828,4.0292465279134655,0.035493939303119504,0.003300287464470342,0.033215755556727594
2020-11-06,114.96527887670223,115.8203256136095,112.83736946099638,115.32479095458984,114457900,115.45597839355469,111.49845886230469,107.12389373779297,105.59133911132812,111.58577728271484,110.49112854003906,112.84114303588868,112.60719299316406,4.068002378993996,-0.0011362550540056082,0.003800033699487626,0.03309542223044171
2020-11-09,117.083465097586,118.53121707167843,112.75963885381937,113.02198028564453,154515300,115.32479095458984,115.45597839355469,111.49845886230469,105.5040054321289,111.59546661376953,110.63377990722657,112.4590057373047,112.44643280029297,3.629759257953664,-0.01996804546432751,0.0017945458501370415,0.03394223306063375
2020-11-10,112.27381007713998,114.25596336763643,110.89406574913825,112.68190002441406,138023400,113.02198028564453,115.32479095458984,115.45597839355469,107.12389373779297,113.0988998413086,110.5920799255371,112.21991004943848,112.19676300048827,3.435006599900051,-0.0030089745408015123,0.00014643127948491542,0.03371155542908836
2020-11-11,113.86732041488949,116.23813418126791,113.13858512576901,116.10210418701172,112295000,112.68190002441406,113.02198028564453,115.32479095458984,111.49845886230469,107.86109161376953,111.41618118286132,112.1474594116211,111.91578384399413,3.330329673608248,0.030352737767615157,0.007812880279779411,0.030540564024577693
2020-11-12,116.22842646880996,117.1126214574974,115.20819406878398,115.83004760742188,103162300,116.10210418701172,112.68190002441406,113.02198028564453,115.45597839355469,111.85736083984375,111.81344985961914,112.08468627929688,111.68329467773438,3.2430421012524255,-0.0023432527902477185,0.0038735403691726455,0.028843793445258937
2020-11-13,116.05352071993178,116.27699537989376,114.52803521767761,115.87862396240234,81581900,115.83004760742188,116.10210418701172,112.68190002441406,115.32479095458984,105.59133911132812,112.84217834472656,112.10630493164062,111.65585876464844,3.267975539080718,0.00041937611167264244,0.009517274483913107,0.019983607911063496
2020-11-16,115.54827474511946,117.55958400464418,114.80010971790968,116.88915252685547,91183000,115.87862396240234,115.83004760742188,116.10210418701172,113.02198028564453,105.5040054321289,113.98069305419922,112.32588577270508,111.6470817565918,3.4387258429915595,0.00872057787621805,0.010472041402732824,0.019659926215982372
2020-11-17,116.16040329852451,117.24864320805052,115.58712770640344,116.00493621826172,74271000,116.88915252685547,115.87862396240234,115.83004760742188,112.68190002441406,107.12389373779297,114.8687973022461,112.42705307006835,111.77853179931641,3.518830782160129,-0.007564571129819786,0.008180203430010746,0.02035129484587932
2020-11-18,115.24706694247119,116.42275908285534,114.65436159878705,114.68350982666016,76322100,116.00493621826172,116.88915252685547,115.87862396240234,116.10210418701172,111.49845886230469,115.18730239868164,112.49318771362304,111.79625564575196,3.5495992188520145,-0.011391122090833372,0.0029574409988589847,0.01754805236090581
2020-11-19,114.25596702688232,115.68428930116418,113.4980835539356,115.27619934082031,74113000,114.68350982666016,116.00493621826172,116.88915252685547,115.83004760742188,115.45597839355469,115.1693244934082,112.64327583312988,111.9001333618164,3.6029243285179815,0.00516804477867816,-7.514845358514987e-05,0.013440007995398077
2020-11-20,115.27618251450892,115.40249393720353,113.96446074025316,114.0130386352539,73604300,115.27619934082031,114.68350982666016,116.00493621826172,115.87862396240234,115.32479095458984,115.03814926147462,112.76463890075684,112.0076528930664,3.6063071773431985,-0.010957688688467249,-0.0010572918170313138,0.013877888140371747
2020-11-23,113.85759556092404,114.28512261237464,110.52484606012634,110.62200927734375,127959300,114.0130386352539,115.27619934082031,114.68350982666016,116.88915252685547,113.02198028564453,114.79815216064453,112.71596603393554,111.9821697998047,3.6294127014897,-0.029742469795569715,-0.002034734250155534,0.0155956935230389
2020-11-24,110.68031687022992,112.56530706965945,109.39773567263003,111.90458679199219,113874200,110.62200927734375,114.0130386352539,115.27619934082031,116.00493621826172,112.68190002441406,114.72042083740234,112.65625038146973,111.97884658813477,3.6326043534646737,0.011594234483961019,-0.0005744133476792812,0.016167543554948927
2020-11-25,112.27382503154757,113.43979858279869,111.90459439029078,112.7402114868164,76499200,111.90458679199219,110.62200927734375,114.0130386352539,114.68350982666016,116.10210418701172,114.38423156738281,112.90020637512207,112.05838806152343,3.453020681499333,0.007467296192045003,-0.0028629575052362966,0.01250915777435203
2020-11-27,113.26490259506915,114.158816151439,112.92482759135008,113.28433227539062,46691300,112.7402114868164,111.90458679199219,110.62200927734375,115.27619934082031,115.83004760742188,114.1296600341797,112.97155494689942,112.18353637695313,3.445071981780215,0.004826324000978488,-0.0021459998261136757,0.012745482545972438
2020-11-30,113.65355580646789,117.54014397849063,113.49808872130923,115.6745834350586,169410200,113.28433227539062,112.7402114868164,111.90458679199219,114.0130386352539,115.87862396240234,114.10925598144532,113.47571716308593,112.42438858032227,3.019734082549188,0.02109957406870122,-7.798003041081802e-05,0.014731049676750915
2020-12-01,117.57901628913943,119.96926723797301,116.60736920035771,119.24053192138672,127728200,115.6745834350586,113.28433227539062,112.7402114868164,110.62200927734375,116.88915252685547,114.34439392089844,114.16254348754883,112.67370513916016,2.6507931080638234,0.030827415845678052,0.0021327037665351822,0.017581214929990863
2020-12-02,118.56039614708436,119.87212588677608,117.4624374051066,119.59034729003906,89004200,119.24053192138672,115.6745834350586,113.28433227539062,111.90458679199219,116.00493621826172,114.70293502807617,114.78586616516114,112.89645690917969,2.3581350631321056,0.002933695137178338,0.0031825303932349947,0.01724810827962138
2020-12-03,120.01784962535093,120.27047995352808,118.74499426371094,119.45429992675781,78967600,119.59034729003906,119.24053192138672,115.6745834350586,112.7402114868164,114.68350982666016,115.18001403808594,115.18365821838378,113.20747146606445,2.443871768568193,-0.0011376115745470594,0.004207881444863626,0.016577206523599175
2020-12-04,119.12392660773527,119.37655691588907,118.07454601670749,118.78385162353516,78260400,119.45429992675781,119.59034729003906,119.24053192138672,113.28433227539062,115.27619934082031,115.53077926635743,115.35005187988281,113.48373733520508,2.5732548758725704,-0.005612592461164967,0.0031298177208793133,0.016856029469586805
2020-12-07,118.84217384185906,121.03809872222877,118.78387737852155,120.24134826660156,86712000,118.78385162353516,119.45429992675781,119.59034729003906,115.6745834350586,114.0130386352539,116.15361022949219,115.5958797454834,113.71039138793945,2.795924551972253,0.012270158132990039,0.005452602403025042,0.016289963728682025
2020-12-08,120.84375108576852,121.43645640289948,119.6000365852931,120.85346221923828,82225500,120.24134826660156,118.78385162353516,119.45429992675781,119.24053192138672,110.62200927734375,117.17675552368163,115.98745384216309,113.89729705810547,2.960061321211091,0.0050907109863698174,0.008935920481218995,0.010689398042143364
2020-12-09,120.99922399995596,122.37896123763355,117.56931058790569,118.32719421386719,115089200,120.85346221923828,120.24134826660156,118.78385162353516,119.59034729003906,111.90458679199219,117.81901626586914,116.26971855163575,114.05055541992188,2.896745261786264,-0.0209035633649306,0.005686140696329833,0.014166025675283465
2020-12-10,117.08347755039478,120.35793100204793,116.74340254220034,119.74578857421875,81312200,118.32719421386719,120.85346221923828,120.24134826660156,119.45429992675781,112.7402114868164,118.51957397460937,116.4519027709961,114.198818359375,2.998444118933187,0.011988743329682583,0.006138285410093591,0.01430070894717887
2020-12-11,118.95873784398792,119.27938312055916,117.13204422429256,118.9393081665039,86939800,119.74578857421875,118.32719421386719,120.85346221923828,118.78385162353516,113.28433227539062,119.0850715637207,116.6073657989502,114.31194061279297,3.0447520186713293,-0.00673493754826282,0.00498215925516946,0.014874380798551462
2020-12-14,119.12394461719592,119.85268001340195,118.0940009627436,118.32719421386719,79184500,118.9393081665039,119.74578857421875,118.32719421386719,120.24134826660156,115.6745834350586,119.35033264160157,116.72979431152343,114.48595626831055,3.063080256929738,-0.005146439491474197,0.0023575578991519184,0.014004590385464555
2020-12-15,120.81460252887871,124.27367140820184,120.61055751786674,124.25423431396484,157243700,118.32719421386719,118.9393081665039,119.74578857421875,120.85346221923828,119.24053192138672,119.85170288085938,117.09804840087891,114.71100189208984,3.4954582063200084,0.050090261494623034,0.004283842464046417,0.018844183970333692
2020-12-16,123.79755773169585,124.73033062366706,122.9716517851633,124.18621063232422,98208600,124.25423431396484,118.32719421386719,118.9393081665039,118.32719421386719,119.59034729003906,120.3112892150879,117.50711212158203,114.99948211669921,3.8240707188603658,-0.0005474556421855015,0.003935727386110033,0.018903956458554135
2020-12-17,125.24531371153455,125.90604149372504,124.40969655609783,125.05098724365234,94359800,124.18621063232422,124.25423431396484,118.32719421386719,119.74578857421875,119.45429992675781,120.87095794677734,118.02548599243164,115.26801040649414,4.11294434765969,0.006963547779780921,0.004745843321542831,0.018835846964764882
2020-12-18,125.30361605465058,125.43964605507787,122.5441344465272,123.0688247680664,192541500,125.05098724365234,124.18621063232422,124.25423431396484,118.9393081665039,118.78385162353516,121.29945526123046,118.41511726379395,115.49902954101563,4.206826227708551,-0.01585083428189049,0.0037220191394702782,0.019718986774729767
2020-12-21,121.47531311924551,124.67203286094654,119.94982751976666,124.59429931640625,121251600,123.0688247680664,125.05098724365234,124.18621063232422,118.32719421386719,120.24134826660156,121.73475036621093,118.94418029785156,115.72175918579102,4.288639779451276,0.012395296300380831,0.003734532956209358,0.01972505300738985
2020-12-22,127.87848972538272,130.5991048748753,125.97405467288996,128.14083862304688,168904800,124.59429931640625,123.0688247680664,125.05098724365234,124.25423431396484,120.85346221923828,122.4634880065918,119.82012176513672,115.87128143310547,4.288483456480029,0.028464699637936297,0.006071931821366006,0.021231022993113965
2020-12-23,128.4128759447762,128.6752099698852,127.07199828959047,127.24690246582031,88223700,128.14083862304688,124.59429931640625,123.0688247680664,124.18621063232422,118.32719421386719,123.3554588317871,120.58723754882813,116.06694320678712,4.1685713943543385,-0.006976200302982738,0.007464668127560792,0.019663802907909027
2020-12-24,127.59670678746939,129.67603102914552,127.3829432351903,128.228271484375,54930100,127.24690246582031,128.14083862304688,124.59429931640625,125.05098724365234,119.74578857421875,124.20370712280274,121.36164054870605,116.28048629760742,4.0715853849294055,0.007712321475316752,0.007037025942124209,0.019600883201666575
2020-12-28,130.1910087492954,133.44601785068772,129.72460743607215,132.814453125,124486200,128.228271484375,127.24690246582031,128.14083862304688,123.0688247680664,118.9393081665039,125.59122161865234,122.33814659118653,116.5950651550293,4.3639134376465565,0.03576576044841895,0.011287095741792385,0.020850776365776123
2020-12-29,134.13589678161503,134.8549062093824,130.53107920371312,131.04605102539062,121047300,132.814453125,128.228271484375,127.24690246582031,124.59429931640625,118.32719421386719,126.86310729980468,123.10671997070312,116.90706115722656,4.4806102394514395,-0.013314831767179847,0.01047025651422182,0.021708460637265125
2020-12-30,131.73592955161843,132.13430846309575,129.61773093964035,129.9286651611328,96452100,131.04605102539062,132.814453125,128.228271484375,128.14083862304688,124.25423431396484,127.43055038452148,123.64112663269043,117.2556837463379,4.630114303355946,-0.008526665668401656,0.004608563797919352,0.017284737043348413
2020-12-31,130.27846074381847,130.91975146585497,127.9853727167279,128.92787170410156,99116600,129.9286651611328,131.04605102539062,132.814453125,127.24690246582031,124.18621063232422,127.90471649169922,124.10800285339356,117.554609375,4.670752237616338,-0.007702637872790463,0.0038930455748588553,0.017665788339028318
2021-01-04,129.73434606845893,129.82179076341993,123.16600852724952,125.74087524414062,143301900,128.92787170410156,129.9286651611328,131.04605102539062,128.228271484375,125.05098724365234,127.97370529174805,124.42233161926269,117.80221054077148,4.551089358851591,-0.02471922027283069,0.0007247687695976946,0.019769715034070035
2021-01-05,125.23556923440636,128.00476884946957,124.78860513373438,127.29545593261719,97664900,125.74087524414062,128.92787170410156,129.9286651611328,132.814453125,123.0688247680664,128.39636840820313,124.8479118347168,118.10263092041015,4.391234624105047,0.012363367802698644,0.003546188978056608,0.019144703194823025
2021-01-06,124.0987683518539,127.33435496235823,122.7967573877346,123.0105209350586,155088000,127.29545593261719,125.74087524414062,128.92787170410156,131.04605102539062,124.59429931640625,128.23799057006835,124.98637046813965,118.33112579345703,4.280605284932902,-0.03366133508981495,-0.0010594741609629699,0.022092353531680486
2021-01-07,124.72057921025156,127.89786827960387,124.23475582828988,127.20799255371094,109578200,123.0105209350586,127.29545593261719,125.74087524414062,129.9286651611328,128.14083862304688,128.14470596313475,125.30409698486328,118.64337631225585,4.192623357951618,0.03412286678200749,-0.0004936574465558508,0.02298687439797759
2021-01-08,128.67518495872093,128.86952618923627,126.53756485844092,128.30596923828125,105158200,127.20799255371094,123.0105209350586,127.29545593261719,128.92787170410156,127.24690246582031,128.25061264038087,125.80303573608398,118.9475177001953,3.902354141120609,0.008631349827383783,0.0010670975664808014,0.023027641325281775
2021-01-11,125.5270809622862,126.47929089114106,124.85664214589357,125.32302856445312,100384500,128.30596923828125,127.20799255371094,123.0105209350586,125.74087524414062,128.228271484375,127.96008834838867,126.0818977355957,119.29675643920899,3.6369729491285305,-0.023248650795727244,-0.0020289996606235984,0.02409169709964929
2021-01-12,124.85666571536174,126.01292826031991,123.26316489383075,125.14816284179688,91951100,125.32302856445312,128.30596923828125,127.20799255371094,127.29545593261719,132.814453125,127.19345932006836,126.39234046936035,119.56257247924805,3.2383528439918647,-0.001395319955632246,-0.005745107701028718,0.020159232488862432
2021-01-13,125.10929589304283,127.72302939531502,124.84696180760955,127.17890930175781,88636800,125.14816284179688,125.32302856445312,128.30596923828125,123.0105209350586,131.04605102539062,126.80674514770507,126.83492622375488,119.99432388305664,2.6248420213851618,0.01622673808266817,-0.0027909507160439164,0.021070629217640593
2021-01-14,127.09145562889725,127.28578210198899,125.1092870553467,125.25504302978516,90221800,127.17890930175781,125.14816284179688,125.32302856445312,127.20799255371094,129.9286651611328,126.33938293457031,126.8849666595459,120.38934463500976,2.5822480656285625,-0.015127243051030526,-0.0034510084543068033,0.02137150663078386
2021-01-15,125.12871028033413,126.52788445335536,123.39917965706009,123.53520965576172,111598500,125.25504302978516,127.17890930175781,125.14816284179688,128.30596923828125,128.92787170410156,125.80011672973633,126.85241661071777,120.71757095336915,2.6218564551093038,-0.013730651736030053,-0.004053809840630762,0.02158866132229954
2021-01-19,124.15704975663279,125.06068915645737,123.34086985277312,124.20563507080078,90757300,123.53520965576172,125.25504302978516,127.17890930175781,125.32302856445312,125.74087524414062,125.64659271240234,126.81014900207519,120.97171447753907,2.6589775230486485,0.005426998641984371,-0.0010391879491492562,0.020457489171632967
2021-01-20,125.0121142129877,128.73352422939956,124.90523244341398,128.28656005859375,104319500,124.20563507080078,123.53520965576172,125.25504302978516,125.14816284179688,127.29545593261719,125.745703125,127.07103576660157,121.22832611083984,2.525179643418916,0.0328561983960447,0.0010100951101853495,0.022837232934893193
2021-01-21,130.00641504597513,135.70998009916667,129.80236258422073,132.98936462402344,120150900,128.28656005859375,124.20563507080078,123.53520965576172,127.17890930175781,123.0105209350586,126.74358749389648,127.49078903198242,121.58161758422851,2.776998089040115,0.03665859122952342,0.008042087742119185,0.0217768247680479
2021-01-22,132.4160646907934,135.88485193048166,131.19179469063414,135.12696838378906,114459400,132.98936462402344,128.28656005859375,124.20563507080078,125.25504302978516,127.20799255371094,127.5354850769043,127.84009552001953,122.0237173461914,3.26037630629652,0.01607349404073699,0.006237150467992137,0.02005489504938064
2021-01-25,139.01355380816258,140.97627022018892,132.6686847833474,138.8677978515625,157611700,135.12696838378906,132.98936462402344,128.28656005859375,123.53520965576172,128.30596923828125,128.59166793823243,128.42114028930663,122.54743530273437,4.081260768502176,0.027683811103855316,0.00814239659563929,0.021181010291619645
2021-01-26,139.5285097015661,140.2086596098709,137.36172630104042,139.10098266601562,98390600,138.8677978515625,135.12696838378906,132.98936462402344,124.20563507080078,125.32302856445312,129.96946334838867,128.96477584838868,123.00741287231445,4.727234320755518,0.001679185657587734,0.010635180240970788,0.01835438884554646
2021-01-27,139.36334793740457,140.20869106595407,136.42898412808006,138.03219604492188,140843800,139.10098266601562,138.8677978515625,135.12696838378906,128.28656005859375,125.14816284179688,131.25786666870118,129.22566299438478,123.45145584106446,5.08157142070489,-0.007683530343275402,0.010006359202206471,0.018911608347322504
2021-01-28,135.5642045936499,137.96417406452278,132.82415271471342,133.20309448242188,142621100,138.03219604492188,139.10098266601562,138.8677978515625,132.98936462402344,127.17890930175781,131.86028518676758,129.33351516723633,123.79794525146484,5.1447392691625105,-0.034985327342965666,0.004885152659643089,0.023433431846140145
2021-01-29,131.97885239900157,132.86305498594893,126.51819940588042,128.2185821533203,177523800,133.20309448242188,138.03219604492188,139.10098266601562,135.12696838378906,125.25504302978516,132.1566390991211,129.2480110168457,124.02453384399413,5.148536602105586,-0.03742039438700384,0.0026558375260457567,0.026419051252995998
2021-02-01,129.95777399701672,131.54156320206033,127.2177225988055,130.3367156982422,106239800,128.2185821533203,133.20309448242188,138.03219604492188,138.8677978515625,123.53520965576172,132.83678970336913,129.31845321655274,124.31116943359375,5.153561366232383,0.016519708059078875,0.00568087350555665,0.02606376341680168
2021-02-02,131.8816374338767,132.44519444855226,130.7933975854858,131.16262817382812,83305400,130.3367156982422,128.2185821533203,133.20309448242188,139.10098266601562,124.20563507080078,133.53248901367186,129.58954086303712,124.6407518005371,5.097764459662487,0.006336759915740897,0.005771849632932302,0.026064366563060496
2021-02-03,131.9108002272906,131.92052618668296,129.82176496768204,130.1424102783203,89880900,131.16262817382812,130.3367156982422,128.2185821533203,138.03219604492188,128.28656005859375,133.71807403564452,129.73188858032228,124.93807601928711,5.070006896641274,-0.007778266642810228,0.0017084031290468093,0.024492830169181072
2021-02-04,132.4354611637118,133.50426374284237,130.77393862025266,133.4945526123047,84183100,130.1424102783203,131.16262817382812,130.3367156982422,133.20309448242188,132.98936462402344,133.76859283447266,130.25609016418457,125.32770629882812,4.876795433436279,0.025757493862419878,0.0006182933923364553,0.022959017332169474
2021-02-05,133.6551945582066,133.72330378796144,132.20527125837398,133.0810546875,75693800,133.4945526123047,130.1424102783203,131.16262817382812,128.2185821533203,135.12696838378906,133.56400146484376,130.54974327087402,125.77688720703125,4.860389971714759,-0.00309748912381147,-0.0012988049241183907,0.022316509695253714
2021-02-08,132.3707033433183,133.27569345960634,131.290562471288,133.22703552246094,71297200,133.0810546875,133.4945526123047,130.1424102783203,130.3367156982422,138.8677978515625,132.9999252319336,130.795796585083,126.20333618164062,4.865382281124735,0.001096931755641073,-0.003957492858939815,0.0199368468248877
2021-02-09,132.94481795724369,134.17093254443628,132.1955422076444,132.35122680664062,76774200,133.22703552246094,133.0810546875,133.4945526123047,131.16262817382812,139.10098266601562,132.3249496459961,131.14720649719237,126.5955564880371,4.700309871801287,-0.0065738062277356235,-0.0047827920474721505,0.01984820875016307
2021-02-10,132.80853804149436,133.3048279995829,130.7844904817518,131.74786376953125,73046600,132.35122680664062,133.22703552246094,133.0810546875,130.1424102783203,138.03219604492188,131.69651641845704,131.4771915435791,126.96482711791992,4.483653389878417,-0.004558801997286088,-0.004470319212873219,0.019822047241136623
2021-02-11,132.24414858851415,132.72097244544923,130.17145780866096,131.494873046875,64280000,131.74786376953125,132.35122680664062,133.22703552246094,133.4945526123047,133.20309448242188,131.52569427490235,131.69298973083497,127.28123291015625,4.368267824493153,-0.0019202643247318019,-0.001163812911049833,0.016674095780853257
2021-02-12,130.7358282220485,131.8840776657095,130.09357945780974,131.72837829589844,60145100,131.494873046875,131.74786376953125,132.35122680664062,133.0810546875,128.2185821533203,131.87667388916014,132.01665649414062,127.53098983764649,4.097575683095049,0.001775774550086151,0.002755803982659166,0.010763605029946987
2021-02-16,131.84518629017936,132.35118706954955,129.2178071626484,129.6070556640625,80576300,131.72837829589844,131.494873046875,131.74786376953125,133.22703552246094,130.3367156982422,131.8037078857422,132.32024879455565,127.73132400512695,3.6349203501429668,-0.016103763359713308,-0.000506543159220052,0.01106800130175888
2021-02-17,127.71927913473661,128.663186614112,125.9871636227175,127.32030487060547,97918500,129.6070556640625,131.72837829589844,131.494873046875,132.35122680664062,131.16262817382812,131.41947555541992,132.4759822845459,127.8886441040039,3.3222352814791405,-0.017643721491399478,-0.0029045912999340895,0.01198077910053783
2021-02-18,125.72438263501022,126.50286477250336,123.982542030246,126.22067260742188,96856700,127.32030487060547,129.6070556640625,131.72837829589844,131.74786376953125,130.1424102783203,131.02730178833008,132.3726879119873,128.03738052368163,3.4873602146365257,-0.008636739161920315,-0.002990438551845098,0.012022583938203154
2021-02-19,126.73639944443335,127.19375709134722,125.33513472608534,126.3763427734375,87668800,126.22067260742188,127.32030487060547,129.6070556640625,131.494873046875,133.4945526123047,130.31548080444335,132.04203681945802,128.16008041381835,3.730819057946428,0.00123331751289113,-0.005442856186797973,0.006929291254420022
2021-02-22,124.56639727156255,126.23040308983671,122.22123254914695,122.6104736328125,103916400,126.3763427734375,126.22067260742188,127.32030487060547,131.72837829589844,133.0810546875,129.2684226989746,131.41621208190918,128.19522064208985,4.205670704155883,-0.029798845717321498,-0.008112991846148975,0.01026619550084802
2021-02-23,120.43073670834654,123.30137584564321,115.20519230196524,122.4742431640625,158273000,122.6104736328125,126.3763427734375,126.22067260742188,129.6070556640625,133.22703552246094,128.19314346313476,130.59653434753417,128.27816162109374,4.2739166139978835,-0.0011110834557085392,-0.008333793367283937,0.010067932733820697
2021-02-24,121.57899194807914,122.18230857916163,118.94189453786483,121.97795867919922,111039900,122.4742431640625,122.6104736328125,126.3763427734375,127.32030487060547,132.35122680664062,127.15581665039062,129.74038314819336,128.32280502319335,4.194954419620455,-0.004052153922669888,-0.008081628136777364,0.010148171342453662
2021-02-25,121.32599812486836,123.05811336412599,117.29736837706596,117.73526000976562,148199500,121.97795867919922,122.4742431640625,122.6104736328125,126.22067260742188,131.74786376953125,125.75455627441406,128.72553634643555,128.2987240600586,4.525516829483702,-0.034782502637151436,-0.011103998200763899,0.013064147807394288
2021-02-26,119.29221728289741,121.49142336780443,117.93961010314024,117.99800109863281,164560400,117.73526000976562,121.97795867919922,122.4742431640625,126.3763427734375,131.494873046875,124.40486907958984,127.9652816772461,128.2921401977539,4.9873391877310915,0.0022316261827204364,-0.010688809150018675,0.013448757529204531
2021-03-01,120.42099709481208,124.4885510714253,119.48682297794498,124.3523178100586,116307900,117.99800109863281,117.73526000976562,121.97795867919922,122.6104736328125,131.72837829589844,123.66726303100586,127.771968460083,128.29410186767578,5.051521074060708,0.05385105385060118,-0.005481281219967171,0.024419178049715152
2021-03-02,124.95565484356455,125.25731317881322,121.6471165286429,121.75415802001953,102260900,124.3523178100586,117.99800109863281,117.73526000976562,122.4742431640625,129.6070556640625,122.88197326660156,127.34284057617188,128.24546081542968,5.18496072843981,-0.020893537296245768,-0.005960258613620417,0.02469609196867766
2021-03-03,121.45247312532506,122.3282636330786,118.56236816181614,118.77645111083984,112966300,121.75415802001953,124.3523178100586,117.99800109863281,121.97795867919922,127.32030487060547,122.027587890625,126.72353172302246,128.11997009277343,5.438236553489869,-0.02445671636684532,-0.006641558101165001,0.025144132475283756
2021-03-04,118.47479173492613,120.27502322512267,115.42899483365645,116.89836883544922,178155000,118.77645111083984,121.75415802001953,124.3523178100586,117.73526000976562,126.22067260742188,121.09535751342773,126.0613296508789,127.9965609741211,5.794683511302215,-0.015811907645211898,-0.00735907494949416,0.025309227215978006
2021-03-05,117.72553558561702,118.65970985611862,114.40726400079701,118.15369415283203,153766600,116.89836883544922,118.77645111083984,121.75415802001953,117.99800109863281,126.3763427734375,120.2730926513672,125.29428672790527,127.86774887084961,5.774260406452701,0.010738604224237447,-0.006408546278359528,0.02584069696370692
2021-03-08,117.67686731260757,117.74498394850409,113.08383865170997,113.22980499267578,154376600,118.15369415283203,116.89836883544922,118.77645111083984,124.3523178100586,122.6104736328125,119.33502578735352,124.30172424316406,127.56952819824218,6.06419144673236,-0.04167359468073162,-0.00759602117470054,0.027268400802259767
2021-03-09,115.82796105806665,118.7764495417566,115.59441940046939,117.8325424194336,129525800,113.22980499267578,118.15369415283203,116.89836883544922,121.75415802001953,122.4742431640625,118.87085571289063,123.5319995880127,127.38124099731445,5.844716693377179,0.04064952180263437,-0.0034199606488662495,0.03127525526251363
2021-03-10,118.4164168777091,118.88350022910564,116.23666982400522,116.7524185180664,111943300,117.8325424194336,113.22980499267578,118.15369415283203,118.77645111083984,121.97795867919922,118.34830169677734,122.75205917358399,127.15172393798828,5.643213721574622,-0.009166601001635022,-0.003931405356762762,0.03132851518936907
2021-03-11,119.24356031125248,119.89553490297892,117.99799469596714,118.67916107177734,103026500,116.7524185180664,117.8325424194336,113.22980499267578,116.89836883544922,117.73526000976562,118.44269180297852,122.09862403869629,126.86901809692382,5.292476338853262,0.016502806350112476,0.0011971255419636283,0.029881304613457692
2021-03-12,117.16113540841165,117.91041846338683,115.95449457965704,117.77418518066406,88105100,118.67916107177734,116.7524185180664,117.8325424194336,118.15369415283203,117.99800109863281,118.42031021118164,121.41258964538574,126.60358078002929,4.883884467717151,-0.007625398451931664,0.00021142307849841835,0.030005706740926893
2021-03-15,118.14392886591953,120.66425119420424,117.18055570857445,120.6545181274414,92403800,117.77418518066406,118.67916107177734,116.7524185180664,113.22980499267578,124.3523178100586,118.05053024291992,120.8588966369629,126.41809783935547,4.237811503091202,0.024456403093419343,-0.0027280419972197656,0.025226279177884853
2021-03-16,122.3185625972274,123.79767749192085,121.36492956895167,122.19206237792969,115227900,120.6545181274414,117.77418518066406,118.67916107177734,117.8325424194336,121.75415802001953,118.09432067871094,120.48814697265625,126.28338165283203,3.725585920974478,0.012743362406571812,0.0006356479730619923,0.02477346582995216
2021-03-17,120.71294726523811,122.4742542742317,119.04894125801434,121.40384674072266,111932600,122.19206237792969,120.6545181274414,117.77418518066406,116.7524185180664,118.77645111083984,118.35706024169922,120.19232406616212,126.19664108276368,3.372721213682807,-0.006450628804096525,0.002436256729336872,0.023361145649499992
2021-03-18,119.5743861389264,119.86631876877308,117.08325541441393,117.28760528564453,121229700,121.40384674072266,122.19206237792969,120.6545181274414,118.67916107177734,116.89836883544922,118.39598388671875,119.74567070007325,125.99648406982422,3.1139426674699253,-0.03390536268483335,0.0006269112253747267,0.025531393794027024
2021-03-19,116.67458589773459,118.16342636251116,116.46050290360724,116.76216125488281,185549500,117.28760528564453,121.40384674072266,122.19206237792969,117.77418518066406,118.15369415283203,118.25683059692383,119.26496162414551,125.87151687622071,2.7582415445253274,-0.004479962136510807,-0.0008949454107000987,0.0253143392952922
2021-03-22,117.0930131834112,120.5377847911862,117.024896545298,120.07069396972656,111912300,116.76216125488281,117.28760528564453,121.40384674072266,120.6545181274414,113.22980499267578,118.9409194946289,119.13797264099121,125.72877090454102,2.652548545284152,0.02833565839554364,0.006105979896927427,0.022282884255195916
2021-03-23,120.01231762490714,120.89783397367995,118.85432728312398,119.24356842041016,95467100,120.07069396972656,116.76216125488281,117.28760528564453,122.19206237792969,117.8325424194336,119.08202209472657,118.9764389038086,125.5475228881836,2.5344245523262128,-0.0068886546914183056,0.0013521622475221595,0.0189101935909635
2021-03-24,119.51600693561616,119.5938566296314,116.8399849531247,116.85944366455078,88530500,119.24356842041016,120.07069396972656,116.76216125488281,121.40384674072266,116.7524185180664,119.092724609375,118.72051315307617,125.37825119018555,2.473070076905939,-0.01999373876043198,0.0002694484716424639,0.01986521027428553
2021-03-25,116.32425121223295,118.3872236915313,115.7987768800299,117.34600067138672,98844700,116.85944366455078,119.24356842041016,120.07069396972656,117.28760528564453,118.67916107177734,118.95940856933593,118.70105018615723,125.22220794677735,2.4827448855180463,0.004163608789997442,-0.0009644712843690395,0.019113858294459274
2021-03-26,117.1124522760085,118.21205879522662,115.72092053842741,117.9493179321289,94071200,117.34600067138672,116.85944366455078,119.24356842041016,116.76216125488281,117.77418518066406,118.97692184448242,118.69861602783203,125.03761611938477,2.4834942067525585,0.005141353410345051,0.000312203901858632,0.019045764648066153
2021-03-29,118.3775042989523,119.28248673827066,117.48225492917581,118.12449645996094,80819200,117.9493179321289,117.34600067138672,116.85944366455078,120.07069396972656,120.6545181274414,118.72391967773437,118.38722496032715,124.89500518798827,2.09778213110292,0.0014852017027586761,-0.001984916237207435,0.017095601510888587
2021-03-30,116.87893335491496,117.16113298447573,115.66255948137214,116.6745834350586,85671900,118.12449645996094,117.9493179321289,117.34600067138672,119.24356842041016,122.19206237792969,118.17217178344727,118.1332462310791,124.75779266357422,1.972440465239017,-0.012274448301193841,-0.004486697307984,0.016521701258237122
2021-03-31,118.3774946900482,120.19718506636265,117.89094519064328,118.86404418945312,118323800,116.6745834350586,118.12449645996094,117.9493179321289,116.85944366455078,121.40384674072266,117.9181915283203,118.13762588500977,124.65096084594727,1.9740404184602343,0.01876553307441786,-0.0019650811201325615,0.0180429217301548
2021-04-01,120.33343394406754,120.8394421912494,119.19490239563412,119.6911849975586,75089100,118.86404418945312,116.6745834350586,118.12449645996094,117.34600067138672,117.28760528564453,118.15854949951172,118.27726669311524,124.47905334472657,1.9805325264222051,0.006958713324503041,0.002121326480801078,0.014229814050055809
2021-04-05,120.53777850848313,122.7661761594041,119.75929632134557,122.51316833496094,88651200,119.6911849975586,118.86404418945312,116.6745834350586,117.9493179321289,116.76216125488281,118.73365020751953,118.49524040222168,124.26952941894531,2.1945508408155168,0.0235772027610881,0.004927042970560969,0.01549353139729006
2021-04-06,123.09702657327624,123.71007628588559,122.26989388745704,122.81482696533203,80171300,122.51316833496094,119.6911849975586,118.86404418945312,118.12449645996094,120.07069396972656,119.00806350708008,118.9744915008545,124.02328659057618,2.0241359453363184,0.0024622547475576795,0.0023397026057623725,0.013130178299820418
2021-04-07,122.4450511751175,124.47882455845117,121.7736104771957,124.45936584472656,83466700,122.81482696533203,122.51316833496094,119.6911849975586,116.6745834350586,119.24356842041016,119.52964324951172,119.30583267211914,123.73511795043946,2.344416206165051,0.013390393652215504,0.0043676074401257535,0.013112527740434853
2021-04-08,125.48111439308595,126.88237934347556,125.06268894589843,126.85318756103516,88844600,124.45936584472656,122.81482696533203,122.51316833496094,118.86404418945312,116.85944366455078,120.52901763916016,119.81087112426758,123.49016204833984,2.8076101920636796,0.01923376115619213,0.008290357431788164,0.010651515887570344
2021-04-09,126.30826602843275,129.46109760648577,125.9871415439433,129.42218017578125,106686700,126.85318756103516,124.45936584472656,122.81482696533203,119.6911849975586,117.34600067138672,121.73663558959962,120.34802207946777,123.31796173095704,3.517600078166115,0.02025169933952209,0.00989916648674063,0.011161710822951282
2021-04-12,128.9550531527241,129.27617752860823,127.11589707143067,127.70948791503906,91420000,129.42218017578125,126.85318756103516,124.45936584472656,122.51316833496094,117.9493179321289,122.71265258789063,120.84478721618652,123.20808959960938,3.8232510740814125,-0.01323337513257783,0.008061693632448342,0.013333203032920234
2021-04-13,128.8772026312571,131.0374830743866,128.38091275888675,130.81365966796875,91266500,127.70948791503906,129.42218017578125,126.85318756103516,122.81482696533203,118.12449645996094,123.9815689086914,121.3527442932129,123.25999114990235,4.424272372680282,0.024306508495240298,0.010343824311696503,0.014017969767041142
2021-04-14,131.3099933958929,131.36837696548068,128.1182295730411,128.478271484375,87222800,130.81365966796875,127.70948791503906,129.42218017578125,124.45936584472656,116.6745834350586,125.16193771362305,121.66705474853515,123.222822265625,4.701636871646769,-0.017852785324724008,0.009785990609343487,0.0150881927424871
2021-04-15,130.22012045971883,131.36837019796266,130.04495491166549,130.88182067871094,89347100,128.478271484375,130.81365966796875,127.70948791503906,126.85318756103516,118.86404418945312,126.36371536254883,122.14095344543458,123.21720611572266,5.13170449459885,0.01870782636290569,0.00978021993819227,0.015084387364405677
2021-04-16,130.6871670710185,131.04720886250462,129.69460217348174,130.55093383789062,84922400,130.88182067871094,128.478271484375,130.81365966796875,129.42218017578125,119.6911849975586,127.44969024658204,122.80411987304687,123.22537658691407,5.324869244774464,-0.0025281344582802623,0.00883153515991394,0.015571995303991065
2021-04-19,129.91842322109008,131.82570351653897,129.75299819698287,131.212646484375,94264200,130.55093383789062,130.88182067871094,128.478271484375,127.70948791503906,122.51316833496094,128.31963806152345,123.52664413452149,123.17973846435547,5.441012128496022,0.005068616723232777,0.006980676556128407,0.014700156485079436
2021-04-20,131.3878588859704,131.8841341353887,128.264203903013,129.52923583984375,94812300,131.212646484375,130.55093383789062,130.88182067871094,130.81365966796875,122.81482696533203,128.9910789489746,123.99957122802735,123.10870208740235,5.535065071600557,-0.012829637154919471,0.005451487365880692,0.015963498656019637
2021-04-21,128.7993896114448,130.15199668398512,127.76790700410929,129.90872192382812,68847100,129.52923583984375,131.212646484375,130.55093383789062,128.478271484375,124.45936584472656,129.53601455688477,124.53282890319824,123.04233581542968,5.566408583577812,0.0029297330562003676,0.004405421306279178,0.015726446493553287
2021-04-22,129.46108603950333,130.54122653689166,127.8749447465964,128.39068603515625,84566500,129.90872192382812,129.52923583984375,131.212646484375,130.88182067871094,126.85318756103516,129.68976440429688,125.10939102172851,122.963125,5.3215892410893115,-0.011685403922009008,0.0013135047984590641,0.01552533982716587
2021-04-23,128.60476763173878,131.4851323617936,128.60476763173878,130.7066650390625,78657500,128.39068603515625,129.90872192382812,129.52923583984375,130.55093383789062,129.42218017578125,129.818212890625,125.77742424011231,122.94230102539062,5.130921780541836,0.018038528147377386,0.0010921876792445938,0.015238500114348469
2021-04-26,131.20294297565732,131.426751593288,129.9671030596472,131.0959014892578,66905100,130.7066650390625,128.39068603515625,129.90872192382812,131.212646484375,127.70948791503906,130.15685424804687,126.43475341796875,122.93432159423828,4.912744580557243,0.002977938807320779,0.0027133190732344546,0.014383480528759218
2021-04-27,131.3781122600293,131.76736083305914,130.5023289552631,130.77479553222656,66015800,131.0959014892578,130.7066650390625,128.39068603515625,129.52923583984375,130.81365966796875,130.15296783447266,127.06726837158203,122.91524993896485,4.590265549459993,-0.0024493973753829668,3.7728486172128314e-05,0.012250898247834707
2021-04-28,130.69696109558785,131.38786811328342,129.50005314627617,129.98660278320312,107760100,130.77479553222656,131.0959014892578,130.7066650390625,129.90872192382812,128.478271484375,130.30380096435547,127.73286933898926,122.92284088134765,3.9202197759107564,-0.006027099838433303,0.0012202970348011988,0.01081915762471675
2021-04-29,132.7988386951313,133.38270410909877,128.88697605750357,129.88926696777344,151101000,129.98660278320312,130.77479553222656,131.0959014892578,128.39068603515625,130.88182067871094,130.2045455932617,128.28413047790528,122.97422012329102,3.3396387534881518,-0.0007488142112000995,-0.0007253670226093801,0.0089050246504807
2021-04-30,128.23495260572474,129.96706719986483,127.54406080548353,127.92356872558594,109839500,129.88926696777344,129.98660278320312,130.77479553222656,130.7066650390625,130.55093383789062,129.94180908203126,128.69574966430665,123.0082780456543,2.6637255146341894,-0.015133646436508164,-0.00198591822043217,0.010011958562137137
2021-05-03,128.48798358801744,130.46338819019584,128.28364111599663,128.9745330810547,75135100,127.92356872558594,129.88926696777344,129.98660278320312,131.0959014892578,131.212646484375,129.7179977416992,129.01881790161133,123.06024185180664,2.2311100058907223,0.008215564699599831,-0.0016712234227954648,0.010303544646756166
2021-05-04,127.66087574180307,127.9528084470389,123.29165535400072,124.41072082519531,137564700,128.9745330810547,127.92356872558594,129.88926696777344,130.77479553222656,129.52923583984375,129.20614624023438,129.0986125946045,123.0962467956543,2.0156871177547866,-0.035385375289486265,-0.003926797236252144,0.014593472655733613
2021-05-05,125.72439941828402,126.94077328039651,124.52749169549318,124.65399932861328,84000900,124.41072082519531,128.9745330810547,127.92356872558594,129.98660278320312,129.90872192382812,128.6806739807129,129.10834426879882,123.13984191894531,1.9924459861303125,0.0019554464583464437,-0.004024225896037537,0.014545785404014045
2021-05-06,124.44966880408143,126.25963409486535,123.71011125778644,126.24990844726562,78128300,124.65399932861328,124.41072082519531,128.9745330810547,129.88926696777344,128.39068603515625,128.46659622192382,129.07818031311035,123.22528091430664,2.032547085362368,0.012802710921814953,-0.0015754144116551406,0.015161003463720818
2021-05-07,127.54631080549646,127.94594783933177,126.2108903922729,126.92247009277344,78973300,126.24990844726562,124.65399932861328,124.41072082519531,127.92356872558594,130.7066650390625,128.08817672729492,128.95319480895995,123.4090251159668,2.086422631578276,0.005327224817661902,-0.0028465447446266888,0.013806142741667436
2021-05-10,126.14263998590019,126.26934761190338,123.6082792363769,123.64727020263672,88071200,126.92247009277344,126.24990844726562,124.65399932861328,128.9745330810547,131.0959014892578,127.34331359863282,128.75008392333984,123.52201049804688,2.3895713886377834,-0.025804728569675084,-0.005724811482326275,0.015368783651696919
2021-05-11,120.38186236478138,123.08192191649415,119.67029018955704,122.73101806640625,126142800,123.64727020263672,126.92247009277344,126.24990844726562,124.41072082519531,130.77479553222656,126.53893585205078,128.34595184326173,123.48958450317383,2.6871559136385064,-0.007410209175899185,-0.006220892662377897,0.015331329074934986
2021-05-12,120.28437887697672,121.49306907963458,119.1634127705143,119.67028045654297,112172300,122.73101806640625,123.64727020263672,126.92247009277344,124.65399932861328,129.98660278320312,125.50730361938477,127.90555229187012,123.4479069519043,3.3131799115957556,-0.024938582422637467,-0.008112040920798314,0.016431665898451384
2021-05-13,121.43459801116457,122.96495825371117,121.12267768901388,121.81475067138672,105861300,119.67028045654297,122.73101806640625,123.64727020263672,126.24990844726562,129.88926696777344,124.6998519897461,127.4521987915039,123.50867294311523,3.4995876775859647,0.01791982275517845,-0.006245177224160459,0.018313886097817277
2021-05-14,123.06242504546209,124.66101753625983,122.67252280548946,124.23212432861328,81918000,121.81475067138672,119.67028045654297,122.73101806640625,126.92247009277344,127.92356872558594,124.33070755004883,127.13625831604004,123.65534805297851,3.4903288740178087,0.019844671059154217,-0.0027473454745942207,0.019714385173886524
2021-05-17,123.61802565600583,123.72524895126948,122.00968366381709,123.0819091796875,74244600,124.23212432861328,121.81475067138672,119.67028045654297,123.64727020263672,128.9745330810547,123.7414451599121,126.72972145080567,123.75391235351563,3.463956357539697,-0.00925859680128538,-0.004494761624682741,0.01940672623200294
2021-05-18,123.36460169987382,123.78374532662899,121.62954445690447,121.6977767944336,63342900,123.0819091796875,124.23212432861328,121.81475067138672,122.73101806640625,124.41072082519531,123.47015075683593,126.33814849853516,123.92327178955078,3.571800946030446,-0.011245620046673177,-0.0020807861004014327,0.016406843104572487
2021-05-19,120.050447495282,121.76600548369002,119.75801895076617,121.54181671142578,92612000,121.6977767944336,123.0819091796875,124.23212432861328,119.67028045654297,124.65399932861328,123.15893249511718,125.91980323791503,123.99745727539063,3.62123144835228,-0.0012815360076071647,-0.0024044843469967934,0.016350196491570115
2021-05-20,122.06818662946591,124.49531683623646,121.94146411990351,124.09566497802734,76857100,121.54181671142578,121.6977767944336,123.0819091796875,121.81475067138672,126.24990844726562,122.94350814819336,125.70505218505859,124.14432220458984,3.5942416310683987,0.021012095554447052,-0.0015835458837335837,0.01737270641791904
2021-05-21,124.59280216593018,124.76825782596866,122.04869881375613,122.26314544677734,79295400,124.09566497802734,121.54181671142578,121.6977767944336,124.23212432861328,126.92247009277344,122.47757568359376,125.28287620544434,124.21600189208985,3.469558024681631,-0.014766990704908722,-0.0035929674359906462,0.017644530378397725
2021-05-24,122.82848472896345,124.70975612799803,122.76025239580743,123.89096069335938,63092900,122.26314544677734,124.09566497802734,121.54181671142578,123.0819091796875,123.64727020263672,122.50194473266602,124.92262916564941,124.33833740234375,3.197609568469018,0.013314030492456386,0.00031890847022250093,0.01647024787543469
2021-05-25,124.59279202902988,125.08017543327662,123.1306641265909,123.6960220336914,72009500,123.89096069335938,122.26314544677734,124.09566497802734,121.6977767944336,122.73101806640625,122.59844512939453,124.56869049072266,124.39916748046875,2.8930105813915095,-0.0015734695943674382,0.0009025824283756756,0.01626808965074414
2021-05-26,123.75449350065962,124.17363709199465,123.22812661130169,123.64727020263672,56575900,123.6960220336914,123.89096069335938,122.26314544677734,121.54181671142578,119.67028045654297,122.9961441040039,124.25172386169433,124.42827163696289,2.600673790393499,-0.0003941261024660303,0.0033570280603928194,0.013562731970420825
2021-05-27,123.24763627844212,124.41733561849655,121.92197306010468,122.1169204711914,94625600,123.64727020263672,123.6960220336914,123.89096069335938,124.09566497802734,121.81475067138672,123.02636108398437,123.86310653686523,124.44253311157226,2.2741291434051556,-0.012376736897930174,0.000327372095081957,0.013330072535741285
2021-05-28,122.3995899273286,122.6237861257757,121.40534630909178,121.46382904052734,71311100,122.1169204711914,123.64727020263672,123.6960220336914,122.26314544677734,124.23212432861328,122.74953155517578,123.54011955261231,124.52605758666992,2.1206301364313247,-0.005348083035046192,-0.002191903314338084,0.011484462210933105
2021-06-01,121.92197831860382,122.18515807859856,120.81076166659518,121.14217376708984,67637100,121.46382904052734,122.1169204711914,123.64727020263672,123.89096069335938,123.0819091796875,122.55555801391601,123.14850158691407,124.61365783691406,1.7561077221830397,-0.0026481568708836,-0.0015308593212979061,0.01121970523147757
2021-06-02,121.14217571934485,122.07793673418138,120.91798692698966,121.90248107910156,59278900,121.14217376708984,121.46382904052734,122.1169204711914,123.6960220336914,121.6977767944336,122.5760284423828,123.02308959960938,124.65029357910156,1.750776950468059,0.006276157083605849,0.00022131839172999656,0.01089754167561571
2021-06-03,121.5320538514475,121.69775987143738,120.02118559755706,120.42083740234375,76229200,121.90248107910156,121.14217376708984,121.46382904052734,123.64727020263672,121.54181671142578,122.46393051147462,122.81143150329589,124.67383895874023,1.798464924885533,-0.012154335692284968,-0.0008659615767377838,0.011584876139506234
2021-06-04,120.93746163646239,122.97469686847107,120.72301503974921,122.71150970458984,75169300,120.42083740234375,121.90248107910156,121.14217376708984,122.1169204711914,124.09566497802734,122.32551498413086,122.6345115661621,124.79088027954101,1.606170552380693,0.01902222531963149,-0.0010649486002193397,0.0111772528544147
2021-06-07,122.9844550910691,123.13066937489863,121.67829101219802,122.72127532958984,71057600,122.71150970458984,120.42083740234375,121.90248107910156,121.46382904052734,122.26314544677734,122.3713279724121,122.42445182800293,124.89838577270508,1.2514061727798274,7.958198072466338e-05,0.00041970866834399877,0.010087950748319884
2021-06-08,123.4035896495703,125.21663622404847,123.02343700167279,123.54005432128906,74403800,122.72127532958984,122.71150970458984,120.42083740234375,121.14217376708984,123.89096069335938,122.33623733520508,122.41909103393554,125.01020050048828,1.2461105839155602,0.006671858563238153,-0.0002445085245778245,0.009335206662685704
2021-06-09,123.99818609803275,124.52455300706954,123.32560491924683,123.92020416259766,56877900,123.54005432128906,122.72127532958984,122.71150970458984,121.90248107910156,123.6960220336914,122.3586555480957,122.47855033874512,125.12611465454101,1.28939753643786,0.0030771383693901644,0.0002205522717979358,0.00937739087163848
2021-06-10,123.81298472926724,124.95345011953233,122.76025831506651,122.92596435546875,71186400,123.92020416259766,123.54005432128906,122.72127532958984,120.42083740234375,123.64727020263672,122.28652496337891,122.6413345336914,125.25114227294922,1.1091058470929571,-0.008023226025550723,-0.0005423577205105334,0.009736420004771354
2021-06-11,123.33536251537065,124.22239035571975,122.91621888119515,124.13465881347656,53522400,122.92596435546875,123.92020416259766,123.54005432128906,122.71150970458984,122.1169204711914,122.48829879760743,122.7573299407959,125.35655456542969,1.139017990127483,0.009832702670630189,0.0016785862363455028,0.009258295365021008
2021-06-14,124.59278699385679,127.24410590291394,123.8617230721818,127.18562316894531,96906500,124.13465881347656,122.92596435546875,123.92020416259766,122.72127532958984,121.46382904052734,123.06047821044922,122.9050048828125,125.50644332885742,1.4805490146882352,0.024577860725046197,0.004671180612354742,0.011337699049630057
2021-06-15,126.65926509447159,127.30260492232891,126.12314857125716,126.36683654785156,62746300,127.18562316894531,124.13465881347656,122.92596435546875,123.54005432128906,121.14217376708984,123.58294448852538,123.0692512512207,125.58351669311523,1.67114723073546,-0.006437729365103784,0.004292223362932723,0.011668046924946045
2021-06-16,127.0783839579929,127.58525904482703,125.21661937439929,126.86393737792969,91815000,126.36683654785156,127.18562316894531,124.13465881347656,123.92020416259766,121.90248107910156,124.0790901184082,123.3275592803955,125.66449890136718,1.8388521609244937,0.0039337918369894975,0.004057986838271088,0.01164728716168417
2021-06-17,126.52282306860805,129.20339129093645,126.37660133235921,128.4625701904297,96721700,126.86393737792969,126.36683654785156,127.18562316894531,122.92596435546875,120.42083740234375,124.8832633972168,123.6735969543457,125.74456298828125,2.115491571749007,0.0126011603103382,0.006533536438533405,0.010380519345528706
2021-06-18,127.40983331102534,128.1896229684165,126.95169870686416,127.16614532470703,108953300,128.4625701904297,126.86393737792969,126.36683654785156,124.13465881347656,122.71150970458984,125.32872695922852,123.82712097167969,125.75082214355469,2.254576018461506,-0.010091849040548273,0.0036221290025154284,0.0105697145799804
2021-06-21,127.0101523182265,129.06687904605207,125.94767651117064,128.95965576171875,79663300,127.16614532470703,128.4625701904297,126.86393737792969,127.18562316894531,122.72127532958984,125.9525650024414,124.16194648742676,125.74157165527343,2.4945612297026503,0.014103678557151778,0.00502453866015814,0.01097024009615942
2021-06-22,128.79400746985203,130.69477120433336,128.2968743499232,130.5972900390625,74783600,128.95965576171875,127.16614532470703,128.4625701904297,126.36683654785156,123.54005432128906,126.65828857421874,124.49726295471191,125.79932769775391,2.877547836799491,0.012698810861977217,0.005627233890032046,0.01123320418061193
2021-06-23,130.39256533356104,130.92868185123652,129.8661909803765,130.32432556152344,60214200,130.5972900390625,128.95965576171875,127.16614532470703,126.86393737792969,123.92020416259766,127.29870071411133,124.82867813110352,125.789541015625,3.1492797901445932,-0.0020901235964193576,0.005110507693451094,0.011479684690098881
2021-06-24,131.05536118547494,131.240566385548,129.57373445842103,130.0416259765625,68711000,130.32432556152344,130.5972900390625,128.95965576171875,128.4625701904297,122.92596435546875,128.0102668762207,125.14839591979981,125.82080810546876,3.3417298702878417,-0.00216920044468194,0.005695910251537972,0.010868510441134384
2021-06-25,130.0904368018557,130.50957311385895,129.45683893971847,129.749267578125,70783700,130.0416259765625,130.32432556152344,130.5972900390625,127.16614532470703,124.13465881347656,128.57172775268555,125.53001327514649,125.79815704345702,3.412373402288979,-0.002248190886894874,0.004487820895785466,0.01102785143446452
2021-06-28,130.04165459260284,131.83519451956099,129.98317185834844,131.37705993652344,62111300,129.749267578125,130.0416259765625,130.32432556152344,128.95965576171875,127.18562316894531,128.99087142944336,126.02567481994629,125.81467956542969,3.5092512740718664,0.012545676663787697,0.003284602489659616,0.009075997400064728
2021-06-29,131.39657011097157,133.04390333984907,130.95793469390316,132.887939453125,64556100,131.37705993652344,129.749267578125,130.0416259765625,130.5972900390625,126.36683654785156,129.6429817199707,126.61296310424805,125.84818542480468,3.62974544831634,0.01150032979373683,0.005078408405543677,0.008706068133179298
2021-06-30,132.73201258579877,133.94071073471778,132.43958393501555,133.5020751953125,63261400,132.887939453125,131.37705993652344,129.749267578125,130.32432556152344,126.86393737792969,130.306795501709,127.1929428100586,125.92764221191406,3.761786275602205,0.004621455827480414,0.005147174804592769,0.008698735357952575
2021-07-01,133.15107166913734,133.86263615737064,132.3322690387213,133.8041534423828,52485800,133.5020751953125,132.887939453125,131.37705993652344,130.0416259765625,128.4625701904297,130.8409538269043,127.86210861206055,126.00555084228516,3.6832531433592717,0.002262723232042463,0.004113331096763195,0.008320535534858493
2021-07-02,134.41829838230024,136.4652835854969,134.27209152787285,136.42630004882812,78852600,133.8041534423828,133.5020751953125,132.887939453125,129.749267578125,127.16614532470703,131.7669692993164,128.54784812927247,126.16626312255859,3.941497529953088,0.019596899939092083,0.0070822059947272305,0.007978397110292022
2021-07-06,136.53348691022637,139.53570925876045,136.53348691022637,138.4342498779297,108181800,136.42630004882812,133.8041534423828,133.5020751953125,131.37705993652344,128.95965576171875,132.7144287109375,129.33349685668946,126.32081481933594,4.271199531266395,0.01471820190375972,0.007143658329388025,0.008040612032600312
2021-07-07,139.91589835234652,141.2318195282519,139.0581266890823,140.91990661621094,104911600,138.4342498779297,136.42630004882812,133.8041534423828,132.887939453125,130.5972900390625,133.74669036865234,130.20248947143554,126.517294921875,4.769407525252682,0.017955504078456697,0.0076693276510359735,0.008596743461032699
2021-07-08,138.00536723887996,140.42274763655988,137.11833949517367,139.6234588623047,105575500,140.91990661621094,138.4342498779297,136.42630004882812,133.5020751953125,130.32432556152344,134.67660369873047,130.9876522064209,126.69426818847656,4.969145112595822,-0.009199890810579814,0.006958350929619927,0.009714849727685406
2021-07-09,139.14585831818513,141.972633378387,139.04837716154248,141.44627380371094,99890800,139.6234588623047,140.91990661621094,138.4342498779297,133.8041534423828,130.0416259765625,135.81706848144532,131.913667678833,126.92346160888673,5.111378027482814,0.013055219776526794,0.008480792951740802,0.009310006955614127
2021-07-12,142.51850183873523,142.62572515772004,140.36429329314447,140.85166931152344,76299700,141.44627380371094,139.6234588623047,140.91990661621094,136.42630004882812,129.749267578125,136.92730865478515,132.74951820373536,127.14270965576172,5.139114677574358,-0.004203748011154085,0.00828523723931488,0.00957711468081465
2021-07-13,140.39350901995923,143.7369156295679,140.00361422588887,141.96286010742188,100827100,140.85166931152344,141.44627380371094,139.6234588623047,138.4342498779297,131.37705993652344,137.985888671875,133.48838005065917,127.42349548339844,5.354830078463928,0.00788908503058483,0.007819578075994593,0.009459429971105951
2021-07-14,144.3607540301203,145.79364043052715,143.95134516697595,145.3842315673828,127050800,141.96286010742188,140.85166931152344,141.44627380371094,140.91990661621094,132.887939453125,139.2355178833008,134.43924980163575,127.751689453125,5.700977450791974,0.024100468653364793,0.00907959196195739,0.010754691241297475
2021-07-15,145.47202235618528,146.2128286669575,143.37629622116938,144.731201171875,106820300,145.3842315673828,141.96286010742188,140.85166931152344,139.6234588623047,133.5020751953125,140.35843048095703,135.332612991333,128.1580990600586,5.849420497211805,-0.004491755319456003,0.008168270847263747,0.0115324271356857
2021-07-16,144.7116519617399,145.9788173432772,142.19679065127386,142.69390869140625,93251400,144.731201171875,145.3842315673828,141.96286010742188,141.44627380371094,133.8041534423828,141.24740600585938,136.04417991638184,128.51889724731444,5.835297852101372,-0.01407638756517593,0.0065343597675419085,0.013458679817398303
2021-07-19,140.1205430972161,140.43247074983955,138.09305797575115,138.85336303710938,121434600,142.69390869140625,144.731201171875,145.3842315673828,140.85166931152344,136.42630004882812,141.4901123046875,136.62854080200196,128.77096633911134,5.473408339340083,-0.026914573225424343,0.0018832124510902658,0.016200459564422627
2021-07-20,139.83789124908492,143.3859869898834,139.350515378791,142.4599609375,96350000,138.85336303710938,142.69390869140625,144.731201171875,141.96286010742188,138.4342498779297,141.89268341064454,137.303556060791,129.08171615600585,5.3078220787698065,0.025974148709864142,0.003008807131700708,0.01752794794546513
2021-07-21,141.8556653977963,142.4405225803077,140.97839449756518,141.72894287109375,74993500,142.4599609375,138.85336303710938,142.69390869140625,145.3842315673828,140.91990661621094,141.9735870361328,137.8601387023926,129.443349609375,5.148841918363364,-0.005131393140890728,0.0007001174097659657,0.016847747166076933
2021-07-22,142.2553252616605,144.45825967498962,142.12860272787458,143.09361267089844,77338200,141.72894287109375,142.4599609375,138.85336303710938,144.731201171875,139.6234588623047,142.3206024169922,138.49860305786132,129.85060150146484,4.953196332866241,0.009628730534213314,0.0025829795442452786,0.016669591518480784
2021-07-23,143.82464898024415,144.9651069434816,143.2105505102186,144.80914306640625,71447400,143.09361267089844,141.72894287109375,142.4599609375,142.69390869140625,141.44627380371094,142.65688934326172,139.23697891235352,130.3533787536621,4.721437114639249,0.011988867731317798,0.002476344339724379,0.01659841605218777
2021-07-26,144.52644902049065,146.04705940106285,143.97083337261068,145.228271484375,72434100,144.80914306640625,143.09361267089844,141.72894287109375,138.85336303710938,140.85166931152344,143.09454956054688,140.01092910766602,130.82164916992187,4.337391541782479,0.002894350516089661,0.0031861541924487536,0.01643194562785379
2021-07-27,145.35501995009983,145.44275893789174,141.87516288945258,143.06436157226562,104818600,145.228271484375,144.80914306640625,143.09361267089844,142.4599609375,141.96286010742188,143.20469970703124,140.5952941894531,131.19829391479493,3.875676133358603,-0.014900059678409017,0.0009072397215493689,0.017266340396235487
2021-07-28,141.15381301329907,143.25928057886588,138.94112214929507,141.31951904296875,118931200,143.06436157226562,145.228271484375,144.80914306640625,141.72894287109375,145.3842315673828,142.79822845458983,141.01687316894532,131.56304611206053,3.42562366362438,-0.012196206729063741,-0.0027224278166934845,0.01558192746716104
2021-07-29,141.03684881635502,142.8498878684949,140.92962551695572,141.96286010742188,56699500,141.31951904296875,143.06436157226562,145.228271484375,143.09361267089844,144.731201171875,142.52139434814453,141.43991241455078,131.96834777832032,2.936221263422274,0.004552386455953794,-0.0018180136391525048,0.015729593217778032
2021-07-30,140.73469364228038,142.63545700170118,140.47150644681145,142.1773223876953,70440600,141.96286010742188,141.31951904296875,143.06436157226562,144.80914306640625,142.69390869140625,142.46973571777343,141.85857086181642,132.3810578918457,2.3231101127787492,0.0015106928679173848,-0.00025930559584317334,0.015141179218821117
2021-08-02,142.6646895204393,143.2397895751834,141.582714310116,141.8459014892578,62880000,142.1773223876953,141.96286010742188,141.31951904296875,145.228271484375,138.85336303710938,142.76898956298828,142.1295509338379,132.7360626220703,1.9407264194043377,-0.002331039105756716,0.0021990478161235893,0.012003016035694978
2021-08-03,142.12856645538005,144.30225894055675,141.51446802349406,143.63943481445312,64786600,141.8459014892578,142.1773223876953,141.96286010742188,143.06436157226562,142.4599609375,142.8869369506836,142.38981018066406,133.16358840942382,1.7596615044179982,0.012644237911457301,0.0008660567362829052,0.009561087031464362
2021-08-04,143.5517196242508,144.058579914417,142.58670986762564,143.2397918701172,56368300,143.63943481445312,141.8459014892578,142.1773223876953,141.31951904296875,141.72894287109375,143.03802185058595,142.50580444335938,133.55056503295899,1.7339417005395699,-0.0027822648066819777,0.0011009695697037803,0.009425252555812894
2021-08-05,143.26903344221475,144.107320690727,142.47948676454712,143.34701538085938,46397700,143.2397918701172,143.63943481445312,141.8459014892578,141.96286010742188,143.09361267089844,143.06336212158203,142.6919822692871,133.94358489990233,1.6031383486270099,0.0007485595262481937,0.00021295246890726816,0.00893827110877442
2021-08-06,142.86866162914254,143.6105775396916,142.16578765248929,142.6636505126953,54126800,143.34701538085938,143.2397918701172,143.63943481445312,142.1773223876953,144.80914306640625,142.84881286621095,142.75285110473632,134.3239125061035,1.5762365494492998,-0.004767206811724822,-0.001462654985396994,0.008007547942822147
2021-08-09,142.72225212556916,143.21035833317768,142.05843483321482,142.6148681640625,48908700,142.6636505126953,143.34701538085938,143.2397918701172,141.8459014892578,145.228271484375,142.58747253417968,142.84101104736328,134.73387145996094,1.5123181075138317,-0.0003419395792656488,-0.0017862839949325249,0.00787621288883872
2021-08-10,142.9565505100319,144.196344465899,141.84366893661831,142.13653564453125,69023100,142.6148681640625,142.6636505126953,143.34701538085938,143.63943481445312,143.06436157226562,142.49468994140625,142.84969482421874,135.14732559204103,1.5075013043240586,-0.003354015788739395,-0.0006316796059655627,0.006458999944808605
2021-08-11,142.57580253562702,143.22986295766566,142.0681679932176,142.39031982421875,48493500,142.13653564453125,142.6148681640625,142.6636505126953,143.2397918701172,141.31951904296875,142.60177001953124,142.69999923706055,135.5722885131836,1.3863548755852166,0.0017854957455991638,0.0007664906415007277,0.005033485331851484
2021-08-12,142.71246608285676,145.5044336133679,142.37078584930737,145.34823608398438,72282600,142.39031982421875,142.13653564453125,142.6148681640625,143.34701538085938,141.96286010742188,142.9403076171875,142.73085098266603,136.04120361328125,1.4397725966896777,0.020773295989623408,0.0023885815948676893,0.008080506267029334
2021-08-13,145.42637130499,145.88519235268876,144.74302556240244,145.55328369140625,59375000,145.34823608398438,142.39031982421875,142.13653564453125,142.6636505126953,142.1773223876953,143.27790374755858,142.87381973266602,136.5438525390625,1.5718229086393294,0.001410733373492068,0.0023785856454251577,0.00808177464780128
2021-08-16,145.0065628373872,147.59353426907154,142.9858112009547,147.5251922607422,103296000,145.55328369140625,145.34823608398438,142.39031982421875,142.6148681640625,141.8459014892578,143.84583282470703,143.30741119384766,137.04012619018556,1.6002151354747822,0.013547674908638063,0.003966457046864635,0.008597094902854424
2021-08-17,146.65635150331968,148.07185618392833,145.54347021491796,146.6173095703125,92229700,147.5251922607422,145.55328369140625,145.34823608398438,142.13653564453125,143.63943481445312,144.14362030029298,143.5152786254883,137.518046875,1.7475721362876864,-0.006154085797258624,0.002086624675993043,0.00854383583005411
2021-08-18,146.23660593235846,147.134719463398,142.67342208980006,142.87843322753906,86326000,146.6173095703125,147.5251922607422,145.55328369140625,142.39031982421875,143.2397918701172,144.10748443603515,143.57275314331054,137.904814453125,1.7040921226725174,-0.025500920414723627,-0.000185240884811122,0.012214413181394396
2021-08-19,141.5800847276963,144.4794367790495,141.06269334170713,143.21035766601562,86960300,142.87843322753906,146.6173095703125,147.5251922607422,145.34823608398438,143.34701538085938,144.09381866455078,143.5785903930664,138.29061752319336,1.7025637434315017,0.0023231248480164446,-2.7784352634296906e-05,0.012237914646880852
2021-08-20,143.93272733385453,144.9675098694575,143.28842371499448,144.66488647460938,60549600,143.21035766601562,142.87843322753906,146.6173095703125,145.55328369140625,142.6636505126953,144.2939422607422,143.57137756347657,138.72539596557618,1.6973738462571835,0.010156589455532883,0.0014645952740914737,0.01250282798790007
2021-08-23,144.78203658666285,146.6173203855108,144.3720292286724,146.14874267578125,60131800,144.66488647460938,143.21035766601562,142.87843322753906,147.5251922607422,142.6148681640625,144.64732971191407,143.61740112304688,139.16567764282226,1.756126592989676,0.010257196734691387,0.0025245089054871774,0.012778882199696674
2021-08-24,145.89492826143862,147.27139120779157,145.60206158624175,146.06088256835938,48606400,146.14874267578125,144.66488647460938,143.21035766601562,146.6173095703125,142.13653564453125,145.03976440429688,143.76722717285156,139.54318283081054,1.8326199756282482,-0.0006011690953564575,0.002799793574825471,0.012667339746836787
2021-08-25,146.24634576040117,146.7442235104866,144.28416462153382,144.83084106445312,58991300,146.06088256835938,146.14874267578125,144.66488647460938,142.87843322753906,142.39031982421875,145.2838165283203,143.9427932739258,139.91246292114258,1.7522159478597628,-0.008421430038467514,0.0017791009964188032,0.013159797331490442
2021-08-26,144.82110951404735,145.57278230599707,144.00107981111,144.03036499023438,48597200,144.83084106445312,146.06088256835938,146.14874267578125,143.21035766601562,145.34823608398438,145.15202941894532,144.0461685180664,140.25579147338868,1.689109987855645,-0.005526972489668269,-0.0008509258515103646,0.011460324051987512
2021-08-27,143.97178711441077,145.21158091727293,143.33725507209095,145.06515502929688,55802400,144.03036499023438,144.83084106445312,146.06088256835938,144.66488647460938,145.55328369140625,145.10321655273438,144.1905601501465,140.58784317016602,1.643768572089154,0.007184526951192982,-0.00027354649374027317,0.011729217916788992
2021-08-30,145.45564049048158,149.83883931473636,145.07491826892314,149.47763061523438,90956700,145.06515502929688,144.03036499023438,144.83084106445312,146.14874267578125,147.5251922607422,145.2984603881836,144.5721466064453,141.03407287597656,1.931471386864971,0.030417198293045455,0.001413405844700466,0.014759586523296427
2021-08-31,149.02853476456076,149.1652038553949,147.69111413016896,148.21827697753906,86453100,149.47763061523438,145.06515502929688,144.03036499023438,146.06088256835938,146.6173095703125,145.45855712890625,144.80108871459962,141.41924530029297,2.080701782745083,-0.008425030772242992,0.0011863113472020293,0.01490570634673034
2021-09-01,149.1945209265185,151.293371319359,148.71617155840954,148.8821258544922,80313700,148.21827697753906,149.47763061523438,145.06515502929688,144.83084106445312,142.87843322753906,146.05892639160157,145.08320541381835,141.78494201660158,2.2346846937211935,0.004478859763386245,0.004184289365013016,0.011587227399454478
2021-09-02,150.20979354918074,151.0395800272227,148.77476016459727,149.99502563476562,71115500,148.8821258544922,148.21827697753906,149.47763061523438,144.03036499023438,143.21035766601562,146.73739318847657,145.41560592651368,142.1783560180664,2.447171492519944,0.007475039558214824,0.004699480836032855,0.011609791988837275
2021-09-03,150.10239938899159,150.9517142276546,149.44833892893834,150.6295623779297,57808700,149.99502563476562,148.8821258544922,148.21827697753906,145.06515502929688,144.66488647460938,147.3338607788086,145.81390151977538,142.59011474609375,2.6179905275815676,0.004230385244302415,0.004106860414909807,0.011450441314981274
2021-09-07,151.2836513561049,153.5191714127496,150.7174463222015,152.96273803710938,82278300,150.6295623779297,149.99502563476562,148.8821258544922,149.47763061523438,146.14874267578125,148.0152603149414,146.33129501342773,143.05438415527342,2.9535147861021804,0.01548949371123931,0.0046300901125646,0.011874405096292315
2021-09-08,153.24580029178898,153.30437064554417,150.31716343749,151.4202880859375,74420200,152.96273803710938,150.6295623779297,149.99502563476562,148.21827697753906,146.06088256835938,148.55120086669922,146.79548263549805,143.4552487182617,2.9888757224626255,-0.010083828067968259,0.00368182421530342,0.012689254862641101
2021-09-09,151.7912489116524,152.39649574316758,150.2878736971047,150.405029296875,57305700,151.4202880859375,152.96273803710938,150.6295623779297,148.8821258544922,144.83084106445312,149.1086196899414,147.19621810913085,143.8055905151367,2.903226634303265,-0.006704905940254857,0.0038534766251246853,0.012517789363837071
2021-09-10,151.31292061025323,151.7814983871202,145.1627795675759,145.42636108398438,140893200,150.405029296875,151.4202880859375,152.96273803710938,149.99502563476562,144.03036499023438,149.24821929931642,147.20012435913085,144.04407623291016,2.9006607601213177,-0.03310174025539758,0.001095999848551754,0.01703562901155615
2021-09-13,147.04689552955006,147.81809686029018,145.21161123932484,145.99258422851562,102404300,145.42636108398438,150.405029296875,151.4202880859375,150.6295623779297,145.06515502929688,149.3409622192383,147.22208938598632,144.2878448486328,2.889174383934872,0.003893538560070686,0.0007669010094395245,0.016936439683836745
2021-09-14,146.7735062300835,147.4763801866019,143.4153339702326,144.59654235839844,109296300,145.99258422851562,145.42636108398438,150.405029296875,152.96273803710938,149.47763061523438,148.85285339355468,147.07565689086914,144.4512496948242,2.9466485880152096,-0.009562416320626488,-0.0032310604519276698,0.013537210493514137
2021-09-15,145.02613374476746,145.88520555365383,142.88822588135704,145.48495483398438,83281300,144.59654235839844,145.99258422851562,145.42636108398438,151.4202880859375,148.21827697753906,148.57952117919922,147.01903915405273,144.5922637939453,2.9667291889328764,0.0061440782822033135,-0.0017741495464830392,0.013699126558706963
2021-09-16,144.90897545621797,145.42636685232276,143.71799510025087,145.25064086914062,68034100,145.48495483398438,144.59654235839844,145.99258422851562,150.405029296875,148.8821258544922,148.21637268066405,147.1376495361328,144.6788784790039,2.837061175244522,-0.0016105717949400633,-0.00238309270231567,0.013524517370006093
2021-09-17,145.2798957731565,145.2798957731565,142.2926741544572,142.58554077148438,129868800,145.25064086914062,145.48495483398438,144.59654235839844,145.42636108398438,149.99502563476562,147.47542419433594,147.10640869140624,144.7381201171875,2.8856082009100974,-0.018348284604522314,-0.004965425118589384,0.013893376937516197
2021-09-20,140.37932278347847,141.39457695669392,137.90950701335717,139.53977966308594,123478900,142.58554077148438,145.25064086914062,145.48495483398438,145.99258422851562,150.6295623779297,146.36644592285157,146.85015335083008,144.699990234375,3.310171463357199,-0.021360939488806574,-0.0075245575919002826,0.014360407289277273
2021-09-21,140.50626423071614,141.16033974315945,139.38362576406158,140.01815795898438,75834000,139.53977966308594,142.58554077148438,145.25064086914062,144.59654235839844,152.96273803710938,145.07198791503907,146.54362411499022,144.68332000732423,3.6454185224333213,0.003428257497994247,-0.008730681213224789,0.012612876739163838
2021-09-22,141.01387841720836,142.94677480134484,140.28171911608493,142.38058471679688,76404300,140.01815795898438,139.53977966308594,142.58554077148438,145.48495483398438,151.4202880859375,144.168017578125,146.3596092224121,144.69167449951172,3.7620898159803215,0.016872288510641154,-0.0060350695553638475,0.01495467138799704
2021-09-23,143.16150856090553,143.58128753921014,142.17553963315416,143.3372344970703,64838200,142.38058471679688,140.01815795898438,139.53977966308594,145.25064086914062,150.405029296875,143.46123809814452,146.28492889404296,144.65073455810546,3.8085717018688188,0.006718962295149122,-0.00469268273182345,0.01548108663544729
2021-09-24,142.19510285111807,143.96204492535793,142.09747565204063,143.4251251220703,53477900,143.3372344970703,142.38058471679688,140.01815795898438,142.58554077148438,145.42636108398438,143.26111450195313,146.25466690063476,144.62461303710938,3.8297743042623464,0.0006131737179693175,-0.00132119133448676,0.011852727822896253
2021-09-27,142.00961449990794,142.48796392317834,140.39887004950094,141.9119873046875,74150700,143.4251251220703,143.3372344970703,142.38058471679688,139.53977966308594,145.99258422851562,142.85305480957032,146.0970085144043,144.608974609375,3.944503553955617,-0.010550019155255885,-0.002765547106019417,0.012025438918843603
2021-09-28,139.84240736288436,141.30672576458994,138.31951860844126,138.53428649902344,108972300,141.9119873046875,143.4251251220703,143.3372344970703,140.01815795898438,144.59654235839844,142.2468292236328,145.54984130859376,144.60259307861327,4.201512114560758,-0.023801377669471102,-0.004189443240903879,0.013652572265010201
2021-09-29,139.08099698388077,141.0138935757981,138.65146109771675,139.43243408203125,74602000,138.53428649902344,141.9119873046875,143.4251251220703,142.38058471679688,145.48495483398438,141.6415771484375,145.11054916381835,144.54204254150392,4.363991095884875,0.006483215135439702,-0.00415552955558024,0.013681483973405755
2021-09-30,140.24268621892764,140.9455603850025,137.91929578685694,138.13406372070312,89056700,139.43243408203125,138.53428649902344,141.9119873046875,143.3372344970703,145.25064086914062,140.92991943359374,144.5731460571289,144.4701449584961,4.5335849869093146,-0.009311824539792957,-0.004925654830065529,0.013738941702765057
2021-10-01,138.52453927839463,139.52028013802934,135.80091312494108,139.25669860839844,94639600,138.13406372070312,139.43243408203125,138.53428649902344,143.4251251220703,142.58554077148438,140.59703521728517,144.03622970581054,144.3934066772461,4.49336771950744,0.008127140094605467,-0.002278112360152751,0.0134120191784635
2021-10-04,138.38785651091933,138.82716398233575,134.98088496397907,135.83018493652344,98322000,139.25669860839844,138.13406372070312,139.43243408203125,141.9119873046875,139.53977966308594,140.2260757446289,143.29626083374023,144.21382751464844,4.5683854811840305,-0.024605736787647436,-0.0026025920900368373,0.013953318905842872
2021-10-05,136.17183699568994,138.8564203851178,136.04492465061978,137.7532958984375,80861100,135.83018493652344,139.25669860839844,138.13406372070312,138.53428649902344,140.01815795898438,139.9995895385742,142.53578872680663,144.0643280029297,4.118316559695793,0.014158200276417121,-0.0015295978121945496,0.014852219524324275
2021-10-06,136.15233067899587,138.76857249312508,135.07849119061893,138.6221466064453,83221100,137.7532958984375,135.83018493652344,139.25669860839844,139.43243408203125,142.38058471679688,139.62374572753907,141.89588165283203,143.9754837036133,3.6305917956692886,0.006307295243580979,-0.002586097138900567,0.013731235225832401
2021-10-07,139.65692980871162,140.7893396562003,139.32502120039112,139.88145446777344,61732700,138.6221466064453,137.7532958984375,135.83018493652344,138.13406372070312,143.3372344970703,139.27816772460938,141.36970291137695,143.94672241210938,3.0483626394080536,0.009084463717787816,-0.0023495469966366977,0.01392830725690465
2021-10-08,140.60384171370225,140.7502675851044,139.16880859069704,139.50071716308594,58773200,139.88145446777344,138.6221466064453,137.7532958984375,139.25669860839844,143.4251251220703,138.88572692871094,141.07342071533202,143.89747955322267,2.918531987232677,-0.002721856919032928,-0.0026830500603369223,0.013889357816909358
2021-10-11,138.88576984450557,141.36534327777014,138.4367054973454,139.4129180908203,64452200,139.50071716308594,139.88145446777344,138.6221466064453,135.83018493652344,141.9119873046875,138.6358200073242,140.74443740844725,143.84219146728515,2.697301275270123,-0.0006293807949602215,-0.001690986224307356,0.013616635223377955
2021-10-12,139.82291608395988,139.8424445053315,137.68500826630617,138.14382934570312,73035900,139.4129180908203,139.50071716308594,139.88145446777344,137.7532958984375,138.53428649902344,138.59677429199218,140.4218017578125,143.76815002441407,2.596311388664429,-0.009103092901982301,-0.00022115774755847583,0.011610248113393798
2021-10-13,137.8802573777795,138.03644005527403,135.88877555756454,137.55810546875,78762700,138.14382934570312,139.4129180908203,139.50071716308594,138.6221466064453,139.43243408203125,138.40934143066406,140.02545928955078,143.6465234375,2.378625366307068,-0.004239956860377481,-0.0012934749471401942,0.01141579918884742
2021-10-14,138.7295267040612,140.45742659800283,138.14379338196727,140.34027099609375,69907100,137.55810546875,138.14382934570312,139.4129180908203,139.88145446777344,138.13406372070312,138.6299621582031,139.77994079589843,143.58853302001953,2.04025683739152,0.0202253841593929,0.0016602459227783918,0.012842667330096294
2021-10-15,140.3500225311004,141.45313211222725,140.09619784320086,141.39456176757812,67940300,140.34027099609375,137.55810546875,138.14382934570312,139.50071716308594,139.25669860839844,138.8437484741211,139.72039184570312,143.5494839477539,1.970239090456934,0.007512389451732826,0.0015987708584911276,0.012809701224646045
2021-10-18,140.03765490452832,143.34701408719482,139.7545598847163,143.0639190673828,85589200,141.39456176757812,140.34027099609375,137.55810546875,139.4129180908203,135.83018493652344,139.56712188720704,139.89659881591797,143.55748931884764,2.1061385843377045,0.011806375570149186,0.00523998209427079,0.00919982360651872
2021-10-19,143.51297237963328,145.62159463310732,143.06392303976392,145.22134399414062,76378900,143.0639190673828,141.39456176757812,140.34027099609375,138.14382934570312,137.7532958984375,140.31392669677734,140.1567581176758,143.60961883544923,2.4199287977150905,0.015080146977811237,0.005332176764410201,0.009303165652008567
2021-10-20,145.16278083703227,146.18780683574556,144.59657585778285,145.70945739746094,58418800,145.22134399414062,143.0639190673828,141.39456176757812,137.55810546875,138.6221466064453,141.0226577758789,140.32320175170898,143.6810772705078,2.681300226782857,0.0033611684749317305,0.005037564087545276,0.009315495285177543
2021-10-21,145.27016433537898,146.0804224119474,144.35252229936606,145.92422485351562,61421000,145.70945739746094,145.22134399414062,143.0639190673828,140.34027099609375,139.88145446777344,141.62693481445314,140.45255126953126,143.75175537109374,2.888730258839966,0.0014739431461119334,0.004276512030377688,0.009258846022007883
2021-10-22,146.12925819899365,146.60759281256946,145.10423204789777,145.15304565429688,58883400,145.92422485351562,145.70945739746094,145.22134399414062,141.39456176757812,139.50071716308594,142.19216766357422,140.53894729614257,143.7478515625,3.005780871854703,-0.005284792158347207,0.004020218506446261,0.009506258599624557
2021-10-25,145.14324421012236,145.8168331110648,144.10846150842693,145.1042022705078,50720600,145.15304565429688,145.92422485351562,145.70945739746094,143.0639190673828,139.4129180908203,142.76129608154298,140.69855804443358,143.73886993408203,3.1631634451925557,-0.00033649575569627554,0.004049507010372655,0.0094907802067768
2021-10-26,145.77779264971988,147.2518679421637,145.46539754636262,145.76803588867188,60893400,145.1042022705078,145.15304565429688,145.92422485351562,145.22134399414062,138.14382934570312,143.52371673583986,141.06024551391602,143.70372680664062,3.31269991983313,0.004574875212273399,0.005417303821798225,0.008294915621563642
2021-10-27,145.80705169170784,146.168245431377,144.95775186240334,145.30918884277344,56094900,145.76803588867188,145.1042022705078,145.15304565429688,145.70945739746094,137.55810546875,144.2988250732422,141.3540832519531,143.67756439208983,3.419622720391663,-0.00314778917820413,0.00552652059001556,0.008159721384883589
2021-10-28,146.25615073002083,149.5264533730465,146.15852353048365,148.94073486328125,100077900,145.30918884277344,145.76803588867188,145.1042022705078,145.92422485351562,140.34027099609375,145.15887145996095,141.89441680908203,143.79881042480469,3.724259878979875,0.02499185391804226,0.006003167565880496,0.00918815762970252
2021-10-29,143.718003300801,146.37330245291255,142.92727357091124,146.23663330078125,124953200,148.94073486328125,145.30918884277344,145.76803588867188,145.15304565429688,141.39456176757812,145.64307861328126,142.24341354370117,143.8593359375,3.7905244298775798,-0.0181555540529742,0.0034363732154097937,0.011903696497936378
2021-11-01,145.44585011354084,146.13895238181297,144.28415529948526,145.41656494140625,74588300,146.23663330078125,148.94073486328125,145.30918884277344,145.1042022705078,143.0639190673828,145.8783432006836,142.7227325439453,143.87436950683593,3.534327064374351,-0.005607817554772798,0.0016949539029175952,0.011816640563604226
2021-11-02,145.12370582377017,147.96448683414823,145.11393416867705,146.45135498046875,69122000,145.41656494140625,146.23663330078125,148.94073486328125,145.76803588867188,145.22134399414062,146.0013442993164,143.1576354980469,143.8804217529297,3.424081907469329,0.007116039630556958,0.0008985431681921674,0.011058325290703568
2021-11-03,146.8125588879088,148.35497602206758,146.25612565424197,147.8863983154297,54511500,146.45135498046875,145.41656494140625,146.23663330078125,145.30918884277344,145.70945739746094,146.2190383911133,143.6208480834961,143.9169320678711,3.404807913145674,0.009798771306365417,0.001542303451335536,0.011399728498734498
2021-11-04,147.97429607005193,148.8040677773685,147.056653914814,147.36904907226562,60394600,147.8863983154297,146.45135498046875,145.41656494140625,148.94073486328125,145.92422485351562,146.36352081298827,143.9952278137207,143.96769622802734,3.3835854851715967,-0.003498288206739586,0.001045080316050384,0.011510936207089876
2021-11-05,148.49333201847526,148.79639720102944,146.70425393179946,147.89697265625,65463900,147.36904907226562,147.8863983154297,146.45135498046875,146.23663330078125,145.15304565429688,146.6379135131836,144.4150405883789,144.04502838134766,3.3168032761906057,0.0035823233393159626,0.001931791865816701,0.011308908062846923
2021-11-08,148.02403856122066,148.18046407919945,146.80199217243356,147.0757293701172,55020900,147.89697265625,147.36904907226562,147.8863983154297,145.41656494140625,145.1042022705078,146.83506622314454,144.79818115234374,144.08523986816405,3.1467995183377853,-0.005552806601671234,0.0014101607812192051,0.011543038834277507
2021-11-09,146.84111017051336,148.04359979638906,146.7042415538898,147.43746948242188,56787900,147.0757293701172,147.89697265625,147.36904907226562,146.45135498046875,145.76803588867188,147.00200958251952,145.2628631591797,144.0444366455078,2.7768920011674996,0.0024595500144988236,0.0011986282614417476,0.01149789376862038
2021-11-10,146.6651351263565,146.77267581374304,144.54366421842147,144.61209106445312,65187100,147.43746948242188,147.0757293701172,147.89697265625,147.8863983154297,145.30918884277344,146.9322998046875,145.61556243896484,143.9723129272461,2.116150081094812,-0.01916323189679814,-0.00040291601041765325,0.013165099543984203
2021-11-11,145.6288070022433,146.0882826457482,144.37741797894228,144.56317138671875,41000000,144.61209106445312,147.43746948242188,147.0757293701172,147.36904907226562,148.94073486328125,146.49454345703126,145.8267074584961,143.88593383789063,1.739190902066644,-0.00033828207153563383,-0.002935929609375443,0.009722978926969926
2021-11-12,145.11067671997742,147.03662312152338,144.18192440007093,146.63580322265625,63804000,144.56317138671875,144.61209106445312,147.43746948242188,147.89697265625,146.23663330078125,146.53446044921876,146.08876953125,143.81874938964845,1.397518568059209,0.014337205085194427,0.00031334630444141976,0.009498380840146562
2021-11-15,147.00730510695527,148.48354686753203,146.08832372641191,146.6455841064453,59222800,146.63580322265625,144.56317138671875,144.61209106445312,147.0757293701172,145.41656494140625,146.65736236572266,146.26785278320312,143.73906982421875,1.2058412816288515,6.670188026469681e-05,0.0008807982479451693,0.00927214335884416
2021-11-16,146.58690654221206,148.102247003654,146.00031832566742,147.62319946289062,59256200,146.6455841064453,146.63580322265625,144.56317138671875,147.43746948242188,146.45135498046875,146.77454681396483,146.38794555664063,143.63227905273436,1.215694499908396,0.006666517525244275,0.000835846037413901,0.00923958805988052
2021-11-17,147.6232038564801,151.53375230300938,147.61343285568483,150.05752563476562,88807000,147.62319946289062,146.6455841064453,146.63580322265625,144.61209106445312,147.8863983154297,146.99165954589844,146.60534896850587,143.60502380371094,1.4534991558097896,0.01649013285670553,0.0015049821924479124,0.01015751020537503
2021-11-18,150.27262482103686,155.12169711619316,149.62738067059388,154.33958435058594,137827700,150.05752563476562,147.62319946289062,146.6455841064453,144.56317138671875,147.36904907226562,147.68871307373047,147.02611694335937,143.68371490478515,2.2472683913798974,0.028536114384843936,0.004708422451606265,0.01304523846775825
2021-11-19,154.12448394226502,157.41913113659675,153.02953515610952,156.9596405029297,117305600,154.33958435058594,150.05752563476562,147.62319946289062,146.63580322265625,147.89697265625,148.59497985839843,147.616446685791,143.91438049316406,3.113221376084256,0.01697591815714783,0.006047781933389451,0.013592844251404527
2021-11-22,158.06437288139423,161.99447854129045,157.3995867561447,157.4191436767578,117467900,156.9596405029297,154.33958435058594,150.05752563476562,146.6455841064453,147.0757293701172,149.6293212890625,148.23219375610353,144.1429116821289,3.7441140234849235,0.0029275243773225768,0.006895815031288832,0.013042066490533846
2021-11-23,157.5168614506406,158.18166233731603,155.50293170970644,157.80038452148438,96041900,157.4191436767578,156.9596405029297,154.33958435058594,147.62319946289062,147.43746948242188,150.66561279296874,148.83381118774415,144.40698852539063,4.258667548240464,0.0024218200901244824,0.006892042038851398,0.013043497853001115
2021-11-24,157.15516717862224,158.51408217991857,156.06998937776268,158.3185577392578,69463600,157.80038452148438,157.4191436767578,156.9596405029297,150.05752563476562,144.61209106445312,152.03625946044923,149.48427963256836,144.6636605834961,4.666025057797213,0.003283725951269023,0.009136737823658115,0.009515785596307726
2021-11-26,156.00155632601601,156.8618668141861,152.8633347292546,153.3032684326172,76959800,158.3185577392578,157.80038452148438,157.4191436767578,154.33958435058594,144.56317138671875,152.91026916503907,149.70240631103516,144.82471313476563,4.7406509465381,-0.03167846763043747,0.006002719267767931,0.015961188520189133
2021-11-29,155.8060160344783,157.58532267329434,155.2389847402696,156.6565704345703,88748200,153.3032684326172,158.3185577392578,157.80038452148438,156.9596405029297,146.63580322265625,153.91234588623047,150.2234031677246,145.10613372802734,4.909291502887769,0.0218736497677936,0.0067563637360278485,0.01656495239971539
2021-11-30,156.4122027236009,161.81853599712284,156.3437609496658,161.60345458984375,174048100,156.6565704345703,153.3032684326172,158.3185577392578,157.4191436767578,146.6455841064453,155.40813293457032,151.0327476501465,145.5474072265625,5.3862438086478335,0.03157789131697841,0.00990748267969922,0.018078962549448706
2021-12-01,163.7346232310991,166.4915664393558,160.85059737024878,161.08523559570312,152052500,161.60345458984375,156.6565704345703,153.3032684326172,157.80038452148438,147.62319946289062,156.75433654785155,151.7644416809082,145.96874877929687,5.715061619442579,-0.0032067321546800365,0.008920157711706789,0.01853935948625389
2021-12-02,155.19011206164845,160.52800204808736,154.27113083970096,160.09783935546875,136739200,161.08523559570312,161.60345458984375,156.6565704345703,158.3185577392578,150.05752563476562,157.75836791992188,152.37501373291016,146.3230938720703,5.927309626726516,-0.006129650781357632,0.0066581793479004725,0.018889730902864495
2021-12-03,160.3520514474846,161.271032766341,156.14820866843903,158.22079467773438,118023100,160.09783935546875,161.08523559570312,161.60345458984375,153.3032684326172,154.33958435058594,158.14648895263673,152.9176010131836,146.6207650756836,5.941612586121416,-0.01172435983702902,0.002632131925713177,0.01797708581374093
2021-12-06,160.61599065605895,164.12571914002814,160.6062196554979,161.6229705810547,107497000,158.22079467773438,160.09783935546875,161.08523559570312,156.6565704345703,156.9596405029297,158.61282196044922,153.60390090942383,146.98472198486328,6.121184274867248,0.02150271024899042,0.003084811134897436,0.01842970388418598
2021-12-07,165.2988844701773,167.7429772469704,164.57542763792551,167.35191345214844,120405400,161.6229705810547,158.22079467773438,160.09783935546875,161.60345458984375,157.4191436767578,159.6060989379883,154.6177101135254,147.4935205078125,6.640163618753937,0.03544634064389163,0.006336692761554341,0.02107758783170335
2021-12-08,168.28069194116756,172.02504411674911,166.882663021836,171.1647186279297,116998900,167.35191345214844,161.6229705810547,158.22079467773438,161.08523559570312,157.80038452148438,160.94253234863282,155.80407257080077,148.14612915039064,7.369361189365555,0.02278315853778068,0.008372826606319961,0.021633523310376924
2021-12-09,170.9985205283445,172.7973693361273,170.03065436230736,170.65634155273438,108923700,171.1647186279297,167.35191345214844,161.6229705810547,160.09783935546875,158.3185577392578,162.17631072998046,157.10628509521484,148.77060729980468,7.585500355233444,-0.002970104349018343,0.0077474435762912245,0.021885906361104854
2021-12-10,171.29179439045112,175.61294836881706,170.78341894665584,175.4369659423828,115402700,170.65634155273438,171.1647186279297,167.35191345214844,158.22079467773438,153.3032684326172,164.38968048095703,158.64997482299805,149.51666534423828,8.027194228466186,0.02801316579361446,0.013716606918696417,0.017672715906633406
2021-12-13,177.06961358561998,178.0570365302883,171.6046261840087,171.8099365234375,153237000,175.4369659423828,170.65634155273438,171.1647186279297,161.6229705810547,156.6565704345703,165.90501708984374,159.9086814880371,150.16773010253905,8.017869909380387,-0.02067425983721416,0.009461815958195641,0.02040175889654386
2021-12-14,171.33086641701877,173.76518766396276,168.3588568100855,170.4314422607422,139380400,171.8099365234375,175.4369659423828,170.65634155273438,167.35191345214844,161.60345458984375,166.7878158569336,161.09797439575195,150.85975524902344,7.704984406932491,-0.008023367510570423,0.005501690075440757,0.019453279575670415
2021-12-15,171.19402728468987,175.48585340924998,168.4566405154073,175.2903289794922,131063300,170.4314422607422,171.8099365234375,175.4369659423828,171.1647186279297,161.08523559570312,168.2083251953125,162.48133087158203,151.61049591064454,7.641812873455571,0.028509332868969173,0.008673296577805679,0.020436337210851935
2021-12-16,175.27079308478832,177.08919884301145,166.9315491019716,168.40777587890625,150185800,175.2903289794922,170.4314422607422,171.8099365234375,170.65634155273438,160.09783935546875,169.03931884765626,163.39884338378906,152.20620849609375,7.157932682756798,-0.03926373543055617,0.005359888112885824,0.025227498088085873
2021-12-17,166.12990322695052,169.59074770607975,165.8952798165429,167.31285095214844,195432700,168.40777587890625,175.2903289794922,170.4314422607422,175.4369659423828,158.22079467773438,169.94852447509766,164.0475067138672,152.75483642578126,6.876037736897094,-0.006501629280735388,0.005882161168515187,0.024886266434584248
2021-12-20,164.51674516713837,166.76531314131543,163.7150906232475,165.95387268066406,107499100,167.31285095214844,168.40777587890625,175.2903289794922,171.8099365234375,161.6229705810547,170.3816146850586,164.4972183227539,153.28389953613282,6.679385322244499,-0.008122378309559974,0.0029196523126601482,0.024581604004000106
2021-12-21,167.72340078083394,169.3267248588515,165.33796412188073,169.12142944335938,91185900,165.95387268066406,167.31285095214844,168.40777587890625,170.4314422607422,167.35191345214844,170.55856628417968,165.08233261108398,153.8780697631836,6.537771190159739,0.01908697104520396,0.0012837153527913813,0.02264442816559521
2021-12-22,169.17029609354066,171.92723953166936,168.30019977990446,171.712158203125,92135300,169.12142944335938,165.95387268066406,167.31285095214844,175.2903289794922,171.1647186279297,170.61331024169922,165.777921295166,154.54943634033202,6.461861951055893,0.015318749186857383,0.0005372744176990518,0.021969968187111426
2021-12-23,171.9174833311616,172.89512039322665,171.35045204505695,172.33786010742188,68356600,171.712158203125,169.12142944335938,165.95387268066406,168.40777587890625,170.65634155273438,170.78146209716797,166.47888641357423,155.24503143310548,6.369835114086779,0.0036438998312322557,0.0011986748357241117,0.021952196624588485
2021-12-27,173.1297226627458,176.38525547317582,173.11018066452525,176.29727172851562,74919600,172.33786010742188,171.712158203125,169.12142944335938,167.31285095214844,175.4369659423828,170.86749267578125,167.62858657836915,155.9641714477539,5.92625185472217,0.022974705724126743,0.0006948288287753401,0.02131700004361685
2021-12-28,176.13111784462515,177.27495155456995,174.5375644683696,175.2805633544922,79144300,176.29727172851562,172.33786010742188,171.712158203125,165.95387268066406,171.8099365234375,171.2145553588867,168.55978622436524,156.6418914794922,5.563573797360478,-0.0057670113896549635,0.0021855536735312596,0.02014565086977535
2021-12-29,175.31967594887476,176.5906072567406,174.15628532669507,175.36856079101562,62348900,175.2805633544922,176.29727172851562,172.33786010742188,169.12142944335938,170.4314422607422,171.70826721191406,169.24804153442383,157.28798431396484,5.5088859721477235,0.0005020376180870922,0.0030380941863970114,0.019843748363448786
2021-12-30,175.45652327947462,176.53193000592643,174.10737937130014,174.2149200439453,59773000,175.36856079101562,175.2805633544922,176.29727172851562,171.712158203125,175.2903289794922,171.60072631835936,169.90452575683594,157.86785583496095,5.261717345616196,-0.006578378369912596,-0.0004706769374911657,0.01784048746970487
2021-12-31,174.10740540326523,175.22191121478994,173.2959647369927,173.5990447998047,64062300,174.2149200439453,175.36856079101562,175.2805633544922,172.33786010742188,168.40777587890625,172.1198532104492,170.57958602905273,158.42564758300782,4.781499238785401,-0.0035351463811783557,0.0031021819674466157,0.011744423341357783
2022-01-03,173.85319685203027,178.79026689432098,173.73588518068755,177.93971252441406,104487900,173.5990447998047,174.2149200439453,175.36856079101562,176.29727172851562,167.31285095214844,173.1825393676758,171.5655319213867,159.06595733642578,4.080646986561269,0.02500398391946823,0.006252743287466977,0.013036609513775896
2022-01-04,178.54586564233023,178.84893075193062,175.1143499260673,175.68138122558594,99310400,177.93971252441406,173.5990447998047,174.2149200439453,175.2805633544922,165.95387268066406,174.15529022216796,172.2684524536133,159.67652404785156,3.438066016525797,-0.012691553036640268,0.005795825814758948,0.013661516082491902
2022-01-05,175.5933747274367,176.1408490374331,170.7345178498846,171.0082550048828,94537600,175.68138122558594,177.93971252441406,173.5990447998047,175.36856079101562,169.12142944335938,174.3439727783203,172.45126953125,160.19460510253907,3.2552222086425315,-0.026600008424925492,0.0012271278677460028,0.01613773603937055
2022-01-06,168.83793801323478,171.37980064842037,167.80164498917833,168.15359497070312,96904000,171.0082550048828,175.68138122558594,177.93971252441406,174.2149200439453,171.712158203125,173.9881164550781,172.30071334838868,160.64231628417969,3.3849077655375597,-0.01669311247049554,-0.0019740582979892894,0.01620673390219753
2022-01-07,169.0237089960216,170.2457555978546,167.2053030557917,168.31980895996094,86709100,168.15359497070312,171.0082550048828,175.68138122558594,173.5990447998047,172.33786010742188,173.58631134033203,172.18388671875,161.10252868652344,3.483533316395701,0.0009884652735896449,-0.002239601753753551,0.01612601064220035
2022-01-10,165.2988731483881,168.64239004792708,164.40921985835627,168.33932495117188,106765600,168.31980895996094,168.15359497070312,171.0082550048828,177.93971252441406,176.29727172851562,172.79051666259767,171.82900466918946,161.49050048828124,3.496196341663945,0.00011594589687047296,-0.004525477736479178,0.013572721769754393
2022-01-11,168.46644539148625,171.26247339503044,166.99998962694013,171.1647186279297,76138300,168.33932495117188,168.31980895996094,168.15359497070312,175.68138122558594,175.2805633544922,172.3789321899414,171.79674377441407,161.9890621948242,3.4993569738153965,0.01678391948867164,-0.0022703846486465174,0.015127838731189423
2022-01-12,172.18141648353657,173.21770927349675,170.91050037060046,171.6046142578125,74805200,171.1647186279297,168.33932495117188,168.31980895996094,171.0082550048828,175.36856079101562,172.0025375366211,171.85540237426758,162.51282318115236,3.48506991755582,0.002570013454928466,-0.00206358706496238,0.01518397919688054
2022-01-13,171.8490383580425,172.6702498945838,167.94826118313497,168.33932495117188,84505800,171.6046142578125,171.1647186279297,168.33932495117188,168.15359497070312,174.2149200439453,171.41497802734375,171.50785217285156,162.95058258056642,3.4710592277364594,-0.019027980807876044,-0.0033085473087587245,0.016079272622826945
2022-01-14,167.50830810674722,169.89374460419103,167.2638988741002,169.1996307373047,80440800,168.33932495117188,171.6046142578125,171.1647186279297,168.31980895996094,173.5990447998047,170.97503662109375,171.54744491577148,163.3768472290039,3.4381976042231637,0.005110545538794087,-0.0024439781167614806,0.016296700589967128
2022-01-18,167.6745435442064,168.68150862321704,165.62151446360372,166.00279235839844,90956700,169.1996307373047,168.33932495117188,171.6046142578125,168.33932495117188,177.93971252441406,169.78134460449218,171.481941986084,163.74952209472656,3.5342566092261043,-0.018893885081047168,-0.00683376501681302,0.01380317427254415
2022-01-19,166.19829964047344,167.25414945182573,162.22909557704548,162.51260375976562,94815000,166.00279235839844,169.1996307373047,168.33932495117188,171.1647186279297,175.68138122558594,168.46446685791017,171.30987854003905,164.04183471679687,3.884014385580857,-0.02102487885322757,-0.007667097598471751,0.014433287834802527
2022-01-20,163.24583471657064,165.8854518373375,160.50844792121475,160.83106994628906,91420500,162.51260375976562,166.00279235839844,169.1996307373047,171.6046142578125,171.0082550048828,167.44674835205078,170.89536056518554,164.3169415283203,4.520161875692049,-0.010347097853175113,-0.006041806541296713,0.012897845463046904
2022-01-21,160.74309086318223,162.61038131219433,158.67050497614542,158.77804565429688,122848900,160.83106994628906,162.51260375976562,166.00279235839844,168.33932495117188,168.15359497070312,166.50919342041016,170.24865493774413,164.54375305175782,5.261593730759312,-0.012765097519265467,-0.005649005046173705,0.01259364545108673
2022-01-24,156.44146612794097,158.67047714081284,151.24043048620277,158.00567626953125,162294600,158.77804565429688,160.83106994628906,162.51260375976562,169.1996307373047,168.31980895996094,165.4777801513672,169.53204574584962,164.81162475585938,5.899411999758058,-0.004864459576781055,-0.006234297531210775,0.012385174731403195
2022-01-25,155.4247355135648,159.1202024043847,153.5085752311325,156.20684814453125,115798400,158.00567626953125,158.77804565429688,160.83106994628906,166.00279235839844,168.33932495117188,164.26453247070313,168.52752456665038,165.04449829101563,6.377879244303126,-0.011384579133293271,-0.007384350034227149,0.012263344566156008
2022-01-26,159.84369205931444,160.71378862428045,154.2907195812304,156.118896484375,108275300,156.20684814453125,158.00567626953125,158.77804565429688,162.51260375976562,171.1647186279297,162.75995025634765,167.56944122314454,165.23416015625,6.739051837084808,-0.0005630461225033523,-0.009119046595344649,0.009344278066564495
2022-01-27,158.81715723147198,160.17607231774176,154.74041197266266,155.65939331054688,121954600,156.118896484375,156.20684814453125,158.00567626953125,160.83106994628906,171.6046142578125,161.1654281616211,166.5839828491211,165.41443634033203,6.975453143941581,-0.0029432899166956794,-0.009670376932507063,0.008719747623486812
2022-01-28,162.00425626677838,166.54049197821774,159.15932862262193,166.52093505859375,179935700,155.65939331054688,156.118896484375,156.20684814453125,158.77804565429688,168.33932495117188,160.98358917236328,166.19928359985352,165.7923910522461,6.7406656199828685,0.06977761840801766,-0.0007898170109176927,0.02607698379730902
2022-01-31,166.3547206203823,171.0864802658057,165.71924760028926,170.87139892578125,115541600,166.52093505859375,155.65939331054688,156.118896484375,158.00567626953125,169.1996307373047,161.15076599121093,166.06290130615236,166.20866851806642,6.609383601364459,0.026125627181091016,0.001311691153312,0.02741764486173479
2022-02-01,170.1186120178827,170.93005253238587,168.4566320719076,170.7052001953125,86213900,170.87139892578125,166.52093505859375,155.65939331054688,156.20684814453125,166.00279235839844,161.62100677490236,165.70117568969727,166.53598083496092,6.103797204845848,-0.0009726538877401492,0.003103814272642702,0.026521230733201884
2022-02-02,170.84207875406224,171.94681342176997,169.45383589849953,171.90769958496094,84914300,170.7052001953125,170.87139892578125,166.52093505859375,156.118896484375,162.51260375976562,162.56051635742188,165.51249160766602,166.83494201660156,5.831289776566322,0.007044304381311095,0.005910732596096568,0.02513281794790379
2022-02-03,170.5781464577833,172.2987975978528,168.2709219070581,169.03347778320312,89418100,171.90769958496094,170.7052001953125,170.87139892578125,155.65939331054688,160.83106994628906,163.3807571411133,165.41375274658202,167.06722869873047,5.749479655100255,-0.016719564095715844,0.005273485971842495,0.02566597247300019
2022-02-04,168.05454433189513,170.42345318106436,167.07566180917001,168.7495574951172,82465400,169.03347778320312,171.90769958496094,170.7052001953125,166.52093505859375,158.77804565429688,164.3779083251953,165.44355087280275,167.2862121582031,5.76594772017745,-0.001679668973326609,0.006382028826436381,0.025031860772455516
2022-02-07,169.20964451994723,170.27662295458384,167.3399751947351,168.0349884033203,77251200,168.7495574951172,169.03347778320312,171.90769958496094,170.87139892578125,158.00567626953125,165.3808395385742,165.4293098449707,167.48054077148439,5.758817225409221,-0.00423449461085279,0.006445025323029208,0.0250011863418282
2022-02-08,168.10351922686326,171.64708470161528,167.8098514342005,171.1380615234375,74829200,168.0349884033203,168.7495574951172,169.03347778320312,170.7052001953125,156.20684814453125,166.87396087646485,165.569246673584,167.8372366333008,5.866252961535522,0.018466827353057713,0.009430165971664305,0.024410954163490477
2022-02-09,172.3322952525055,172.91961588647231,171.20657123174874,172.55743408203125,71285000,171.1380615234375,168.0349884033203,168.7495574951172,171.90769958496094,156.118896484375,168.51781463623047,165.63888244628907,168.15525390625,5.943922267026736,0.008293728151170798,0.01031584339903172,0.02416755195264842
2022-02-10,170.46260694632986,171.77430598076174,167.92730472233933,168.48526000976562,90865900,172.55743408203125,171.1380615234375,168.0349884033203,169.03347778320312,155.65939331054688,169.80040130615234,165.48291473388673,168.29289001464844,5.818751073506679,-0.02359894891766745,0.008250277498934543,0.026222081456453213
2022-02-11,168.6908451580762,169.42500712943504,164.49143031742815,165.07876586914062,98670700,168.48526000976562,172.55743408203125,171.1380615234375,168.7495574951172,166.52093505859375,169.65618438720702,165.31988677978515,168.3727606201172,5.780056964536086,-0.02021835109152903,-0.0007493194510201251,0.016341153519200482
2022-02-14,163.83559821712237,165.9989356288058,163.04270559336564,165.313720703125,86185500,165.07876586914062,168.48526000976562,172.55743408203125,168.0349884033203,170.87139892578125,169.1004165649414,165.12559127807617,168.47707824707032,5.707634415307569,0.0014232892567820343,-0.0032195532434510232,0.013436007208114015
2022-02-15,167.35953966665278,169.29772280484622,166.6547430824804,169.14109802246094,62527400,165.313720703125,165.07876586914062,168.48526000976562,171.1380615234375,170.7052001953125,168.94400634765626,165.2825065612793,168.69548431396484,5.775752793560386,0.023152206018091093,-0.000807067252867899,0.015835813316498304
2022-02-16,168.22094376536884,169.6794689590006,166.45895248580587,168.90615844726562,61177400,169.14109802246094,165.313720703125,165.07876586914062,172.55743408203125,171.90769958496094,168.64385223388672,165.6021842956543,168.84114807128907,5.791289742262987,-0.0013890153129082483,-0.0016503992222898333,0.015593942518579908
2022-02-17,167.41831260412283,168.2797341887302,164.91237519788157,165.313720703125,69589300,168.90615844726562,169.14109802246094,165.313720703125,168.48526000976562,169.03347778320312,168.2718765258789,165.8263168334961,168.8003842163086,5.682645195389937,-0.021268838135716783,-0.0021053266262899273,0.016139231757302294
2022-02-18,166.23386310925557,166.93864489391834,162.68051421778296,163.76707458496094,82772700,165.313720703125,168.90615844726562,169.14109802246094,165.07876586914062,168.7495574951172,167.77362823486328,166.0757682800293,168.65243133544922,5.462188222855625,-0.009355824256968792,-0.0028729421546541457,0.016298498263828988
2022-02-22,161.4960419882263,163.16993775264925,158.72580252665216,160.84999084472656,91162800,163.76707458496094,165.313720703125,168.90615844726562,165.313720703125,168.0349884033203,167.0551284790039,166.21798400878907,168.45630432128905,5.27482781924747,-0.01781239450986849,-0.0042307321445557156,0.016976018660059843
2022-02-23,162.04423283731927,162.6413518716535,156.37650867254357,156.68975830078125,90009200,160.84999084472656,163.76707458496094,165.313720703125,169.14109802246094,171.1380615234375,165.61029815673828,166.24212951660155,168.08136016845702,5.227482767826792,-0.02586405210281495,-0.008663820090142983,0.016158814326194666
2022-02-24,149.3579234730035,159.4110529381091,148.7901697172211,159.30337524414062,141147500,156.68975830078125,160.84999084472656,163.76707458496094,168.90615844726562,172.55743408203125,164.2848922729492,166.40135345458984,167.8312289428711,4.943706069075463,0.01668020278863591,-0.007825172626396471,0.017313107691685207
2022-02-25,160.38010876655954,161.6330771993794,157.472826482258,161.36878967285156,91974200,159.30337524414062,156.68975830078125,160.84999084472656,165.313720703125,168.48526000976562,163.5732452392578,166.68682327270508,167.6499758911133,4.42880222842071,0.012965289816022851,-0.004168748753027441,0.017471978315005365
2022-02-28,159.61659142915732,161.92675492011216,158.99989062280463,161.63308715820312,95056600,161.36878967285156,159.30337524414062,156.68975830078125,163.76707458496094,165.07876586914062,163.22867736816406,166.44243087768555,167.3768310546875,4.571016651579892,0.0016378476029186295,-0.0019831288835826743,0.016585762703260794
2022-03-01,161.22197083806662,163.0818568508139,158.5496253630897,159.75364685058594,83474400,161.63308715820312,161.36878967285156,159.30337524414062,160.84999084472656,165.313720703125,162.67266998291015,165.88654327392578,167.20374847412108,4.6788073411773405,-0.01162781915919009,-0.0032882397251798867,0.016800036186854998
2022-03-02,160.91852050375005,163.82580321014547,159.50892707803538,163.04269409179688,79724800,159.75364685058594,161.63308715820312,161.36878967285156,156.68975830078125,169.14109802246094,162.06282958984374,165.50341796875,167.11834533691408,4.576058107358969,0.020588245126492266,-0.003544635814339769,0.016365624240871627
2022-03-03,164.91233720332733,165.34304789639853,162.05400207433684,162.71963500976562,76678400,163.04269409179688,159.75364685058594,161.63308715820312,159.30337524414062,168.90615844726562,161.44417724609374,165.04401473999025,167.05366058349608,4.355150890175204,-0.0019814385663264877,-0.003603878139681593,0.016358024536054776
2022-03-04,161.01642127862274,162.0540345545001,158.67689221468046,159.7242889404297,83737200,162.71963500976562,163.04269409179688,159.75364685058594,161.36878967285156,165.313720703125,160.8852340698242,164.57855529785155,166.8657177734375,4.4035276744393395,-0.018408018609162746,-0.0033177961870261897,0.016036617941593632
2022-03-07,159.91031263634054,161.53526185030717,155.68153129925645,155.93605041503906,96418800,159.7242889404297,162.71963500976562,163.04269409179688,161.63308715820312,163.76707458496094,160.10213165283204,163.93787994384766,166.55019561767577,4.687701696695242,-0.02371736039972905,-0.004753949801302215,0.017235677145897684
2022-03-08,155.4661583222758,159.44041971330986,152.50992837199067,154.11529541015625,131148300,155.93605041503906,159.7242889404297,162.71963500976562,159.75364685058594,160.84999084472656,159.428662109375,163.24189529418945,166.18574432373046,5.065494069987128,-0.011676292942117583,-0.004140339644527124,0.016823422105987675
2022-03-09,158.06998280822745,159.95923428896205,156.04370327606966,159.50894165039062,91454900,154.11529541015625,155.93605041503906,159.7242889404297,163.04269409179688,156.68975830078125,159.71058044433593,162.66043930053712,165.84997772216798,4.770242483211975,0.03499747527252195,0.0019458130930065654,0.018963954417294582
2022-03-10,156.81701649151432,157.00300660733848,152.6861300144377,155.17250061035156,105342000,159.50894165039062,154.11529541015625,155.93605041503906,162.71963500976562,159.30337524414062,159.29749298095703,161.79119262695312,165.44781646728515,4.44472471562745,-0.027186194047626566,-0.0024408265906196826,0.020209540176941265
2022-03-11,155.57384466842046,155.9164596416208,151.23740079888486,151.46253967285156,96970100,155.17250061035156,159.50894165039062,154.11529541015625,159.7242889404297,161.36878967285156,158.30686798095704,160.94005661010743,164.96969604492188,4.716922845589694,-0.023908623776167426,-0.00612821794983871,0.020448795048377655
2022-03-14,148.25177493215907,150.86538982544317,146.9302923114544,147.43930053710938,108732100,151.46253967285156,155.17250061035156,159.50894165039062,155.93605041503906,161.63308715820312,156.88748931884766,160.05808334350587,164.43418365478516,5.4883696402170035,-0.02656260184486603,-0.008948262894617176,0.02118989462107118
2022-03-15,147.713390079557,152.28478532825997,147.20438184151632,151.81491088867188,92964300,147.43930053710938,151.46253967285156,155.17250061035156,154.11529541015625,159.75364685058594,156.09361572265624,159.3831428527832,163.9985009765625,5.636063854132997,0.02967736780914243,-0.004817744197783924,0.02439319619372087
2022-03-16,153.73352378158447,156.6212246232631,151.19822129277074,156.21987915039062,102300200,151.81491088867188,147.43930053710938,151.46253967285156,159.50894165039062,163.04269409179688,155.4113342285156,158.7370819091797,163.56410430908204,5.180833873594291,0.029015386143123933,-0.003975030096120757,0.025489359281988044
2022-03-17,155.26060037752023,157.6001296550613,154.3012994227279,157.2281494140625,75615400,156.21987915039062,151.81491088867188,147.43930053710938,155.17250061035156,162.71963500976562,154.8621856689453,158.15318145751954,163.19503967285155,4.5999297350368495,0.0064541738807852855,-0.00313146885140958,0.02570137234149373
2022-03-18,157.12050203109004,161.0066686637501,156.3863397947422,160.51722717285156,123511700,157.2281494140625,156.21987915039062,151.81491088867188,151.46253967285156,159.7242889404297,154.9414794921875,157.91335678100586,162.98521911621094,4.323697188172908,0.020919140567680516,0.0008012470662747462,0.026109685640393062
2022-03-21,160.05709828830467,162.83713639325782,159.56765695852218,161.8876190185547,95811400,160.51722717285156,157.2281494140625,156.21987915039062,147.43930053710938,155.93605041503906,155.53663635253906,157.81938400268555,162.85989959716798,4.208668502210225,0.008537350599929328,0.004026718166240584,0.024698379851960658
2022-03-22,162.01486028186812,165.84229498697943,161.42753966012307,165.25497436523438,81532000,161.8876190185547,160.51722717285156,157.2281494140625,151.81491088867188,154.11529541015625,156.65060424804688,158.03963317871094,162.79860290527344,4.4819999817177445,0.020800573676321266,0.007274404828084469,0.024538841524032604
2022-03-23,164.44248019289995,168.9942779440516,164.1096487837443,166.6156005859375,98062700,165.25497436523438,161.8876190185547,160.51722717285156,156.21987915039062,159.50894165039062,157.36127014160155,158.53592529296876,162.76412841796875,4.858400702941455,0.008233496304298704,0.004598006931262144,0.022558843682555178
2022-03-24,167.44765777264146,170.46261801995993,166.61561651162776,170.39410400390625,90131400,166.6156005859375,165.25497436523438,161.8876190185547,157.2281494140625,155.17250061035156,158.88343048095703,159.09046173095703,162.74871612548827,5.5362646542133245,0.022677968957773853,0.009584423231802187,0.020133220127817594
2022-03-25,170.20810721060892,171.578536843318,169.10196511927478,171.03036499023438,80546200,170.39410400390625,166.6156005859375,165.25497436523438,160.51722717285156,151.46253967285156,160.8402130126953,159.57354049682618,162.7372311401367,6.134705028115632,0.0037340551778337616,0.012348691127202304,0.016613748700498594
2022-03-28,168.53423961902578,172.01905978493204,168.3678313455488,171.89181518554688,90371900,171.03036499023438,170.39410400390625,166.6156005859375,161.8876190185547,147.43930053710938,163.28546447753905,160.08647689819335,162.80828094482422,6.71719550532025,0.005036826035901276,0.015508633915279036,0.010130657975044189
2022-03-29,172.95877935054617,175.22977935165113,172.6161644453855,175.18084716796875,100589400,171.89181518554688,171.03036499023438,170.39410400390625,165.25497436523438,151.81491088867188,165.62205810546874,160.8578369140625,162.9279052734375,7.515327867610777,0.01913431409675659,0.01445432854404045,0.008974959099448487
2022-03-30,174.77951856347462,175.81713189197046,172.9685794955082,174.0159912109375,92633200,175.18084716796875,171.89181518554688,171.03036499023438,166.6156005859375,156.21987915039062,167.40166931152345,161.40650177001953,163.08816925048828,8.06377757670907,-0.006649448132388325,0.010887845116489225,0.009609578374065333
2022-03-31,174.08447018974397,174.2704602652505,170.71711180695456,170.9226837158203,103049300,174.0159912109375,175.18084716796875,171.89181518554688,170.39410400390625,157.2281494140625,168.77112274169923,161.81665420532227,163.25637084960937,8.338037655173236,-0.01777599560587262,0.008464828167823435,0.013226002090751813
2022-04-01,170.35495761395958,171.18701389593227,168.30909632537671,170.62904357910156,78751300,170.9226837158203,174.0159912109375,175.18084716796875,171.03036499023438,160.51722717285156,169.7823043823242,162.36189193725585,163.45233032226562,8.547911709360854,-0.0017179705486426444,0.0062011170561911185,0.012787492996060626
2022-04-04,170.88352814533914,174.72074581921223,170.75626863844195,174.6717987060547,76468400,170.62904357910156,170.9226837158203,174.0159912109375,171.89181518554688,161.8876190185547,171.06072235107422,163.29867935180664,163.77020538330078,8.828661606310863,0.02369324144443774,0.00771670614064196,0.013941250222242681
2022-04-05,173.75165021722813,174.53475923368862,170.7366902126206,171.36317443847656,73401800,174.6717987060547,170.62904357910156,170.9226837158203,175.18084716796875,165.25497436523438,171.67154235839843,164.16107330322265,164.03735534667967,8.726207119785746,-0.018941948798191666,0.003742453893190667,0.015386774999710754
2022-04-06,168.7202226513366,169.9634078617043,166.537318414103,168.201416015625,89058800,171.36317443847656,174.6717987060547,170.62904357910156,174.0159912109375,166.6156005859375,171.8301239013672,164.59569702148437,164.27724670410157,8.698733144422025,-0.01845062939112807,0.0010740413236479895,0.016772778314011992
2022-04-07,167.5455515170426,169.69909027693134,166.26321768469555,168.50485229492188,77594700,168.201416015625,171.36317443847656,174.6717987060547,170.9226837158203,170.39410400390625,171.64119873046874,165.2623146057129,164.5249658203125,8.445766589233571,0.0018040054981980358,-0.0010133550223095922,0.014989499119803571
2022-04-08,168.1524524173325,168.1524524173325,165.62693350816983,166.49813842773438,76575500,168.50485229492188,168.201416015625,171.36317443847656,170.62904357910156,171.03036499023438,171.18797607421874,166.01409454345702,164.74174072265626,7.797025421821306,-0.011908938169182814,-0.00257765435701125,0.015252946014822666
2022-04-11,165.1472853633742,165.46052001953282,162.0050657338506,162.24978637695312,72246700,166.49813842773438,168.50485229492188,168.201416015625,174.6717987060547,171.89181518554688,170.22377319335936,166.7546188354492,164.65631774902343,6.5424042828128,-0.025515913216201946,-0.005632928282221572,0.016562030469441383
2022-04-12,164.47185939466212,166.28278325109693,163.1209966207163,164.1194610595703,79265200,162.24978637695312,166.49813842773438,168.50485229492188,171.36317443847656,175.18084716796875,169.11763458251954,167.36984634399414,164.5212789916992,5.569829948358272,0.011523433863101618,-0.006394016305587069,0.015433871828782829
2022-04-13,163.8551587010773,167.42807423573976,163.24825626550125,166.8015899658203,70618900,164.1194610595703,162.24978637695312,166.49813842773438,168.201416015625,174.0159912109375,168.3961944580078,167.89893188476563,164.44320678710938,4.919561512995468,0.01634254029920612,-0.0040948174624276246,0.01702241073234742
2022-04-14,167.01697710019764,167.65325987659003,161.55480933143042,161.79953002929688,75329400,166.8015899658203,164.1194610595703,162.24978637695312,168.50485229492188,170.9226837158203,167.48387908935547,168.12750091552735,164.2410433959961,4.4846630604160405,-0.02998808307251999,-0.005316026209092361,0.0184879398071026
2022-04-18,160.45842830966066,163.0818413516457,160.11582837374732,161.5841522216797,69023900,161.79953002929688,166.8015899658203,164.1194610595703,166.49813842773438,170.62904357910156,166.5793899536133,168.18084716796875,164.0920568847656,4.394818011809446,-0.0013311398838933286,-0.00527734314261743,0.018496707261000042
2022-04-19,161.53521398147984,164.2760883021938,160.44865367684753,163.8649444580078,67723800,161.5841522216797,161.79953002929688,166.8015899658203,162.24978637695312,174.6717987060547,165.4987045288086,168.27971343994142,163.99436462402343,4.266151270840371,0.014115197591896722,-0.006235147527871532,0.017018798716948717
2022-04-20,165.19622127922986,165.31369734743882,162.59240492951264,163.6985321044922,67929800,163.8649444580078,161.5841522216797,161.79953002929688,164.1194610595703,171.36317443847656,164.73224029541015,168.2018913269043,163.9076354980469,4.3378258984549465,-0.0010155457841580784,-0.004442507226468173,0.0164668064746074
2022-04-21,165.34307817395856,167.90774603308134,162.4064301142371,162.90565490722656,87227800,163.6985321044922,163.8649444580078,161.5841522216797,166.8015899658203,168.201416015625,164.20266418457032,168.01639404296876,163.74298736572266,4.486022467692035,-0.004843520507315957,-0.0030817963380869616,0.01572619690941533
2022-04-22,162.94482378114378,164.3250370614869,158.08955892864606,158.37342834472656,84882400,162.90565490722656,163.6985321044922,163.8649444580078,161.79953002929688,168.50485229492188,163.18952178955078,167.41536026000978,163.45930725097656,4.933622586348803,-0.02782117394930872,-0.006044314282837637,0.017404405707817573
2022-04-25,157.71757136622622,159.7242838315626,155.11375480994548,159.44041442871094,96046400,158.37342834472656,162.90565490722656,163.6985321044922,161.5841522216797,166.49813842773438,162.48374938964844,166.8358627319336,163.27841033935547,5.162043448795334,0.006737153417313735,-0.0041797051241879825,0.017702556226204345
2022-04-26,158.82373899686115,158.9118348666905,153.4105181477024,153.48883056640625,95623200,159.44041442871094,158.37342834472656,162.90565490722656,163.8649444580078,162.24978637695312,161.60765380859374,165.91571350097655,163.04661163330078,5.812573843549372,-0.037327950279292366,-0.005360908830497025,0.0195790262827812
2022-04-27,152.61759051221244,156.41564486229873,152.0987839265491,153.26365661621094,88063200,153.48883056640625,159.44041442871094,158.37342834472656,163.6985321044922,164.1194610595703,160.5220733642578,164.81985397338866,162.8056103515625,6.035630863601764,-0.001467038020710465,-0.006659956018878232,0.018747593615503336
2022-04-28,155.88706244158715,161.04577820352466,155.57381282317428,160.18435668945312,130216800,153.26365661621094,153.48883056640625,159.44041442871094,162.90565490722656,166.8015899658203,159.8603500366211,164.12827224731444,162.62647552490233,5.710107141645402,0.04515551974968468,-0.0037786580738303766,0.024119978604943127
2022-04-29,158.42235165998022,162.69028026576657,153.9292842451666,154.32083129882812,131747600,160.18435668945312,153.26365661621094,153.48883056640625,158.37342834472656,161.79953002929688,159.11248016357422,163.29817962646484,162.3347689819336,5.874753940572766,-0.036604856502888916,-0.004440335416867269,0.024993793644301498
2022-05-02,153.40069487713816,154.88858563658798,150.0333364297974,154.62429809570312,123055300,154.32083129882812,160.18435668945312,153.26365661621094,159.44041442871094,161.5841522216797,158.41649475097657,162.49794235229493,162.12098052978516,5.9135393445061935,0.001966466836141878,-0.0041105747448637485,0.025061036787642706
2022-05-03,154.8102670522691,157.31621889046943,153.01892515604405,156.1121826171875,88966500,154.62429809570312,154.32083129882812,160.18435668945312,153.48883056640625,163.8649444580078,157.64121856689454,161.56996154785156,161.9678826904297,5.330059668895128,0.009622578985376995,-0.004559836605515721,0.02473616887554845
2022-05-04,156.29818841895514,162.964376768375,155.8968429541357,162.51409912109375,108256500,156.1121826171875,154.62429809570312,154.32083129882812,153.26365661621094,163.6985321044922,157.52277526855468,161.12750778198242,162.00116485595703,4.816912396869214,0.041008436347371946,-0.0003574383923627189,0.028663190585410843
2022-05-05,160.38994926297363,160.6150881198339,151.67788357069364,153.45945739746094,130525300,162.51409912109375,156.1121826171875,154.62429809570312,160.18435668945312,162.90565490722656,156.57815551757812,160.39040985107422,161.93655883789063,4.805385178437086,-0.05571603800902192,-0.005444690142533315,0.03363175544019141
2022-05-06,152.93986371222095,156.3023722983105,151.14587460582203,154.18487548828125,116124600,153.45945739746094,162.51409912109375,156.1121826171875,154.32083129882812,158.37342834472656,156.1593002319336,159.67441101074218,161.83418884277344,4.5949297074737085,0.004727099281613301,-0.002189862819441113,0.03279002902205084
2022-05-09,151.8810971374127,152.7633948486293,148.50880608897836,149.0675811767578,131577900,154.18487548828125,153.45945739746094,162.51409912109375,154.62429809570312,159.44041442871094,155.12201690673828,158.80288314819336,161.58816467285158,4.876930485661815,-0.033189340363752984,-0.006182512197547785,0.03399107322022861
2022-05-10,152.45950928453797,153.65550196924158,149.92046680625165,151.46937561035156,115366700,149.0675811767578,154.18487548828125,153.45945739746094,156.1121826171875,153.48883056640625,154.92007141113282,158.26386260986328,161.38489044189453,5.0679223211027,0.016112117836981632,-0.0008385053859203851,0.03272777558896017
2022-05-11,150.47921836254133,152.39084062039686,142.94055024144134,143.61697387695312,142689800,151.46937561035156,149.0675811767578,154.18487548828125,162.51409912109375,153.26365661621094,153.95540313720704,157.2387382507324,161.06215698242187,5.836449054358207,-0.05184151384896707,-0.0058759529687460454,0.036495233619570855
2022-05-12,139.9604210928437,143.32291464808353,136.06854586723028,139.75454711914062,182602000,143.61697387695312,151.46937561035156,149.0675811767578,153.45945739746094,160.18435668945312,151.91242218017578,155.88638610839843,160.59639404296874,6.589027138404635,-0.026893943337935267,-0.01308089927750804,0.032155094448192215
2022-05-13,141.74462867687598,145.18556541857188,140.2937575920386,144.2150421142578,113990900,139.75454711914062,143.61697387695312,151.46937561035156,154.18487548828125,154.32083129882812,150.90184326171874,155.00716171264648,160.2263021850586,6.92320500323908,0.031916635895321566,-0.006228750037686992,0.03384184294756704
2022-05-16,142.68570084334092,144.61693408926746,141.34265112461745,142.67588806152344,86643800,144.2150421142578,139.75454711914062,143.61697387695312,149.0675811767578,154.62429809570312,149.70700225830078,154.06174850463867,159.88533416748047,7.260607361306384,-0.010672631857049586,-0.007492659907006138,0.03373762296709366
2022-05-17,145.93055862687706,146.82265416778552,143.79345144967377,146.30308532714844,78336300,142.67588806152344,144.2150421142578,139.75454711914062,151.46937561035156,156.1121826171875,148.72609252929686,153.18365554809571,159.69267486572267,7.0721292276574665,0.02542263668308764,-0.005912654137235074,0.034975493001327664
2022-05-18,143.960147405131,144.46010573899827,137.1469043666091,138.04881286621094,109742900,146.30308532714844,142.67588806152344,144.2150421142578,143.61697387695312,162.51409912109375,146.2795639038086,151.90116958618165,159.37134521484376,7.383803946191471,-0.056418991045063205,-0.01565539687647859,0.0340092421604037
2022-05-19,137.1273056487035,138.87227582415818,133.91185397987616,134.6470947265625,136095600,138.04881286621094,146.30308532714844,142.67588806152344,139.75454711914062,153.45945739746094,144.39832763671876,150.48824157714844,158.8741082763672,7.855831707471234,-0.024641415373453324,-0.01254793461292173,0.031249866336084054
2022-05-20,136.3528207232791,137.93113785871375,130.00034593006458,134.88233947753906,137426100,134.6470947265625,138.04881286621094,146.30308532714844,144.2150421142578,154.18487548828125,142.46807403564452,149.31368713378907,158.46830505371094,8.355093598268741,0.0017471208825878826,-0.012845932452824272,0.031080578256176092
2022-05-23,135.07840236616943,140.4407585737006,134.941158046499,140.29371643066406,117726300,134.88233947753906,134.6470947265625,138.04881286621094,142.67588806152344,149.0675811767578,141.59068756103517,148.35635223388672,158.2449285888672,8.229675619523118,0.040119240028648306,-0.005515074413584143,0.03423458543197274
2022-05-24,138.0389654521871,139.1761411372566,134.62745335548652,137.5978240966797,104132700,140.29371643066406,134.88233947753906,134.6470947265625,146.30308532714844,151.46937561035156,140.20353240966796,147.5618019104004,158.0480990600586,8.471627709015854,-0.019216059012284736,-0.00904789209851078,0.033571209695334274
2022-05-25,135.7058176181396,138.99969650386015,135.61759232548434,137.75469970703125,92482700,137.5978240966797,140.29371643066406,134.88233947753906,138.04881286621094,143.61697387695312,139.61730499267577,146.7863540649414,157.7668948364258,8.63055393746925,0.0011401024062802634,-0.003749730472986046,0.03006480239430903
2022-05-26,134.68629593603174,141.49952360823445,134.44121569632296,140.95054626464844,90601500,137.75469970703125,137.5978240966797,140.29371643066406,134.6470947265625,139.75454711914062,139.73690490722657,145.82466354370118,157.46150817871094,8.11527464679845,0.023199546472199684,0.0012596185080274492,0.029953119395471017
2022-05-27,142.5288570634857,146.73442720207444,142.40141055796454,146.69522094726562,90978500,140.95054626464844,137.75469970703125,137.5978240966797,134.88233947753906,144.2150421142578,139.98492279052735,145.44338302612306,157.250849609375,7.8705362496176825,0.040756668454700495,0.002143621763965342,0.031068122060891577
2022-05-31,146.1364342695409,147.69514080945274,143.9503080341332,145.91094970703125,103718400,146.69522094726562,140.95054626464844,137.75469970703125,140.29371643066406,142.67588806152344,140.3084289550781,145.00771560668946,156.9587240600586,7.571048635404367,-0.005346263055947209,0.0026762586440755797,0.030869004362144677
2022-06-01,146.95007745203338,148.753879037452,144.77376414576858,145.78350830078125,74286600,145.91094970703125,146.69522094726562,140.95054626464844,137.5978240966797,146.30308532714844,140.2564712524414,144.49128189086915,156.63664184570314,7.112085201719216,-0.0008734190717412105,4.665306859269469e-05,0.0298181769991195
2022-06-02,144.920824891666,148.29313081917098,143.96991252402043,148.23431396484375,72348100,145.78350830078125,145.91094970703125,146.69522094726562,137.75469970703125,138.04881286621094,141.2750213623047,143.77729263305665,156.29622863769532,5.804019013176829,0.016811268247201028,0.007369678997819118,0.022505627408057866
2022-06-03,144.0091352358549,145.05808578629097,141.6171647882395,142.51905822753906,88570300,148.23431396484375,145.78350830078125,145.91094970703125,140.95054626464844,134.6470947265625,142.06221771240234,143.23027267456055,155.81429779052735,5.340512098426415,-0.03855555157532664,0.005978265377631786,0.024996856929085643
2022-06-06,144.13658414441952,145.64628674294468,142.04849579123675,143.26409912109375,71598400,142.51905822753906,148.23431396484375,145.78350830078125,146.69522094726562,134.88233947753906,142.9003936767578,142.68423385620116,155.2716976928711,4.678815491094102,0.005227657990590995,0.006326319088432097,0.0249555941643332
2022-06-07,141.5093091448792,146.06779474236185,141.26422895235845,145.78350830078125,67808200,143.26409912109375,142.51905822753906,148.23431396484375,145.91094970703125,140.29371643066406,143.44937286376953,142.52003021240233,154.76676055908203,4.4970990411338585,0.017585767789304763,0.004072971864497743,0.022457547761434157
2022-06-08,145.65604230031803,146.9206493425614,144.55808797164124,145.04824829101562,53950200,145.78350830078125,143.26409912109375,142.51905822753906,145.78350830078125,137.5978240966797,144.1944152832031,142.19897384643554,154.2298892211914,4.0294550743523265,-0.005043506075108506,0.0054902271582153665,0.02123863918083098
2022-06-09,144.18560463111925,145.0384790561678,139.72514139394366,139.83297729492188,69473000,145.04824829101562,145.78350830078125,143.26409912109375,148.23431396484375,137.75469970703125,144.4022430419922,142.009774017334,153.52293182373046,4.048163585060815,-0.03595542212705771,0.0017806747048815686,0.024990950836834856
2022-06-10,137.51941663931075,137.9899664897166,134.36278209908923,134.43141174316406,91437900,139.83297729492188,145.04824829101562,145.78350830078125,142.51905822753906,140.95054626464844,143.75032958984374,141.74361724853514,152.731240234375,4.366702222510681,-0.03862869586453388,-0.004402149528791787,0.026693329629845754
2022-06-13,130.25522177759234,132.53937106937602,128.85337019356888,129.2847137451172,122207100,134.43141174316406,139.83297729492188,145.04824829101562,143.26409912109375,146.69522094726562,142.0092788696289,140.99710083007812,151.89848083496094,5.13124729928291,-0.038284936022838334,-0.01230630997654567,0.023325645103964676
2022-06-14,130.51009821175379,131.25513655089347,128.89256009857948,130.14736938476562,84784300,129.2847137451172,134.43141174316406,139.83297729492188,145.78350830078125,145.91094970703125,140.43292083740235,140.37067489624025,151.0888473510742,5.653664088735125,0.006672526199417161,-0.011104431051009233,0.024023322731567934
2022-06-15,131.64729675078482,134.63727870714717,129.55922325217023,132.76486206054688,91533000,130.14736938476562,129.2847137451172,134.43141174316406,145.04824829101562,145.78350830078125,139.1310562133789,139.69376373291016,150.25070861816405,5.716113677218674,0.020111760138946222,-0.00900591312994049,0.02586249864877947
2022-06-16,129.4807864670593,129.7846835531672,126.50060254968962,127.50053405761719,108123900,132.76486206054688,130.14736938476562,129.2847137451172,139.83297729492188,148.23431396484375,137.05767822265625,139.16634979248047,149.3734558105469,6.329591460651268,-0.039651515628652656,-0.01465219151752586,0.025763111072424624
2022-06-17,127.51036998343507,130.46113104749855,127.25547692933145,128.97103881835938,134520300,127.50053405761719,132.76486206054688,130.14736938476562,134.43141174316406,142.51905822753906,135.70287628173827,138.8825469970703,148.58884826660156,6.661439120991306,0.01153332236300808,-0.009643304123692386,0.025466889211646568
2022-06-21,130.79441426737327,134.36278178825876,130.69639115129178,133.19619750976562,81000500,128.97103881835938,127.50053405761719,132.76486206054688,129.2847137451172,143.26409912109375,134.69608612060546,138.79823989868163,147.88267517089844,6.725096002627129,0.0327605230609711,-0.006890017616654376,0.028554422103275977
2022-06-22,132.1374700396713,135.04902480535304,131.27479767249656,132.68646240234375,73409200,133.19619750976562,128.97103881835938,127.50053405761719,130.14736938476562,145.78350830078125,133.38638153076172,138.41787719726562,147.20644165039062,6.850029838816831,-0.0038269493945913835,-0.00903128933504399,0.027289931120069416
2022-06-23,134.1275183400123,135.86267563561398,132.96093402675356,135.54898071289062,72433800,132.68646240234375,133.19619750976562,128.97103881835938,132.76486206054688,145.04824829101562,132.43645477294922,138.31543502807617,146.67242553710938,6.878201490179535,0.02157355210712364,-0.006369583516820776,0.02896850817043985
2022-06-24,137.14689423988725,139.1173489130396,137.01946268880786,138.8722686767578,89116800,135.54898071289062,132.68646240234375,133.19619750976562,127.50053405761719,139.83297729492188,132.34038391113282,138.3713134765625,146.16748168945313,6.877945878494858,0.024517247908387496,-0.0003223165132762551,0.028412732509063267
2022-06-27,139.89179587794544,140.6662578013618,138.19584483125837,138.8722686767578,70207900,138.8722686767578,135.54898071289062,132.68646240234375,128.97103881835938,134.43141174316406,132.7844696044922,138.26739959716798,145.60889526367188,6.852580010068556,0.0,0.003540553073177133,0.02505340494090581
2022-06-28,139.33299738336785,140.59760460905184,134.61765682035212,134.73529052734375,67083400,138.8722686767578,138.8722686767578,135.54898071289062,133.19619750976562,129.2847137451172,133.32952728271485,137.66940307617188,145.0676104736328,6.595432343208342,-0.029789807488803888,0.004390065926580577,0.02357819748172924
2022-06-29,134.75492447437682,137.90174634957765,133.98046254650382,136.49008178710938,66242400,134.73529052734375,138.8722686767578,138.8722686767578,132.68646240234375,130.14736938476562,133.96379852294922,137.19835968017577,144.5657290649414,6.305907415394043,0.013023991360374243,0.005025212442676286,0.023731562436077384
2022-06-30,134.54906419941244,135.6470189893978,131.13755113159218,134.0294952392578,98964500,136.49008178710938,134.73529052734375,138.8722686767578,135.54898071289062,132.76486206054688,134.09026184082032,136.61065902709962,143.9690200805664,6.004182674354759,-0.018027584976390232,0.0012112779311426402,0.024099446936454723
2022-07-01,133.36282702594735,136.3037892489926,132.99031531614665,136.19595336914062,71051600,134.0294952392578,136.49008178710938,134.73529052734375,138.8722686767578,127.50053405761719,134.95980377197264,136.00874099731445,143.41896850585937,5.344798270688812,0.016164040057119022,0.006792833499719808,0.019633671915081127
2022-07-05,135.05882114715405,138.82324999611623,134.23534018265374,138.77423095703125,73353800,136.19595336914062,134.0294952392578,136.49008178710938,138.8722686767578,128.97103881835938,135.94012298583985,135.82149963378907,142.93634002685548,5.1673724374938,0.018930647527408917,0.007532566016159892,0.019968619572192172
2022-07-06,138.56838663745515,141.28386518046202,138.3036957651199,140.10748291015625,74064300,138.77423095703125,136.19595336914062,134.0294952392578,134.73529052734375,133.19619750976562,136.6312515258789,135.66366882324218,142.57102111816405,4.972620692453696,0.009607345282553359,0.005217248238318118,0.017959707485850848
2022-07-07,140.47019110271424,143.66604717243726,140.4603932776671,143.46998596191406,66253700,140.10748291015625,138.77423095703125,136.19595336914062,136.49008178710938,132.68646240234375,137.70960388183593,135.54799270629883,142.25161254882812,4.746588755190387,0.023999453718785313,0.007999888549655786,0.01854874268772982
2022-07-08,142.40142264422443,144.64636610420064,142.1465445700594,144.14639282226562,64547800,143.46998596191406,140.10748291015625,138.77423095703125,134.0294952392578,135.54898071289062,138.56934509277343,135.50289993286134,142.0647637939453,4.6549857403935935,0.0047146227541357,0.006313995614356993,0.017933918753590527
2022-07-11,142.80336382609462,143.75427642973983,140.95055766241197,142.01910400390625,63141600,144.14639282226562,143.46998596191406,140.10748291015625,136.19595336914062,138.8722686767578,138.88402862548827,135.61220626831056,141.83987274169922,4.7858417323600015,-0.014757835952109777,0.002386487228307266,0.017804616901254653
2022-07-12,142.89155544175705,145.5286208059207,142.19553604555907,142.98959350585938,77588800,142.01910400390625,144.14639282226562,143.46998596191406,138.77423095703125,138.8722686767578,139.29576110839844,136.0401153564453,141.49597747802736,5.0500171111994625,0.006833513763940147,0.0030698386047012804,0.017833957869704445
2022-07-13,140.17611985083454,143.5680224891842,139.32323031975335,142.62692260742188,71185600,142.98959350585938,142.01910400390625,144.14639282226562,140.10748291015625,134.73529052734375,140.08492431640624,136.70722579956055,141.2620993041992,4.9915751949483855,-0.0025363447055511967,0.0057951848830265495,0.013903829633255994
2022-07-14,141.24462523992875,146.0187828364424,140.43095716603992,145.54823303222656,78140700,142.62692260742188,142.98959350585938,142.01910400390625,143.46998596191406,136.49008178710938,140.99073944091796,137.4772689819336,141.08057800292968,5.112796115530032,0.020482180863184984,0.0065410038333076235,0.014521011806664964
2022-07-15,146.83244295612025,147.89119117713278,145.28353435270415,147.2147674560547,76259900,145.54823303222656,142.62692260742188,142.98959350585938,144.14639282226562,134.0294952392578,142.30926666259765,138.19976425170898,140.90262969970703,5.423366149815967,0.011450049163146625,0.009488767247261309,0.011696761819256232
2022-07-18,147.77357228115997,148.58724039251226,143.81306761767442,144.17579650878906,81420900,147.2147674560547,145.54823303222656,142.62692260742188,142.01910400390625,136.19595336914062,143.1072509765625,139.03352737426758,140.53586364746093,4.9533684626309356,-0.02064311209928582,0.005808052031620825,0.014754367995011846
2022-07-19,145.0090674390563,148.25392726287154,144.01894870347078,148.02845764160156,82982400,144.17579650878906,147.2147674560547,145.54823303222656,142.98959350585938,138.77423095703125,144.03267364501954,139.98639831542968,140.42724365234375,4.74439923195509,0.02672196877773203,0.006587184156653136,0.015699756922480212
2022-07-20,148.14609070693865,150.6949310490213,147.41085002655058,150.02830505371094,64823400,148.02845764160156,144.17579650878906,147.2147674560547,142.62692260742188,140.10748291015625,145.024755859375,140.82800369262696,140.34411224365235,4.9643159761595035,0.013509884815197548,0.006977438109917555,0.015831125237349208
2022-07-21,151.45958316742,152.50853373902038,148.94996398855773,152.29286193847656,65086600,150.02830505371094,148.02845764160156,144.17579650878906,145.54823303222656,143.46998596191406,145.90704345703125,141.8083236694336,140.4086178588867,5.202135006996824,0.015094197617942173,0.0060869124998332415,0.014995640653299972
2022-07-22,152.33208328648058,153.2045683993023,150.39105184778396,151.0576629638672,66675400,152.29286193847656,150.02830505371094,148.02845764160156,147.2147674560547,144.14639282226562,146.5981704711914,142.58375778198243,140.40038360595702,5.373065898619548,-0.008110682003654057,0.004804382024054266,0.0156597957051823
2022-07-25,150.97920113195147,151.9889303599999,149.28325033510924,149.9400634765625,53623900,151.0576629638672,152.29286193847656,150.02830505371094,144.17579650878906,142.01910400390625,147.39026641845703,143.13714752197265,140.52684539794922,5.538108093614638,-0.007398495815283623,0.005540316037736881,0.014786918695035492
2022-07-26,149.2636385384265,150.0773065915356,147.83237855759032,148.61663818359375,55138700,149.9400634765625,151.0576629638672,152.29286193847656,148.02845764160156,142.98959350585938,147.95297088623047,143.62436599731444,140.7040872192383,5.571686758522402,-0.008826362096182594,0.003974328451724607,0.015449137298788811
2022-07-27,149.57735592146827,154.23387992265205,149.16562296270044,153.70449829101562,78620700,148.61663818359375,149.9400634765625,151.0576629638672,150.02830505371094,142.62692260742188,149.06072845458985,144.57282638549805,140.89387634277344,5.593379712497524,0.03423479476864877,0.007651442399144603,0.01790771986362049
2022-07-28,153.89075014754778,154.53776544520662,151.37133354934207,154.25347900390625,81378700,153.70449829101562,148.61663818359375,149.9400634765625,152.29286193847656,145.54823303222656,149.9312530517578,145.46099624633788,141.1254281616211,5.652383737470626,0.0035716632824318584,0.005960390641069291,0.01735126656935976
2022-07-29,158.06696899861157,160.4099356728857,156.36120501340108,159.3119659423828,101786900,154.25347900390625,153.70449829101562,148.61663818359375,151.0576629638672,147.2147674560547,151.14097290039064,146.72511978149413,141.3856057739258,5.7867788349141165,0.03279334100690501,0.00809471982544513,0.019304332639828805
2022-08-01,157.84147403635484,160.37070393464464,157.72384030664722,158.33163452148438,67829400,159.3119659423828,154.25347900390625,153.70449829101562,149.9400634765625,144.17579650878906,152.55655670166016,147.83190383911133,141.79126220703125,5.783814969681189,-0.006153532881848833,0.009543677747188829,0.017352778384356855
2022-08-02,156.94937000342367,159.2139087149108,156.48861801917639,156.8611297607422,59907000,158.33163452148438,159.3119659423828,154.25347900390625,148.61663818359375,148.02845764160156,153.43982391357423,148.7362487792969,142.23554290771483,5.706535882352497,-0.009287498137604655,0.005942731055655159,0.017126722429618373
2022-08-03,157.67481177613547,163.311657015849,157.58658648416494,162.8607177734375,82507500,156.8611297607422,158.33163452148438,159.3119659423828,153.70449829101562,150.02830505371094,154.7230651855469,149.87391052246093,142.7951104736328,6.146826407777939,0.038247767447846304,0.008416519318920035,0.019902760465144595
2022-08-04,162.7430582477967,163.89984462441896,161.19414951620604,162.5469970703125,55474100,162.8607177734375,156.8611297607422,158.33163452148438,154.25347900390625,152.29286193847656,155.74847869873048,150.82776107788087,143.24017608642578,6.566607223354557,-0.001926312909669381,0.006714468266158879,0.01999581033999586
2022-08-05,160.2204579317327,162.81209994967907,160.01429795084667,162.32125854492188,56697000,162.5469970703125,162.8607177734375,156.8611297607422,159.3119659423828,151.0576629638672,156.87483825683594,151.73650436401368,143.73464477539062,6.845012756692353,-0.0013887585095957444,0.007386660615564711,0.01955008001827484
2022-08-08,163.32254540690658,164.7361708864107,161.19229575323052,161.8500213623047,60276900,162.32125854492188,162.5469970703125,162.8607177734375,158.33163452148438,149.9400634765625,158.06583404541016,152.7280502319336,144.2165512084961,6.799465479373574,-0.0029031143969769913,0.007836198757395375,0.0192212510640437
2022-08-09,161.01555492296612,162.78258627702198,160.2596552644257,161.89906311035156,63135500,161.8500213623047,162.32125854492188,162.5469970703125,156.8611297607422,148.61663818359375,159.39407653808593,153.67352371215821,144.63552154541014,6.687826415341274,0.0003030073622114493,0.008749135703234778,0.018546883331856615
2022-08-10,164.60851631297595,166.23811287684435,163.8428051524665,166.13995361328125,70170500,161.89906311035156,161.8500213623047,162.32125854492188,162.8607177734375,153.70449829101562,160.6376220703125,154.84917526245118,145.02441619873048,6.710379894459353,0.02619465747024785,0.007945121973394687,0.01746184718139204
2022-08-11,166.94495103045548,167.85792369494868,165.10920924668594,165.40371704101562,57149200,166.13995361328125,161.89906311035156,161.8500213623047,162.5469970703125,154.25347900390625,161.75264587402344,155.84194946289062,145.41427154541014,6.730658768710789,-0.004431423966683723,0.007144813248483128,0.01786334474967048
2022-08-12,166.70936592550703,169.01631131920942,166.2970460032489,168.94760131835938,68039400,165.40371704101562,166.13995361328125,161.89906311035156,162.32125854492188,159.3119659423828,162.7162094116211,156.92859115600587,145.87755340576172,7.012948998850164,0.02142566286140335,0.0060080454339329625,0.016347154185431905
2022-08-15,168.3782005294128,170.21394216296972,168.21131628811554,170.01760864257812,54091700,168.94760131835938,165.40371704101562,166.13995361328125,161.8500213623047,158.33163452148438,163.88480682373046,158.2206817626953,146.31321929931642,6.919637442132995,0.006333367954733271,0.007256735517591173,0.015782108815652743
2022-08-16,169.61512926108554,170.52810192661653,168.51564947224608,169.8605499267578,56377100,170.01760864257812,168.94760131835938,165.40371704101562,161.89906311035156,156.8611297607422,165.18474884033202,159.31228637695312,146.86004913330078,6.949136068778546,-0.0009237791136710305,0.008093107419984535,0.015010694709015473
2022-08-17,169.6052979143018,172.92337473871223,169.40896440067246,171.35269165039062,79542000,169.8605499267578,170.01760864257812,168.94760131835938,166.13995361328125,162.8607177734375,166.03394622802733,160.3785057067871,147.42182098388673,7.084311528030977,0.008784510142444635,0.005146781689444368,0.01070957393098788
2022-08-18,170.5673396933382,171.69626861182405,169.94887490568271,170.9600067138672,62290100,171.35269165039062,169.8605499267578,170.01760864257812,165.40371704101562,162.5469970703125,166.8752471923828,161.31186294555664,147.92535095214845,7.1918423831200915,-0.0022916764991625094,0.005110245330495056,0.010736973544253752
2022-08-19,169.8605242913159,170.5575254675204,168.1720291679761,168.37818908691406,70346300,170.9600067138672,171.35269165039062,169.8605499267578,168.94760131835938,162.32125854492188,167.48094024658204,162.177889251709,148.3919497680664,6.930154008396551,-0.01510188070637053,0.003738933110817577,0.01240533677266138
2022-08-22,166.58171149389958,166.74859572706774,164.0784180378036,164.50054931640625,69026800,168.37818908691406,170.9600067138672,171.35269165039062,170.01760864257812,161.8500213623047,167.7459930419922,162.90591354370116,148.8853012084961,6.314326399464392,-0.023029347159127855,0.0017263098346024907,0.014970151535576924
2022-08-23,164.01951691966545,165.61966421752064,163.59738564765863,164.16676330566406,54147100,164.50054931640625,168.37818908691406,170.9600067138672,169.8605499267578,161.89906311035156,167.97276306152344,163.68341979980468,149.4800082397461,5.345237289499937,-0.0020290875144749476,0.001493100346933851,0.015012891814309245
2022-08-24,164.25514348994625,165.03066617037743,163.2047358944321,164.46128845214844,53841500,164.16676330566406,164.50054931640625,168.37818908691406,171.35269165039062,166.13995361328125,167.80489654541014,164.22125930786132,150.18353973388673,4.80186614148108,0.0017940607498974082,-0.0009469593251011932,0.012287604533161195
2022-08-25,165.68840868200775,167.0234977835924,165.26629230145085,166.91551208496094,51218200,164.46128845214844,164.16676330566406,164.50054931640625,170.9600067138672,165.40371704101562,167.9560760498047,164.85436096191407,150.9189025878906,4.217672407015216,0.01492280436272142,0.0009884635078393211,0.013170321504202338
2022-08-26,167.44560000363606,167.91680343416758,160.56399573070382,160.62289428710938,78961000,166.91551208496094,164.46128845214844,164.16676330566406,168.37818908691406,168.94760131835938,167.12360534667968,164.9199073791504,151.47606323242186,4.136408887048741,-0.03769941882123329,-0.004924044660424343,0.015953445848640342
2022-08-29,158.19813716461735,159.91608162954805,156.89251255304256,158.42393493652344,73314000,160.62289428710938,166.91551208496094,164.46128845214844,164.50054931640625,170.01760864257812,165.96423797607423,164.92452239990234,152.09453125,4.128715767557241,-0.013690198774872986,-0.0069264013333849685,0.01563697081606549
2022-08-30,159.1601794345339,159.58229569538483,154.83095626158936,155.99916076660156,77906200,158.42393493652344,160.62289428710938,166.91551208496094,164.16676330566406,169.8605499267578,164.5780990600586,164.8814239501953,152.63509368896484,4.2207894858964865,-0.015305604995188515,-0.008364583921536717,0.015684846174455935
2022-08-31,157.3735291899389,157.63858767600124,154.2615972644816,154.3401336669922,87991100,155.99916076660156,158.42393493652344,160.62289428710938,164.46128845214844,171.35269165039062,162.87684326171876,164.45539474487305,153.05797241210936,4.822598903556202,-0.010634846312356339,-0.010306519567016814,0.014481716899606485
2022-09-01,153.77076113952282,155.5181549609377,151.83684522830168,155.06658935546875,74229900,154.3401336669922,155.99916076660156,158.42393493652344,166.91551208496094,170.9600067138672,161.2875015258789,164.08137435913085,153.50557495117187,5.249569423365138,0.00470684890064943,-0.00960666702703562,0.01506927229242612
2022-09-02,156.82382625526336,157.4226533584457,152.13138370086696,152.95599365234375,76957800,155.06658935546875,154.3401336669922,155.99916076660156,160.62289428710938,168.37818908691406,159.7452819824219,163.61311111450195,153.85371520996094,5.803321564097172,-0.013610899110489516,-0.00945756886744752,0.015016142815110753
2022-09-06,153.60389928231007,154.21253778677115,150.87482246778544,151.69943237304688,73714800,152.95599365234375,155.06658935546875,154.3401336669922,158.42393493652344,164.50054931640625,158.46517028808594,163.10558166503907,154.11025848388672,6.380759793022692,-0.008215181695677365,-0.00797615232110247,0.014239090621097437
2022-09-07,151.9841081371773,153.80021196934476,150.79626559392008,153.1032257080078,87449600,151.69943237304688,152.95599365234375,155.06658935546875,155.99916076660156,164.16676330566406,157.35881652832032,162.66578979492186,154.3948776245117,6.7601421468890805,0.009253781065632793,-0.006847865463091696,0.015178705946159988
2022-09-08,151.80743302495063,153.4959286997133,149.88332807721247,151.6307373046875,84923800,153.1032257080078,151.69943237304688,152.95599365234375,154.3401336669922,164.46128845214844,156.0757614135742,161.9403289794922,154.7327865600586,7.135779441097224,-0.00961761841731923,-0.00798903337981336,0.014882891103602034
2022-09-09,152.62220516793604,154.92916542303703,151.91539245059826,154.48739624023438,68028800,151.6307373046875,153.1032257080078,151.69943237304688,155.06658935546875,166.91551208496094,154.83294982910155,161.39451293945314,155.0927328491211,7.273095565408211,0.01883957689796545,-0.007597356126288956,0.015587715741721827
2022-09-12,156.66674327917337,161.25119983056848,156.38206187837264,160.4364013671875,104956000,154.48739624023438,151.6307373046875,153.1032257080078,152.95599365234375,160.62289428710938,154.81430053710938,160.96895294189454,155.6208709716797,7.053581660041311,0.038508028950803075,2.3388650914679677e-05,0.017718812298503268
2022-09-13,156.97105902298662,157.59933535695706,150.56067213786505,151.02206420898438,122656600,160.4364013671875,154.48739624023438,151.6307373046875,151.69943237304688,158.42393493652344,154.07411346435546,160.01917572021483,155.91739318847655,7.04992781046095,-0.05867955824225157,-0.004475547295823179,0.025562941994559652
2022-09-14,151.95465448242936,154.22235404144755,150.79627611743592,152.4651336669922,87965400,151.02206420898438,160.4364013671875,154.48739624023438,153.1032257080078,155.99916076660156,153.72071075439453,159.14940490722657,156.1912112426758,6.841856628013787,0.00955535514341066,-0.0019894512819632615,0.025601530705846056
2022-09-15,151.81721471946022,152.3964188629796,148.60712326254628,149.5789794921875,90481100,152.4651336669922,151.02206420898438,160.4364013671875,151.6307373046875,154.3401336669922,153.24459533691407,158.06071929931642,156.3806411743164,6.5227421924700835,-0.018929929127983414,-0.002818959563525969,0.02604334307109667
2022-09-16,148.44022763272653,148.57766259301448,145.65223775657734,147.93955993652344,162278800,149.5789794921875,152.4651336669922,151.02206420898438,154.48739624023438,155.06658935546875,152.53189239501953,156.90969696044922,156.4700326538086,6.146999058297951,-0.010960226906412962,-0.004385667144232208,0.02601153201379904
2022-09-19,146.57501740526791,151.7288507316376,146.36887246061372,151.6503143310547,81474200,147.93955993652344,149.5789794921875,152.4651336669922,160.4364013671875,152.95599365234375,152.4013244628906,156.07330322265625,156.62011108398437,5.619842924040206,0.025082908156029537,-0.0005162864175803028,0.02733123799420346
2022-09-20,150.59008188296497,155.1843635395565,150.2759512881002,154.02597045898438,107689800,151.6503143310547,147.93955993652344,149.5789794921875,151.02206420898438,151.69943237304688,152.63397827148438,155.54957427978516,156.86024841308594,5.270360568586791,0.015665355778581525,0.001871767329845586,0.027625498851841106
2022-09-21,154.45792171393398,155.83228620825895,150.78643873263653,150.90423583984375,101696800,154.02597045898438,151.6503143310547,147.93955993652344,152.4651336669922,153.1032257080078,152.41407928466796,154.88644790649414,157.0185412597656,4.953923488722244,-0.020267586107966862,-0.0010803693875143794,0.028317680800334793
2022-09-22,149.58880860884872,151.64052177438083,148.14573389948876,149.9422149658203,86652500,150.90423583984375,154.02597045898438,151.6503143310547,149.5789794921875,151.6307373046875,152.24522705078124,154.16049423217774,157.1648471069336,4.521955177168143,-0.006375042215809201,-0.0007561117673633766,0.02822748251557999
2022-09-23,148.42057250414538,148.69544239271363,145.83874285871622,147.6744842529297,96029900,149.9422149658203,150.90423583984375,154.02597045898438,147.93955993652344,154.48739624023438,151.56393585205078,153.19844284057618,157.20737213134765,3.6228840015603665,-0.015124031036940155,-0.004152472560853937,0.027644992204696052
2022-09-26,146.91863241520423,150.95334879982894,146.89899456754617,148.00830078125,93339400,147.6744842529297,149.9422149658203,150.90423583984375,151.6503143310547,160.4364013671875,150.32112579345704,152.5677131652832,157.22324279785155,3.350091735858147,0.0022604888719202076,-0.007777226568742223,0.023494750276307555
2022-09-27,149.9422080635759,151.88593544780034,147.20330517830297,148.9801483154297,84442700,148.00830078125,147.6744842529297,149.9422149658203,154.02597045898438,151.02206420898438,150.11693420410157,152.09552383422852,157.31932983398437,3.1401911688819286,0.006566169120582277,-0.0012526538324588387,0.01548122429519972
2022-09-28,144.93562286555536,147.8806707549768,142.1869085062377,147.09532165527344,146691400,148.9801483154297,148.00830078125,147.6744842529297,150.90423583984375,152.4651336669922,149.5799530029297,151.65033187866212,157.3006671142578,3.1884242432998193,-0.012651528955157088,-0.0034733422423156137,0.015350792513049289
2022-09-29,143.42384928540386,144.0324877695267,138.10311583907216,139.87014770507812,128138200,147.09532165527344,148.9801483154297,148.00830078125,149.9422149658203,149.5789794921875,148.60906982421875,150.9268325805664,157.09750396728515,4.06670443820195,-0.04911899215345494,-0.006492248544862767,0.020747965903054257
2022-09-30,138.69211755301987,140.4787870882612,135.47219979960417,135.6685333251953,124925300,139.87014770507812,147.09532165527344,148.9801483154297,147.6744842529297,147.93955993652344,147.38196716308593,149.95692977905273,156.76501739501953,5.186457547201621,-0.030039393314591267,-0.008400165185680597,0.02204139171627603
2022-10-03,135.67834355315813,140.44932105441077,135.16786446408517,139.84066772460938,114311700,135.6685333251953,139.87014770507812,147.09532165527344,148.00830078125,151.6503143310547,146.2010025024414,149.30116348266603,156.54067749023437,5.599959027190935,0.030752410283772402,-0.007833214972906311,0.023048258982597842
2022-10-04,142.37339030080975,143.54159469628158,141.6174906956308,143.42379760742188,87830100,139.84066772460938,135.6685333251953,139.87014770507812,148.9801483154297,154.02597045898438,145.14078521728516,148.88738174438475,156.41035217285156,5.717925233032033,0.025622946036476524,-0.00683745594711681,0.02435436693880307
2022-10-05,141.43100052371705,144.6803670999918,140.39040452379436,143.7183074951172,79471000,143.42379760742188,139.84066772460938,135.6685333251953,147.09532165527344,150.90423583984375,144.4221923828125,148.41813583374022,156.31238555908203,5.738791658143807,0.0020534241360798955,-0.004605354922712135,0.024007113074609322
2022-10-06,143.13915751475957,144.83746445591814,142.55996829483985,142.76611328125,68402200,143.7183074951172,143.42379760742188,139.84066772460938,139.87014770507812,149.9422149658203,143.70458221435547,147.97490463256835,156.09361785888672,5.819370272428742,-0.006625420452432862,-0.004630392746374501,0.024009294279731155
2022-10-07,139.9290453992253,140.47880029356153,136.8956494527264,137.52392578125,85925600,142.76611328125,143.7183074951172,143.42379760742188,135.6685333251953,147.6744842529297,142.6895263671875,147.12673110961913,155.7590267944336,6.051788698154344,-0.03671870992013959,-0.0067898606346944446,0.025950650912754152
2022-10-10,137.8478546142578,139.2909290851068,136.0317509799681,137.8478546142578,74899000,137.52392578125,142.76611328125,143.7183074951172,139.84066772460938,148.00830078125,141.6734817504883,145.99730377197267,155.3297445678711,5.521712581997365,0.0023554361989568395,-0.0067803659019907815,0.02595434725231738
2022-10-11,137.337365394685,138.76081689569904,135.68814610919395,136.43421936035156,77033700,137.8478546142578,137.52392578125,142.76611328125,143.42379760742188,148.9801483154297,140.41888885498048,145.267911529541,154.89179626464843,5.780461610021055,-0.010255039934151,-0.00846248680746411,0.02553494626489477
2022-10-12,136.58152223774053,137.78898779453903,135.62928879673916,135.8059844970703,70433700,136.43421936035156,137.8478546142578,137.52392578125,143.7183074951172,147.09532165527344,139.28995513916016,144.43495407104493,154.470693359375,5.888046258901504,-0.004604672245911767,-0.007657801136539577,0.025515051757183625
2022-10-13,132.5173428390662,140.9598044199806,131.90868942611982,140.3708038330078,113224000,135.8059844970703,136.43421936035156,137.8478546142578,142.76611328125,139.87014770507812,139.34002075195312,143.97454528808595,154.02089508056642,5.824311483445818,0.03361279955991914,0.000615378034797831,0.02394191577974753
2022-10-14,141.66661609125816,141.87277603175662,135.65872326737428,135.84524536132812,88598000,140.3708038330078,135.8059844970703,136.43421936035156,137.52392578125,135.6685333251953,139.3576919555664,143.36982955932618,153.4868600463867,6.0156814145787285,-0.03224002675843851,0.00039531469041310664,0.024262949165180934
2022-10-17,138.48597103526853,140.282437004532,137.7006219624551,139.80142211914062,85250900,135.84524536132812,140.3708038330078,135.8059844970703,137.8478546142578,139.84066772460938,139.35376739501953,142.77738494873046,153.0364633178711,5.734142096271008,0.029122673725456183,0.0002323410345814847,0.02404084168398148
2022-10-18,142.825015544548,144.0128431743189,138.03439937209953,141.11688232421875,99136600,139.80142211914062,135.84524536132812,140.3708038330078,136.43421936035156,143.42379760742188,139.12307586669922,142.13193054199218,152.62180053710938,5.091901160745773,0.00940949087025067,-0.0013890044820411007,0.02264437203508412
2022-10-19,139.09460416043055,142.2948839097448,138.9080820775627,141.224853515625,61758300,141.11688232421875,139.80142211914062,135.84524536132812,135.8059844970703,143.7183074951172,138.87373046875,141.64796142578126,152.20831634521485,4.655537831835662,0.0007651188832118461,-0.0015178350073279056,0.022626268468822576
2022-10-20,140.40024050696854,143.21766459219867,140.0370077826972,140.76345825195312,64522000,141.224853515625,141.11688232421875,139.80142211914062,140.3708038330078,142.76611328125,138.6734649658203,141.18902359008788,151.70078643798828,4.227614998322924,-0.0032670967764242276,-0.0011820026397270423,0.022566880543731932
2022-10-21,140.25299045906925,145.1417806685085,140.03701908535325,144.57240295410156,86548600,140.76345825195312,141.224853515625,141.11688232421875,135.84524536132812,137.52392578125,139.37831268310546,141.03391952514647,151.28416015625,4.0294099959853895,0.027059186733894958,0.005195787025676413,0.020306873713152682
2022-10-24,144.49385104011358,147.47815927955588,143.32564645655586,146.7124481201172,75981900,144.57240295410156,140.76345825195312,141.224853515625,139.80142211914062,137.8478546142578,140.2647720336914,140.96912689208983,150.83945709228516,3.9203013095238672,0.014802584188180479,0.006440501824598777,0.02049404219554082
2022-10-25,147.34074408565283,149.69679141311283,146.62411995147127,149.54953002929688,74732300,146.7124481201172,144.57240295410156,140.76345825195312,141.11688232421875,136.43421936035156,141.57630310058593,140.9975959777832,150.43009552001953,3.9831033178098862,0.019337704097588837,0.009399776227772761,0.019944577518527358
2022-10-26,148.19484403447342,149.2059761334731,145.32831703887072,146.6143341064453,88194300,149.54953002929688,146.7124481201172,144.57240295410156,141.224853515625,135.8059844970703,142.65713806152343,140.9735466003418,149.9651712036133,3.94562415903966,-0.01962691505801828,0.007897551946562109,0.0216125812216734
2022-10-27,145.35776595535313,146.3198108162611,141.48993368404496,142.1476593017578,109180200,146.6143341064453,149.54953002929688,146.7124481201172,140.76345825195312,140.3708038330078,142.83482360839844,141.0874221801758,149.38107055664062,3.944968471913622,-0.030465471414579337,0.0014897248491122616,0.022617048938194006
2022-10-28,145.4853576495381,154.61500878306214,145.11232844918345,152.8872528076172,164762400,142.1476593017578,146.6143341064453,149.54953002929688,144.57240295410156,135.84524536132812,144.53902435302734,141.94835815429687,149.01961547851562,4.534894996906653,0.07555237672300219,0.012268965197256333,0.029419264584639712
2022-10-31,150.35450854811523,151.4147275390832,149.13721674827332,150.5312042236328,97943200,152.8872528076172,142.1476593017578,146.6143341064453,146.7124481201172,139.80142211914062,145.61200256347655,142.48288497924804,148.66267578125,4.889562940306093,-0.01541036640215565,0.007815661184495148,0.02995036059631794
2022-11-01,152.23931825640548,152.60253597457515,146.3983105936967,147.8904571533203,80379300,150.5312042236328,152.8872528076172,142.1476593017578,149.54953002929688,141.11688232421875,146.28936004638672,142.70621795654296,148.33047393798827,5.0346570314699965,-0.017542854878044745,0.005120426609665607,0.030985817630971833
2022-11-02,146.2216537374626,149.38267363121568,142.34400957590813,142.3734588623047,93604600,147.8904571533203,150.5312042236328,152.8872528076172,146.6143341064453,141.224853515625,146.4042205810547,142.63897552490235,147.8946078491211,5.029406313998772,-0.03730462666226031,0.0013134520551183915,0.0337919680389069
2022-11-03,139.4578493069626,140.18429993575015,136.20848179558848,136.3361053466797,97918500,142.3734588623047,147.8904571533203,150.5312042236328,142.1476593017578,140.76345825195312,145.96148529052735,142.31747512817384,147.3321041870117,5.222655041295578,-0.04240504911427334,-0.0026003431786665197,0.0365364687235196
2022-11-04,139.71867839937045,140.28900066971147,132.13735779737468,136.0706024169922,140814800,136.3361053466797,142.3734588623047,147.8904571533203,152.8872528076172,144.57240295410156,145.1113052368164,142.24480895996095,146.71520599365235,5.3023633450481285,-0.001947414655951718,-0.0055010033176511874,0.035040963694360217
2022-11-07,134.82177198830993,136.827719829141,133.40580174577732,136.6015625,83374600,136.0706024169922,136.3361053466797,142.3734588623047,150.5312042236328,146.7124481201172,144.1002166748047,142.18249435424804,146.23477935791016,5.36372535848208,0.0039020925429629205,-0.006591052482172943,0.03450462562229306
2022-11-08,138.06672226567503,139.069688836373,135.19545550623369,137.17190551757812,89908500,136.6015625,136.0706024169922,136.3361053466797,147.8904571533203,149.54953002929688,142.86245422363282,142.21937866210936,145.80973876953124,5.32450922247709,0.004175230554761322,-0.008107299836455695,0.03355881251421247
2022-11-09,136.18859544917657,136.23776400792798,132.34384521853534,132.61917114257812,74917800,137.17190551757812,136.6015625,136.0706024169922,142.3734588623047,146.6143341064453,141.4629379272461,142.06003799438477,145.34213897705078,5.568625179846161,-0.033189991476910596,-0.009463607478344927,0.034341082065976816
2022-11-10,138.88289747560535,144.41893005371094,137.17193036207183,144.41893005371094,118854000,132.61917114257812,137.17190551757812,136.6015625,136.3361053466797,142.1476593017578,141.6900650024414,142.26244430541993,145.14371490478516,5.577556694275865,0.0889747599044104,0.0024804156535540465,0.04526002191730236
2022-11-11,143.38645323831483,147.5065147597333,141.96063992686575,147.20169067382812,93979700,144.41893005371094,132.61917114257812,137.17190551757812,136.0706024169922,152.8872528076172,141.1215087890625,142.83026657104492,144.98641693115235,5.466842178906526,0.019268669412536577,-0.0031479550774925146,0.038096040410275714
2022-11-14,146.4838305708861,147.77196548965426,144.9695233350431,145.8053436279297,73374100,147.20169067382812,144.41893005371094,132.61917114257812,136.6015625,150.5312042236328,140.6489227294922,143.13046264648438,144.84340393066407,5.456602644014924,-0.009485944349596376,-0.002555512872236587,0.03792985946794811
2022-11-15,149.67962155098414,151.02675299903876,146.0806992107757,147.53599548339844,89868300,145.8053436279297,147.20169067382812,144.41893005371094,137.17190551757812,147.8904571533203,140.6134765625,143.45141830444337,144.7601351928711,5.520343710953135,0.011869605135221173,0.00038573312909000456,0.03777862782351868
2022-11-16,146.64119143040293,147.36883205309908,144.83188757505272,146.30685424804688,64218300,147.53599548339844,145.8053436279297,147.20169067382812,132.61917114257812,142.3734588623047,141.0068161010742,143.70551834106445,144.62420776367188,5.529415530887302,-0.008331127812736927,0.003283083014042343,0.035616002274213195
2022-11-17,143.98623783804743,148.95196191687904,143.71091192910288,148.20465087890625,80389400,146.30685424804688,147.53599548339844,145.8053436279297,144.41893005371094,136.3361053466797,142.19367065429688,144.07757797241212,144.55568603515624,5.571223973951415,0.012971344648295746,0.00882072239029925,0.03182643740225244
2022-11-18,149.76807220411956,150.1515628329994,147.4671284308406,148.7650909423828,74829600,148.20465087890625,146.30685424804688,147.53599548339844,147.20169067382812,136.0706024169922,143.46311950683594,144.28721237182617,144.4412399291992,5.668849271716968,0.003781528178454341,0.009393616673739858,0.031662206148539124
2022-11-21,147.65396813268248,147.86045501907074,145.25468713947097,145.5398406982422,58724100,148.7650909423828,148.20465087890625,146.30685424804688,145.8053436279297,136.6015625,144.35694732666016,144.22858200073242,144.14330871582033,5.648473236308306,-0.021680155093574793,0.006835391910086086,0.03315357362820592
2022-11-22,145.65789948864827,147.9096756373434,144.47791399161687,147.67367553710938,51804100,145.5398406982422,148.7650909423828,148.20465087890625,147.53599548339844,137.17190551757812,145.4071243286133,144.13478927612306,144.0763409423828,5.570504976506751,0.014661516933300867,0.00788402054794004,0.03322584428010018
2022-11-23,146.95585380028717,149.29613922514196,146.84768896962234,148.548828125,58301400,147.67367553710938,145.5398406982422,148.7650909423828,146.30685424804688,132.61917114257812,147.00009002685547,144.23151397705078,143.99801483154297,5.632277613573526,0.00592625994245477,0.011795645689876576,0.029998816279220276
2022-11-25,145.83487333926465,146.3953678932279,144.66473067745702,145.63821411132812,35195900,148.548828125,147.67367553710938,145.5398406982422,148.20465087890625,144.41893005371094,147.12201843261718,144.4060417175293,143.91919952392578,5.618370373988738,-0.019593651800623224,0.0009388045193732153,0.01471704653107855
2022-11-28,142.71773929408752,144.19270560138654,140.98711756167793,141.81309509277344,69246000,145.63821411132812,148.548828125,147.67367553710938,148.7650909423828,147.20169067382812,146.58315887451172,143.85233383178712,143.79667022705078,5.2736495388643325,-0.02626452845426064,-0.0036145152673065064,0.0154417662146691
2022-11-29,141.88198289483077,142.39330897926848,138.00774892115945,138.81405639648438,83763800,141.81309509277344,145.63821411132812,148.548828125,145.5398406982422,145.8053436279297,145.8840301513672,143.2664764404297,143.53994506835937,5.1418231553673355,-0.021147826259113156,-0.004780703458258184,0.016348213155355208
2022-11-30,139.04016787618127,146.23801151936658,138.20436253781247,145.5595245361328,111380900,138.81405639648438,141.81309509277344,145.63821411132812,147.67367553710938,147.53599548339844,145.68638305664064,143.14992980957032,143.37061614990233,5.0572187668150095,0.04859355251734643,-0.0011083087200456586,0.023195043181955737
2022-12-01,145.73654727553216,146.64119170281938,144.16324348642758,145.83486938476562,71250400,145.5595245361328,138.81405639648438,141.81309509277344,148.548828125,146.30685424804688,145.6391845703125,143.32300033569337,143.26922882080078,5.088380451181446,0.0018916305855647408,-8.603288021549193e-05,0.023066257932746016
2022-12-02,143.52411441944975,145.53006273642814,143.21927533321448,145.34323120117188,65447400,145.83486938476562,145.5595245361328,138.81405639648438,145.63821411132812,148.20465087890625,145.35304260253906,143.77335662841796,143.1772491455078,4.829454104803902,-0.0033711977503585455,-0.0017202871200809211,0.02261282729945916
2022-12-05,145.3038811249747,148.4013049961633,143.33725898348703,144.1829071044922,68826400,145.34323120117188,145.83486938476562,145.5595245361328,141.81309509277344,148.7650909423828,144.89482421875,144.17897186279296,143.10741760253907,4.476216370066708,-0.00798333769718984,-0.002896773707645339,0.022600821642688437
2022-12-06,144.61555599946504,144.84171332835018,139.55149534602168,140.5249786376953,64727200,144.1829071044922,145.34323120117188,145.83486938476562,138.81405639648438,145.5398406982422,144.39333801269532,144.37514266967773,142.95775115966796,4.204375045677828,-0.025370056272661423,-0.0032657638255540024,0.022968688169883605
2022-12-07,139.81699890501977,140.97729872796708,137.6635453309665,138.58786010742188,69721100,140.5249786376953,144.1829071044922,145.34323120117188,145.5595245361328,147.67367553710938,143.48475646972656,144.44594039916993,142.74990539550782,4.086977963352359,-0.01378486977228266,-0.006110402496112355,0.02225206664324686
2022-12-08,139.9841640195035,141.12480845757423,138.7451974772698,140.26931762695312,62128300,138.58786010742188,140.5249786376953,144.1829071044922,145.83486938476562,148.548828125,142.65680541992188,144.82844772338868,142.6133853149414,3.178959265783813,0.012132790839168184,-0.005489749406441013,0.022707000846265504
2022-12-09,139.9645101732408,143.14061609699272,138.5485396692002,139.7875213623047,76097000,140.26931762695312,138.58786010742188,140.5249786376953,145.34323120117188,145.63821411132812,142.07173614501954,144.59687728881835,142.61173278808593,3.3731181481757124,-0.003434794385538953,-0.0038738636649325864,0.022160181750628335
2022-12-12,140.31849324023466,142.08845624970894,138.70586361029962,142.07862854003906,70462700,139.7875213623047,140.26931762695312,138.58786010742188,144.1829071044922,141.81309509277344,142.0982894897461,144.3407241821289,142.7399346923828,3.3593924145059693,0.01638992633538594,0.00039158181403207146,0.021465740045002672
2022-12-13,147.00500937638787,147.4671667934874,141.83279839446703,143.04226684570312,93886200,142.07862854003906,139.7875213623047,140.26931762695312,140.5249786376953,138.81405639648438,142.52111053466797,144.20257034301758,142.80396667480468,3.3527991617880093,0.006782429669867529,0.00318460740693014,0.02012706546382482
2022-12-14,142.9242927483946,144.2124280542218,138.80421630941913,140.82000732421875,82291200,143.04226684570312,142.07862854003906,139.7875213623047,138.58786010742188,145.5595245361328,142.04715881347656,143.86677093505858,142.75189086914062,3.337654129919082,-0.015535684455290966,-0.0032283162903335993,0.013009013992708988
2022-12-15,138.75501875197617,139.43350575702271,133.7597969655739,134.22195434570312,98931900,140.82000732421875,143.04226684570312,142.07862854003906,140.26931762695312,145.83486938476562,140.8858673095703,143.2625259399414,142.56196380615233,3.9163960804065545,-0.04685451381439365,-0.008102930730329439,0.01874543677975051
2022-12-16,134.40879318099954,135.35276341025192,131.49818579850947,132.26516723632812,160156900,134.22195434570312,140.82000732421875,143.04226684570312,139.7875213623047,145.34323120117188,139.57806091308595,142.4655517578125,142.3519448852539,4.4440317725773,-0.014578741003391182,-0.009223685055632702,0.018766129417101728
2022-12-19,132.85516655290323,132.94366095306307,129.12842399506934,130.160888671875,79592600,132.26516723632812,134.22195434570312,140.82000732421875,142.07862854003906,144.1829071044922,138.1758590698242,141.53534164428712,142.2046841430664,4.971781805625648,-0.015909544503831863,-0.010016305736296905,0.018874993154530062
2022-12-20,129.19725476241064,131.02621414919912,127.72228799900502,130.09207153320312,77432800,130.160888671875,132.26516723632812,134.22195434570312,143.04226684570312,140.5249786376953,137.132568359375,140.76295318603516,142.0495684814453,5.4898682358147175,-0.0005287082730770498,-0.007532170936338467,0.018254241188464016
2022-12-21,130.7607190395491,134.52680273214906,130.53456166494178,133.1894989013672,85928000,130.09207153320312,130.160888671875,132.26516723632812,140.82000732421875,138.58786010742188,136.59273223876954,140.03874435424805,141.98467407226562,5.485598223065519,0.023809501468146754,-0.0037727338122955255,0.020550280895026102
2022-12-22,132.10786913644063,132.31435609146064,128.12545567267372,130.0232391357422,77852100,133.1894989013672,130.09207153320312,130.160888671875,134.22195434570312,140.26931762695312,135.56812438964843,139.11246490478516,141.86901916503905,5.536828448336463,-0.023772593122898922,-0.007363272208502236,0.020599124582368754
2022-12-23,128.73504823956048,130.2100144407527,127.4764116148737,129.65936279296875,63814900,130.0232391357422,133.1894989013672,130.09207153320312,132.26516723632812,139.7875213623047,134.55530853271483,138.3135223388672,141.65479034423828,5.696178166643948,-0.002798548514804766,-0.0072996476214288175,0.020613584209213498
2022-12-27,129.18740783707491,129.2169059676245,126.57179689801647,127.85993194580078,69007800,129.65936279296875,130.0232391357422,133.1894989013672,130.160888671875,142.07862854003906,133.13343887329103,137.61586418151856,141.49508407592774,6.086129497613492,-0.01387814044745217,-0.010326454299712629,0.018899570108228608
2022-12-28,127.50592408651033,128.84322752624018,123.76934712426143,123.93650817871094,85438400,127.85993194580078,129.65936279296875,130.0232391357422,130.09207153320312,143.04226684570312,131.2228630065918,136.8719867706299,141.17778579711913,6.799382777683177,-0.030685326570899174,-0.014073229923789298,0.018844776011111928
2022-12-29,125.8539785961876,128.30242099857716,125.59832312588058,127.44694519042969,75703700,123.93650817871094,127.85993194580078,129.65936279296875,133.1894989013672,140.82000732421875,129.88555679321288,135.96635780334472,140.90438705444336,6.787586722622809,0.02832447890702916,-0.009687213587557286,0.02309205200931944
2022-12-30,126.2670048571161,127.78129762399215,125.30335650339804,127.76162719726562,77034200,127.44694519042969,123.93650817871094,127.85993194580078,130.0232391357422,134.22195434570312,129.23952407836913,135.06269569396972,140.63512252807618,6.605234432082823,0.002469121612650227,-0.004754850044852899,0.01921305103940214
2023-01-03,128.1057773178633,128.7154254385632,122.0977455022682,122.98272705078125,112117500,127.76162719726562,127.44694519042969,123.93650817871094,129.65936279296875,132.26516723632812,128.31128005981446,133.9446704864502,140.27950790405274,6.6656619719640755,-0.03740481591632905,-0.007037457536146685,0.021704276179884324
2023-01-04,124.77234386397704,126.51280869797894,122.99255318811515,124.25119018554688,89113600,122.98272705078125,127.76162719726562,127.44694519042969,127.85993194580078,130.160888671875,127.72031021118164,132.94808464050294,139.87308364868164,6.543250219623321,0.010314156834738686,-0.00441508740228963,0.022093932760321674
2023-01-05,125.00834271164995,125.63766124201173,122.67790010774006,122.93355560302734,80962700,124.25119018554688,122.98272705078125,127.76162719726562,123.93650817871094,130.09207153320312,127.00445861816407,132.06851348876953,139.39750579833984,6.652569374127228,-0.010604603308442151,-0.00542267690582614,0.022126732403484513
2023-01-06,123.907033324828,128.115596113896,122.80572219640975,127.45677947998047,87754700,122.93355560302734,124.25119018554688,122.98272705078125,127.44694519042969,133.1894989013672,126.43118667602539,131.51195945739747,138.9556507873535,6.543168670295902,0.036794053948617345,-0.004124221657779081,0.024306384238932523
2023-01-09,128.2925949020793,131.18353181246084,127.72227268810083,127.9779281616211,70790800,127.45677947998047,122.93355560302734,124.25119018554688,127.76162719726562,130.0232391357422,126.22665557861328,130.89738998413085,138.58292266845703,6.247914224810157,0.0040888266890697356,-0.0013380796765822156,0.023383214833289926
2023-01-10,128.08610610497774,129.06941726347972,125.98182082594903,128.5482635498047,63896200,127.9779281616211,127.45677947998047,122.93355560302734,122.98272705078125,129.65936279296875,126.11554565429688,130.33542709350587,138.31093475341797,5.902096524588288,0.004456513684635732,-0.0006125734566381658,0.023445334465282772
2023-01-11,129.05956971451124,131.28184718963053,128.28276062052532,131.26219177246094,69458900,128.5482635498047,127.9779281616211,127.45677947998047,124.25119018554688,127.85993194580078,126.4557716369629,129.79460525512695,137.87843353271484,5.226282122546509,0.021112134444389197,0.002886454032545971,0.02385304337861153
2023-01-12,131.64567480294028,132.0193227611732,129.24639368399414,131.1835174560547,71379600,131.26219177246094,128.5482635498047,127.9779281616211,122.93355560302734,123.93650817871094,127.18047256469727,129.20166778564453,137.49147979736327,4.2200244093436705,-0.0005993676880134968,0.005895049920834538,0.020857397072578106
2023-01-13,129.82658137088367,132.66835024455597,129.46276101465787,132.51101684570312,57809700,131.1835174560547,131.26219177246094,128.5482635498047,127.45677947998047,127.44694519042969,127.6868797302246,128.78621826171874,137.18389099121094,3.331488727776873,0.010119406884276705,0.004074542718559293,0.0194276508448974
2023-01-17,132.57987992998542,134.99881760938794,131.89156494007992,133.67135620117188,63646600,132.51101684570312,131.1835174560547,131.26219177246094,127.9779281616211,127.76162719726562,128.27785263061523,128.7586883544922,137.0098489379883,3.2861728957918226,0.008756550082321457,0.004703285565526416,0.01947161237549019
2023-01-18,134.53663801277594,136.2967583598761,132.77650266153844,132.95350646972656,69672800,133.67135620117188,132.51101684570312,131.1835174560547,128.5482635498047,122.98272705078125,129.27493057250976,128.7931053161621,136.94219696044922,3.328166304405512,-0.005370258459598265,0.007906741311199495,0.013490968123514304
2023-01-19,131.8423392118264,133.97612225756075,131.53751520588366,133.01248168945312,58280400,132.95350646972656,133.67135620117188,132.51101684570312,131.26219177246094,124.25119018554688,130.15105972290038,128.93568496704103,136.88103454589844,3.4487438947524254,0.000443577768593828,0.006919683404585009,0.013655346188043028
2023-01-20,133.02230476612493,135.71658218378784,131.97999755468973,135.56907653808594,80223600,133.01248168945312,132.95350646972656,133.67135620117188,131.1835174560547,122.93355560302734,131.41461181640625,129.20953521728515,136.86038482666015,3.749720194708454,0.019220713847003745,0.009902215120129598,0.012620424743866359
2023-01-23,135.81486995192992,140.9280976279604,135.5985403962149,138.75497436523438,81760300,135.56907653808594,133.01248168945312,132.95350646972656,132.51101684570312,127.45677947998047,132.54443130493163,129.48780899047853,136.8920462036133,4.2356519474395915,0.023500180929929115,0.008572827818260775,0.00987441733326728
2023-01-24,137.96838472187488,140.77082749424633,137.95855701188813,140.15133666992188,66435100,138.75497436523438,135.56907653808594,133.01248168945312,133.67135620117188,127.9779281616211,133.76177215576172,129.9942138671875,137.04268951416014,4.862149297994775,0.010063511676431602,0.009170296316996961,0.009752966757820511
2023-01-25,138.53871015801215,140.05300275817604,136.49342112366645,139.49252319335938,65799300,140.15133666992188,138.75497436523438,135.56907653808594,132.95350646972656,128.5482635498047,134.8561981201172,130.48587188720703,136.94416137695313,5.303626479090942,-0.0047007291704546095,0.008254572031487929,0.010634761329976324
2023-01-26,140.78065564701856,141.8426334902846,139.53184628445516,141.55747985839844,54105100,139.49252319335938,140.15133666992188,138.75497436523438,133.01248168945312,131.26219177246094,135.88572692871094,131.1707492828369,136.83127716064453,5.807184408424651,0.014803350156457507,0.007623693602694759,0.009952514169904236
2023-01-27,140.77082215722044,144.77289057415175,140.69215546789684,143.4945831298828,70555800,141.55747985839844,139.49252319335938,140.15133666992188,135.56907653808594,131.1835174560547,137.11683349609376,132.1486530303955,136.7850619506836,6.160831906670516,0.013684216993846476,0.009052052070880756,0.009661964214651566
2023-01-30,142.5408222705282,143.12097237569157,140.46603468732607,140.613525390625,64015300,143.4945831298828,141.55747985839844,139.49252319335938,138.75497436523438,132.51101684570312,137.92708435058594,132.80698204040527,136.64661254882813,6.333042885561705,-0.02007781531829711,0.006032329850623375,0.013318344397046733
2023-01-31,140.31846671250062,141.931096037562,139.90547792238985,141.88192749023438,65874500,140.613525390625,143.4945831298828,141.55747985839844,140.15133666992188,133.67135620117188,138.74814147949218,133.51299705505372,136.55811401367188,6.5251380183947445,0.009020484310351629,0.006058723273426392,0.013324602985045883
2023-02-01,141.56730384751015,144.16324461699494,138.961535368266,143.0029296875,77663600,141.88192749023438,140.613525390625,143.4945831298828,139.49252319335938,132.95350646972656,139.75308380126953,134.51400718688964,136.45407958984376,6.358181245854705,0.007900951284600888,0.007385844247846307,0.012706363594521949
2023-02-02,146.41503824093917,148.6569866770964,145.69722523392414,148.30300903320312,118339000,143.0029296875,141.88192749023438,140.613525390625,141.55747985839844,133.01248168945312,141.28213653564453,135.71659812927246,136.44483795166016,6.585428755446576,0.03706273261173898,0.011047759732160822,0.015461390878633801
2023-02-03,145.5595309829737,154.75349514117664,145.36287177724367,151.9215545654297,154357300,148.30300903320312,143.0029296875,141.88192749023438,143.4945831298828,135.56907653808594,142.9173843383789,137.16599807739257,136.5724722290039,6.810088486348129,0.02439967709229962,0.01156565605669041,0.01584748779009938
2023-02-06,150.0237617823619,150.54491539574025,148.26362674506663,149.19776916503906,69858300,151.9215545654297,148.30300903320312,143.0029296875,140.613525390625,138.75497436523438,143.96166381835937,138.2530475616455,136.6029541015625,6.913106761244157,-0.017928893685836722,0.007422748595113826,0.017689119636182908
2023-02-07,148.12597415973434,152.63936822302708,148.12597415973434,152.0690460205078,83322600,149.19776916503906,151.9215545654297,148.30300903320312,141.88192749023438,140.15133666992188,145.15343475341797,139.45760345458984,136.67335845947267,7.124141660212824,0.019244770692868896,0.008340874496757555,0.018075464053192207
2023-02-08,151.31189384284664,152.00020850727236,148.64711456554969,149.3845977783203,64120100,152.0690460205078,149.19776916503906,151.9215545654297,143.0029296875,139.49252319335938,146.14264221191405,140.49942016601562,136.7482861328125,6.966605952466659,-0.017652824900509234,0.007045664923752093,0.019520117572525503
2023-02-09,151.21356571138807,151.75438976697808,147.9096401221254,148.3521270751953,56007100,149.3845977783203,152.0690460205078,149.19776916503906,148.30300903320312,141.55747985839844,146.82210693359374,141.35391693115236,136.87906677246093,6.820532833083127,-0.006911493677930203,0.004874180540313322,0.01976748751020379
2023-02-10,147.1900598433605,149.0414968354293,146.95369947058745,148.7165069580078,57450700,148.3521270751953,149.3845977783203,152.0690460205078,151.9215545654297,143.4945831298828,147.34429931640625,142.23056640625,137.0771157836914,6.566558478552863,0.0024561823951996242,0.0037513770804486367,0.019528910644981128
2023-02-13,148.65744714640496,151.91717418893083,148.62790397291747,151.51341247558594,62199000,148.7165069580078,148.3521270751953,149.3845977783203,149.19776916503906,140.613525390625,148.43428802490234,143.18068618774413,137.19619354248047,6.460084528924569,0.018806960806091677,0.007639854692887515,0.018074053742976222
2023-02-14,149.80967642706798,151.4346261088162,148.568818055862,150.87327575683594,61707600,151.51341247558594,148.7165069580078,148.3521270751953,152.0690460205078,141.88192749023438,149.3334228515625,144.04078216552733,137.29696166992187,6.269703367285023,-0.004224950836304031,0.00631531117822195,0.018443204364927794
2023-02-15,150.78463194852628,153.13833305811258,150.5581292969133,152.97091674804688,65573800,150.87327575683594,151.51341247558594,148.7165069580078,149.3845977783203,143.0029296875,150.3302215576172,145.04165267944336,137.44951538085937,5.9985051276211205,0.013903330332614594,0.00691554908302332,0.018597571555732436
2023-02-16,151.17852906062296,153.95570692832584,151.02097051495025,151.37550354003906,68167900,152.97091674804688,150.87327575683594,151.51341247558594,148.3521270751953,148.30300903320312,150.6374710083008,145.95980377197264,137.5933673095703,5.43969762607517,-0.010429519819349475,0.0021663238399144747,0.015913915456296827
2023-02-17,150.03617955770974,150.67630162569367,148.55896091432058,150.23313903808594,59144100,151.37550354003906,152.97091674804688,150.87327575683594,148.7165069580078,151.9215545654297,150.4686294555664,146.69300689697266,137.78753051757812,4.929814453628066,-0.007546561202030788,-0.0010282999895185664,0.014052426722924064
2023-02-21,147.9188390818426,149.00213887625634,146.15603126407484,146.22496032714844,58867200,150.23313903808594,151.37550354003906,152.97091674804688,151.51341247558594,149.19776916503906,150.17134857177734,147.06650619506837,137.94027252197264,4.566324175272201,-0.0266797241713852,-0.001903383038073414,0.01542704718300404
2023-02-22,146.60899081957194,147.67258982358598,144.92497033349784,146.6483917236328,51011300,146.22496032714844,150.23313903808594,151.37550354003906,150.87327575683594,152.0690460205078,149.62928314208983,147.3913589477539,138.06785400390626,4.269966577774982,0.0028957531979290074,-0.003538284787567403,0.013707266232666746
2023-02-23,147.81048914517564,148.05669224456878,145.00378282832062,147.13096618652344,48394200,146.6483917236328,146.22496032714844,150.23313903808594,152.97091674804688,149.3845977783203,149.40391998291017,147.7732810974121,138.21472290039063,3.846930317444509,0.0032906904550311644,-0.001443933252013363,0.012886486914069057
2023-02-24,144.87574571223192,144.95453250364176,143.50685714395402,144.48182678222656,55469600,147.13096618652344,146.6483917236328,146.22496032714844,151.37550354003906,148.3521270751953,149.0168899536133,147.91949844360352,138.26278686523438,3.6487090773939608,-0.018005315080568796,-0.0025533153922772224,0.013850919618915995
2023-02-27,145.46664446890208,146.90446214048941,145.21058363066865,145.67344665527344,44998500,144.48182678222656,147.13096618652344,146.6483917236328,150.23313903808594,148.7165069580078,148.71258392333985,148.02844161987304,138.31541046142578,3.540561816010437,0.008247541573813022,-0.0019741794744158824,0.014200317788355933
2023-02-28,144.81665531660641,146.81582313308783,144.5999954030627,145.1711883544922,50547000,145.67344665527344,144.48182678222656,147.13096618652344,146.22496032714844,151.51341247558594,148.07836151123047,148.2563247680664,138.40243408203125,3.1649418423024867,-0.0034478370101986844,-0.0041996592560449185,0.012182088400611968
2023-03-01,144.600022862706,144.99394185647634,142.80765687884437,143.1031036376953,55479000,145.1711883544922,145.67344665527344,144.48182678222656,146.6483917236328,150.87327575683594,147.3013442993164,148.31738357543946,138.58005706787108,3.044999907023577,-0.01424583445405736,-0.005201747617820251,0.012589734291609683
2023-03-02,142.1872382713636,144.48185327566276,141.7145174362223,143.69400024414062,52238100,143.1031036376953,145.1711883544922,145.67344665527344,147.13096618652344,152.97091674804688,146.37365264892577,148.3519371032715,138.80863372802733,2.984846276717768,0.004129166953229291,-0.006179163955758782,0.0112497961564907
2023-03-03,145.79164167073546,148.81502337863614,145.09243318314816,148.73623657226562,70732300,143.69400024414062,143.1031036376953,145.1711883544922,144.48182678222656,151.37550354003906,146.10972595214844,148.37359848022462,139.18014068603514,2.9860442627054002,0.03509009645189143,-0.0016272023286346914,0.017051894665476384
2023-03-06,151.45432771735832,153.92621703534178,151.12935277334321,151.4937286376953,87558000,148.73623657226562,143.69400024414062,143.1031036376953,145.67344665527344,150.23313903808594,146.23578491210938,148.3522071838379,139.608173828125,2.96071483636952,0.018539477191154452,0.0009814015106838325,0.0180139206005284
2023-03-07,151.36567408118486,151.69066400049135,148.83471383986452,149.29757690429688,56182000,151.4937286376953,148.73623657226562,143.69400024414062,145.1711883544922,146.22496032714844,146.5430465698242,148.3571975708008,139.9303353881836,2.962298763040732,-0.014496651136303051,0.0021997088141920474,0.016262094751992837
2023-03-08,150.48917721139935,151.1391569879468,149.5240652876753,150.5482635498047,47204800,149.29757690429688,151.4937286376953,148.73623657226562,143.1031036376953,146.6483917236328,146.93303375244142,148.28115844726562,140.34083587646484,2.8803908498796362,0.008377139612316231,0.0027478474556307695,0.016380113774141006
2023-03-09,151.22781194000862,152.19292402611515,147.94838436334126,148.30291748046875,53833600,150.5482635498047,149.29757690429688,151.4937286376953,143.69400024414062,147.13096618652344,147.05022888183595,148.22707443237306,140.71370697021484,2.868712997680923,-0.014914460096666082,0.0009273324004610451,0.017298981422079817
2023-03-10,147.92864914378464,148.6475578517863,145.36813137887097,146.24461364746094,68572400,148.30291748046875,150.5482635498047,149.29757690429688,148.73623657226562,144.48182678222656,147.22650756835938,148.12169876098633,141.08140060424805,2.902387428852318,-0.013879051524922859,0.0013399587560256388,0.01684034205044878
2023-03-13,145.56513330123872,150.81418573238946,145.45680332509693,148.1847381591797,84457100,146.24461364746094,148.30291748046875,150.5482635498047,151.4937286376953,145.67344665527344,147.47763671875,148.09511032104493,141.56636520385743,2.8990855293908924,0.013266297221692147,0.0018418343208135512,0.017141172465320494
2023-03-14,148.98243524821328,151.07023295988367,147.82036369988242,150.2725372314453,73695900,148.1847381591797,146.24461364746094,148.30291748046875,149.29757690429688,145.1711883544922,147.9877716064453,148.0330665588379,142.02287704467773,2.834641451285467,0.014089163959806195,0.003595534417814039,0.017434448535288378
2023-03-15,148.89377768233683,150.92248866561948,147.64306182318006,150.66644287109375,77167900,150.2725372314453,148.1847381591797,146.24461364746094,150.5482635498047,143.1031036376953,148.74410552978514,148.0227249145508,142.4809733581543,2.8240917916999733,0.0026212749641789657,0.005282245359637672,0.016295277986155345
2023-03-16,149.84907174243986,154.08376844517147,149.33696504123728,153.4830322265625,76161100,150.66644287109375,150.2725372314453,148.1847381591797,148.30291748046875,143.69400024414062,149.72300872802734,148.04833068847657,143.09097946166992,2.8732123496583934,0.018694204905856493,0.006738749154900392,0.016823138159546308
2023-03-17,153.70953434482817,154.35951419092353,151.93686886777078,152.64593505859375,98944600,153.4830322265625,150.66644287109375,150.2725372314453,146.24461364746094,148.73623657226562,150.11397857666014,148.1118522644043,143.65887435913086,2.9632736330844756,-0.005454004627254649,0.002684339046985784,0.01385497798956792
2023-03-20,152.71486085947325,155.4230948668754,151.80882025865256,155.00946044921875,73641400,152.64593505859375,153.4830322265625,150.66644287109375,148.1847381591797,151.4937286376953,150.4655517578125,148.35066833496094,144.30039245605468,3.3148414318671615,0.015483709996717332,0.002378762327542072,0.013495466134332357
2023-03-21,154.93070734117964,156.9791040860205,154.16253977805687,156.86093139648438,73938300,155.00946044921875,152.64593505859375,153.4830322265625,150.2725372314453,149.29757690429688,151.22188720703124,148.88246688842773,144.88847549438478,3.7768341620330843,0.01194424483447687,0.005022851924620065,0.012364623522539312
2023-03-22,156.88061300312046,159.6774765177441,155.41323716716616,155.4329376220703,75701800,156.86093139648438,155.00946044921875,152.64593505859375,150.66644287109375,150.5482635498047,151.71035461425782,149.32169418334962,145.43757568359376,4.007126625879187,-0.009103565570477423,0.003274781406340699,0.013054169847525453
2023-03-23,156.41776312286146,159.0964541870748,155.28521978995877,156.5162353515625,67622100,155.4329376220703,156.86093139648438,155.00946044921875,153.4830322265625,148.30291748046875,152.53168640136718,149.79095764160155,145.99693511962892,4.27749423525889,0.0069695506374987115,0.005463182479757178,0.011394998777767411
2023-03-24,156.44730394409444,157.90482213956633,155.45264879499626,157.81619262695312,59196500,156.5162353515625,155.4329376220703,156.86093139648438,152.64593505859375,146.24461364746094,153.6888442993164,150.4576759338379,146.52801513671875,4.4424355706306065,0.008305574641957802,0.007681645096445244,0.009149106740875492
2023-03-27,157.5108907515981,158.3282868109909,155.4723219600322,155.8760986328125,52390300,157.81619262695312,156.5162353515625,155.4329376220703,155.00946044921875,148.1847381591797,154.45798034667968,150.96780853271486,147.0218667602539,4.449927211533777,-0.012293377262792227,0.005125677647996807,0.010831224770799024
2023-03-28,155.57082346557496,156.0829301456233,153.6110412861723,155.25567626953125,45992200,155.8760986328125,157.81619262695312,156.5162353515625,156.86093139648438,150.2725372314453,154.95629425048827,151.4720329284668,147.47675994873046,4.328214357612698,-0.00398022768546924,0.0033187384834692637,0.010675839826226267
2023-03-29,156.94953135245441,158.60402382956926,156.92984592593675,158.32827758789062,51305700,155.25567626953125,155.8760986328125,157.81619262695312,155.4329376220703,150.66644287109375,155.72247772216798,152.23329162597656,147.96989837646484,4.11233170027538,0.019790589253723567,0.005035669912423724,0.01186553777905962
2023-03-30,159.07673846378026,160.0024644815908,158.82069266127598,159.89413452148438,49501700,158.32827758789062,155.25567626953125,155.8760986328125,156.5162353515625,153.4830322265625,156.36358795166015,153.04329833984374,148.5087109375,3.933399275063024,0.009889938534350051,0.00415524327527308,0.011037188229544533
2023-03-31,159.97293860815142,162.49405610459849,159.45098920585787,162.39556884765625,68749800,159.89413452148438,158.32827758789062,155.25567626953125,157.81619262695312,152.64593505859375,157.33855133056642,153.72626495361328,149.09637268066408,4.313664225491069,0.015644315744651527,0.0062650753124636974,0.011012734774051377
2023-04-03,161.7751332479675,163.76444342844442,161.725889623748,163.64627075195312,56976200,162.39556884765625,159.89413452148438,158.32827758789062,155.8760986328125,155.00946044921875,158.20223236083984,154.33389205932616,149.65791656494142,4.809991599733383,0.007701576546526034,0.005486861967444567,0.01055434136627348
2023-04-04,164.06977129650792,164.3061166832112,162.60239523685718,163.114501953125,46278300,163.64627075195312,162.39556884765625,159.89413452148438,155.25567626953125,156.86093139648438,158.8275894165039,155.02473831176758,150.14510711669922,5.035524503474023,-0.0032495014789194476,0.003967487336104936,0.010614917988663269
2023-04-05,162.2380152446489,162.54330471265868,159.34266411557562,161.27288818359375,51511700,163.114501953125,163.64627075195312,162.39556884765625,158.32827758789062,155.4329376220703,159.41158447265624,155.56096954345702,150.56753814697265,5.104298010016881,-0.011290312924233326,0.0037488126007293454,0.010931901397353887
2023-04-06,159.96309788102116,162.45468749786315,159.53963569062748,162.15924072265625,45390100,161.27288818359375,163.114501953125,163.64627075195312,159.89413452148438,156.5162353515625,159.97588500976562,156.2537857055664,151.0208724975586,5.006739055575017,0.005495979820572705,0.003601455519036745,0.010893527702012193
2023-04-10,158.96841666370352,159.56915283203125,157.64877164706385,159.56915283203125,47716900,162.15924072265625,161.27288818359375,163.114501953125,162.39556884765625,157.81619262695312,160.15118103027345,156.9200126647949,151.38110595703125,4.4616037363982155,-0.01597249641206,0.0011736484136349646,0.012338237296300675
2023-04-11,159.88432686993428,159.89416958590462,158.07226031922266,158.3578643798828,47644200,159.56915283203125,162.15924072265625,161.27288818359375,163.64627075195312,155.8760986328125,160.39935760498048,157.42866897583008,151.67837158203125,3.965642060732855,-0.007590993814597047,0.0016438867584544826,0.011847811931268609
2023-04-12,158.77148810772155,159.5987270827998,157.35335556356011,157.6685028076172,50133100,158.3578643798828,159.56915283203125,162.15924072265625,163.114501953125,155.25567626953125,160.64064025878906,157.79846725463867,152.0194711303711,3.590281512983108,-0.004353188109508244,0.001606590716050582,0.011868053110834078
2023-04-13,159.17525665056672,163.28192316496492,158.9684394039646,163.04556274414062,68445600,157.6685028076172,158.3578643798828,159.56915283203125,161.27288818359375,158.32827758789062,161.11236877441405,158.41742324829102,152.44274383544922,3.355407374544486,0.03410357706690714,0.0030378894973689397,0.014804527531317483
2023-04-14,162.09028798128088,163.79402444901268,161.3319931654023,162.7008819580078,49386500,163.04556274414062,157.6685028076172,158.3578643798828,162.15924072265625,159.89413452148438,161.3930435180664,158.8783157348633,152.83670288085938,3.2740428927901064,-0.0021140151276223262,0.0018374941311717018,0.014673287799936057
2023-04-17,162.58269264644778,162.87813940299813,161.53879379674336,162.72056579589844,41516200,162.7008819580078,163.04556274414062,157.6685028076172,159.56915283203125,162.39556884765625,161.42554321289063,159.3820472717285,153.12505401611327,3.0306607567335506,0.00012098175285668589,0.00028516073199221783,0.013848261325259672
2023-04-18,163.57739656817114,164.86749880941898,163.13421882858577,163.9417724609375,49923000,162.72056579589844,162.7008819580078,163.04556274414062,158.3578643798828,163.64627075195312,161.45509338378906,159.82866287231445,153.36545837402343,3.0104681941577613,0.007504931285519545,0.00026549620589156887,0.013836694659771692
2023-04-19,163.2819281451353,165.60608642613127,163.02586725800396,165.08413696289062,47720200,163.9417724609375,162.72056579589844,162.7008819580078,157.6685028076172,163.114501953125,161.6520568847656,160.23982315063478,153.68318572998047,3.1424678412070404,0.006968111206832939,0.0012872574744668074,0.013925264610279812
2023-04-20,163.56749547193866,165.32046042282218,163.04554607797024,164.11898803710938,52456400,165.08413696289062,163.9417724609375,162.72056579589844,163.04556274414062,161.27288818359375,161.9366668701172,160.67412567138672,153.9241845703125,3.041782516434896,-0.005846406223743994,0.0018316481445157407,0.01347816018933903
2023-04-21,162.5432913390932,163.9220227028112,161.991798793606,162.5137481689453,58337300,164.11898803710938,165.08413696289062,163.9417724609375,162.7008819580078,162.15924072265625,161.97211761474608,160.97400131225587,154.186767578125,2.9027575609064495,-0.009780951536217719,0.00030395500883669826,0.013876574586731732
2023-04-24,162.49404087672,163.08493430890758,161.40089854610392,162.81903076171875,41949600,162.5137481689453,164.11898803710938,165.08413696289062,162.72056579589844,159.56915283203125,162.29710540771484,161.22414321899413,154.47610565185548,2.8309844502804924,0.001878503180272828,0.002089054968069981,0.012643506953693996
2023-04-25,162.68117729099055,163.78416246885476,161.24334444666383,161.28274536132812,48714100,162.81903076171875,162.5137481689453,164.11898803710938,163.9417724609375,158.3578643798828,162.58959350585937,161.4944755554199,154.7274304199219,2.5362140046452835,-0.00943553952632803,0.0019046003968968828,0.012812741539100855
2023-04-26,160.58352244501583,162.7698073781101,160.32747660698578,161.27288818359375,45498800,161.28274536132812,162.81903076171875,162.5137481689453,165.08413696289062,157.6685028076172,162.95003204345704,161.79533615112305,154.92261993408204,2.0715032749269424,-6.111737317149313e-05,0.002333807470530558,0.012650687526201444
2023-04-27,162.68115222078845,165.99996498511996,162.68115222078845,165.8522491455078,64902300,161.27288818359375,161.28274536132812,162.81903076171875,164.11898803710938,163.04556274414062,163.23070068359374,162.1715347290039,155.22219940185548,2.0918253311623753,0.028395107283630372,0.0017629604922028807,0.011090403654536772
2023-04-28,165.93103698503495,167.2703823718156,165.33030085507355,167.1029510498047,55275900,165.8522491455078,161.27288818359375,161.28274536132812,162.5137481689453,162.7008819580078,163.67090759277343,162.53197555541993,155.5048400878906,2.290402108371942,0.007541060858328175,0.0027284680907979308,0.011135563317786614
2023-05-01,166.70903856930101,167.86126725124362,166.07875924686118,167.0143280029297,52472900,167.1029510498047,165.8522491455078,161.27288818359375,162.81903076171875,162.72056579589844,164.10028381347655,162.7629135131836,155.81761657714844,2.4992538298008435,-0.0005303499807647327,0.002663334917435789,0.011154398338065695
2023-05-02,167.5067633643402,167.76282424517206,164.99548835131355,165.9803009033203,48425700,167.0143280029297,167.1029510498047,165.8522491455078,161.28274536132812,163.9417724609375,164.30413665771485,162.87961502075194,156.13255981445312,2.59531968601029,-0.006191247852646686,0.001293717003619166,0.01133328171017905
2023-05-03,166.92568277045305,168.3241144157863,164.62122562365215,164.9068145751953,65136000,165.9803009033203,167.0143280029297,167.1029510498047,161.27288818359375,165.08413696289062,164.28640441894532,162.96923065185547,156.50619689941405,2.6345053277311448,-0.0064675526088501245,-4.984937794914046e-05,0.011382131801437623
2023-05-04,162.3857237588548,164.50306450874902,161.81453073644045,163.2720489501953,81235400,164.9068145751953,165.9803009033203,167.0143280029297,165.8522491455078,164.11898803710938,164.20171051025392,163.06918869018554,156.8386700439453,2.6045106326755154,-0.009913269073877906,-0.00045653566296253165,0.011680988155474421
2023-05-05,168.38322333782398,171.65280778469676,168.1665634032941,170.93389892578125,113453200,163.2720489501953,164.9068145751953,165.9803009033203,167.1029510498047,162.5137481689453,165.0437255859375,163.5079216003418,157.31472869873048,3.1293346151325037,0.046926893028231165,0.0052142487934823565,0.018453171899090518
2023-05-08,169.86043164324718,171.20963479482143,169.49605587870553,170.8649444580078,55962800,170.93389892578125,163.2720489501953,164.9068145751953,167.0143280029297,162.81903076171875,165.84831695556642,164.0727111816406,157.8423910522461,3.3895668721207297,-0.0004033984376813349,0.00498605863168694,0.01851301653898566
2023-05-09,170.42181373691182,170.90436226614003,168.9938385535857,169.1612548828125,45326900,170.8649444580078,170.93389892578125,163.2720489501953,165.9803009033203,161.28274536132812,166.63616790771485,164.6128807067871,158.3121472167969,3.2902747345234182,-0.00997097198959973,0.00493251538535977,0.018560075536057326
2023-05-10,170.39224965147537,171.38690478906514,169.28924951921832,170.92404174804688,53724500,169.1612548828125,170.8649444580078,170.93389892578125,164.9068145751953,161.27288818359375,167.60128326416014,165.2756576538086,158.82720428466797,3.1498801346984386,0.010420748335400853,0.005980701956217005,0.01854269852424988
2023-05-11,171.20966280003566,171.9384144483228,169.5551699505623,171.11117553710938,49514700,170.92404174804688,169.1612548828125,170.8649444580078,163.2720489501953,165.8522491455078,168.1271759033203,165.67893829345704,159.38736572265626,3.3587309051444603,0.0010948359701108412,0.003250674824865052,0.01680416831861932
2023-05-12,171.21962961924467,171.653548851867,168.6358569767775,170.1841583251953,45533100,171.11117553710938,170.92404174804688,169.1612548828125,170.93389892578125,167.1029510498047,168.43529663085937,166.0531021118164,159.91716888427734,3.4256663532205263,-0.005417631016818136,0.0019548056373504207,0.016935695374175185
2023-05-15,170.76598190315437,170.81529363826058,169.09934457223466,169.69105529785156,37266700,170.1841583251953,171.11117553710938,170.92404174804688,170.8649444580078,167.0143280029297,168.70296936035157,166.40162658691406,160.33626525878907,3.4233572948833104,-0.0028974672625022846,0.0017180939091766656,0.016990743328476682
2023-05-16,169.61215953124739,170.74625419954612,169.42478396654107,169.69105529785156,42110300,169.69105529785156,170.1841583251953,171.11117553710938,169.1612548828125,165.9803009033203,169.07404479980468,166.68909072875977,160.7002117919922,3.4472328679108912,0.0,0.002337218694441334,0.016782031509477005
2023-05-17,169.3360433616003,170.53916250241704,168.06386972955488,170.302490234375,57951600,169.69105529785156,169.69105529785156,170.1841583251953,170.92404174804688,164.9068145751953,169.61361236572264,166.95000839233398,161.12031005859376,3.516158888989659,0.003603224315213316,0.003344296386847678,0.016494665642796454
2023-05-18,170.60823676479856,172.8172736869499,170.19404516336385,172.62989807128906,65496700,170.302490234375,169.69105529785156,169.69105529785156,171.11117553710938,163.2720489501953,170.54939727783204,167.37555389404298,161.56194274902344,3.6672719270575715,0.0136663171143947,0.005702255005674939,0.016068766576057193
2023-05-19,173.95134816577144,173.95134816577144,172.5213979143073,172.7383575439453,55809500,172.62989807128906,170.302490234375,169.69105529785156,170.1841583251953,170.93389892578125,170.72984313964844,167.88678436279298,162.05065155029297,3.6665210858591912,0.0006282774529093871,0.001072393448142761,0.006958333302821194
2023-05-22,171.57463586444004,172.2945540862593,171.05196458153654,171.79159545898438,43570900,172.7383575439453,172.62989807128906,170.302490234375,169.69105529785156,170.8649444580078,170.8225082397461,168.33541259765624,162.56159118652343,3.561225675029947,-0.00548090243778121,0.0005646430481327736,0.007256837708667564
2023-05-23,170.73639628329747,170.98293990870613,168.91196743614205,169.18809509277344,50747300,171.79159545898438,172.7383575439453,172.62989807128906,169.69105529785156,169.1612548828125,170.8251922607422,168.7306800842285,162.98165832519533,3.152496608234213,-0.015154992648243493,4.624098226839735e-05,0.00821499710525426
2023-05-24,168.7246024757336,170.03621645106807,168.16249079935005,169.4642333984375,45143500,169.18809509277344,171.79159545898438,172.7383575439453,170.302490234375,170.92404174804688,170.67921142578126,169.1402473449707,163.36549224853516,2.6196724990551488,0.0016321379202990371,-0.0008326200592417843,0.007412724015194977
2023-05-25,170.02634463618594,171.49573497151061,169.31629781123684,170.59832763671875,56058300,169.4642333984375,169.18809509277344,171.79159545898438,172.62989807128906,171.11117553710938,170.6279266357422,169.37755126953124,163.76412994384765,2.5191874104360097,0.006692233609052023,-0.0002728802953476661,0.00777682844438342
2023-05-26,170.92380920574092,173.33993425328168,170.71670589408566,173.00462341308594,54835000,170.59832763671875,169.4642333984375,169.18809509277344,172.7383575439453,170.1841583251953,170.90997314453125,169.67263488769532,164.15456176757812,2.5835528200917843,0.014105037310162105,0.001679386537350358,0.008733423299183989
2023-05-30,174.51345913931758,176.51539231960112,174.12885165758402,174.8487548828125,55964400,173.00462341308594,170.59832763671875,169.4642333984375,171.79159545898438,169.69105529785156,171.42574310302734,170.06435623168946,164.5986181640625,2.747983651155371,0.010659434605532425,0.003035076724153829,0.008992397137336815
2023-05-31,174.87833424607143,176.87041104464083,174.3162075312564,174.7994384765625,99625300,174.8487548828125,173.00462341308594,170.59832763671875,169.18809509277344,169.69105529785156,171.93658142089845,170.50531311035155,164.99441772460938,2.7656683341612993,-0.000282051801187011,0.003006871544035128,0.009003410169303902
2023-06-01,175.24321733975688,177.62975798334406,174.4838587106697,177.6001739501953,68901800,174.7994384765625,174.8487548828125,173.00462341308594,169.4642333984375,170.302490234375,172.66634979248047,171.13998107910157,165.4092025756836,2.8678554360038735,0.016022565621732987,0.004248805674687095,0.0099061215862733
2023-06-02,178.52718373632618,179.2668146743205,176.78165050926717,178.4482879638672,61996900,177.6001739501953,174.7994384765625,174.8487548828125,170.59832763671875,172.62989807128906,173.2481887817383,171.89879302978517,165.86950958251953,2.6779644984218898,0.004775412066373885,0.0033597151698850137,0.009350366464926022
2023-06-05,180.10506441660397,182.39298156722955,175.57851175717974,177.09722900390625,121946500,178.4482879638672,177.6001739501953,174.7994384765625,173.00462341308594,172.7383575439453,173.68407592773437,172.20695953369142,166.2811294555664,2.90599894323748,-0.007571151146232968,0.0025397723099707782,0.009956372614448167
2023-06-06,177.48186345973468,177.62978364684957,174.97697127382227,176.7323760986328,64848400,177.09722900390625,178.4482879638672,177.6001739501953,174.8487548828125,171.79159545898438,174.17815399169922,172.50033111572264,166.659453125,3.0557006279365275,-0.002060184156045697,0.0028818441381443295,0.009705796924537883
2023-06-07,175.97298038220674,178.7046879636189,174.86846975629078,175.36155700683594,61944600,176.7323760986328,177.09722900390625,178.4482879638672,174.7994384765625,169.18809509277344,174.79550018310547,172.81034622192382,167.04916229248047,3.013337163984857,-0.007756468407530637,0.003621696562215615,0.00836789394670654
2023-06-08,175.44043301517675,178.33978837820231,175.00652888652115,178.0735321044922,50214900,175.36155700683594,176.7323760986328,177.09722900390625,177.6001739501953,169.4642333984375,175.65643005371095,173.1678207397461,167.5055194091797,3.196305736493186,0.01546504914729141,0.005004987684914852,0.009112668565692017
2023-06-09,178.99068805786467,179.71059129506313,178.13272098000036,178.45816040039062,48900000,178.0735321044922,175.36155700683594,176.7323760986328,178.4482879638672,170.59832763671875,176.44241333007812,173.53516998291016,167.90811706542968,3.3652248831404075,0.00215994084776594,0.004551758408786244,0.009132115979838623
2023-06-12,178.76388932505995,181.34766218390052,178.468033910057,181.24903869628906,54274900,178.45816040039062,178.0735321044922,175.36155700683594,177.09722900390625,173.00462341308594,177.26685485839843,174.08841400146486,168.33521514892578,3.68012402739945,0.01563883819959133,0.004705138497729166,0.009321318614554604
2023-06-13,180.272706433175,181.60403301510047,179.91768300176238,180.77565002441406,54929100,181.24903869628906,178.45816040039062,178.0735321044922,176.7323760986328,174.8487548828125,177.8595443725586,174.64264373779298,168.70281677246095,3.8152181032336205,-0.0026118134213568567,0.0033780136950402385,0.009324128599463952
2023-06-14,180.8348467124019,181.84074910193183,179.50351991974284,181.40682983398438,57462900,180.77565002441406,181.24903869628906,178.45816040039062,175.36155700683594,174.7994384765625,178.5202835083008,175.22843246459962,169.05802795410156,3.9131015504991624,0.0034915090029274953,0.003755369775451689,0.009235482258286236
2023-06-15,181.4166932611595,183.94129793003785,181.23917400121888,183.43833923339844,65433200,181.40682983398438,180.77565002441406,181.24903869628906,178.0735321044922,177.6001739501953,179.1041000366211,175.88522491455078,169.46450469970702,4.138681756794565,0.011198637897333885,0.003272977003011779,0.00862965372951676
2023-06-16,184.1483615118621,184.40477651433866,181.72238065098958,182.36338806152344,101256200,183.43833923339844,181.40682983398438,180.77565002441406,178.45816040039062,178.4482879638672,179.49561004638673,176.3718994140625,169.88631469726562,4.304694197398996,-0.00586001365018507,0.0022094344313558834,0.009068145042196276
2023-06-20,181.86046794433722,183.52710548415504,181.86046794433722,182.45216369628906,49799100,182.36338806152344,183.43833923339844,181.40682983398438,181.24903869628906,177.09722900390625,180.031103515625,176.8575897216797,170.29217315673827,4.4196126065697126,0.0004868062373115656,0.0030152301697103367,0.008438640072716134
2023-06-21,182.34367850052172,182.84663717983523,180.0656175699355,181.41668701171875,49515700,182.45216369628906,182.36338806152344,183.43833923339844,180.77565002441406,176.7323760986328,180.4995346069336,177.3388442993164,170.72912384033202,4.362613214403666,-0.005675332446558268,0.0026537153406590796,0.0087518565318363
2023-06-22,181.19971869233248,184.46395407144706,181.1306792503188,184.41464233398438,51245300,181.41668701171875,182.45216369628906,182.36338806152344,181.40682983398438,175.36155700683594,181.40484313964845,178.10017166137695,171.25025939941406,4.190561482705137,0.01652524567418645,0.005081886748830788,0.008909683864156406
2023-06-23,182.9847233686237,184.96692915011988,182.45218058994394,184.09909057617188,53117000,184.41464233398438,181.41668701171875,182.45216369628906,183.43833923339844,178.0735321044922,182.0073989868164,178.83191452026367,171.77887115478515,3.8685911450297614,-0.0017110992588159624,0.003364271908220051,0.008321823979641974
2023-06-26,184.24700235631448,185.4501365723536,182.6691169769034,182.7085723876953,48088700,184.09909057617188,184.41464233398438,181.41668701171875,182.36338806152344,178.45816040039062,182.43244018554688,179.4374267578125,172.17213134765626,3.4355538384161077,-0.007553096455418018,0.0023929681779016553,0.009015905688480557
2023-06-27,183.32000947784528,185.78544616190248,183.10304984582174,185.4600067138672,50730800,182.7085723876953,184.09909057617188,184.41464233398438,182.45216369628906,181.24903869628906,182.8535369873047,180.06019592285156,172.62731384277345,3.3355442635910846,0.0150591419450945,0.002334998552451972,0.008922657046634232
2023-06-28,185.33180236622022,187.2745677103686,185.00637796044083,186.63356018066406,51216800,185.4600067138672,182.7085723876953,184.09909057617188,181.41668701171875,180.77565002441406,183.4393280029297,180.64943618774413,173.10557373046876,3.4066280079759697,0.0063277980389997435,0.0032289596984876323,0.008819196944267577
2023-06-29,186.4658979165552,187.4422162021352,186.32783407243755,186.96884155273438,46347300,186.63356018066406,185.4600067138672,182.7085723876953,184.41464233398438,181.40682983398438,183.9955291748047,181.25790634155274,173.5661151123047,3.393529956088402,0.0017964688223583991,0.0030594556804307226,0.008829872872669639
2023-06-30,188.9806243235532,191.79121262094537,188.61572952588827,191.28826904296875,85213200,186.96884155273438,186.63356018066406,185.4600067138672,184.09909057617188,183.43833923339844,184.78052215576173,181.94231109619142,174.09019775390624,3.9514543492254846,0.023102392111768344,0.004249831101874169,0.010661472546398527
2023-07-03,191.10090642215079,191.19952989799955,189.10882958307744,189.79916381835938,31458200,191.28826904296875,186.96884155273438,186.63356018066406,182.7085723876953,182.36338806152344,185.52409973144532,182.509854888916,174.60380126953126,4.228634568234338,-0.007784613411264019,0.004057371125766274,0.0108793967210376
2023-07-05,188.92148652956726,190.31198136153697,187.98460856583768,188.68479919433594,46920300,189.79916381835938,191.28826904296875,186.96884155273438,185.4600067138672,182.45216369628906,186.14736328125,183.0892333984375,175.12722229003907,4.241806249947088,-0.0058712831058092,0.003421562191454197,0.01128931731201138
2023-07-06,187.21539208287066,189.36526064633148,186.5842409083175,189.1581573486328,45094300,188.68479919433594,189.79916381835938,191.28826904296875,186.63356018066406,181.41668701171875,186.9215103149414,183.7105224609375,175.65400482177733,4.171126858846628,0.002508724371640181,0.004239967873274042,0.0108444561903068
2023-07-07,188.7636804868427,190.0062550438309,187.60985803081866,188.04376220703125,46815000,189.1581573486328,188.68479919433594,189.79916381835938,186.96884155273438,184.41464233398438,187.2844223022461,184.34463272094726,176.1892251586914,3.780820798420376,-0.005891340649653576,0.0019983092408900394,0.010327337497422878
2023-07-10,186.6434031135775,187.36332142042107,184.4540942539423,186.0023956298828,59922200,188.04376220703125,189.1581573486328,188.68479919433594,191.28826904296875,184.09909057617188,187.4747528076172,184.7410758972168,176.68381530761718,3.4934197042132205,-0.010855805867683865,0.0010838385800032492,0.011070436586701635
2023-07-11,186.5447914459214,186.68285528837708,184.02018687082855,185.47972106933594,46638100,186.0023956298828,188.04376220703125,189.1581573486328,189.79916381835938,182.7085723876953,187.75186767578126,185.09215393066407,177.07636474609376,3.166278715701397,-0.00281004208992508,0.0015581440165525428,0.010756430115030375
2023-07-12,187.05759515232103,189.04967210294507,185.86433228601203,187.1463623046875,60750200,185.47972106933594,186.0023956298828,188.04376220703125,188.68479919433594,185.4600067138672,187.92050323486328,185.38702011108398,177.4772329711914,3.0624415204443065,0.008985571175883722,0.000950786939631465,0.010058208379934196
2023-07-13,187.86624506525828,188.5467078881079,187.15619821079162,187.9056854248047,41342300,187.1463623046875,185.47972106933594,186.0023956298828,189.1581573486328,186.63356018066406,188.04771575927734,185.7435218811035,177.8950601196289,2.9085127679247735,0.0040573757927548915,0.0007237447150069797,0.009948373214582501
2023-07-14,187.59998771190843,188.53685056119244,187.00829198764853,188.0536346435547,41616200,187.9056854248047,187.1463623046875,185.47972106933594,188.04376220703125,186.96884155273438,188.15619506835938,186.07586212158202,178.33652679443358,2.7630094791664854,0.0007873589264504322,0.0006228337254161831,0.009941398549213876
2023-07-17,189.2469126832782,191.6334686208352,189.1581605746784,191.3080291748047,50520200,188.0536346435547,187.9056854248047,187.1463623046875,186.0023956298828,191.28826904296875,188.15817108154297,186.46934661865234,178.8645510864258,2.923342088448144,0.017305672062220667,4.316172046141542e-05,0.008557706075176799
2023-07-18,190.6768538720752,191.64330071063998,189.75970372238763,191.0515899658203,48288200,191.3080291748047,188.0536346435547,187.9056854248047,185.47972106933594,189.79916381835938,188.28341369628907,186.90375671386718,179.42014190673828,2.9266153088963867,-0.001340451888457106,0.0006875778727421066,0.008134949298174196
2023-07-19,190.43029994672796,195.48936484547627,189.98650938817815,192.40264892578125,80507300,191.0515899658203,191.3080291748047,188.0536346435547,187.1463623046875,188.68479919433594,188.6551986694336,187.4012809753418,179.84951690673827,2.9753990754717714,0.007071697022791756,0.0019818758856022024,0.008004046527156087
2023-07-20,192.39280905028917,193.7537348839622,189.8386203157028,190.4599151611328,59581200,192.40264892578125,191.0515899658203,191.3080291748047,187.9056854248047,189.1581573486328,188.7853744506836,187.8534423828125,180.2414163208008,2.6916818545189414,-0.010097229822432663,0.0007212804661949179,0.008858887969743838
2023-07-21,191.4164870851642,192.2744541324422,188.58615588066942,189.28634643554688,71951700,190.4599151611328,192.40264892578125,191.0515899658203,188.0536346435547,188.04376220703125,188.90963287353514,188.09702758789064,180.64391815185547,2.582319093565301,-0.006161762303595886,0.0006942383008006869,0.008881699483933622
2023-07-24,190.73602285584008,192.21528467718613,189.59205676918674,190.08514404296875,45377800,189.28634643554688,190.4599151611328,192.40264892578125,191.3080291748047,186.0023956298828,189.31790771484376,188.39633026123047,181.0271401977539,2.437390008344338,0.004220048738136972,0.0022018237613827705,0.007932079391395851
2023-07-25,190.65713123041024,191.75178560391285,190.2527960456413,190.943115234375,37283200,190.08514404296875,189.28634643554688,190.4599151611328,191.0515899658203,185.47972106933594,189.86424713134767,188.80805740356445,181.4237789916992,2.0978895445252737,0.004513615178744823,0.002934189488249761,0.007754016420967119
2023-07-26,190.99243214213982,192.9351972994816,190.64728006234532,191.8109588623047,47471900,190.943115234375,190.08514404296875,189.28634643554688,192.40264892578125,187.1463623046875,190.33070678710936,189.12560501098633,181.85631500244142,2.0444136254948875,0.004545037546205499,0.002490136125281939,0.007491674736031306
2023-07-27,193.30993672945922,194.47361545879667,189.88790988625553,190.54864501953125,47460200,191.8109588623047,190.943115234375,190.08514404296875,190.4599151611328,187.9056854248047,190.59500274658203,189.32135925292968,182.273466796875,1.9796500931501713,-0.00658103087675832,0.0014262954583306175,0.007983587150533114
2023-07-28,191.97860770429688,193.91151654263126,191.4559363697747,193.12257385253906,48291400,190.54864501953125,191.8109588623047,190.943115234375,189.28634643554688,188.0536346435547,191.10189666748047,189.62904586791993,182.74209716796875,2.070885231216567,0.013507988118960368,0.002698358377581611,0.00883815334570788
2023-07-31,193.34938604539337,193.77344894031904,192.56044337061044,193.73399353027344,38824100,193.12257385253906,190.54864501953125,191.8109588623047,190.08514404296875,191.3080291748047,191.34449310302733,189.75133209228517,183.21072723388673,2.239375412560137,0.0031659669065990936,0.0012843878620194538,0.007225483524969127
2023-08-01,193.52690392813534,194.0101198390568,192.58016971551623,192.90560913085938,35175100,193.73399353027344,193.12257385253906,190.54864501953125,190.943115234375,191.0515899658203,191.52989501953124,189.90665435791016,183.61624145507812,2.347965728334992,-0.004275885632247678,0.0009908444876403967,0.0074014539864013795
2023-08-02,192.3434921357412,192.48155598125388,189.19760772385698,189.91751098632812,50389300,192.90560913085938,193.73399353027344,193.12257385253906,191.8109588623047,192.40264892578125,191.28138122558593,189.96828994750976,183.9598245239258,2.330316525538958,-0.015489949504289613,-0.0012653201650677404,0.008671605667440246
2023-08-03,188.92148694956984,189.71041463976601,188.0536484329567,188.52700805664062,61235200,189.91751098632812,192.90560913085938,193.73399353027344,190.54864501953125,190.4599151611328,191.0880905151367,189.93673248291014,184.2945327758789,2.346085073440034,-0.007321615171060225,-0.0009877586999304966,0.008397594768071644
2023-08-04,182.95510234495143,184.78938756590674,179.4048680308995,179.47390747070312,115956800,188.52700805664062,189.91751098632812,192.90560913085938,193.12257385253906,189.28634643554688,190.10684661865236,189.50823974609375,184.5002490234375,3.2990703517104407,-0.04802017853705931,-0.005173600323276839,0.017142351331283837
2023-08-07,179.6119861039443,180.59816071157974,174.89807268327345,176.37733459472656,97576100,179.47390747070312,188.52700805664062,189.91751098632812,193.73399353027344,190.08514404296875,188.73606567382814,189.02698669433593,184.6385110473633,4.366686541337545,-0.017253610397277575,-0.007320966236818294,0.017179820460577453
2023-08-08,177.205713919119,177.77769698523286,175.12488493894773,177.31419372558594,67823000,176.37733459472656,179.47390747070312,188.52700805664062,192.90560913085938,190.943115234375,187.37317352294923,188.61871032714845,184.77282836914063,5.0448708164050355,0.005311675295536444,-0.007241160225139131,0.017242643211679395
2023-08-09,178.3693964131728,178.42856448196,174.56276182695083,175.72645568847656,60378500,177.31419372558594,176.37733459472656,179.47390747070312,189.91751098632812,191.8109588623047,185.7647232055664,188.0477149963379,184.82726501464845,5.80872944320626,-0.008954376430612143,-0.008591101622820896,0.016738431953697848
2023-08-10,176.99863993985085,178.2510860859084,175.14464164213348,175.509521484375,54686900,175.72645568847656,177.31419372558594,176.37733459472656,188.52700805664062,190.54864501953125,184.26081085205078,187.42790679931642,184.8404803466797,6.450574422668826,-0.0012344993999431342,-0.008056448475139377,0.016894432384649268
2023-08-11,175.10462674008653,176.3883728930982,174.34424265962002,175.56874084472656,52036700,175.509521484375,175.72645568847656,177.31419372558594,179.47390747070312,193.12257385253906,182.50542755126952,186.803662109375,184.85586639404298,6.970022088655047,0.0003374139468372839,-0.009373505892351686,0.015480748649464807
2023-08-14,175.746520759633,177.44503302668653,175.0947628987085,177.21791076660156,43675600,175.56874084472656,175.509521484375,175.72645568847656,176.37733459472656,193.73399353027344,180.85381927490235,186.09915618896486,184.8482211303711,7.199099668554853,0.009393300390150516,-0.008750772543996543,0.016151913820105238
2023-08-15,176.64514364841483,177.23763842738072,174.8380051896738,175.23300170898438,43622600,177.21791076660156,175.56874084472656,175.509521484375,177.31419372558594,192.90560913085938,179.08655853271483,185.30822677612304,184.78391540527343,7.489462811403921,-0.011200386287316899,-0.009443222609503466,0.01608705485149568
2023-08-16,174.91703015656563,176.30940286172734,174.2948962433497,174.36402893066406,46964900,175.23300170898438,177.21791076660156,175.56874084472656,175.72645568847656,189.91751098632812,177.53121032714844,184.4062957763672,184.7292514038086,7.674030235805983,-0.004958956188877317,-0.008390123277962236,0.015991649075291263
2023-08-17,174.92688028330798,175.29225282363015,171.31260330101006,171.82611083984375,66062900,174.36402893066406,175.23300170898438,177.21791076660156,175.509521484375,188.52700805664062,175.86112060546876,183.47460556030273,184.63112609863282,8.02357668423616,-0.014555284747575503,-0.009113490235613763,0.016101174802351962
2023-08-18,170.14735612669347,172.9123770667114,169.8116075662743,172.30999755859375,61172200,171.82611083984375,174.36402893066406,175.23300170898438,175.56874084472656,179.47390747070312,175.1447296142578,182.62578811645508,184.57009490966797,8.270557138108996,0.0028161419494678874,-0.004029858186961044,0.008840456571716494
2023-08-21,172.88275833759562,173.92951274494206,171.56937297444222,173.64312744140625,46311900,172.30999755859375,171.82611083984375,174.36402893066406,177.21791076660156,176.37733459472656,174.87130889892578,181.80368728637694,184.48148681640626,8.307160508571231,0.007736810990083054,-0.001530816048224981,0.008195648008126766
2023-08-22,174.84784230984178,175.46009132134986,174.04796471270419,175.01571655273438,42038900,173.64312744140625,172.30999755859375,171.82611083984375,175.23300170898438,177.31419372558594,174.64146118164064,181.00731735229493,184.41263793945313,8.1467872279558,0.007904655551607132,-0.0012715180226179124,0.008472530110886863
2023-08-23,176.28963972003098,179.2817827873095,176.10201110060572,178.85714721679688,52722800,175.01571655273438,173.64312744140625,172.30999755859375,174.36402893066406,175.72645568847656,174.95453033447265,180.35962677001953,184.36480010986327,7.747825503229961,0.021949061145631665,0.0018188257350064685,0.010701612736757321
2023-08-24,178.41277199096436,178.8374075605793,173.8109887437673,174.17637634277344,54945800,178.85714721679688,175.01571655273438,173.64312744140625,171.82611083984375,175.509521484375,174.8212158203125,179.54101333618163,184.23281463623047,7.474733349996595,-0.0261704435459309,-0.0006747686795923081,0.013914887734460155
2023-08-25,175.16386577811136,176.91174101480664,173.62335841851225,176.3784942626953,51449600,174.17637634277344,178.85714721679688,175.01571655273438,172.30999755859375,175.56874084472656,174.90219116210938,178.70380935668945,184.1322479248047,6.778781388632801,0.012643034412360032,0.0005557933669599668,0.014544236896013663
2023-08-28,177.8400098200833,178.33376298082638,176.31925671498092,177.9387664794922,43820700,176.3784942626953,174.17637634277344,178.85714721679688,173.64312744140625,177.21791076660156,174.97427673339843,177.9140480041504,184.02225646972656,5.782414627742271,0.00884615907012476,0.0005010792349573912,0.014508281691392476
2023-08-29,177.45489519701718,182.5899254092932,177.25739693272806,181.81967163085938,53003900,177.9387664794922,176.3784942626953,174.17637634277344,175.01571655273438,175.23300170898438,175.63294372558593,177.3597511291504,184.01138214111327,4.699676080665397,0.021810340872597145,0.0038021519509487955,0.015284711548693677
2023-08-30,182.62942352828824,185.50307057198083,182.43192527543482,185.30555725097656,60813900,181.81967163085938,177.9387664794922,176.3784942626953,178.85714721679688,174.36402893066406,176.7270965576172,177.1291534423828,184.06845001220702,4.129656201012421,0.019172213814105055,0.006215268951247033,0.015648401101884597
2023-08-31,185.49317264844964,186.75717945843076,185.1376697913831,185.52279663085938,60794500,185.30555725097656,181.81967163085938,177.9387664794922,174.17637634277344,171.82611083984375,178.09676513671874,176.97894287109375,184.15057220458985,3.728397696526431,0.0011723306257274135,0.007788030488577324,0.014036189934417687
2023-09-01,187.1225652663115,187.54718572230075,185.92767607044595,187.0929412841797,45766500,185.52279663085938,185.30555725097656,181.81967163085938,176.3784942626953,172.30999755859375,179.57505950927734,177.3598945617676,184.20413818359376,4.336404465136516,0.008463351576380562,0.008352751451268592,0.01392710760489417
2023-09-05,185.92769881238064,187.60645663383806,185.26607135025952,187.3299560546875,45280000,187.0929412841797,185.52279663085938,185.30555725097656,177.9387664794922,173.64312744140625,180.94374237060546,177.90752563476562,184.26875549316406,4.865141185063241,0.0012668290363120338,0.0077057532558914895,0.01410801105485641
2023-09-06,186.0461707664675,186.49056063180015,179.2027597126584,180.62477111816406,81755800,187.3299560546875,187.0929412841797,185.52279663085938,181.81967163085938,175.01571655273438,181.50464782714843,178.07305450439452,184.22707946777345,4.900084641537261,-0.03579344744289581,0.003335942956441196,0.01969916033770045
2023-09-07,172.99134398653018,175.98350189646143,171.37183427986267,175.34161376953125,112488800,180.62477111816406,187.3299560546875,187.0929412841797,185.30555725097656,178.85714721679688,181.15309448242186,178.05381240844727,184.02471160888672,4.910528954841679,-0.02924935110465321,-0.0017838982685872916,0.020938369194487813
2023-09-08,176.121746745329,177.9881329660241,175.56873058484743,175.953857421875,65551300,175.34161376953125,180.62477111816406,187.3299560546875,185.52279663085938,174.17637634277344,181.33084259033203,178.07602920532227,183.81111755371094,4.899404478465118,0.0034917190459333725,0.0011823179905991355,0.01912206956269467
2023-09-11,177.82027676778657,178.0473990105972,175.12437356668377,177.119140625,58953100,175.953857421875,175.34161376953125,180.62477111816406,187.0929412841797,176.3784942626953,181.4049072265625,178.15354919433594,183.61412353515624,4.8698215383194245,0.00662266357895791,0.0005802809072589232,0.01881343123045753
2023-09-12,177.24751388848827,177.87951732730735,172.6358612060169,174.0973663330078,90370200,177.119140625,175.953857421875,175.34161376953125,187.3299560546875,177.9387664794922,181.02076721191406,177.99752197265624,183.27030548095703,4.950695776435415,-0.017060687406958097,-0.0020104037404493624,0.019325484912098
2023-09-13,174.30474566083996,175.0848841389881,171.80635572558617,172.0334930419922,84267900,174.0973663330078,177.119140625,175.953857421875,180.62477111816406,181.81967163085938,180.04214935302736,177.83754653930663,182.9149920654297,5.094339535506837,-0.011854707135936282,-0.0053769085413027055,0.017567072080933038
2023-09-14,171.82607585790313,173.8998448696545,171.41132506918257,173.54434204101562,60895800,172.0334930419922,174.0973663330078,177.119140625,175.34161376953125,185.30555725097656,178.86602783203125,177.79656219482422,182.61218292236327,5.126947879968085,0.008782295658291694,-0.006415900356884041,0.016208525906951477
2023-09-15,174.27510652680778,174.29486087176767,171.6483512368518,172.82347106933594,109259500,173.54434204101562,172.0334930419922,174.0973663330078,175.953857421875,185.52279663085938,177.5960952758789,177.84643020629883,182.28548919677735,5.070357125920738,-0.004153814311672055,-0.006948514850623988,0.016017857432419725
2023-09-18,174.2751309871455,177.13890868226434,173.96900640397726,175.74652099609375,67257600,172.82347106933594,173.54434204101562,172.0334930419922,177.119140625,187.0929412841797,176.46145324707032,178.01825637817382,182.0395443725586,4.929123728385,0.016913500861148068,-0.006103499922147237,0.017107098836121465
2023-09-19,175.30212586469654,177.38576479928514,174.91699900323943,176.832763671875,51826900,175.74652099609375,172.82347106933594,173.54434204101562,174.0973663330078,187.3299560546875,175.41173400878907,178.17773818969727,181.85615173339843,4.830734414275472,0.006180735013271654,-0.005612109324451275,0.01741021892483798
2023-09-20,177.02040441249267,177.45490967025808,173.20862883503193,173.29751586914062,58436200,176.832763671875,175.74652099609375,172.82347106933594,172.0334930419922,180.62477111816406,174.67900848388672,178.0918281555176,181.61250762939454,4.904640568568043,-0.01999204066783833,-0.004031968646945527,0.01490317757433944
2023-09-21,172.36922214048295,174.0973581099587,171.6878404044714,171.7569580078125,63149100,173.29751586914062,176.832763671875,175.74652099609375,173.54434204101562,175.34161376953125,174.32054290771484,177.73681869506837,181.30471954345703,5.09942574276022,-0.008889670769957392,-0.0019960006134759458,0.012225526800170373
2023-09-22,172.48775099523908,174.86764517240317,171.87550181385268,172.6062469482422,56725400,171.7569580078125,173.29751586914062,176.832763671875,172.82347106933594,175.953857421875,173.98578186035155,177.6583122253418,180.9987307739258,5.168739368866426,0.00494471345021763,-0.0018507011730475198,0.012306361838293027
2023-09-25,172.02361011818323,174.7590070374673,171.97423178505466,173.880126953125,46172700,172.6062469482422,171.7569580078125,173.29751586914062,175.74652099609375,177.119140625,173.66188049316406,177.53339385986328,180.7152606201172,5.2311120110713905,0.007380265937100283,-0.0017749409372332825,0.012366506390200151
2023-09-26,172.63586851438868,173.01111068359924,169.51534481079926,169.8115997314453,64588900,173.880126953125,172.6062469482422,171.7569580078125,176.832763671875,174.0973663330078,173.23330383300782,177.12703552246094,180.28533203125,5.506385576422935,-0.023398460151668132,-0.002408718211704286,0.013359474891683598
2023-09-27,170.46333088230946,170.87808171574733,166.93794126401278,168.30068969726562,66921800,169.8115997314453,173.880126953125,172.6062469482422,173.29751586914062,172.0334930419922,172.86002349853516,176.45108642578126,179.83031402587892,5.725431556074561,-0.00889756669490882,-0.0021130041676015398,0.013158369133817445
2023-09-28,167.2243249736919,169.8807195182162,165.5258128129139,168.55746459960938,56294400,168.30068969726562,169.8115997314453,173.880126953125,171.7569580078125,173.54434204101562,172.36133575439453,175.6136817932129,179.35341033935546,5.585288218214755,0.0015256913254819704,-0.0028386646008825124,0.012682230877654412
2023-09-29,169.8708616906263,170.9077464641982,168.21184303928078,169.07098388671875,51861100,168.55746459960938,168.30068969726562,169.8115997314453,172.6062469482422,172.82347106933594,171.9860870361328,174.79109115600585,178.92563171386718,5.250547224771773,0.003046553223431392,-0.0021186278473721678,0.01280309190573795
2023-10-02,169.08084887750982,172.12237043121976,168.79446358018748,171.57923889160156,52164500,169.07098388671875,168.55746459960938,168.30068969726562,173.880126953125,175.74652099609375,171.5693588256836,174.01540603637696,178.5714895629883,4.41733074514256,0.01483551433381014,-0.0023264265001059605,0.012472465996222057
2023-10-03,170.1078129668395,171.46070671019788,168.68581669291316,170.24606323242188,49594600,171.57923889160156,169.07098388671875,168.55746459960938,169.8115997314453,176.832763671875,170.9106887817383,173.16121139526368,178.17470794677735,3.187815128803657,-0.007770028983646093,-0.0037215028997977352,0.012192257568804252
2023-10-04,168.95244285882518,172.03347264460572,168.83394692911625,171.49034118652344,53020300,170.24606323242188,171.57923889160156,169.07098388671875,168.30068969726562,173.29751586914062,170.72997131347657,172.70448989868163,177.7856524658203,2.675388153063671,0.007308703240925141,-0.000991428508921388,0.011156773169818297
2023-10-05,171.6187292983148,173.25799352598938,170.52259660006877,172.72474670410156,48527900,171.49034118652344,170.24606323242188,171.57923889160156,168.55746459960938,171.7569580078125,170.82675018310547,172.57364654541016,177.40392822265625,2.6026294597212623,0.007198105205444172,0.0006173490886187682,0.011050725798819432
2023-10-06,171.62862082907643,175.76627518846593,171.01635659512883,175.27252197265625,57266700,172.72474670410156,171.49034118652344,170.24606323242188,169.07098388671875,172.6062469482422,171.09337768554687,172.53957977294922,177.09840576171874,2.560168724808608,0.014750493586882074,0.0015979271022852127,0.011881223397576784
2023-10-09,174.6009972191987,176.81301689163445,173.60362121945622,176.75376892089844,42390800,175.27252197265625,172.72474670410156,171.49034118652344,171.57923889160156,173.880126953125,171.38074188232423,172.52131118774415,176.77102966308593,2.5268573350604133,0.008451107632680088,0.0017050112718431931,0.011943790555933273
2023-10-10,175.8748846750232,177.47464011941017,175.72674968355904,176.1612548828125,43698000,176.75376892089844,175.27252197265625,172.72474670410156,170.24606323242188,169.8115997314453,172.01570739746094,172.62450561523437,176.41957489013672,2.634461997690949,-0.003352200304996611,0.003709637256510345,0.008426763274985849
2023-10-11,175.9736034231689,177.60299770884345,175.38110873868183,177.55361938476562,47551100,176.1612548828125,176.75376892089844,175.27252197265625,171.49034118652344,168.30068969726562,172.94100036621094,172.90051193237304,176.11253509521484,2.849660065392092,0.00790392020583286,0.005389785946584513,0.007222760901887945
2023-10-12,177.8202822818536,180.0619109305439,176.80313684087554,178.45228576660156,56743100,177.55361938476562,176.1612548828125,176.75376892089844,172.72474670410156,168.55746459960938,173.93048248291015,173.14590911865236,175.88323059082032,3.1076642709214264,0.0050613802464285484,0.005743354838679171,0.007098051288605449
2023-10-13,179.1533924067404,179.6570151987734,175.91437292525092,176.61550903320312,51427100,178.45228576660156,177.55361938476562,176.1612548828125,175.27252197265625,169.07098388671875,174.6849349975586,173.33551101684571,175.64500061035156,3.2012263017878024,-0.01029281707156593,0.004409417809179439,0.008727562848414895
2023-10-16,174.5417330268598,176.84262444155877,174.3047260977915,176.48712158203125,52517000,176.61550903320312,178.45228576660156,177.55361938476562,176.75376892089844,171.57923889160156,175.17572326660155,173.37254104614257,175.58526489257812,3.234691903030275,-0.0007269319205015501,0.0028531731837482697,0.008020756447563141
2023-10-17,174.44298390478113,176.19087429527403,172.61610626933813,174.93673706054688,57549400,176.48712158203125,176.61550903320312,178.45228576660156,176.1612548828125,170.24606323242188,175.64479064941406,173.27773971557616,175.55645294189452,3.1547393348768726,-0.008784689259968226,0.0027517071561160567,0.008175011181385703
2023-10-18,173.38638119353993,175.36139405816417,172.92225196490105,173.64312744140625,54764400,174.93673706054688,176.48712158203125,176.61550903320312,177.55361938476562,171.49034118652344,175.86006927490234,173.29502029418944,175.48303161621095,3.1557997557993476,-0.007394728179324073,0.0012813640140911353,0.00857672637295151
2023-10-19,173.84059314667203,175.61810740546204,173.00122187734726,173.26785278320312,59302900,173.64312744140625,174.93673706054688,176.48712158203125,178.45228576660156,172.72474670410156,175.9143798828125,173.37056503295898,175.43385955810547,3.1350592389360172,-0.0021611834786249284,0.00034543514568422526,0.008367435528651905
2023-10-20,173.11972583296543,173.22835212793277,170.4830858385587,170.7200927734375,64244000,173.26785278320312,173.64312744140625,174.93673706054688,176.61550903320312,175.27252197265625,175.45913696289062,173.27625732421876,175.33807098388672,3.1871970393603095,-0.014704170270716355,-0.0026000312400756174,0.00790466098882266
2023-10-23,168.77470794688867,171.8359684831129,167.80694090892598,170.83859252929688,55980100,170.7200927734375,173.26785278320312,173.64312744140625,176.48712158203125,176.75376892089844,174.86761932373048,173.12418060302736,175.24346801757812,3.2291540274550643,0.0006941172180396915,-0.0033757302815396574,0.007032145569405802
2023-10-24,170.8879597127696,171.50020876645127,169.3079436842464,171.27308654785156,43816600,170.83859252929688,170.7200927734375,173.26785278320312,174.93673706054688,176.1612548828125,174.37880249023436,173.19725494384767,175.12457153320312,3.1661685205687107,0.0025433013239100077,-0.0027861801186489952,0.007277196723133728
2023-10-25,169.73259505065448,170.89784530264086,168.51795139973865,168.96234130859375,57157000,171.27308654785156,170.83859252929688,170.7200927734375,173.64312744140625,177.55361938476562,173.5196746826172,173.23033752441407,174.9991583251953,3.115361701171948,-0.013491584030116854,-0.0049257305422439664,0.006921536415291248
2023-10-26,168.2414494672427,169.2388405091802,163.600172706508,164.804931640625,70625300,168.96234130859375,171.27308654785156,170.83859252929688,173.26785278320312,178.45228576660156,172.15493927001953,173.04271087646484,174.80797637939452,3.5007648773875353,-0.024605540120775427,-0.007892422578964364,0.008371306176248483
2023-10-27,164.82468576422622,166.8490767618186,164.7456834493569,166.11831665039062,58499100,164.804931640625,168.96234130859375,171.27308654785156,170.7200927734375,176.61550903320312,171.10522003173827,172.89507751464845,174.69382049560548,3.7317164650490295,0.00796933075176165,-0.006066207796631607,0.009679254014879466
2023-10-30,166.90830774256386,169.0314401165317,166.7601727667049,168.1624298095703,51131000,166.11831665039062,164.804931640625,168.96234130859375,170.83859252929688,176.48712158203125,170.2727508544922,172.72423706054687,174.610869140625,3.870748884009606,0.012305164176938277,-0.0047629981868876235,0.0112309468929066
2023-10-31,167.23421730907862,168.76484019690602,165.80232095364974,168.636474609375,44846000,168.1624298095703,166.11831665039062,164.804931640625,171.27308654785156,174.93673706054688,169.642724609375,172.64375762939454,174.51073608398437,3.9410802626491157,0.0028189697326657104,-0.00360263228762423,0.011367865338779901
2023-11-01,168.86356825336904,172.0532092124064,167.99455793411695,171.7964630126953,56934900,168.636474609375,168.1624298095703,166.11831665039062,168.96234130859375,173.64312744140625,169.45805816650392,172.65906372070313,174.4463510131836,3.936957229052493,0.018738463375969072,-0.0009893131320949156,0.013247664177159335
2023-11-02,173.32712561259646,175.55888462715336,173.26787764016203,175.3515167236328,77334800,171.7964630126953,168.636474609375,168.1624298095703,164.804931640625,173.26785278320312,169.6664245605469,172.7904022216797,174.37623840332031,3.98281178860974,0.020693404559061213,0.0012961456716736985,0.014892351513016409
2023-11-03,172.06311427874405,174.61088250590672,171.18423421755685,174.4429931640625,79829200,175.3515167236328,171.7964630126953,168.636474609375,166.11831665039062,170.7200927734375,170.03871459960936,172.74892578125,174.38157073974608,3.9598560419655433,-0.005181155980545138,0.00224844710069082,0.014035335362361647
2023-11-06,174.1763842242903,177.1882666996337,174.0085099439187,176.9907684326172,63841300,174.4429931640625,175.3515167236328,171.7964630126953,168.1624298095703,170.83859252929688,170.6539321899414,172.76077575683593,174.39381622314454,3.9728048533688467,0.014605202664451644,0.0036395556453320153,0.014544328354128392
2023-11-07,176.94138484513783,180.1606652677133,176.7340169447808,179.5484161376953,70530000,176.9907684326172,174.4429931640625,175.3515167236328,168.636474609375,171.27308654785156,171.4814651489258,172.93013381958008,174.4260092163086,4.191567664536746,0.014450740723530142,0.004830299585294029,0.014927002465355573
2023-11-08,180.07177947416378,181.15802736111343,179.32126504404005,180.6050262451172,49340300,179.5484161376953,176.9907684326172,174.4429931640625,171.7964630126953,168.96234130859375,172.64573364257814,173.08270416259765,174.40171630859376,4.418128628742259,0.005884819984218526,0.006767939986727567,0.013471017095185386
2023-11-09,180.67414339377055,181.81963914926845,179.5385022077218,180.13101196289062,53763500,180.6050262451172,179.5484161376953,176.9907684326172,175.3515167236328,164.804931640625,174.1783416748047,173.1666404724121,174.29822540283203,4.539781360290817,-0.0026245907552053804,0.008966034923284572,0.008748478473363146
2023-11-10,181.9108804268445,184.48178544542026,181.475802800193,184.3136749267578,66133400,180.13101196289062,180.6050262451172,179.5484161376953,174.4429931640625,166.11831665039062,175.9978775024414,173.55154876708986,174.27404296875,5.1349231330082175,0.023220115838403554,0.010491113431948761,0.009819196840562532
2023-11-13,183.74018560328048,183.94782669363863,182.1482051958573,182.73159790039062,43627500,184.3136749267578,180.13101196289062,180.6050262451172,176.9907684326172,168.1624298095703,177.45479431152344,173.8637725830078,174.1868161010742,5.499700069188556,-0.008583611753147813,0.008402235838940153,0.011473011346146447
2023-11-14,185.59912547957174,186.00454008995078,184.21480130754796,185.342041015625,60108400,182.73159790039062,184.3136749267578,180.13101196289062,179.5484161376953,168.636474609375,179.12535095214844,174.38403778076173,174.14705780029297,6.069219979756757,0.014285668955061448,0.009548905761179727,0.011425912605671355
2023-11-15,185.7474724520267,187.3789985945617,185.6782486931539,185.90567016601562,53790500,185.342041015625,182.73159790039062,184.3136749267578,180.6050262451172,171.7964630126953,180.53627166748046,174.99716491699218,174.25267578125,6.58768292096863,0.0030410216014784552,0.007979161583730665,0.011096680830601566
2023-11-16,187.44820698590362,188.82264852852316,186.5384909930313,187.58663940429688,54412900,185.90567016601562,185.342041015625,182.73159790039062,180.13101196289062,175.3515167236328,181.75978393554686,175.71310424804688,174.49757629394531,7.144400545633858,0.009042054697848245,0.006814026597609368,0.010187842979004276
2023-11-17,188.12059370194675,188.24914348244,186.4594046371221,187.56686401367188,50922700,187.58663940429688,185.90567016601562,185.342041015625,184.3136749267578,174.4429931640625,183.07217102050782,176.5554428100586,174.72983642578126,7.508582793980493,-0.00010542003784386189,0.007321600191879496,0.009635278512985733
2023-11-20,187.76462241033667,189.7620174322178,187.75473976876387,189.30715942382812,46505100,187.56686401367188,187.58663940429688,185.90567016601562,182.73159790039062,176.9907684326172,184.3038101196289,177.47887115478517,174.97359680175782,7.89425839727331,0.009278266815984093,0.006788906607032741,0.009330281542443152
2023-11-21,189.26762676216626,189.37639617894334,187.61632022600733,188.50624084472656,38134500,189.30715942382812,187.56686401367188,187.58663940429688,185.342041015625,179.5484161376953,185.19959259033203,178.3405288696289,175.2617742919922,8.118559103927984,-0.004230788637573091,0.004920753670922417,0.009494544692609234
2023-11-22,189.3467095850447,190.77057938008178,188.6940931656517,189.16871643066406,39617700,188.50624084472656,189.30715942382812,187.56686401367188,185.90567016601562,180.6050262451172,186.05596160888672,179.35084762573243,175.6044787597656,8.147306305585948,0.0035143429892232625,0.004683705971422892,0.009497391813372136
2023-11-24,188.73367065803237,188.76333367409984,187.13180743837248,187.84375,24048300,189.16871643066406,188.50624084472656,189.30715942382812,187.58663940429688,180.13101196289062,186.82723541259764,180.50278854370117,175.89046691894532,7.592238980581575,-0.007004151932011982,0.0042457498537422315,0.009961485983675512
2023-11-27,187.79429075090235,188.5358962659671,186.7857030257735,187.66574096679688,40552600,187.84375,189.16871643066406,188.50624084472656,187.56686401367188,184.3136749267578,187.16244201660157,181.58015975952148,176.18731231689452,6.944820269962302,-0.0009476441627849219,0.0018289738536233836,0.007465606632865714
2023-11-28,187.65586514519703,188.94131776896225,187.28011350908017,188.2689208984375,38415400,187.66574096679688,187.84375,189.16871643066406,189.30715942382812,182.73159790039062,187.71617431640624,182.58548431396486,176.4377603149414,6.328176516384232,0.0032141185095011515,0.00300874687988828,0.006508076899212258
2023-11-29,188.76331653900834,189.93999969621768,186.85492560121705,187.2504425048828,43014200,188.2689208984375,187.66574096679688,187.84375,188.50624084472656,185.342041015625,187.90701446533203,183.51618270874025,176.64611389160157,5.480748679031165,-0.005409700064643808,0.0010392099779177543,0.00563822377192479
2023-11-30,187.7151899349547,188.18982834207452,186.08366378848976,187.82395935058594,48794400,187.2504425048828,188.2689208984375,187.66574096679688,189.16871643066406,185.90567016601562,188.09884338378907,184.31755752563475,176.93664276123047,4.807311281954004,0.0030628330594635322,0.001041391123716262,0.0056390883694544935
2023-12-01,188.19966916513812,189.4158977511225,187.11197525051801,189.0994873046875,45704800,187.82395935058594,187.2504425048828,188.2689208984375,187.84375,187.58663940429688,188.25012817382813,185.0049560546875,177.28349334716796,4.425531329766713,0.006791082237387558,0.0008162938776701933,0.005320145166368067
2023-12-04,187.85361573572166,187.9228394923183,185.35193435249073,187.3097686767578,43389500,189.0994873046875,187.82395935058594,187.2504425048828,187.66574096679688,187.56686401367188,188.22441864013672,185.64829483032227,177.5775637817383,3.6821091565868467,-0.009464428769423328,-0.00011960699548775322,0.006243397387833871
2023-12-05,188.081033613139,192.2241233156588,188.05135551468544,191.25509643554688,66628400,187.3097686767578,189.0994873046875,187.82395935058594,188.2689208984375,189.30715942382812,188.4192123413086,186.36151123046875,177.9250631713867,3.275993519240569,0.021063117992514035,0.001058878122165241,0.00880227011437244
2023-12-06,192.27355320919483,192.58008102103562,189.95974802820277,190.1674041748047,41089700,191.25509643554688,187.3097686767578,189.0994873046875,187.2504425048828,188.50624084472656,188.5853286743164,186.89246063232423,178.3321792602539,2.958831101331919,-0.005687128243971995,0.0009132441615253506,0.008910889514491897
2023-12-07,191.46276025185608,192.81742141001197,191.42319951100376,192.09559631347656,47477700,190.1674041748047,191.25509643554688,187.3097686767578,187.82395935058594,189.16871643066406,188.87801666259764,187.46698913574218,178.80807739257813,2.784147587174477,0.01013944606878825,0.0015757544694818492,0.009360694744491627
2023-12-08,192.0263616366492,193.79633503305183,191.50229501018384,193.51947021484375,53406400,192.09559631347656,190.1674041748047,191.25509643554688,189.0994873046875,187.84375,189.44558868408203,188.13641204833985,179.3073175048828,2.524944015744983,0.007412319327943395,0.003017401595477387,0.008995496935354187
2023-12-11,190.9485830810774,191.3243346926335,189.27749628821252,191.01779174804688,60943700,193.51947021484375,192.09559631347656,190.1674041748047,187.3097686767578,187.66574096679688,189.78079376220703,188.47161788940429,179.74625366210938,2.4341136301565705,-0.012927270129561297,0.0018194389987997495,0.010287157639770773
2023-12-12,190.91887922577394,192.54052228788973,189.57410094831212,192.5306396484375,52696900,191.01779174804688,193.51947021484375,192.09559631347656,191.25509643554688,188.2689208984375,190.20696563720702,188.96156997680663,180.1652816772461,2.1920915430941244,0.007919931889831977,0.002290020336832832,0.010464155353546282
2023-12-13,192.90642113434447,195.78385412672148,192.66911702808835,195.7443084716797,70404200,192.5306396484375,191.01779174804688,193.51947021484375,190.1674041748047,187.2504425048828,191.0563522338867,189.48168334960937,180.67524658203126,2.500465583071962,0.01669172672521313,0.004500163015818526,0.010978580516370242
2023-12-14,195.80360435764135,197.38568681182426,193.96442237725344,195.89259338378906,66831600,195.7443084716797,192.5306396484375,191.01779174804688,192.09559631347656,187.82395935058594,191.86321563720702,189.98102951049805,181.16329162597657,2.7349511678469485,0.0007575439269071893,0.004269634102562892,0.011036167389454843
2023-12-15,195.3191123528845,196.1793699091571,194.79504567055722,195.35867309570312,128538400,195.89259338378906,195.7443084716797,192.5306396484375,193.51947021484375,189.0994873046875,192.4891342163086,190.36963119506837,181.6159701538086,2.92255224691889,-0.00272557669926754,0.0033179682088973817,0.011203627932090033
2023-12-18,193.89523770867535,194.42920214917604,192.21426816132805,193.69747924804688,55751900,195.35867309570312,195.89259338378906,195.7443084716797,191.01779174804688,187.3097686767578,193.1279052734375,190.6761619567871,181.9844692993164,2.9345919443446857,-0.008503302266198665,0.003414080859219848,0.011085285022571572
2023-12-19,193.964464462268,194.74561567460933,193.6974822378966,194.73573303222656,40714100,193.69747924804688,195.35867309570312,195.89259338378906,192.5306396484375,191.25509643554688,193.47596893310546,190.94759063720704,182.34410858154297,3.0500840931172095,0.0053601822192539395,0.0018437872818938383,0.009271176815306335
2023-12-20,194.69613029502625,195.46739869863922,192.64930725097656,192.64930725097656,52242800,194.73573303222656,193.69747924804688,195.35867309570312,195.7443084716797,190.1674041748047,193.72415924072266,191.15474395751954,182.67386962890626,3.0160504601796636,-0.010714139355742835,0.0013410861707167543,0.00984351012694159
2023-12-21,193.9050960501454,194.8741228719849,191.33419132020353,192.5009765625,46482500,192.64930725097656,194.73573303222656,193.69747924804688,195.89259338378906,192.09559631347656,193.764697265625,191.32135696411132,182.97281677246093,2.992512464896183,-0.0007699518393976534,0.000250146379898164,0.009352338227446756
2023-12-22,192.9954077755279,193.2228443252002,190.81015202156473,191.43310546875,37149600,192.5009765625,192.64930725097656,194.73573303222656,195.35867309570312,193.51947021484375,193.55606079101562,191.50082473754884,183.2324331665039,2.8784320484745374,-0.005547354163178975,-0.001045820969214073,0.009145217635431566
2023-12-26,191.4429660781885,191.71983089218512,190.67169765519787,190.8892364501953,28919300,191.43310546875,192.5009765625,192.64930725097656,193.69747924804688,191.01779174804688,193.54320526123047,191.66199951171876,183.51790771484374,2.7392726334211255,-0.00284103952251602,-3.7197908509545294e-05,0.008196176758526097
2023-12-27,190.33552729492325,191.33421726083122,188.95118798803827,190.98812866210938,48087700,190.8892364501953,191.43310546875,192.5009765625,194.73573303222656,192.5306396484375,193.38895416259766,191.79795989990234,183.8079278564453,2.6271867237441517,0.0005180607023900219,-0.0007773850272537408,0.007718012473736759
2023-12-28,191.96705978425237,192.4812438348005,191.00791544042355,191.413330078125,34049900,190.98812866210938,190.8892364501953,191.43310546875,192.64930725097656,195.7443084716797,192.9558563232422,192.00610427856446,184.13745971679688,2.4033051314404728,0.002226323798207863,-0.0022239253199542674,0.004933300247712535
2023-12-29,191.72973752393827,192.2241411947973,189.5840274029703,190.3750762939453,42672100,191.413330078125,190.98812866210938,190.8892364501953,192.5009765625,195.89259338378906,192.40410461425782,192.13366012573243,184.47209869384767,2.2311920550802657,-0.005424145662979329,-0.0028420942789429194,0.00490541633482923
2024-01-02,185.0552730997862,186.33084291740326,181.83176685644636,183.5621795654297,82488700,190.3750762939453,191.413330078125,190.98812866210938,191.43310546875,195.35867309570312,191.22445526123047,191.85679473876954,184.67798522949218,2.8774726409064026,-0.035786705177710765,-0.0061482071267872414,0.011511337281423008
2024-01-03,182.15808112880916,183.79950485996184,181.37691491631995,182.187744140625,58414500,183.5621795654297,190.3750762939453,191.413330078125,190.8892364501953,193.69747924804688,190.07348175048827,191.6006935119629,184.90733825683594,3.47032884743584,-0.007487574118255513,-0.006046634311992927,0.011492713800564717
2024-01-04,180.11122069139344,181.04070184894312,178.85544644389557,179.87391662597656,71983600,182.187744140625,183.5621795654297,190.3750762939453,190.98812866210938,194.73573303222656,188.5873001098633,191.03163452148436,185.08804473876953,4.351295995563625,-0.012700236920780261,-0.007852676225996346,0.01090504126469334
2024-01-05,179.95304619735901,180.7144169560074,178.15340966673114,179.152099609375,62379700,179.87391662597656,182.187744140625,183.5621795654297,191.413330078125,192.64930725097656,187.23757934570312,190.4808692932129,185.245625,5.099284618978176,-0.004012905429209512,-0.007182552833343014,0.010915557397978795
2024-01-08,180.0519005320401,183.52262348166371,179.46850790157933,183.48306274414062,59144500,179.152099609375,179.87391662597656,182.187744140625,190.3750762939453,192.5009765625,186.33578796386718,190.05024261474608,185.53603942871095,5.3148477985125755,0.024174783015152412,-0.004688079347888008,0.014728210346469015
2024-01-09,181.86143345023166,183.07766218215258,180.68475037086026,183.06777954101562,42841800,183.48306274414062,179.152099609375,179.87391662597656,183.5621795654297,191.43310546875,185.49925537109374,189.52765808105468,185.90129638671874,5.467424554112772,-0.0022633326308929558,-0.004359677194659406,0.014743526578654652
2024-01-10,182.28661640904596,184.31365913260458,181.8614214601624,184.10601806640625,46792900,183.06777954101562,183.48306274414062,179.152099609375,182.187744140625,190.8892364501953,184.82093353271483,189.18206939697265,186.26105041503905,5.5854460556691645,0.00567133401625175,-0.0035084398407826288,0.01508278289598694
2024-01-11,184.4521049955326,184.9564063690912,181.5647895230864,183.5127410888672,49128400,184.10601806640625,183.06777954101562,183.48306274414062,179.87391662597656,190.98812866210938,184.07339477539062,188.73117446899414,186.568056640625,5.664335243152513,-0.003222474657645691,-0.0038824933767862,0.01501807417736344
2024-01-12,183.97748271061099,184.64987951630312,183.11722519297732,183.83905029296875,40477800,183.5127410888672,184.10601806640625,183.06777954101562,179.152099609375,191.413330078125,183.315966796875,188.1359115600586,186.87210815429688,5.512050210739322,0.001778128331392237,-0.003927312923467763,0.014998473518250916
2024-01-16,180.12114381484557,182.1976301200088,178.90489995610474,181.57469177246094,65603000,183.83905029296875,183.5127410888672,184.10601806640625,183.48306274414062,190.3750762939453,182.43592834472656,187.42001647949218,187.0676727294922,5.379809377602764,-0.012317070377046102,-0.00461660539487444,0.015231488406395656
2024-01-17,179.24110807963172,180.8825167727283,178.281963767062,180.63531494140625,47317400,181.57469177246094,183.83905029296875,183.5127410888672,183.06777954101562,183.5621795654297,182.14324188232422,186.68384857177733,187.17334869384766,5.241914436194621,-0.005173500898637662,-0.0015552849669671297,0.010661469234659915
2024-01-18,184.0071435872404,187.02300881659582,183.75005912545993,186.5187225341797,78005800,180.63531494140625,181.57469177246094,183.83905029296875,184.10601806640625,182.187744140625,182.5763397216797,186.32491073608398,187.41486328125,4.975387824707301,0.03257063877393995,0.0024505363222524167,0.01487698786253627
2024-01-19,187.21088801676132,189.80155831594578,186.70660172518024,189.41592407226562,68903000,186.5187225341797,180.63531494140625,181.57469177246094,183.5127410888672,179.87391662597656,183.5305404663086,186.05892028808594,187.66336639404298,4.632451945371279,0.015533033353019254,0.005273863349632368,0.014351991555264104
2024-01-22,190.14763349819026,193.14371820043874,190.1080727596782,191.71983337402344,60133900,189.41592407226562,186.5187225341797,180.63531494140625,183.83905029296875,179.152099609375,184.78731384277344,186.01244659423827,187.90679473876952,4.567056809131259,0.012163229216561655,0.006891476814209485,0.014098343121367428
2024-01-23,192.83719415255706,193.55901922053994,191.660511110776,192.99539184570312,42355600,191.71983337402344,189.41592407226562,186.5187225341797,181.57469177246094,183.48306274414062,185.7385467529297,186.03716735839845,188.15460205078125,4.605205469849613,0.006653242125405079,0.005139322725234752,0.012734525039900014
2024-01-24,193.23272951111284,194.18199120084623,192.16481576816378,192.32302856445312,53631300,192.99539184570312,191.71983337402344,189.41592407226562,180.63531494140625,183.06777954101562,186.66407165527343,186.0816635131836,188.3984423828125,4.664009658665342,-0.003483830752744277,0.00501727291304962,0.01281892550508035
2024-01-25,193.03493940214616,194.07318996151886,190.9485556432544,191.99668884277344,54822100,192.32302856445312,192.99539184570312,191.71983337402344,186.5187225341797,184.10601806640625,187.45313873291016,186.1370361328125,188.5521026611328,4.730195168952549,-0.0016968312329291857,0.004280456388131526,0.012987798002508181
2024-01-26,192.09561130867766,192.58011726192578,189.79168833424328,190.2663116455078,44594000,191.99668884277344,192.32302856445312,192.99539184570312,189.41592407226562,183.5127410888672,188.1284957885742,186.10094528198243,188.70279693603516,4.693847860051727,-0.009012536662455828,0.0037014501876505125,0.013479215608355955
2024-01-29,189.86089500402176,190.04877081575225,187.45810037105477,189.5840301513672,47145600,190.2663116455078,191.99668884277344,192.32302856445312,191.71983337402344,183.83905029296875,188.70299377441407,186.00948028564454,188.78763671875,4.6018021527433906,-0.003585929049866765,0.003165044449524612,0.013669644792502086
2024-01-30,188.80288370915284,189.65325866018404,185.37172089064353,185.93533325195312,55859400,189.5840301513672,190.2663116455078,191.99668884277344,192.99539184570312,181.57469177246094,189.1390579223633,185.78749313354493,188.78822998046874,4.485746909395355,-0.019245803016746055,0.002472171185554617,0.014679850778202755
2024-01-31,184.94652570867123,185.00586682539145,182.28664653050623,182.33607482910156,55467800,185.93533325195312,189.5840301513672,190.2663116455078,192.32302856445312,180.63531494140625,189.30913391113282,185.7261878967285,188.68321868896484,4.525958360638496,-0.019357581799551604,0.0010537630954632227,0.01611571065245923
2024-02-01,181.93066720224104,184.85752846784007,181.76257176566293,184.76853942871094,64885400,182.33607482910156,185.93533325195312,189.5840301513672,191.99668884277344,186.5187225341797,189.13411560058594,185.8552276611328,188.62725219726562,4.456014053883121,0.01334055590419636,-0.0008692451915111365,0.012728434418779562
2024-02-02,177.84687547061628,185.2332669548565,177.24370243482153,183.76983642578125,102551700,184.76853942871094,182.33607482910156,185.93533325195312,190.2663116455078,189.41592407226562,188.5695068359375,186.05002365112304,188.5165057373047,4.261696160169997,-0.005405157209217526,-0.0029630642477348145,0.011381351017034195
2024-02-05,186.04407104136263,187.13176501057416,183.75992879401906,185.57933044433594,69668800,183.76983642578125,184.76853942871094,182.33607482910156,189.5840301513672,191.71983337402344,187.95545654296876,186.3713851928711,188.45796752929687,3.944708382720754,0.009846523530457008,-0.0031947348163452794,0.011058231882539352
2024-02-06,184.76853636353553,187.19111127921153,184.67954732588265,187.1812286376953,43490800,185.57933044433594,183.76983642578125,184.76853942871094,185.93533325195312,192.99539184570312,187.37404022216796,186.55629348754883,188.4182177734375,3.8884672840127408,0.008631878289052652,-0.002996871199980522,0.01126969909341368
2024-02-07,188.50622203381667,188.91163664571195,186.49894443287428,187.2899932861328,53439000,187.1812286376953,185.57933044433594,183.76983642578125,182.33607482910156,192.32302856445312,186.87073669433593,186.76740417480468,188.40714263916016,3.8027732951493682,0.0005810660034080151,-0.0025903815243652926,0.011323364367371603
2024-02-08,187.27021997882892,187.418535043408,185.2530596605407,186.2122039794922,40962000,187.2899932861328,187.1812286376953,185.57933044433594,184.76853942871094,191.99668884277344,186.29228820800782,186.872713470459,188.37807189941407,3.754043996570805,-0.005754655055137059,-0.00299616390658608,0.011360432438968733
2024-02-09,186.77652244170517,188.10322646586073,186.13298359451971,186.97454833984375,45155200,186.2122039794922,187.2899932861328,187.1812286376953,183.76983642578125,190.2663116455078,185.9631118774414,187.04580383300782,188.35218444824218,3.6698331433388165,0.004093954875457717,-0.0016855147527947256,0.01134523814923608
2024-02-12,186.54881961012742,186.79633688725167,184.93500212895557,185.2914276123047,41781900,186.97454833984375,186.2122039794922,187.2899932861328,185.57933044433594,189.5840301513672,185.53385162353516,187.1184226989746,188.3130041503906,3.617027918946585,-0.009001870802649692,-0.0022271089280730184,0.011573024702138232
2024-02-13,183.92513863049606,184.36077144619387,181.68757282391297,183.20237731933594,56529500,185.2914276123047,186.97454833984375,186.2122039794922,187.1812286376953,185.93533325195312,185.26055603027345,187.19980697631837,188.22057250976562,3.502216735456888,-0.011274403354157192,-0.001429968961814132,0.010494852566308995
2024-02-14,183.47959151637605,183.68749754312392,180.6281880058035,182.32119750976562,54630500,183.20237731933594,185.2914276123047,186.97454833984375,187.2899932861328,182.33607482910156,185.25906829833986,187.28410110473632,188.0850067138672,3.3530118733144816,-0.0048098710424174795,2.4802113899280443e-05,0.00856438504430733
2024-02-15,181.727184392981,182.65785175424014,179.54903541760635,182.0341033935547,65434500,182.32119750976562,183.20237731933594,185.2914276123047,186.2122039794922,184.76853942871094,184.98562469482422,187.05987014770508,187.97949340820313,3.5509981176423695,-0.0015746612030428375,-0.0014667195968246394,0.007173569036146362
2024-02-16,181.59844306951368,183.01424950876478,179.8658224253954,180.4994659423828,49752500,182.0341033935547,182.32119750976562,183.20237731933594,186.97454833984375,183.76983642578125,184.65858764648436,186.61404724121093,187.76438079833986,3.7912289145034355,-0.00843049419071773,-0.0017692532949746599,0.00741775972342277
2024-02-20,179.98463913307552,180.61828269677792,178.21242224791314,179.75692749023438,53665600,180.4994659423828,182.0341033935547,182.32119750976562,185.2914276123047,185.57933044433594,184.07634735107422,186.0159019470215,187.55617126464844,3.8858068345086396,-0.004113798610271058,-0.0031652855090474664,0.006202956247538128
2024-02-21,180.13318356154335,181.07374623255754,178.8658962581704,180.50941467285156,41371400,179.75692749023438,180.4994659423828,182.0341033935547,183.20237731933594,187.1812286376953,183.40916595458984,185.3916030883789,187.32444763183594,3.7042190874156793,0.004186137319564853,-0.0036098596059962462,0.00536639625125042
2024-02-22,181.65785591778803,183.12316891523534,180.6479964148563,182.5390167236328,52292200,180.50941467285156,179.75692749023438,180.4994659423828,182.32119750976562,187.2899932861328,182.93406829833984,184.90240249633788,187.1048385620117,3.3717853099915387,0.011243746230409135,-0.002543591583296134,0.007077981134368738
2024-02-23,183.1726595934398,183.20236045475278,180.4202689919066,180.7073974609375,45119700,182.5390167236328,180.50941467285156,179.75692749023438,182.0341033935547,186.2122039794922,182.3835876464844,184.3379379272461,186.89863067626953,3.05137200239875,-0.010034124734376149,-0.0029715385512200433,0.007415045700316225
2024-02-26,180.43017719516277,180.94500218994074,178.8559560281093,179.36090087890625,40867400,180.7073974609375,182.5390167236328,180.50941467285156,180.4994659423828,186.97454833984375,181.62222290039062,183.79266738891602,186.6352359008789,2.907209138107279,-0.007451253246687495,-0.004126059363434564,0.007084126135805313
2024-02-27,179.3014951345761,182.09348175278842,177.77678047240937,180.81629943847656,54318900,179.36090087890625,180.7073974609375,182.5390167236328,179.75692749023438,185.2914276123047,181.17471008300782,183.3542808532715,186.33667572021486,2.636391701974961,0.008114357992397236,-0.0024144364839298717,0.00780613248250464
2024-02-28,180.69750358801915,181.30144633523983,178.34114943443706,179.6183319091797,48953900,180.81629943847656,179.36090087890625,180.7073974609375,180.50941467285156,183.20237731933594,180.8163055419922,183.0384307861328,186.01119049072267,2.688777071345755,-0.006625329314985162,-0.0019495290800126686,0.0073446318685498535
2024-02-29,179.46984202762675,180.75693496542868,177.74711623943745,178.9550018310547,136682600,179.6183319091797,180.81629943847656,179.36090087890625,182.5390167236328,182.32119750976562,180.47968597412108,182.86937713623047,185.68311706542968,2.8374416391715545,-0.003692997652714025,-0.0018378417410423232,0.007304686026151704
2024-03-01,177.76690051629518,178.73716395290236,175.61845249589473,177.8758087158203,73563100,178.9550018310547,179.6183319091797,180.81629943847656,180.7073974609375,182.0341033935547,180.06385650634766,182.52474060058594,185.36668365478516,3.0080930082599506,-0.006030527809740671,-0.0022834284017121064,0.007421813339514145
2024-03-04,174.40064432483445,175.14319605787904,172.06408093389737,173.361083984375,81510100,177.8758087158203,178.9550018310547,179.6183319091797,179.36090087890625,180.4994659423828,179.3500183105469,182.00430297851562,184.93919067382814,3.6196036419904005,-0.025381330738786234,-0.003978512056518957,0.010342702246350801
2024-03-05,169.06420089624305,170.33148818677603,167.93552268101038,168.43055725097656,95132400,173.361083984375,177.8758087158203,178.9550018310547,180.81629943847656,179.75692749023438,178.2173812866211,181.14686431884766,184.45481567382814,4.620838443910775,-0.02844079317041437,-0.006411211512533288,0.01291832478054473
2024-03-06,169.36121186741923,169.53943215491887,167.00484265804033,167.4404754638672,68587700,168.43055725097656,173.361083984375,177.8758087158203,179.6183319091797,180.50941467285156,176.91048736572264,180.15982666015626,183.95360565185547,5.319564121872798,-0.005878278878066467,-0.00741765313229642,0.012381881941882835
2024-03-07,167.47017484778516,169.0344857697736,166.81674075207243,167.32167053222656,71765100,167.4404754638672,168.43055725097656,173.361083984375,178.9550018310547,182.5390167236328,175.38875274658204,179.16141052246093,183.471376953125,5.766052044685058,-0.000709535321800181,-0.008612981287517352,0.010864119988920663
2024-03-08,167.32166963491963,171.9749911536114,167.26226790901475,169.03448486328125,76267000,167.32167053222656,167.4404754638672,168.43055725097656,177.8758087158203,180.7073974609375,174.2214614868164,178.3025245666504,183.0342819213867,5.937335042315256,0.010236655692035912,-0.006585903244876146,0.012357906330486928
2024-03-11,171.2225546353428,172.6482565736913,170.34139373001014,171.03443908691406,60139500,169.03448486328125,167.32167053222656,167.4404754638672,173.361083984375,179.36090087890625,173.3888153076172,177.5055191040039,182.6352081298828,5.779745563319655,0.011831634386618939,-0.004657614481545502,0.013645245513412882
2024-03-12,171.43045147590772,172.3017170819102,169.31170429451927,171.50965881347656,59825400,171.03443908691406,169.03448486328125,167.32167053222656,168.43055725097656,180.81629943847656,172.4581512451172,176.8164306640625,182.23713470458983,5.622028237305893,0.0027785031429898854,-0.005191199966486237,0.013186946221527855
2024-03-13,171.05423942259554,171.4700666239107,169.06419090034882,169.43052673339844,52488700,171.50965881347656,171.03443908691406,169.03448486328125,167.4404754638672,179.6183319091797,171.43937072753906,176.12783813476562,181.8182437133789,5.642064279196737,-0.012122536389272742,-0.005740920673914995,0.013366727867279143
2024-03-14,171.19284931228447,172.57893998999515,170.34138929390355,171.28195190429688,72913500,169.43052673339844,171.50965881347656,171.03443908691406,167.32167053222656,178.9550018310547,170.67206573486328,175.57587585449218,181.57263916015626,5.543400833020074,0.01092734117395322,-0.004278886791248271,0.014377011969300735
2024-03-15,169.47010369924573,170.90570068359375,168.5988381717502,170.90570068359375,121752700,171.28195190429688,169.43052673339844,171.50965881347656,169.03448486328125,177.8758087158203,169.9750549316406,175.01945571899415,181.34699829101564,5.418129066053431,-0.002196677563047311,-0.003895501766578935,0.014376229480676628
2024-03-18,173.82641511894556,175.94516209588443,171.79677072295308,171.99478149414062,75604200,170.90570068359375,171.28195190429688,169.43052673339844,171.03443908691406,173.361083984375,169.8384246826172,174.59422149658204,181.1894155883789,5.297804849238533,0.006372407744099418,-0.0007201279182903697,0.012485738064164194
2024-03-19,172.6086342803731,174.85609525037736,171.31164624406932,174.33135986328125,55215200,171.99478149414062,170.90570068359375,171.28195190429688,171.50965881347656,168.43055725097656,170.42850494384766,174.32294311523438,181.09300079345704,5.156557970958866,0.0135851701362244,0.003482468412373507,0.008580540039242286
2024-03-20,173.97492929704185,176.8956298828125,173.3511809805003,176.8956298828125,53423100,174.33135986328125,171.99478149414062,170.90570068359375,169.43052673339844,167.4404754638672,171.3740203857422,174.14225387573242,180.96125213623046,4.988961641225449,0.014709172357413314,0.005541213535921486,0.008554803608903181
2024-03-21,175.29173693263047,175.72736975318543,169.14340118299,169.6681365966797,106181300,176.8956298828125,174.33135986328125,171.99478149414062,171.28195190429688,167.32167053222656,171.6086669921875,173.49870986938475,180.69325927734374,4.668675841998135,-0.04085738743755729,0.0015264283243457744,0.01703341582219118
2024-03-22,170.05426688241553,171.33146450930536,168.37115239719608,170.56910705566406,71160100,169.6681365966797,176.8956298828125,174.33135986328125,170.90570068359375,169.03448486328125,171.7621292114258,172.9917953491211,180.4225210571289,4.386656186496052,0.0053101924560301494,0.0010337820007451982,0.016823452867123213
2024-03-25,168.87610215909345,170.23249206020807,167.76721443821097,169.1533203125,54288300,170.56910705566406,169.6681365966797,176.8956298828125,171.99478149414062,171.03443908691406,171.5740173339844,172.48141632080078,180.13533264160156,4.196307573508435,-0.008300370258150114,-0.0009794184637317072,0.016590693905835917
2024-03-26,168.31174106723407,169.71763732680742,167.8959138727621,168.02462768554688,57388400,169.1533203125,170.56910705566406,169.6681365966797,174.33135986328125,171.50965881347656,171.22551422119142,171.8418327331543,179.81904418945314,3.816738017707639,-0.006672601074977025,-0.0019245288855283982,0.016622000597745625
2024-03-27,168.7176579392829,171.87598039200594,168.42063422483255,171.58885192871094,60273300,168.02462768554688,169.1533203125,170.56910705566406,176.8956298828125,169.43052673339844,171.44134674072265,171.44035873413085,179.61932739257813,3.3493811308590646,0.02121251088164522,0.001408975841563398,0.017659806370301945
2024-03-28,170.04434616825796,170.51957504542207,168.8166552027259,169.7770233154297,65672700,171.58885192871094,168.02462768554688,169.1533203125,169.6681365966797,171.28195190429688,171.29085388183594,170.9814598083496,179.4021615600586,2.8583560291173673,-0.010559127780830457,-0.0007396710539149698,0.017680146556173757
2024-04-01,169.48991432845702,169.54931605122675,167.79688969325008,168.3414306640625,46240500,169.7770233154297,171.58885192871094,168.02462768554688,170.56910705566406,170.90570068359375,171.0344268798828,170.5047409057617,179.03861572265626,2.407513167452595,-0.00845575345434102,-0.0013655786430443405,0.017847457636472913
2024-04-02,167.40090635433992,167.65831891419413,166.55934147029518,167.1632843017578,49329500,168.3414306640625,169.7770233154297,171.58885192871094,169.1533203125,171.99478149414062,170.55127716064453,170.19485092163086,178.5935629272461,2.419354783344039,-0.006998552629956967,-0.002702674680449979,0.017703613571021192
2024-04-03,167.11373478373662,168.98496453257434,166.90582876011774,167.96519470214844,47691700,167.1632843017578,168.3414306640625,169.7770233154297,168.02462768554688,174.33135986328125,169.91466064453124,170.17158279418945,178.1184701538086,2.4393709324092185,0.004797168252228312,-0.003581474868849588,0.01700977581268384
2024-04-04,168.59885072968464,170.21266810452119,167.14346313476562,167.14346313476562,53704400,167.96519470214844,167.1632843017578,168.3414306640625,171.58885192871094,176.8956298828125,168.93944396972657,170.15673217773437,177.60143157958984,2.457707864289778,-0.004892272883319615,-0.005541619392922881,0.015750629647754383
2024-04-05,167.90579979250484,168.69785802201392,167.27215623034843,167.89590454101562,42104800,167.14346313476562,167.96519470214844,167.1632843017578,169.7770233154297,169.6681365966797,168.76222076416016,170.18544387817383,177.1128890991211,2.4259942162894106,0.00450176986965567,-0.0010057036622015847,0.009891982661853432
2024-04-08,167.35134137193882,167.51965126846147,166.569193604892,166.777099609375,37425500,167.89590454101562,167.14346313476562,167.96519470214844,168.3414306640625,170.56910705566406,168.38302001953124,170.07257461547852,176.60849731445313,2.5325338404076465,-0.006663682087416856,-0.002203091116546285,0.009766420348244095
2024-04-09,167.02464767080627,168.39094781013864,166.67813256359855,167.98501586914062,42373800,166.777099609375,167.89590454101562,167.14346313476562,167.1632843017578,169.1533203125,168.2661895751953,169.92010345458985,176.16287139892577,2.5631866942634662,0.007242698563500571,-0.0006487842343812167,0.009923788079810784
2024-04-10,167.1236748074244,167.41078821247058,165.45045553411236,166.11380004882812,49709300,167.98501586914062,166.777099609375,167.89590454101562,167.96519470214844,168.02462768554688,168.07510681152343,169.65031051635742,175.693466796875,2.6688662027030783,-0.011139182924328028,-0.001095442419316317,0.010317736555618132
2024-04-11,166.66822184170525,173.7175238179071,166.49001666248702,173.3016815185547,91070300,166.11380004882812,167.98501586914062,166.777099609375,167.14346313476562,171.58885192871094,168.24638977050782,169.84386825561523,175.44079376220702,2.7897274217591708,0.04327082679231786,0.0011103891717509473,0.016262312675084965
2024-04-12,172.52942533467058,176.5887144383463,172.47993396851362,174.79669189453125,101670900,173.3016815185547,166.11380004882812,167.98501586914062,167.89590454101562,169.7770233154297,168.74835662841798,170.01960525512695,175.29000610351562,2.9886954575730433,0.008626635142120698,0.0030289654640460626,0.015859355106571455
2024-04-15,173.6185038309996,174.8758957155582,170.78690583147454,170.9750213623047,73531800,174.79669189453125,173.3016815185547,166.11380004882812,166.777099609375,168.3414306640625,169.0117156982422,170.0230712890625,175.0141357421875,2.9898171461947047,-0.021863517500276708,0.001688189059452494,0.017427412714809073
2024-04-16,170.0443499195711,172.03438316124112,166.59891404642835,167.69789123535156,73711200,170.9750213623047,174.79669189453125,173.3016815185547,167.98501586914062,167.1632843017578,169.06517639160157,169.80822677612304,174.6926968383789,2.995055422037787,-0.01916730350925777,0.0004713139715224135,0.018493592478055015
2024-04-17,167.92563121825307,168.95529649982927,166.3316192626953,166.3316192626953,50901200,167.69789123535156,170.9750213623047,174.79669189453125,166.11380004882812,167.96519470214844,168.90181884765624,169.40823974609376,174.3077426147461,2.891594506723234,-0.00814722214210073,-0.0008231250679104907,0.018609815480353384
2024-04-18,166.36129252101995,166.96523521407434,164.8959946340493,165.38111877441406,43122900,166.3316192626953,167.69789123535156,170.9750213623047,173.3016815185547,167.14346313476562,168.7255844116211,168.83251419067383,173.87174041748048,2.4321590039863903,-0.00571449068129426,-0.0009053468477079552,0.01863159496758312
2024-04-19,164.559379327856,164.74747975255278,162.45052746983075,163.36138916015625,68149400,165.38111877441406,166.3316192626953,167.69789123535156,174.79669189453125,167.89590454101562,168.27213287353516,168.51717681884764,173.39316833496093,2.7109790630489337,-0.01221257679973009,-0.0025767815146465313,0.018841168219439316
2024-04-22,163.87625517565544,165.5989658830707,163.13370328942287,164.1930694580078,48116400,163.36138916015625,165.38111877441406,166.3316192626953,170.9750213623047,166.777099609375,168.01372985839845,168.19837493896483,172.95278564453125,2.829297254429072,0.005091045700132968,-0.0014013087358915489,0.01892435830183756
2024-04-23,163.70792820716713,165.39104261951863,163.28219064755024,165.24252319335938,49537800,164.1930694580078,163.36138916015625,165.38111877441406,167.69789123535156,167.98501586914062,167.7394805908203,168.00283508300782,172.51814514160156,2.894222541680764,0.006391583632705977,-0.0014864202289710082,0.018883031488734985
2024-04-24,164.88609429896647,167.6186945681344,164.55938480415762,167.3414764404297,48251800,165.24252319335938,164.1930694580078,163.36138916015625,166.3316192626953,166.11380004882812,167.86224822998048,167.96867752075195,172.15914611816407,2.8979806385798565,0.012702258513773712,0.0008977239148391658,0.01903336616362699
2024-04-25,167.84640961058278,168.9156860278579,166.4801094484109,168.2028350830078,50558300,167.3414764404297,165.24252319335938,164.1930694580078,165.38111877441406,173.3016815185547,167.35236358642578,167.79937667846679,171.8591552734375,2.771504012796956,0.005147311120353049,-0.0029146276523573157,0.012191345504546926
2024-04-26,168.19290937676217,169.63840150907166,167.49984906174126,167.61866760253906,44838400,168.2028350830078,167.3414764404297,165.24252319335938,163.36138916015625,174.79669189453125,166.63456115722656,167.69145889282225,171.56510467529296,2.73218728596616,-0.003472994258274298,-0.004124590592396815,0.011499425445134399
2024-04-29,171.64824848286057,174.2818355072499,171.38094074443057,171.77696228027344,68169400,167.61866760253906,168.2028350830078,167.3414764404297,164.1930694580078,170.9750213623047,166.71475524902343,167.8632354736328,171.35996185302736,2.8792436022190997,0.02480806426402693,0.0005425675840335486,0.01288727367458759
2024-04-30,171.60868084411632,173.2521991943247,168.31174889120035,168.6384735107422,65934800,171.77696228027344,167.61866760253906,168.2028350830078,165.24252319335938,167.69789123535156,166.8088134765625,167.93699493408204,171.12274200439452,2.879264196105527,-0.01827071993746432,0.0006322259412128939,0.012737158184338411
2024-05-01,167.89588568564642,170.99480617347464,167.43055209459067,167.61866760253906,50383100,168.6384735107422,171.77696228027344,167.61866760253906,167.3414764404297,166.3316192626953,166.93751831054686,167.91966857910157,170.87997680664063,2.880128075734783,-0.006047290911573411,0.0008422190642656258,0.012592824469768017
2024-05-02,170.79680537480178,171.69777183075684,169.19289835753364,171.3116455078125,94214900,167.61866760253906,168.6384735107422,171.77696228027344,168.2028350830078,165.38111877441406,167.53057098388672,168.1280776977539,170.69602142333986,2.9703973001888855,0.022032020407358743,0.003616870173130926,0.01396918594482731
2024-05-03,184.7963988764884,185.14292911827533,180.84603267784937,181.5588836669922,163224100,171.3116455078125,167.61866760253906,168.6384735107422,167.61866760253906,163.36138916015625,169.3503204345703,168.81122665405275,170.67641876220702,4.221752797477585,0.05981635474228386,0.01081976332733232,0.02146117264092909
2024-05-06,180.53911545314375,182.37073431535399,178.62827413884693,179.9054718017578,78569700,181.5588836669922,171.3116455078125,167.61866760253906,171.77696228027344,164.1930694580078,170.92156066894532,169.46764526367187,170.66038024902343,4.861057020202729,-0.009106752761638415,0.009399983481155182,0.022334147919944345
2024-05-07,181.62818342205114,183.06378067502382,179.5193463953144,180.58860778808594,77305800,179.9054718017578,181.5588836669922,171.3116455078125,168.6384735107422,165.24252319335938,172.45616912841797,170.09782485961915,170.68493438720702,5.441085044675834,0.0037971940457757203,0.009140544522462157,0.02238798081279269
2024-05-08,181.0341248704048,181.25194126160505,179.64801918938014,180.9252166748047,45057100,180.58860778808594,179.9054718017578,181.5588836669922,167.61866760253906,167.3414764404297,173.81454315185547,170.83839569091796,170.68711273193358,5.861981789497626,0.0018639541599088094,0.008056714087075667,0.022458631699904412
2024-05-09,180.74699689996783,182.82614787366472,180.3014688648197,182.73704528808594,48983000,180.9252166748047,180.58860778808594,179.9054718017578,171.3116455078125,168.2028350830078,175.2679641723633,171.31016387939454,170.74948699951173,6.423446198362968,0.010014240394902174,0.00854340701453058,0.022441305725663496
2024-05-10,183.3120385724197,183.50040923773955,180.5658387363955,181.47793579101562,50759500,182.73704528808594,180.9252166748047,180.58860778808594,181.5588836669922,167.61866760253906,176.65389099121094,171.64422607421875,170.79994567871094,6.7782481716311835,-0.006890280485192912,0.008201678391838718,0.022669477398840003
2024-05-13,183.84743912898392,185.49318663872077,183.0344740478803,184.6802215576172,72044800,181.47793579101562,182.73704528808594,180.9252166748047,179.9054718017578,171.77696228027344,177.9442169189453,172.32948608398436,170.93603393554687,7.373658789463657,0.017645592852065572,0.007485431250642582,0.02219467458336199
2024-05-14,185.89964252722956,186.68286641073877,184.69011878206607,185.82032775878906,52393600,184.6802215576172,181.47793579101562,182.73704528808594,180.58860778808594,168.6384735107422,179.66240234375,173.23560791015626,171.18521881103516,7.8712536214837945,0.006173407155114274,0.009929843959900441,0.020308790562553133
2024-05-15,186.29621459797372,189.0126735344407,185.76084369802737,188.09066772460938,70400000,185.82032775878906,184.6802215576172,181.47793579101562,180.9252166748047,167.61866760253906,181.70960235595703,174.32356033325195,171.57842102050782,8.355618882395426,0.012217931123054582,0.01175636616336324,0.01951816088100266
2024-05-16,188.83421956137332,189.45881387860598,188.03117836935675,188.20962524414062,52845200,188.09066772460938,185.82032775878906,184.6802215576172,182.73704528808594,171.3116455078125,183.39940032958984,175.4649856567383,171.99380401611327,8.624657044419582,0.0006324477496428837,0.009616408897591655,0.019439323711744713
2024-05-17,187.8824709799172,189.1713095252472,187.55530322495105,188.2393798828125,41282900,188.20962524414062,188.09066772460938,185.82032775878906,181.47793579101562,181.5588836669922,184.06744995117188,176.7088851928711,172.412158203125,8.581043526636316,0.00015809307644754078,0.003650582731008023,0.008263037605260487
2024-05-20,187.7040166341828,190.27176982167657,187.38675756521698,189.39932250976562,44361300,188.2393798828125,188.20962524414062,188.09066772460938,184.6802215576172,179.9054718017578,185.01683502197267,177.96919784545898,172.8194549560547,8.496704154379708,0.006162061454278334,0.005177464152599698,0.006950174753542568
2024-05-21,189.44888573499304,191.07480055486454,189.28034753675723,190.6980743408203,42309400,189.39932250976562,188.2393798828125,188.20962524414062,185.82032775878906,180.58860778808594,186.02778167724608,179.24197540283203,173.21272766113282,8.395933988283659,0.006857214766371245,0.005483466224659251,0.006950015234345021
2024-05-22,190.61877317517173,191.16405275409193,188.63594934473116,189.26052856445312,34648500,190.6980743408203,189.39932250976562,188.2393798828125,188.09066772460938,180.9252166748047,186.86131286621094,180.3379280090332,173.56774505615235,8.188791224896871,-0.007538333993860724,0.004543237409282297,0.008043979922278474
2024-05-23,189.3398501117122,189.35968258649532,185.02721720275102,185.2750701904297,51005900,189.26052856445312,190.6980743408203,189.39932250976562,188.20962524414062,182.73704528808594,187.1151153564453,181.1915397644043,173.88463592529297,7.734446412306242,-0.021058053701177193,0.0014360079996743602,0.011112035535723718
2024-05-24,187.19840810516956,188.94328765804346,186.42509288132968,188.3484344482422,36327000,185.2750701904297,189.26052856445312,190.6980743408203,188.2393798828125,181.47793579101562,187.80216522216796,182.22802810668946,174.2259655761719,7.189625881165018,0.016588115468819664,0.003783847595075618,0.011625794008203556
2024-05-28,189.86528785982966,191.34249703943843,187.47599667367734,188.3583526611328,52280100,188.3484344482422,185.2750701904297,189.26052856445312,189.39932250976562,184.6802215576172,188.16997833251952,183.0570976257324,174.57501861572266,6.8699676809085695,5.2658854954978906e-05,0.0020245541953645583,0.01057909065653506
2024-05-29,187.98162409974876,190.59895109353056,187.8824768517226,188.65577697753906,53068000,188.3583526611328,188.3484344482422,185.2750701904297,190.6980743408203,185.82032775878906,188.45352325439453,184.05796279907227,174.90823852539063,6.070405041583222,0.0015790343895252246,0.0015651169188056536,0.010478173679805611
2024-05-30,189.12173915319045,190.52954231443272,188.99286588586446,189.64718627929688,49889100,188.65577697753906,188.3583526611328,188.3484344482422,189.26052856445312,188.09066772460938,188.6091751098633,185.15938873291014,175.21455505371094,4.795133173098304,0.005255122942118273,0.0008688361007120227,0.009907431201897136
2024-05-31,189.7959119633218,190.9162123421418,188.27905284340878,190.5989532470703,75158300,189.64718627929688,188.65577697753906,188.3583526611328,185.2750701904297,188.20962524414062,188.84810791015624,186.12375411987304,175.4886215209961,3.6713800538133188,0.005018618975826783,0.0013074532233304126,0.009992528908241942
2024-06-03,191.24336235629542,193.31542486412093,190.86663609575578,192.36366271972656,50080500,190.5989532470703,189.64718627929688,188.65577697753906,188.3484344482422,188.2393798828125,189.26053619384766,186.66399307250975,175.94253204345702,3.758239040710155,0.009258757420187225,0.002217519657704381,0.01028632158835988
2024-06-04,192.96842627855952,193.64259428823095,191.3722523931234,192.68092346191406,47471400,192.36366271972656,190.5989532470703,189.64718627929688,188.3583526611328,189.39932250976562,189.5886962890625,187.3027656555176,176.38476837158203,3.6326595038180676,0.0016492758440025401,0.0017662410966768015,0.010192604475919931
2024-06-05,193.72188613227584,195.20900403542353,193.19643901671662,194.18785095214844,54156800,192.68092346191406,192.36366271972656,190.5989532470703,188.65577697753906,190.6980743408203,189.93767395019532,187.98272781372071,176.885458984375,3.582160471913343,0.007820844239062597,0.0018626040439459369,0.010250474363836854
2024-06-06,194.0093990023229,194.81244022862765,192.50244866402238,192.80978393554688,41181800,194.18785095214844,192.68092346191406,192.36366271972656,189.64718627929688,189.26052856445312,190.2925994873047,188.57695617675782,177.381162109375,3.3264131121643836,-0.007096566596955345,0.0019067807836364748,0.010206313998326392
2024-06-07,192.978343568532,195.2486855650071,192.47272888451312,195.19911193847656,53103900,192.80978393554688,194.18785095214844,192.68092346191406,190.5989532470703,185.2750701904297,191.28500366210938,189.20005950927734,177.8533673095703,3.3420659553453786,0.01239215123921511,0.005251801277675705,0.006734549052892253
2024-06-10,195.20900753042525,195.60558138834554,190.49980075281104,191.4614715576172,97010200,195.19911193847656,192.80978393554688,194.18785095214844,192.36366271972656,188.3484344482422,191.59630737304687,189.69923629760743,178.28705627441406,2.8350989267040765,-0.01914783496575234,0.0016782062342185044,0.009112334574248286
2024-06-11,191.98689659289002,205.3808802210458,191.96707924808354,205.37095642089844,172373300,191.4614715576172,195.19911193847656,192.80978393554688,192.68092346191406,188.3583526611328,193.29756774902344,190.7337730407715,179.02764678955077,4.302538478149335,0.07264900217324088,0.008937840566047095,0.02416264412075164
2024-06-12,205.58908283581826,218.30889945026047,205.1231180281253,211.24014282226562,198134300,205.37095642089844,191.4614715576172,195.19911193847656,194.18785095214844,188.65577697753906,195.5560043334961,192.0047637939453,179.90918395996093,6.137828421683177,0.028578463594134407,0.011637783486508013,0.024750320907022127
2024-06-13,212.8957913864929,214.88852380834695,209.782758705521,212.40008544921875,97862700,211.24014282226562,205.37095642089844,191.4614715576172,192.80978393554688,189.64718627929688,197.83129425048827,193.2202346801758,180.79788177490235,7.5633723501143,0.005491108893677765,0.011661382081663962,0.02474367068114702
2024-06-14,212.01343611534222,213.32209192759066,209.48533280144244,210.6651153564453,70122700,212.40008544921875,211.24014282226562,205.37095642089844,195.19911193847656,190.5989532470703,199.8379104614258,194.343009185791,181.66831481933593,8.400791403516664,-0.008168405813510082,0.010342679602730276,0.025477544738240362
2024-06-17,211.53757201804441,217.06965275202606,210.89316027395952,214.80923461914062,93728300,210.6651153564453,212.40008544921875,211.24014282226562,191.4614715576172,192.36366271972656,202.08246765136718,195.67150192260743,182.60658142089844,9.423394353493482,0.019671597054327083,0.011383963566144262,0.025640589921272224
2024-06-18,215.7213082393038,216.7523850703462,211.17073132176122,212.44964599609375,79943300,214.80923461914062,210.6651153564453,212.40008544921875,205.37095642089844,192.68092346191406,204.05933990478516,196.82401809692382,183.5200323486328,10.007383787168983,-0.010984577209776192,0.01012057826076639,0.026471336092493147
2024-06-20,212.0927425591543,212.4000929584359,207.05638337080816,207.87924194335938,86172500,212.44964599609375,214.80923461914062,210.6651153564453,211.24014282226562,194.18785095214844,205.42847900390626,197.68307647705078,184.3179168701172,10.189618133417843,-0.021512881470362233,0.007187205689823906,0.028315533550580307
2024-06-21,208.58315742215362,210.07027533194446,205.33132746963062,205.70806884765625,241805100,207.87924194335938,212.44964599609375,214.80923461914062,212.40008544921875,192.80978393554688,206.7183074951172,198.50545349121094,185.10980224609375,10.13766594784691,-0.010444395868514422,0.006852422762667998,0.028522216270780602
2024-06-24,205.93608683303725,210.87331399723786,204.8157865138524,206.35247802734375,80727000,205.70806884765625,207.87924194335938,212.44964599609375,210.6651153564453,195.19911193847656,207.8336441040039,199.55932388305663,185.77081817626953,9.779121266790924,0.0031326392945953963,0.0059264715682060265,0.02847264911822272
2024-06-25,207.35382052419757,209.56468024841507,206.8184646829133,207.27452087402344,55549700,206.35247802734375,205.70806884765625,207.87924194335938,214.80923461914062,191.4614715576172,209.41494903564453,200.5056282043457,186.42037475585937,9.55020922223674,0.0044682906427588875,0.00828808412905715,0.02710854525967287
2024-06-26,209.68362348048936,213.01476817493463,208.8310086144187,211.41859436035156,66213200,207.27452087402344,206.35247802734375,205.70806884765625,212.44964599609375,205.37095642089844,210.01971282958985,201.65864028930665,187.22924621582033,9.397287451340961,0.019993163987805262,0.003022500310513587,0.01609443115687346
2024-06-27,212.8462361886446,213.88722177256454,210.5263358320774,212.2613067626953,49772700,211.41859436035156,207.27452087402344,206.35247802734375,207.87924194335938,211.24014282226562,210.1218292236328,202.83891677856445,188.12051452636717,9.157545774528113,0.003985989997206119,0.0005632529508207585,0.013410686060961819
2024-06-28,213.91695291908772,214.21437951883613,208.4939285392998,208.81117248535156,82542700,212.2613067626953,211.41859436035156,207.27452087402344,205.70806884765625,212.40008544921875,209.7629379272461,203.7971160888672,188.9701055908203,8.695538523124243,-0.016254183722711812,-0.0016112763108181993,0.014259013300009258
2024-07-01,210.26855134899324,215.64200216221636,210.10001313722785,214.88853454589844,60402900,208.81117248535156,212.2613067626953,211.41859436035156,206.35247802734375,210.6651153564453,210.1852798461914,205.0115951538086,189.96025390625,8.447872005305207,0.029104582806617874,0.0021160225511945964,0.0169686496174172
2024-07-02,214.2936836981781,218.4873670751859,213.25271326862932,218.37831115722656,58046200,214.88853454589844,208.81117248535156,212.2613067626953,207.27452087402344,214.80923461914062,210.5421875,206.31232757568358,191.0605923461914,8.400579842565206,0.01623993862074924,0.001772856707836812,0.016604968498723408
2024-07-03,218.11063203893852,219.64732360839844,217.1489612238199,219.64732360839844,37369800,218.37831115722656,214.88853454589844,208.81117248535156,211.41859436035156,212.44964599609375,211.26195526123047,207.6606475830078,192.16967742919923,8.260472448485396,0.005811073656752486,0.0034524217944896796,0.0160099639001383
2024-07-05,219.7464397478406,224.5052198536283,219.7464397478406,224.3961639404297,60412400,219.64732360839844,218.37831115722656,214.88853454589844,212.2613067626953,207.87924194335938,212.9136474609375,209.1710632324219,193.35275024414062,8.427420303249026,0.021620296819540474,0.007765739623479951,0.014250258109298178
2024-07-08,225.13973799267995,225.89322076278884,221.3327197032473,225.8634796142578,59085900,224.3961639404297,219.64732360839844,218.37831115722656,208.81117248535156,205.70806884765625,214.92918853759767,210.82374801635743,194.5231903076172,8.289894961298355,0.00653895168287133,0.009464074378618525,0.012774459198137331
2024-07-09,225.97252074204383,227.42989753320916,224.4259205051531,226.71607971191406,48076100,225.8634796142578,224.3961639404297,219.64732360839844,214.88853454589844,206.35247802734375,216.96554870605468,212.39959640502929,195.6934552001953,8.157966084856156,0.0037748470851168836,0.009528295157670674,0.012740662219546358
2024-07-10,227.33078272427315,231.07831900756045,227.28120909695775,230.9791717529297,62627700,226.71607971191406,225.8634796142578,224.3961639404297,218.37831115722656,207.27452087402344,219.3360137939453,214.37548141479493,196.96066528320313,7.5853352933481295,0.018803659830536557,0.01096183207644844,0.012913381204875623
2024-07-11,229.40281699319425,230.39422897123262,223.83108651749725,225.61563110351562,64710600,230.9791717529297,226.71607971191406,225.8634796142578,219.64732360839844,211.41859436035156,220.7557174682617,215.3877151489258,198.03743865966797,7.670778697679241,-0.023220884414423493,0.006640427236225566,0.016333151291343138
2024-07-12,226.95403700304678,230.64209091466597,226.71609267309665,228.56011962890625,53046500,225.61563110351562,230.9791717529297,226.71607971191406,224.3961639404297,212.2613067626953,222.3855987548828,216.25371398925782,199.23587158203125,8.141145899224759,0.013050906583860211,0.007546918894890975,0.016420777546522488
2024-07-15,234.44910163171727,235.1926606193721,231.0882156126273,232.386962890625,62631300,228.56011962890625,225.61563110351562,230.9791717529297,225.8634796142578,208.81117248535156,224.74317779541016,217.25305786132813,200.53123748779296,8.839934443055261,0.01674326767037071,0.010846664034199227,0.014282757990100887
2024-07-16,232.98179160349451,234.24088892580107,230.3347237014565,232.8033447265625,43234300,232.386962890625,228.56011962890625,225.61563110351562,226.71607971191406,214.88853454589844,226.53465881347657,218.35996932983397,201.76107147216797,9.343305380842736,0.0017917607371695787,0.008115381827254398,0.012952971487108899
2024-07-17,227.47946461019197,229.47221227385296,224.69359950369105,226.91436767578125,57345900,232.8033447265625,232.386962890625,228.56011962890625,230.9791717529297,218.37831115722656,227.38826446533204,218.96522598266603,202.66818115234375,9.492082726127958,-0.025295929737169875,0.003961794991462486,0.01628837252102239
2024-07-18,228.30231800055432,228.46094752609622,220.36111458394757,222.25469970703125,66034600,226.91436767578125,232.8033447265625,232.386962890625,225.61563110351562,219.64732360839844,227.6490020751953,219.4554786682129,203.51516571044922,9.390515808997542,-0.020534918156473014,0.0013271958101399362,0.01799709146087674
2024-07-19,222.88922042587495,224.85221166233242,221.3624376981624,222.3835906982422,49151500,222.25469970703125,226.91436767578125,232.8033447265625,228.56011962890625,224.3961639404297,227.44774475097657,220.18069610595703,204.35106536865234,9.001461088219907,0.0005799247052180601,-0.0007768414012923053,0.01653123793548332
2024-07-22,225.06041535891617,225.82380677595344,221.174082433242,222.03662109375,48201800,222.3835906982422,222.25469970703125,226.91436767578125,232.386962890625,225.8634796142578,227.06505889892577,220.99712371826172,205.17329345703126,8.335580583485813,-0.0015602302463179063,-0.001586759594211229,0.016330168550385746
2024-07-23,222.4431183487035,224.99105459605977,220.7676295522315,223.07762145996094,39960300,222.03662109375,222.3835906982422,222.25469970703125,232.8033447265625,226.71607971191406,226.70121307373046,221.83338088989257,205.98010498046875,7.595124724073888,0.004688417438001746,-0.0014954025589227426,0.01636601221868357
2024-07-24,222.07627816799848,222.86941075843336,215.26528287042115,216.6631622314453,61777600,223.07762145996094,222.03662109375,222.3835906982422,226.91436767578125,230.9791717529297,225.26961212158204,222.30281295776368,206.68380950927735,6.906884051049105,-0.028754382382846555,-0.006251206780261054,0.016718055817029526
2024-07-25,217.04981289629316,218.95333716975932,212.77682977395946,215.6221923828125,51391200,216.6631622314453,223.07762145996094,222.03662109375,222.25469970703125,225.61563110351562,224.27026824951173,222.51299285888672,207.30264892578126,6.616076367739968,-0.004804553934834699,-0.004409573732302175,0.015619244665640582
2024-07-26,216.8217851678197,217.6050090608147,214.15488466672127,216.08815002441406,41601300,215.6221923828125,216.6631622314453,223.07762145996094,222.3835906982422,228.56011962890625,223.0230712890625,222.70433502197267,207.90800537109374,6.354137337352969,0.002160991113448585,-0.005498565279343337,0.014613890496343719
2024-07-29,215.09674706599597,217.41664743865044,213.8971319294418,216.36575317382812,36311800,216.08815002441406,215.6221923828125,216.6631622314453,222.03662109375,232.386962890625,221.42095031738282,223.0820640563965,208.47350708007812,5.672789320610576,0.0012846754872153365,-0.007044424497658875,0.012690804081248643
2024-07-30,217.30756370891964,218.43777260182014,214.26392209769764,216.92091369628906,41643800,216.36575317382812,216.08815002441406,215.6221923828125,223.07762145996094,232.8033447265625,219.83270721435548,223.183683013916,209.0477328491211,5.534815902964834,0.0025658428578339,-0.006967016285592442,0.012752898245255778
2024-07-31,219.53825698895486,221.89782218872546,218.7352157578384,220.17276000976562,50036300,216.92091369628906,216.36575317382812,216.08815002441406,216.6631622314453,226.91436767578125,219.1585464477539,223.27340545654297,209.68640045166015,5.466946664591022,0.014990930372114741,-0.0029383302746639806,0.012682564436813856
2024-08-01,222.44309097566543,222.55214689360594,215.15622233135366,216.48471069335938,62501000,220.17276000976562,216.92091369628906,216.36575317382812,215.6221923828125,222.25469970703125,218.58154754638673,223.11527481079102,210.22810821533204,5.620921500738822,-0.01675070665527678,-0.0025599091245443574,0.012144211134776763
2024-08-02,217.2679231335739,223.66254232334134,215.84030263063204,217.97183227539062,105568600,216.48471069335938,220.17276000976562,216.92091369628906,216.08815002441406,222.3835906982422,218.14037170410157,222.79405822753907,210.77358337402345,5.726444355229764,0.006869406976909742,-0.0019309608973751891,0.012483030542444196
2024-08-05,197.38018251460616,211.6664309709882,194.3167235143498,207.47276306152344,119548600,217.97183227539062,216.48471069335938,220.17276000976562,216.36575317382812,222.03662109375,216.6839859008789,221.87452239990233,211.13782806396483,6.615217501560523,-0.04816709161118771,-0.006591647033862169,0.019214742179590065
2024-08-06,203.53686913101606,208.18659343179937,199.34320096724198,205.45028686523438,69660500,207.47276306152344,217.97183227539062,216.48471069335938,216.92091369628906,223.07762145996094,214.92125244140624,220.81123275756835,211.54133239746093,7.452177667207766,-0.009748152800612808,-0.008035304057723625,0.01881116415380841
2024-08-07,205.12311510057037,211.80523672133984,204.61750047992084,208.01805114746094,63516400,205.45028686523438,207.47276306152344,217.97183227539062,220.17276000976562,216.6631622314453,214.0567413330078,219.6631767272949,211.9347247314453,7.571004059852797,0.012498226804184887,-0.00391004313902048,0.018278423764811737
2024-08-08,211.27980900719393,212.36044444161047,207.0365669160157,211.47808837890625,47161100,208.01805114746094,205.45028686523438,207.47276306152344,216.48471069335938,215.6221923828125,213.6423309326172,218.95629959106446,212.39711944580077,7.645612431038239,0.01663335086719253,-0.0017662526588177573,0.01938550285776264
2024-08-09,210.27848952903548,214.91829038971974,210.1496011292121,214.3829345703125,42201600,211.47808837890625,208.01805114746094,205.45028686523438,217.97183227539062,216.08815002441406,213.47180938720703,218.24744033813477,212.91166259765626,7.360224106112517,0.013735920414608804,-0.0006087597287017354,0.019982424824924672
2024-08-12,214.46232494953352,217.8767166928247,213.99582080224636,215.9114532470703,38028100,214.3829345703125,211.47808837890625,208.01805114746094,207.47276306152344,216.36575317382812,213.42637939453124,217.42366485595704,213.43694793701172,6.5744469278223505,0.007129852382240287,-2.4242039199240394e-05,0.02012891819179346
2024-08-13,217.38044783379533,220.23902400333975,217.38044783379533,219.62364196777344,44155300,215.9114532470703,214.3829345703125,211.47808837890625,205.45028686523438,216.92091369628906,213.6966522216797,216.7646797180176,214.0174417114258,5.529175316151379,0.017193107011582276,0.0014384843761755973,0.020856368627798286
2024-08-14,218.9288446755302,221.37053243582614,218.06530765715263,220.07028198242188,41960600,219.62364196777344,215.9114532470703,214.3829345703125,208.01805114746094,220.17276000976562,213.6864044189453,216.4224754333496,214.57157409667968,5.059813701061686,0.002033660905750745,0.00014275742953919756,0.02031635731367869
2024-08-15,222.9288560878089,223.67327566716008,221.1025352094067,223.04795837402344,46414000,220.07028198242188,219.62364196777344,215.9114532470703,211.47808837890625,216.48471069335938,214.3427291870117,216.4621383666992,215.17891479492187,5.110789929430417,0.013530570165032119,0.0031708851115700874,0.019767926320016557
2024-08-16,222.25391598005478,225.14226768918678,221.98592068094572,224.36807250976562,44340200,223.04795837402344,220.07028198242188,219.62364196777344,214.3829345703125,217.97183227539062,214.98235321044922,216.56136245727538,215.7825192260742,5.249193366149513,0.005918521493608608,0.003075796563239974,0.019750438032615607
2024-08-19,224.0405257400108,224.30852103873067,221.38045847347976,224.20925903320312,40687800,224.36807250976562,223.04795837402344,220.07028198242188,215.9114532470703,207.47276306152344,216.6560028076172,216.66999435424805,216.41050872802734,5.389084660234552,-0.0007078256491043211,0.007821723159448313,0.008653594232999159
2024-08-20,224.09013124410717,225.47970829184257,223.7725049787654,224.82461547851562,30299000,224.20925903320312,224.36807250976562,223.04795837402344,219.62364196777344,205.45028686523438,218.59343566894532,216.7573440551758,217.00301879882812,5.51118478606901,0.0027445630388589493,0.009070994743395488,0.006458693169142539
2024-08-21,224.8345868015738,226.28371522001356,223.37552309496598,224.71546936035156,34765500,224.82461547851562,224.20925903320312,224.36807250976562,220.07028198242188,208.01805114746094,220.26317749023437,217.1599594116211,217.6680987548828,5.790968025749526,-0.0004854722777207776,0.007772624835204922,0.006977383744167766
2024-08-22,226.09511339685906,226.64102413052154,222.2340576918725,222.859375,43695300,224.71546936035156,224.82461547851562,224.20925903320312,223.04795837402344,211.47808837890625,221.40130615234375,217.52181854248047,218.01786712646484,5.914614695072796,-0.00825975339230045,0.005283314409255624,0.007850781822842283
2024-08-23,223.98096305377334,226.52191275369313,222.66085720360698,225.1521759033203,38677300,222.859375,224.71546936035156,224.82461547851562,224.36807250976562,214.3829345703125,222.47823028564454,217.9750198364258,218.29610778808595,6.141874360786307,0.010288106135630581,0.004938532981357801,0.007506483321334545
2024-08-26,225.07279660900764,225.58893181224732,222.22415556593285,225.4896697998047,30602200,225.1521759033203,222.859375,224.71546936035156,224.20925903320312,215.9114532470703,223.43605194091796,218.43121566772462,218.55789947509766,6.351326942835064,0.0014989590712606304,0.004375443650259836,0.0075349829956280695
2024-08-27,224.31843379232603,227.14723425887112,223.21669220638537,226.3333282470703,35934600,225.4896697998047,225.1521759033203,222.859375,224.82461547851562,219.62364196777344,224.10702056884764,218.90183639526367,218.87126373291017,6.578195315421398,0.0037414505419013366,0.003030278003291742,0.006046104951298679
2024-08-28,226.22416240429726,228.149730282918,224.00082364270057,224.8048095703125,38052200,226.3333282470703,225.4896697998047,225.1521759033203,224.71546936035156,220.07028198242188,224.58047332763672,219.13343887329103,219.07117523193358,6.705604371928422,-0.006753396367190079,0.0021515722759976597,0.00679872755035646
2024-08-29,228.3879521456165,231.18696212304621,227.1770283167567,228.0802459716797,51906300,224.8048095703125,226.3333282470703,225.4896697998047,222.859375,223.04795837402344,225.08370208740234,219.71321563720704,219.38378723144533,6.960959719935616,0.014570134898927556,0.0022555287493872035,0.006997104972083243
2024-08-30,228.47729089511273,228.6857199244299,225.787447784096,227.296142578125,52990800,228.0802459716797,224.8048095703125,226.3333282470703,225.1521759033203,224.36807250976562,225.3765090942383,220.17943115234374,219.77212524414062,7.147931136372541,-0.003437840003259418,0.0013198925997004007,0.007077963327403
2024-09-03,226.84948058831634,227.2961293418145,219.52438650802387,221.11248779296875,50190600,227.296142578125,228.0802459716797,224.8048095703125,225.4896697998047,224.20925903320312,225.06683197021485,220.861417388916,220.0802136230469,6.492402633941556,-0.02720527816714191,-0.0013298526521033581,0.011499953191996386
2024-09-04,220.01074262314262,220.12984491677884,215.86183603349318,219.20677185058594,43840200,221.11248779296875,227.296142578125,228.0802459716797,226.3333282470703,224.82461547851562,224.5050476074219,221.5492416381836,220.33729949951172,5.412691767090038,-0.008618762157690418,-0.002466185171758295,0.01161347461341827
2024-09-05,219.9809527371486,223.80229748015876,219.87177059333374,220.72537231445312,36615400,219.20677185058594,221.11248779296875,227.296142578125,224.8048095703125,224.71546936035156,224.10603790283204,222.1846076965332,220.60631652832032,4.389936189137378,0.0069277078032163875,-0.0017248671636645786,0.01198462724184624
2024-09-06,222.28368749781316,223.56409767944487,218.13479623481732,219.17698669433594,48423000,220.72537231445312,219.20677185058594,221.11248779296875,228.0802459716797,222.859375,223.73779907226563,222.56955261230468,220.761484375,3.682189219957345,-0.007014987012509355,-0.0016003905256854688,0.011915476848731597
2024-09-09,219.17700018247805,219.6236489368284,215.09757995493325,219.26632690429688,67180000,219.17698669433594,220.72537231445312,219.20677185058594,227.296142578125,225.1521759033203,223.1492141723633,222.8137222290039,220.90158477783203,3.2469422105795434,0.0004076167452997659,-0.0025884394647185506,0.011208829010446736
2024-09-10,217.29112653781655,219.83207646515766,215.1174187834135,218.47227478027344,51591000,219.26632690429688,219.17698669433594,220.72537231445312,221.11248779296875,225.4896697998047,222.44747467041014,222.94176330566407,221.09480682373047,3.0016574295483998,-0.0036214047785367853,-0.003100475849698292,0.011117948491921057
2024-09-11,219.81224273641337,221.4301044903715,216.26879790334314,221.00331115722656,44587100,218.47227478027344,219.26632690429688,219.17698669433594,219.20677185058594,226.3333282470703,221.9144729614258,223.01074676513673,221.21710235595702,2.936534767088753,0.011585160540387607,-0.002316104849849665,0.011903232935265944
2024-09-12,220.84449248276735,221.8866830044339,218.1844402475294,221.11248779296875,37455600,221.00331115722656,218.47227478027344,219.26632690429688,220.72537231445312,224.8048095703125,221.5452407836914,223.06285705566407,221.27178588867187,2.8904947369971064,0.0004940045249570701,-0.00159136476063495,0.011823410231495841
2024-09-13,221.9164638014437,222.37303270856336,220.25889118684435,220.84449768066406,36766600,221.11248779296875,221.00331115722656,218.47227478027344,219.17698669433594,228.0802459716797,220.82166595458983,222.9526840209961,221.2957293701172,2.932776402033164,-0.0012120080370838782,-0.0031695790542360935,0.010393264390580408
2024-09-16,214.92882889414335,215.60377723416104,212.32832783334672,214.71047973632812,59357400,220.84449768066406,221.11248779296875,221.00331115722656,219.26632690429688,227.296142578125,219.56309967041017,222.4698043823242,221.10201568603514,3.438860911845157,-0.02777528083677039,-0.00560332313758719,0.012988529109582885
2024-09-17,214.14471619981742,215.28615358843467,212.904016801209,215.17697143554688,45519300,214.71047973632812,220.84449768066406,221.11248779296875,218.47227478027344,221.11248779296875,218.96954803466798,222.0181900024414,220.88828552246093,3.775057489935998,0.002172654542953012,-0.0026655298665776983,0.01067620443703246
2024-09-18,215.9313221513165,221.05293280374121,215.92138686335736,219.04795837402344,59894900,215.17697143554688,214.71047973632812,220.84449768066406,221.00331115722656,219.20677185058594,218.95366668701172,221.7293571472168,220.73492309570312,3.770019444335381,0.017989782608479832,-4.675389960673293e-06,0.012230342794799762
2024-09-19,223.31596324984213,228.11002736409566,222.95864123060412,227.16708374023438,66781300,219.04795837402344,215.17697143554688,214.71047973632812,221.11248779296875,220.72537231445312,219.59783782958985,221.85193786621093,220.65868133544922,3.909498347818154,0.03706551490586163,0.003009105320303851,0.016936298605331558
2024-09-20,228.2589097535001,231.3556905514529,225.92638886705737,226.5020751953125,318679900,227.16708374023438,219.04795837402344,215.17697143554688,220.84449768066406,219.17698669433594,220.3303466796875,222.03407287597656,220.67641021728517,4.041526246784964,-0.0029273983447457574,0.0034178641870802108,0.016715371184755204
2024-09-23,225.64847983003366,227.74278104335218,224.12986496132828,224.7849578857422,54146000,226.5020751953125,227.16708374023438,219.04795837402344,214.71047973632812,219.26632690429688,220.88220977783203,222.01571197509764,220.60090698242186,4.027424494112602,-0.0075810224170778095,0.0026190002708424533,0.017062515074152122
2024-09-24,226.94874349226038,227.64354731931365,224.05047131587074,225.6782684326172,43556100,224.7849578857422,226.5020751953125,227.16708374023438,215.17697143554688,218.47227478027344,221.6028091430664,222.02514190673827,220.46673309326172,4.036197868397309,0.003974067283136762,0.003378547477009808,0.01692233638237587
2024-09-25,223.2563961324406,225.59883710649478,222.35317851779175,224.68568420410156,42308700,225.6782684326172,224.7849578857422,226.5020751953125,219.04795837402344,221.00331115722656,221.9710464477539,221.94275970458983,220.3043798828125,3.9597265366281373,-0.004398226889143264,0.0017802087340567207,0.016815575028798428
2024-09-26,225.608784129346,226.79985253593196,223.73284722402752,225.8271484375,36636700,224.68568420410156,225.6782684326172,224.7849578857422,227.16708374023438,221.11248779296875,222.44251251220703,221.9938766479492,220.2826354980469,4.004958362416926,0.005080271301849182,0.002238835411745932,0.016839123688374244
2024-09-27,226.76013618443497,227.81224676693589,225.60876359989413,226.09510803222656,34026000,225.8271484375,224.68568420410156,225.6782684326172,226.5020751953125,220.84449768066406,222.9675735473633,221.89461975097657,220.35944366455078,3.868450709193772,0.0011865694473873756,0.0024786931601930573,0.016801548887223378
2024-09-30,228.3283747151782,231.266357421875,227.9412771261621,231.266357421875,54541900,226.09510803222656,225.8271484375,224.68568420410156,224.7849578857422,214.71047973632812,224.62316131591797,222.09313049316407,220.53709899902344,4.243869849710949,0.022872009194074838,0.00754342216327758,0.014081895400319264
2024-10-01,227.81227091446172,227.94129335648356,222.0752779583648,224.5269012451172,63285000,231.266357421875,226.09510803222656,225.8271484375,225.6782684326172,215.17697143554688,225.558154296875,222.26385116577148,220.5869046020508,4.270935209621641,-0.029141532957444927,0.004412003413237786,0.018268311836154023
2024-10-02,224.20925878310885,225.67824256269316,221.360617941662,225.09263610839844,32880600,224.5269012451172,231.266357421875,226.09510803222656,224.68568420410156,219.04795837402344,226.1626220703125,222.55814437866212,220.62720489501953,4.251940635200755,0.002519675193235038,0.0028649926717133067,0.017634793108953162
2024-10-03,223.46483520314058,225.12240767637772,221.65838486968212,223.9908905029297,34044200,225.09263610839844,224.5269012451172,231.266357421875,225.8271484375,227.16708374023438,225.84500274658203,222.72142028808594,220.7737594604492,4.240540629047511,-0.004894631936951388,-0.001331022012567995,0.01296724082975642
2024-10-04,226.20430944090455,226.30357145139808,222.46237094034984,225.1125030517578,37245100,223.9908905029297,225.09263610839844,224.5269012451172,226.09510803222656,226.5020751953125,225.70604553222657,223.01819610595703,220.96356567382813,4.186785359388525,0.005007402516726156,-0.0005375419264208037,0.013100785024318266
2024-10-07,222.8296172342201,224.01076551273388,219.68320530273118,220.04052734375,39505400,225.1125030517578,223.9908905029297,225.09263610839844,231.266357421875,224.7849578857422,225.23160247802736,223.0569061279297,221.04261322021483,4.153719200283338,-0.022530848527954284,-0.002032524537508451,0.014743813399573029
2024-10-08,222.63107017846752,224.2985626537791,221.58887980877077,224.0901336669922,31855700,220.04052734375,225.1125030517578,223.9908905029297,224.5269012451172,225.6782684326172,225.07278900146486,223.33779907226562,221.1971008300781,4.015004609889563,0.01840391118912299,-0.0005895401469098282,0.016045653694819407
2024-10-09,223.55419337095574,228.04056698162543,223.15717559100585,227.83212280273438,33591100,224.0901336669922,220.04052734375,225.1125030517578,225.09263610839844,224.68568420410156,225.38743286132814,223.67923965454102,221.41532501220703,4.095584637114199,0.016698589422517562,0.0015201414842562545,0.01685570390074626
2024-10-10,226.08521111865923,227.7924147414137,225.47974919262126,227.33583068847656,28183500,227.83212280273438,224.0901336669922,220.04052734375,223.9908905029297,225.8271484375,225.53830108642578,223.99040679931642,221.55858642578124,4.12660431262397,-0.0021783237067387606,0.0007942819833974601,0.016841642128326877
2024-10-11,227.5938974682738,227.70307961960657,225.6484741750507,225.85691833496094,31759200,227.33583068847656,227.83212280273438,224.0901336669922,225.1125030517578,226.09510803222656,225.5144821166992,224.24102783203125,221.74603057861327,4.077404379436165,-0.006505408096193266,2.5084229039396e-05,0.016996676538397763
2024-10-14,226.99836439928595,230.00581860221664,226.89911753216435,229.5790252685547,39882100,225.85691833496094,227.33583068847656,227.83212280273438,220.04052734375,231.266357421875,225.3457489013672,224.98445510864258,221.97817443847657,3.572471430485585,0.01647993322955732,-0.0006141233674123558,0.016140622774424917
2024-10-15,231.87181141001133,235.72294688412148,230.64103225198252,232.1100311279297,64751400,229.5790252685547,225.85691833496094,227.33583068847656,224.0901336669922,224.5269012451172,226.10406188964845,225.83110809326172,222.47091979980468,3.101265975731632,0.01102455181353923,0.00340248510968606,0.012931406889961888
2024-10-16,229.87676649695567,230.39288648800354,228.1298522341637,230.055419921875,34082200,232.1100311279297,229.5790252685547,225.85691833496094,227.83212280273438,225.09263610839844,226.6003402709961,226.3814811706543,222.9630224609375,2.7958111732956064,-0.008851884582800618,0.002265329132082494,0.013504939604214542
2024-10-17,231.69315867439417,232.11004699556463,228.8048220166126,230.4226837158203,32993800,230.055419921875,232.1100311279297,229.5790252685547,227.33583068847656,223.9908905029297,227.24351959228517,226.54426116943358,223.41111511230469,2.9352561286201335,0.0015964144381819256,0.0029144337695958256,0.013276627665331296
2024-10-18,234.42267769537074,234.42267769537074,232.2688255608399,233.25146484375,46431500,230.4226837158203,230.055419921875,232.1100311279297,225.85691833496094,225.1125030517578,228.0574157714844,226.88173065185546,223.84658264160157,3.295977857555811,0.012276487203049857,0.0036413422382281955,0.013599032427064854
2024-10-21,232.7055644739604,235.08771628667242,232.7055644739604,234.720458984375,36254500,233.25146484375,230.4226837158203,230.055419921875,229.5790252685547,220.04052734375,229.52540893554686,227.3785057067871,224.2533331298828,3.6886699032431554,0.006297898886118647,0.006524216979635488,0.010018689216475005
2024-10-22,232.1497589598997,234.46242459274853,230.86936376892484,234.1051025390625,38846600,234.720458984375,233.25146484375,230.4226837158203,232.1100311279297,224.0901336669922,230.52690582275392,227.7998474121094,224.61720611572267,3.955842773666139,-0.002621656620710122,0.004421660198652177,0.009437982492606922
2024-10-23,232.33830371042365,233.39041424004768,226.06532109909307,229.04299926757812,52287000,234.1051025390625,234.720458984375,233.25146484375,230.055419921875,227.83212280273438,230.6479934692383,228.0177131652832,224.80559326171874,3.8948228340958218,-0.021623207766860664,0.0005894804797143549,0.011462187904233489
2024-10-24,228.26884002769643,229.10260155629064,226.710529416834,228.85446166992188,31109500,229.04299926757812,234.1051025390625,234.720458984375,230.4226837158203,227.33583068847656,230.79985656738282,228.1690788269043,224.98127685546876,3.8639126354535636,-0.0008231537233582831,0.0007249974780524027,0.011433804221480784
2024-10-25,228.03061417648678,231.48471683213373,227.86188088691335,229.6881866455078,38802300,228.85446166992188,229.04299926757812,234.1051025390625,233.25146484375,225.85691833496094,231.1829833984375,228.34873275756837,225.11408142089843,3.845896098750079,0.0036430357070704744,0.0017398418583787767,0.011168029777258006
2024-10-28,231.58399967772363,232.98349712196287,230.81972458948547,231.66339111328125,36087100,229.6881866455078,228.85446166992188,229.04299926757812,234.720458984375,229.5790252685547,231.39141998291015,228.36858444213868,225.25998779296876,3.8627367159005805,0.008599503947592568,0.0009517989301823015,0.010252905039452065
2024-10-29,231.36563017470797,232.5864741436605,230.59143496071306,231.93138122558594,35417200,231.66339111328125,229.6881866455078,228.85446166992188,234.1051025390625,232.1100311279297,231.3735549926758,228.73880844116212,225.4144302368164,3.8298525376020893,0.0011568082078778907,-3.497543038383233e-05,0.0096317934034475
2024-10-30,230.87925826342104,231.7328600109945,227.8420287171323,228.387939453125,47070900,231.93138122558594,231.66339111328125,229.6881866455078,229.04299926757812,230.055419921875,231.2068069458008,228.90357360839843,225.48569671630858,3.734428892401309,-0.015277974691205953,-0.0006775844412243659,0.010463824845392987
2024-10-31,227.63358238786932,228.11994197442104,223.693120129287,224.22911071777344,64370100,228.387939453125,231.93138122558594,231.66339111328125,228.85446166992188,230.4226837158203,230.5874496459961,228.9154846191406,225.47596954345704,3.7182801235968004,-0.018209493659384512,-0.00265817525098101,0.01177754003709752
2024-11-01,219.32586653780092,223.67328184782377,218.6310779402587,221.25143432617188,65276700,224.22911071777344,228.387939453125,231.93138122558594,229.6881866455078,233.25146484375,229.38744659423827,228.72243118286133,225.44381072998047,4.014553393128312,-0.013279615577432402,-0.005213785529029236,0.010918147263406045
2024-11-04,219.34573920720757,221.13233427123137,218.07526420177624,220.35813903808594,44944500,221.25143432617188,224.22911071777344,228.387939453125,231.66339111328125,234.720458984375,227.9512145996094,228.73831176757812,225.34792999267577,3.978871996535272,-0.0040374666532965175,-0.006247322082970752,0.01017096262749392
2024-11-05,220.14971259990074,222.28370958768312,219.49461965793014,221.7874298095703,28111300,220.35813903808594,221.25143432617188,224.22911071777344,231.93138122558594,234.1051025390625,226.71944732666014,228.62317657470703,225.2738851928711,4.1500862579373115,0.0064862172902873105,-0.005336534691871009,0.010912472808351626
2024-11-06,220.95365355112233,224.38791581537038,219.54422098922427,221.06283569335938,54561100,221.7874298095703,220.35813903808594,221.25143432617188,228.387939453125,229.04299926757812,225.9214309692383,228.2847122192383,225.16847534179686,4.480853588745242,-0.0032670657522524404,-0.0035009204904101867,0.009291996269260314
2024-11-07,222.95864433437472,226.18446269494834,222.89909318788202,225.7874298095703,42137700,221.06283569335938,221.7874298095703,220.35813903808594,224.22911071777344,228.85446166992188,225.61472778320314,228.20729217529296,225.18812774658204,4.511383816184972,0.021372177287929617,-0.0012813873892813965,0.012198852579801594
2024-11-08,225.72780810336752,227.20835428792034,224.9726384261151,225.51914978027344,38328800,225.7874298095703,221.06283569335938,221.7874298095703,221.25143432617188,229.6881866455078,225.19782409667968,228.1904037475586,225.1369058227539,4.521266955462208,-0.0011881973656511224,-0.001764510696553556,0.012077217756410958
2024-11-11,223.57158868270503,224.26714170400084,220.0938084143074,222.8064727783203,42005600,225.51914978027344,225.7874298095703,221.06283569335938,220.35813903808594,231.66339111328125,224.3121322631836,227.85177612304688,225.04711242675782,4.663183418855214,-0.012028588279958119,-0.003827319919308625,0.0118702212317732
2024-11-12,223.12444853772337,224.15783943194586,221.9420008205612,222.8064727783203,40398300,222.8064727783203,225.51914978027344,225.7874298095703,221.7874298095703,231.93138122558594,223.39964141845704,227.3865982055664,225.08099212646485,4.680052027462214,0.0,-0.003943000740096414,0.011821789641141934
2024-11-13,222.5878574334345,225.21109667354565,221.3457931121334,223.69081115722656,48566200,222.8064727783203,222.8064727783203,225.51914978027344,221.06283569335938,228.387939453125,222.9299285888672,227.068367767334,225.17067291259767,4.705347869751901,0.003969087468056243,-0.0020182945241701946,0.01132777784445388
2024-11-14,223.59146688403666,227.41701609796436,223.57158960851197,226.77114868164062,44923900,223.69081115722656,222.8064727783203,222.8064727783203,225.7874298095703,224.22911071777344,223.18413238525392,226.885791015625,225.2915884399414,4.63871517618457,0.013770514347363871,0.001179706276504644,0.01074826302749632
2024-11-15,224.96270031544069,225.47940335635096,222.8462328667566,223.57159423828125,47923700,226.77114868164062,223.69081115722656,222.8064727783203,225.51914978027344,221.25143432617188,223.41614837646483,226.40179748535155,225.37948059082032,4.440323562626397,-0.01410917774135001,0.0010967500601128833,0.010874718855479483
2024-11-18,223.8199993254601,228.28149999782985,223.74050538640262,226.57241821289062,44633700,223.57159423828125,226.77114868164062,223.69081115722656,222.8064727783203,220.35813903808594,224.0375762939453,225.99439544677733,225.5256024169922,3.987628548346244,0.013422205914992658,0.0028427173169418007,0.011350028173350441
2024-11-19,225.53901477922054,228.6988344551977,225.22105418122663,226.8307647705078,36211800,226.57241821289062,223.57159423828125,226.77114868164062,222.8064727783203,221.7874298095703,224.54190979003906,225.63067855834962,225.69277221679687,3.512328602017226,0.0011402383381653447,0.0023081194217296043,0.011285062148917592
2024-11-20,226.61215353970658,228.47027695087482,224.45593165289552,227.5461883544922,35169600,226.8307647705078,226.57241821289062,223.57159423828125,223.69081115722656,221.06283569335938,225.19024505615235,225.55583801269532,225.8236297607422,3.4512073781537103,0.00315399714279585,0.0029502257112344332,0.01111397250645922
2024-11-21,227.42697481306035,228.6988476019872,224.27710117470866,227.0692596435547,42108300,227.5461883544922,226.8307647705078,226.57241821289062,226.77114868164062,225.7874298095703,225.31842803955078,225.46657791137696,225.9427651977539,3.383831483458243,-0.002095964403475259,0.0006034115420939457,0.009084197703239585
2024-11-22,226.61216818417898,229.25528492407807,226.61216818417898,228.41067504882812,38168300,227.0692596435547,227.5461883544922,226.8307647705078,223.57159423828125,225.51914978027344,225.60758056640626,225.40270233154297,226.09408874511718,3.311225886181868,0.0059075165320887635,0.0013129829318679342,0.009205026301480974
2024-11-25,229.99057974831032,231.7692092379923,228.28149797848934,231.39161682128906,90152800,228.41067504882812,227.0692596435547,227.5461883544922,226.57241821289062,222.8064727783203,226.46609497070312,225.38911361694335,226.4277114868164,3.2846316800447233,0.013050798837767497,0.0038209216436404956,0.00856007409702546
2024-11-26,231.8487208075284,234.07450576495518,231.8487208075284,233.56773376464844,45986200,231.39161682128906,228.41067504882812,227.0692596435547,226.8307647705078,222.8064727783203,227.54222106933594,225.47093124389647,226.79552673339845,3.4712501901769235,0.009404476157146346,0.004761369259355131,0.008610110584775147
2024-11-27,232.9814664022851,234.1937224347506,232.32565277909848,233.43853759765625,33498400,233.56773376464844,231.39161682128906,228.41067504882812,227.5461883544922,223.69081115722656,228.5169937133789,225.72346115112305,227.0833383178711,3.8569170044708474,-0.00055314218667879,0.004309146293881627,0.008773554353261465
2024-11-29,233.3192972938568,236.3002516789311,232.48463370489634,235.82330322265625,28481400,233.43853759765625,233.56773376464844,231.39161682128906,227.0692596435547,226.77114868164062,229.42220916748047,226.30317077636718,227.25646270751952,4.446718651038582,0.010215818045905767,0.003953676663735817,0.008412193551095567
2024-12-02,235.76366069616984,239.26130254103032,235.65435844089816,238.0689239501953,48137100,235.82330322265625,233.43853759765625,233.56773376464844,228.41067504882812,223.57159423828125,230.87194213867187,227.14404525756837,227.48779968261718,4.997179926776045,0.009522471684737743,0.006316841606344592,0.005635051871364326
2024-12-03,238.2875760799829,241.21884512379424,237.38334952948236,241.1095428466797,38861000,238.0689239501953,235.82330322265625,233.43853759765625,231.39161682128906,226.57241821289062,232.32565460205078,228.18161544799804,227.81429138183594,5.628498439012639,0.012772010920335308,0.006251822106878857,0.005547021421921149
2024-12-04,241.32814402991647,242.56027739454964,239.7184333911867,241.46725463867188,44383900,241.1095428466797,238.0689239501953,235.82330322265625,233.56773376464844,226.8307647705078,233.7893035888672,229.1656066894531,228.13007110595703,6.1480751045915385,0.0014836069438348698,0.006286158967445809,0.005512821589650403
2024-12-05,242.44102079436578,242.9875169579372,240.59282850575005,241.49703979492188,40033900,241.46725463867188,241.1095428466797,238.0689239501953,233.43853759765625,227.5461883544922,235.18438873291015,230.18731689453125,228.46629821777344,6.422449246274873,0.00012335070564573059,0.005983094323730798,0.0057809274833239945
2024-12-06,241.36787220390693,243.07695387436263,240.5431396985891,241.29830932617188,36870600,241.49703979492188,241.46725463867188,241.1095428466797,235.82330322265625,227.0692596435547,236.60729370117187,230.96286087036134,228.77572143554687,6.789213617687189,-0.0008229105786089486,0.006110399706217429,0.005594248527788595
2024-12-09,240.29473874492055,245.67039687977774,240.21524480725012,245.18350219726562,44649200,241.29830932617188,241.49703979492188,241.46725463867188,238.0689239501953,228.41067504882812,238.28457641601562,231.94607849121093,229.15748931884767,7.359323913821362,0.016101202208764764,0.007129768273885029,0.006420837602084307
2024-12-10,245.3226337747269,246.63426111556626,243.78247081974237,246.19705200195312,36914800,245.18350219726562,241.29830932617188,241.49703979492188,241.1095428466797,231.39161682128906,239.76511993408204,233.11560745239257,229.4561032104492,7.6819515561108,0.004133841778114489,0.006238072567919728,0.00611927882388765
2024-12-11,246.3858398593606,249.20780656351602,244.69662013013263,244.9251708984375,45205800,246.19705200195312,245.18350219726562,241.29830932617188,241.46725463867188,233.56773376464844,240.90086364746094,234.22154235839844,229.86406860351562,7.711784916025672,-0.005166110207954655,0.004781013931409628,0.006958681502776187
2024-12-12,245.32260415969785,247.1608653940442,244.1202792424049,246.3858184814453,32777500,244.9251708984375,246.19705200195312,245.18350219726562,241.49703979492188,233.43853759765625,242.19559173583986,235.35629272460938,230.28993225097656,7.750317655031107,0.00596364831613605,0.0054326929816911115,0.00670412626723899
2024-12-13,246.24671899982582,247.70737273801882,244.67674782957272,246.55474853515625,33155300,246.3858184814453,244.9251708984375,246.19705200195312,241.29830932617188,235.82330322265625,243.26873626708985,236.34547271728516,230.7412094116211,7.858660072168098,0.000685632211919085,0.004479674398292444,0.006625553540252004
2024-12-16,246.41563368868003,249.78411156803347,246.07778066556844,249.44625854492188,51694800,246.55474853515625,246.3858184814453,244.9251708984375,245.18350219726562,238.0689239501953,244.4064697265625,237.6392059326172,231.22788452148438,7.774438310135899,0.011727658976129263,0.004700193127431596,0.006845102290462718
2024-12-17,248.49236434269267,252.21855739876366,248.19426586582333,251.8707733154297,51356400,249.44625854492188,246.55474853515625,246.3858184814453,246.19705200195312,241.1095428466797,245.4825927734375,238.90412368774415,231.86448944091796,7.9354610880441445,0.009719587636433547,0.00439495079904142,0.006504760464176585
2024-12-18,250.559158393614,252.66569465886903,246.16722071424974,246.47525024414062,56774100,251.8707733154297,249.44625854492188,246.55474853515625,244.9251708984375,241.46725463867188,245.98339233398437,239.88634796142577,232.31219177246095,7.56974581451076,-0.02142179102508246,0.0021044110021496863,0.010468841005710465
2024-12-19,245.92873792847348,250.400169527173,245.5213371883983,248.20419311523438,60882300,246.47525024414062,251.8707733154297,249.44625854492188,246.3858184814453,241.49703979492188,246.65410766601562,240.91924819946288,232.71963317871095,7.197548314578532,0.007014671328586575,0.002793543064443771,0.01055044345886193
2024-12-20,246.46531011815415,253.38113119374523,244.13023820234332,252.87437438964844,147495300,248.20419311523438,246.47525024414062,251.8707733154297,246.55474853515625,241.29830932617188,247.81171417236328,242.2095039367676,233.23040405273437,6.890485411610262,0.018815883872863592,0.004757422509591025,0.011580036259230646
2024-12-23,253.15260355822258,254.02700659111463,251.84097626600598,253.64942932128906,40858800,252.87437438964844,248.20419311523438,246.47525024414062,249.44625854492188,245.18350219726562,248.65830688476564,243.47144165039063,233.78625427246095,6.532153159999581,0.003064980125057515,0.0034538003012203,0.010873330638799352
2024-12-24,253.868019379837,256.5707374276886,253.66927695641888,256.5608215332031,23234700,253.64942932128906,252.87437438964844,248.20419311523438,251.8707733154297,246.19705200195312,249.69468383789064,244.72990188598632,234.3258901977539,6.506865717036829,0.011478016014876635,0.0041882177248965145,0.01116838675564438
2024-12-26,256.55086249805703,258.44874034869076,255.99442012888886,257.3755798339844,27237100,256.5608215332031,253.64942932128906,252.87437438964844,246.47525024414062,244.9251708984375,250.93972473144532,245.92029418945313,234.831201171875,6.535027985297624,0.0031756925937183045,0.0050223980050638104,0.010693502456999154
2024-12-27,256.19314630806485,257.05764856283577,251.45343969164696,253.96737670898438,42355300,257.3755798339844,256.5608215332031,253.64942932128906,248.20419311523438,246.3858184814453,251.69788055419923,246.94673614501954,235.3094403076172,6.066798567440975,-0.01324213869551416,0.0031018193038987894,0.01213342525810234
2024-12-30,250.6287158030117,251.890657464443,249.15811581542044,250.59890747070312,35557500,253.96737670898438,257.3755798339844,256.5608215332031,252.87437438964844,246.55474853515625,252.1022964477539,247.68551635742188,235.71296478271483,5.515559444208023,-0.013263393440257065,0.0017069167386811746,0.013197242021974507
2024-12-31,250.83739579916153,251.6720594492945,247.84649497663966,248.83021545410156,39480700,250.59890747070312,253.96737670898438,257.3755798339844,253.64942932128906,249.44625854492188,252.0406921386719,248.22358093261718,236.02453979492188,5.031729536403853,-0.00705786004597142,-0.00017163516352889375,0.012946991231262821
2025-01-02,247.34966196417784,247.51859606258614,240.28481431614935,242.3019256591797,55740700,248.83021545410156,250.59890747070312,253.96737670898438,256.5608215332031,251.8707733154297,251.08380737304688,248.2832000732422,236.17616912841797,4.949391854580365,-0.02623592067791325,-0.0037671859949635735,0.01476050311760752
2025-01-03,241.81504821777344,242.629834626151,240.35437918764114,241.81504821777344,40244100,242.3019256591797,248.83021545410156,250.59890747070312,257.3755798339844,246.47525024414062,250.61778717041017,248.30058975219725,236.3303680419922,4.924733191347438,-0.002009383293515743,-0.0018259452218069017,0.013393915304836372
2025-01-06,242.75900387005615,245.7598357483754,241.6560500607284,243.4446258544922,45045600,241.81504821777344,242.3019256591797,248.83021545410156,253.96737670898438,248.20419311523438,250.14183044433594,248.3979690551758,236.61840057373047,4.800818909831531,0.006738942215255284,-0.0018535181331400309,0.01337396267172495
2025-01-07,241.4374487975533,243.9911405526811,239.81780708502322,240.67234802246094,40856000,243.4446258544922,241.81504821777344,242.3019256591797,250.59890747070312,252.87437438964844,248.9216278076172,248.36667098999024,236.85475830078124,4.851314757176239,-0.01138771423809637,-0.004873877944236027,0.011461126956898805
2025-01-08,240.38419368621172,242.1628385440956,238.5260700426742,241.15924072265625,37628900,240.67234802246094,243.4446258544922,241.81504821777344,248.83021545410156,253.64942932128906,247.6726089477539,248.16545791625975,237.0841793823242,5.068865730409255,0.002023052104639156,-0.004978070746277863,0.011385421942867159
2025-01-10,238.48631733341054,238.63537417198498,231.52082500923515,235.3463897705078,61710900,241.15924072265625,240.67234802246094,243.4446258544922,242.3019256591797,256.5608215332031,245.55116577148436,247.6229248046875,237.15783935546875,5.816227927574,-0.024103786919919323,-0.00853625103975746,0.011230089803781979
2025-01-13,232.04745423938814,233.18021644375222,228.2616441132745,232.91192626953125,49630700,235.3463897705078,241.15924072265625,240.67234802246094,241.81504821777344,257.3755798339844,243.10480041503905,247.0222625732422,237.17745025634767,6.667522771422575,-0.010344171853880813,-0.00988823748451737,0.010450170299183081
2025-01-14,233.2596800887061,234.62097773623856,230.9941559742804,231.79901123046875,39435300,232.91192626953125,235.3463897705078,241.15924072265625,243.4446258544922,253.96737670898438,240.8879638671875,246.29292221069335,237.24567169189453,7.488113075913793,-0.004778265573977536,-0.009041850172363707,0.010491022502379974
2025-01-15,233.1503884256181,237.4429702030776,232.94171493841435,236.35987854003906,39832000,231.79901123046875,232.91192626953125,235.3463897705078,240.67234802246094,250.59890747070312,239.46406097412108,245.7831787109375,237.48828704833986,7.809457647264131,0.019675956706457276,-0.0057479151576922734,0.013698924953224785
2025-01-16,235.84318609247865,236.49898454969573,226.58234697208553,226.81088256835938,71759100,236.35987854003906,231.79901123046875,232.91192626953125,241.15924072265625,248.83021545410156,237.2621276855469,244.6514099121094,237.5994760131836,8.824835769801421,-0.04040024064431946,-0.009082153217527079,0.017565247176965587
2025-01-17,230.64637201374376,230.81529094249188,227.0294813062853,228.51995849609375,68488300,226.81088256835938,236.35987854003906,231.79901123046875,235.3463897705078,242.3019256591797,235.8839309692383,243.48386917114257,237.76271240234374,9.348566707247025,0.007535246582444088,-0.005705036491491344,0.017142145074203814
2025-01-21,222.5779137526142,222.9952455214703,217.98724913328002,221.22654724121094,98070400,228.51995849609375,226.81088256835938,236.35987854003906,232.91192626953125,241.81504821777344,233.82508087158203,242.2214340209961,237.75149475097658,10.550837977993005,-0.031915861104129695,-0.00869568427255274,0.01894022167099119
2025-01-22,218.39466636780546,222.6971793763667,218.39466636780546,222.40902709960938,64126500,221.22654724121094,228.51995849609375,226.81088256835938,231.79901123046875,243.4446258544922,231.72152099609374,240.93167572021486,237.77841857910155,11.32893823907231,0.005345108320608194,-0.008835067662017448,0.018818754997932813
2025-01-23,223.3132424800993,225.58869773276695,220.88873040600683,222.24009704589844,60234800,222.40902709960938,221.22654724121094,228.51995849609375,236.35987854003906,240.67234802246094,229.8782958984375,239.39996185302735,237.70747192382814,11.694299342842614,-0.0007595467500304265,-0.007772250913210854,0.018958176471415893
2025-01-24,223.35297985225768,224.19758968028435,220.00437919561992,221.3656768798828,54697900,222.24009704589844,222.40902709960938,221.22654724121094,226.81088256835938,241.15924072265625,227.89893951416016,237.78577423095703,237.6244024658203,11.850943073862865,-0.0039345742628749125,-0.00836801354996226,0.018708116378132265
2025-01-27,222.59782027357136,230.67619691244207,222.55806572164707,228.40074157714844,94863400,221.3656768798828,222.24009704589844,222.40902709960938,228.51995849609375,235.3463897705078,227.20437469482422,236.3777702331543,237.73628784179687,11.155312906068676,0.031780286792531864,-0.0027796061787171422,0.02160738313409012
2025-01-28,229.3844597561093,238.66516132615985,229.3447052045828,236.74740600585938,75707600,228.40074157714844,221.3656768798828,222.24009704589844,221.22654724121094,232.91192626953125,227.58792266845703,235.34636154174805,238.01510650634765,10.006134064481962,0.0365439462721342,0.0019092056338843588,0.02465580980551448
2025-01-29,232.6336842670617,238.33724933385383,232.52438199561368,237.84042358398438,45486100,236.74740600585938,228.40074157714844,221.3656768798828,222.40902709960938,231.79901123046875,228.1920639038086,234.54001388549804,238.2980987548828,9.028626602350146,0.004616809098630492,0.002848713101145162,0.024551448739890576
2025-01-30,237.1547951903121,239.26133146080375,235.7040725307193,236.08164978027344,55658300,237.84042358398438,236.74740600585938,228.40074157714844,222.24009704589844,236.35987854003906,228.16424102783202,233.81415100097655,238.48430877685547,8.216661211020982,-0.007394764006926291,0.00014164102980680494,0.023975573266148607
2025-01-31,245.62071750771995,245.62071750771995,231.95800933839706,234.5017547607422,100959800,236.08164978027344,237.84042358398438,236.74740600585938,221.3656768798828,226.81088256835938,228.9333282470703,233.09772796630858,238.70291198730467,7.425001420007764,-0.0066921551124439205,0.0035124495829943593,0.019615430768138466
2025-02-03,228.52992572925916,230.35824094469035,224.2671520837408,226.56248474121094,73063300,234.5017547607422,236.08164978027344,237.84042358398438,228.40074157714844,228.51995849609375,228.73758087158203,232.31075592041014,238.7027133178711,7.22964629140049,-0.03385590878682998,-0.0006266659539330477,0.02278346050989426
2025-02-04,225.80731341689966,231.64998934854387,225.21111642561868,231.32208251953125,45067300,226.56248474121094,234.5017547607422,236.08164978027344,236.74740600585938,221.22654724121094,229.74713439941405,231.78610763549804,238.79253967285158,6.875695987887235,0.02100788126400066,0.004665708282879988,0.020765147897395256
2025-02-05,227.0791967098242,231.19291368703577,226.82085275464706,230.9941864013672,39620300,231.32208251953125,226.56248474121094,234.5017547607422,237.84042358398438,222.40902709960938,230.60565032958985,231.1635856628418,238.86149963378907,6.304485166546038,-0.0014174873172186908,0.0039894487190972995,0.020850506839371258
2025-02-06,229.8216550685821,232.31573010563136,228.96711414866223,231.73941040039062,29925300,230.9941864013672,231.32208251953125,226.56248474121094,236.08164978027344,222.24009704589844,231.55558166503906,230.7169387817383,238.95490264892578,5.898747747916541,0.003226159110898852,0.004388019305190227,0.020787639989686208
2025-02-07,231.12335539671392,232.5144614947352,225.81724462416,226.18490600585938,39707200,231.73941040039062,230.9941864013672,231.32208251953125,234.5017547607422,221.3656768798828,232.03750457763672,229.96822204589844,238.91038726806642,5.4357268004006,-0.023968751732536098,0.0023846015582241085,0.022568015371724304
2025-02-10,228.36338248973718,229.378010419489,226.00582893863492,226.45346069335938,33115600,226.18490600585938,231.73941040039062,230.9941864013672,226.56248474121094,228.40074157714844,231.8427764892578,229.52357559204103,238.8116241455078,5.335432903247133,0.0011873236470210102,-0.0006746947563269767,0.0200764430364582
2025-02-11,227.00058728303875,233.99363668198936,226.93096309298542,231.39735412597656,53718400,226.45346069335938,226.18490600585938,231.73941040039062,231.32208251953125,236.74740600585938,231.30777130126953,229.44784698486328,238.76821655273437,5.2954074952670505,0.021831829893347088,-0.0021459063942056876,0.01740767346741084
2025-02-12,229.98480349517558,235.71453849328682,229.4675323792709,235.625,45243300,231.39735412597656,226.45346069335938,226.18490600585938,230.9941864013672,237.84042358398438,231.0862289428711,229.63914642333984,238.81194580078125,5.451618817219856,0.018270070070558475,-0.0007805802970128894,0.01849828965243362
2025-02-13,235.66481592241834,241.06626881430705,234.33186254170715,240.26052856445312,53614100,235.625,231.39735412597656,226.45346069335938,231.73941040039062,236.08164978027344,231.50411682128907,229.83417892456055,238.9006903076172,5.765448682542202,0.01967333077751987,0.0019262291814317266,0.01938220076128963
2025-02-14,239.9819785190441,244.25938055012708,239.7233505557091,243.3143768310547,40896200,240.26052856445312,235.625,231.39735412597656,226.18490600585938,234.5017547607422,232.3853790283203,230.65935363769532,239.0055993652344,6.450315048635445,0.012710570000191712,0.00386650169269529,0.019394747977615617
2025-02-18,242.86674847770814,243.8913336127375,240.56889220053384,243.18507385253906,48822500,243.3143768310547,240.26052856445312,235.625,226.45346069335938,226.56248474121094,234.04763793945312,231.3926094055176,239.04710998535157,7.004089389004494,-0.0005314235032046755,0.0071989502210578205,0.014417256649731721
2025-02-19,243.37407429304395,244.716969605811,241.88195827091008,243.5829620361328,32204200,243.18507385253906,243.3143768310547,240.26052856445312,231.39735412597656,231.32208251953125,235.2737258911133,232.51043014526368,239.08942413330078,7.079821245216652,0.0016361538037281687,0.005261777475030571,0.013635930268923515
2025-02-20,243.65259654249155,245.4829218502696,243.00600383864503,244.5379180908203,32316900,243.5829620361328,243.18507385253906,243.3143768310547,235.625,230.9941864013672,236.6280990600586,233.61687469482422,239.15024169921875,7.1469214586454894,0.003920455054429617,0.005795571712195402,0.013448604031171672
2025-02-21,244.6572756706751,247.38287960480025,243.93111682470231,244.25938415527344,53197400,244.5379180908203,243.5829620361328,243.18507385253906,240.26052856445312,231.73941040039062,237.88009643554688,234.71783905029298,239.2094631958008,6.996543237038705,-0.0011390214561466383,0.005359053655490853,0.013611130145916311
2025-02-24,243.64264638435856,247.55199828948733,243.1353323966777,245.80125427246094,51326400,244.25938415527344,244.5379180908203,243.5829620361328,243.3143768310547,226.18490600585938,239.84173126220702,235.9396179199219,239.2218182373047,6.668021541672242,0.006312429397624886,0.008387171768506951,0.008922253937988674
2025-02-25,246.69652285022872,248.68601093773057,243.62276739789988,245.74156188964844,48013300,245.80125427246094,244.25938415527344,244.5379180908203,243.18507385253906,226.45346069335938,241.77054138183593,236.80665893554686,239.2127084350586,6.762886182931373,-0.00024284816198016923,0.008244154587606833,0.009060870879737061
2025-02-26,243.0457837458091,243.6923612222431,237.8731183985742,239.09664916992188,44433600,245.74156188964844,245.80125427246094,244.25938415527344,243.5829620361328,231.39735412597656,242.54047088623048,236.92412109375,239.09613800048828,6.782176944928438,-0.027040247765294567,0.003356946821742668,0.013167344124400194
2025-02-27,238.15166004001364,241.1856322165831,235.81400561415145,236.05274963378906,41153600,239.09664916992188,245.74156188964844,245.80125427246094,244.5379180908203,235.625,242.58324584960937,236.83473739624023,238.88947662353516,6.781245217098767,-0.012730833103267614,0.000256856504360059,0.012913044136046171
2025-02-28,235.70458076540925,240.8175641664438,228.9900589647863,240.56887817382812,56833400,236.05274963378906,239.09664916992188,245.74156188964844,244.25938415527344,240.26052856445312,242.61408081054688,237.05909881591796,238.7697592163086,6.829080051518065,0.019131861615869106,0.00020270958819498252,0.012823404841708607
2025-03-03,240.51913191748446,242.7473638198223,234.8689935924468,236.77890014648438,47184000,240.56887817382812,236.05274963378906,239.09664916992188,245.80125427246094,243.3143768310547,241.96053314208984,237.17295608520507,238.51641204833984,6.8031323504351775,-0.015754232451486216,-0.0026437706569728105,0.012897503354093372
2025-03-04,236.46059966619734,238.80819608105105,233.44651142335266,234.68994140625,53798100,236.77890014648438,240.56887817382812,236.05274963378906,245.74156188964844,243.18507385253906,241.11101989746095,237.57932891845704,238.17279541015625,6.364581550454348,-0.008822402413990571,-0.0034728685480514,0.01301259979865897
2025-03-05,234.18262069274581,235.30668622205877,228.02515316620742,234.50094604492188,47227600,234.68994140625,236.77890014648438,240.56887817382812,239.09664916992188,243.5829620361328,240.20281829833985,237.73827209472657,237.93330932617187,6.238539462544791,-0.0008052980890261852,-0.0037170137373268354,0.012928725707203546
2025-03-06,233.20778757123546,236.60981025581015,231.93451645578955,234.09310913085938,45170400,234.50094604492188,234.68994140625,236.77890014648438,236.05274963378906,244.5379180908203,239.15833740234376,237.89321823120116,237.65108764648437,6.099147796288513,-0.001739169589466738,-0.004282976201716471,0.012678701907469093
2025-03-07,233.87426828677374,240.10136041796665,233.5261018066448,237.81346130371094,46273600,234.09310913085938,234.50094604492188,234.68994140625,240.56887817382812,244.25938415527344,238.5137451171875,238.1969207763672,237.3498693847656,5.925345997486152,0.01589261720118329,-0.002579812335983478,0.014200578175661638
2025-03-10,234.3019970725287,234.91874867921032,223.04150278970278,226.28436279296875,72071200,237.81346130371094,234.09310913085938,234.50094604492188,236.77890014648438,245.80125427246094,236.5620559692383,238.20189361572267,236.8025680541992,5.914766636349032,-0.04847958752014636,-0.008059014027760603,0.01983937911165495
2025-03-11,222.63366659789358,224.65299583409444,216.3070937419303,219.6792755126953,76137400,226.28436279296875,237.81346130371094,234.09310913085938,234.68994140625,245.74156188964844,233.95582733154296,237.86318435668946,236.06493713378907,6.756953723866985,-0.029189322667941164,-0.010953661478356701,0.020666710557962025
2025-03-12,218.98294858814833,220.58448707211764,213.7804415985268,215.8395538330078,62547500,219.6792755126953,226.28436279296875,237.81346130371094,234.50094604492188,239.09664916992188,231.63011779785157,237.085294342041,235.23421661376952,8.267256696009522,-0.017478761575147272,-0.009997512859341973,0.02005180179953028
2025-03-13,214.81497612462363,215.70029772842102,207.3245545879158,208.5779266357422,61368300,215.8395538330078,219.6792755126953,226.28436279296875,234.09310913085938,236.05274963378906,228.88263549804688,235.73294067382812,234.32642761230468,10.444246659423596,-0.0336436351368844,-0.012088793062703652,0.021412888976781463
2025-03-14,210.13967261110687,212.8254784087618,208.4784519318959,212.36790466308594,60107600,208.5779266357422,215.8395538330078,219.6792755126953,237.81346130371094,240.56887817382812,226.06253814697266,234.33830947875975,233.56180755615233,11.605555406663385,0.018170561422649945,-0.012184923082025567,0.02125875812849632
2025-03-17,212.18885305172668,214.08881784956162,208.86641153353526,212.87522888183594,48073400,212.36790466308594,208.5779266357422,215.8395538330078,226.28436279296875,236.77890014648438,223.67217102050782,232.81635208129882,232.84270782470702,12.339189529916776,0.002388893084173116,-0.010370610528459634,0.02169012069620673
2025-03-18,213.03437263106773,214.01915944879542,210.37840804794794,211.5720977783203,42432400,212.87522888183594,212.36790466308594,208.5779266357422,219.6792755126953,234.68994140625,221.36038665771486,231.2357032775879,232.22811126708984,12.950706755263523,-0.006121572295473499,-0.010100527516607926,0.02172832240686719
2025-03-19,213.0940452987452,217.61017604964766,212.62651443867486,214.1086883544922,54385400,211.5720977783203,212.87522888183594,212.36790466308594,215.8395538330078,234.50094604492188,219.32116088867187,229.76198959350586,231.67398406982423,13.14722004761586,0.011989249068323105,-0.008821072800872997,0.022691816555547372
2025-03-20,212.86529372925065,216.34689805154306,211.1045924362575,212.97471618652344,48862900,214.1086883544922,211.5720977783203,212.87522888183594,208.5779266357422,234.09310913085938,217.20932159423828,228.183829498291,231.06458587646483,13.174559224402898,-0.005296245456846038,-0.009176780387610928,0.02259614672940787
2025-03-21,210.4480334492585,217.68976839110027,210.16950634984832,217.12277221679688,94127800,212.97471618652344,214.1086883544922,211.5720977783203,212.36790466308594,237.81346130371094,215.14025268554687,226.82699890136718,230.59359436035157,12.824554880279257,0.019476753412553283,-0.008818366766473929,0.023061604270316966
2025-03-24,219.8384246082871,220.3158974796034,217.4311459430569,219.56983947753906,44299500,217.12277221679688,212.97471618652344,214.1086883544922,212.87522888183594,226.28436279296875,214.46880035400392,225.5154281616211,230.16180633544923,12.102967425554914,0.011270431174758455,-0.002843364896983447,0.01903236781361423
2025-03-25,219.60965673355645,222.92215637067883,218.9232808837126,222.57398986816406,34493600,219.56983947753906,217.12277221679688,212.97471618652344,211.5720977783203,219.6792755126953,214.75827178955078,224.35704956054687,229.90635833740234,11.135229403631453,0.013681981085258865,0.0014437654783365562,0.017176411220521458
2025-03-26,222.33520452469477,223.83727753407086,219.31118973503234,220.36561584472656,34466100,222.57398986816406,219.56983947753906,217.12277221679688,214.1086883544922,215.8395538330078,215.21087799072265,223.4204978942871,229.65543212890626,10.60537725959932,-0.009921977068145127,0.002199443929036771,0.016400099918674776
2025-03-27,220.22635468753003,223.80743885219795,219.40071541682642,222.67343139648438,37094800,220.36561584472656,222.57398986816406,219.56983947753906,212.97471618652344,208.5779266357422,216.62042846679688,222.75153198242188,229.47292053222657,10.180064434878654,0.01047266626833454,0.006611074069558664,0.010592264378962882
2025-03-28,220.504904155295,222.6336557419088,216.5358700680628,216.7547149658203,39818600,222.67343139648438,220.36561584472656,222.57398986816406,217.12277221679688,212.36790466308594,217.05910949707032,221.5608238220215,229.08081726074218,9.344823494232003,-0.02658025429232913,0.002135992498060757,0.014053641528520457
2025-03-31,215.86937928840504,224.4341253115235,215.09348022110552,220.9624786376953,65299300,216.7547149658203,222.67343139648438,220.36561584472656,219.56983947753906,212.87522888183594,217.86783447265626,220.77000274658204,228.9638491821289,8.631182778933818,0.019412558903452393,0.0038383590799886845,0.015081183383313546
2025-04-01,218.65468232589998,222.50433685640354,217.749461617725,222.0169219970703,36412700,220.9624786376953,216.7547149658203,222.67343139648438,222.57398986816406,211.5720977783203,218.91231689453124,220.13635177612304,228.83378845214844,7.997397114012072,0.004772047118026368,0.004927721021338672,0.014669633321654003
2025-04-02,220.15675729790527,224.00641185945875,219.8583310514353,222.71324157714844,35905900,222.0169219970703,220.9624786376953,216.7547149658203,220.36561584472656,214.1086883544922,219.77277221679688,219.54696655273438,228.8635223388672,7.285747243739193,0.0031363356171891787,0.004042429676225279,0.014461787778589167
2025-04-03,204.4596791341039,206.39944211542388,200.19223396809613,202.12203979492188,103419000,222.71324157714844,222.0169219970703,220.9624786376953,222.67343139648438,212.97471618652344,218.68750457763673,217.9484130859375,228.45778259277344,7.432115551978485,-0.09245611817424748,-0.004673557595514866,0.03390733171220601
2025-04-04,192.87091122900438,198.82943318150367,186.3553350717911,187.38987731933594,125910900,202.12203979492188,222.71324157714844,222.0169219970703,216.7547149658203,217.12277221679688,215.71421508789064,215.42723388671874,227.76077819824218,8.770667520638286,-0.07288746190437001,-0.013909979127207196,0.038821741741701436
2025-04-07,176.26863687444822,193.12954493623218,173.70219548773406,180.50625610351562,160466300,187.38987731933594,202.12203979492188,222.71324157714844,220.9624786376953,219.56983947753906,211.80785675048827,213.1383285522461,226.94358978271484,11.374910653295183,-0.03673422126260195,-0.018710444370943234,0.03832695162422463
2025-04-08,185.71870692843436,189.33957458197378,168.32064359895526,171.51376342773438,120859500,180.50625610351562,187.38987731933594,202.12203979492188,222.0169219970703,222.57398986816406,206.70183410644532,210.73005294799805,225.80585021972655,14.567822981495391,-0.049818177330232194,-0.025060460212492343,0.03761765513145608
2025-04-09,171.04623198001363,199.55559936553783,170.98654976711688,197.8048553466797,184395900,171.51376342773438,180.50625610351562,187.38987731933594,222.71324157714844,220.36561584472656,204.4457580566406,209.82831802368165,225.02699920654297,14.79135429949056,0.1532885256174954,-0.00873940994392829,0.06802876193549476
2025-04-10,188.07627873463142,193.75625918037224,182.0381746186605,189.41917419433594,121880000,197.8048553466797,171.51376342773438,180.50625610351562,202.12203979492188,222.67343139648438,201.12033233642578,208.87038040161133,224.05857421875,15.48091501055487,-0.04239370736196901,-0.014026047306958644,0.0684228962413738
2025-04-11,185.12186726950821,198.49121408156802,185.0820690088969,197.1085205078125,87435900,189.41917419433594,197.8048553466797,171.51376342773438,187.38987731933594,216.7547149658203,199.155712890625,208.10741119384767,223.27911163330077,15.67428684464881,0.04059433975563431,-0.0073085879021623,0.07032446273587506
2025-04-14,210.32868138530173,211.8207974391945,200.10271391024364,201.45556640625,101352900,197.1085205078125,189.41917419433594,197.8048553466797,180.50625610351562,220.9624786376953,197.20502166748048,207.53642807006835,222.61818786621095,15.69944117794923,0.022054074005721125,-0.007044436391935427,0.07044084910153832
2025-04-15,200.7990333068026,202.4403549077855,198.7498630049633,201.0775604248047,51343900,201.45556640625,197.1085205078125,189.41917419433594,171.51376342773438,222.0169219970703,195.1110855102539,207.01170120239257,222.10848937988283,15.73280211975769,-0.0018763739726259665,-0.00770927850100066,0.07034824362937415
2025-04-16,197.31741584829123,199.64511311117855,191.35889396287376,193.24891662597656,59732400,201.0775604248047,201.45556640625,197.1085205078125,197.8048553466797,222.71324157714844,192.1646530151367,205.9687126159668,221.3470260620117,15.927782244078848,-0.038933453252013805,-0.011916257387920959,0.07088348300428689
2025-04-17,196.16351652823,197.78495412822454,193.39812938355274,195.94467163085938,52164700,193.24891662597656,201.0775604248047,201.45556640625,189.41917419433594,202.12203979492188,191.54691619873046,205.1172103881836,220.64603576660156,15.988625706787454,0.013949651319910439,-0.0012756804385051668,0.06520938135047737
2025-04-21,192.25415204712533,192.78136508405416,188.81233157759124,192.1447296142578,46742500,195.94467163085938,193.24891662597656,201.0775604248047,197.1085205078125,187.38987731933594,192.02240142822265,203.86830825805663,219.8541421508789,15.977028740037436,-0.019392933653027744,0.00407377238662906,0.06072176244427331
2025-04-22,195.0892017003565,200.53045296496776,194.93999616163734,198.690185546875,52976400,192.1447296142578,195.94467163085938,193.24891662597656,201.45556640625,180.50625610351562,193.8407943725586,202.82432556152344,219.3042477416992,15.574135736098743,0.03406523793682803,0.011153718306572058,0.059551220928736597
2025-04-23,204.9172785719325,206.9067667134076,201.7341005812904,203.52464294433594,52929200,198.690185546875,192.1447296142578,195.94467163085938,201.0775604248047,171.51376342773438,197.04188232421876,201.87185821533203,218.84567138671875,14.869286072662096,0.02433163663396143,0.01856869970299142,0.05560115627268345
2025-04-24,203.81310578126346,207.73239972806866,201.87335793866913,207.27481079101562,47311000,203.52464294433594,198.690185546875,192.1447296142578,193.24891662597656,197.8048553466797,197.98887786865234,201.2173179626465,218.36322052001952,14.289160529898892,0.018426111906779452,0.005082458331919826,0.029543186812588725
2025-04-25,205.28531450927932,208.6475540878433,205.1162098506388,208.18002319335938,38222300,207.27481079101562,203.52464294433594,198.690185546875,195.94467163085938,189.41917419433594,199.86496276855468,200.49264755249024,217.81432098388672,13.488852279825563,0.0043672089188706575,0.009758549960003794,0.024456460012253416
2025-04-28,208.89624364686077,210.38835967290976,206.3696005213303,209.03550720214844,38743100,208.18002319335938,207.27481079101562,203.52464294433594,192.1447296142578,197.1085205078125,201.0576614379883,200.10668716430663,217.18982055664063,13.10399675214696,0.004109347264288132,0.006110050710869175,0.02193682347623174
2025-04-29,207.59310986089218,211.1244537916441,207.27478452266,210.09986877441406,36827600,209.03550720214844,208.18002319335938,207.27481079101562,198.690185546875,201.45556640625,201.92209167480468,199.56355667114258,216.52553039550781,12.400296500666329,0.005091774055573817,0.004413820715854444,0.021210770494167523
2025-04-30,208.19992461631293,212.4574277707069,205.5837430092506,211.3831024169922,52286500,210.09986877441406,209.03550720214844,208.18002319335938,203.52464294433594,201.0775604248047,202.95264587402343,199.03186569213867,215.88949096679687,11.588274141561996,0.006107731766153313,0.005212231289732372,0.021097654571035893
2025-05-01,207.98107159612528,213.43226431553572,207.8020097882055,212.19879150390625,57365700,211.3831024169922,210.09986877441406,209.03550720214844,207.27481079101562,193.24891662597656,204.8476333618164,198.50614318847656,215.26180755615235,10.658593129559172,0.003858818787250806,0.009491458493658834,0.014437111371212064
2025-05-02,205.0067917796952,205.9020705063368,201.09745506032002,204.27069091796875,101010600,212.19879150390625,211.3831024169922,210.09986877441406,208.18002319335938,195.94467163085938,205.68023529052735,198.61357574462892,214.4564630126953,10.707673121111487,-0.03736166699984034,0.004360326661683756,0.020515377455204157
2025-05-05,202.03251395918386,203.02725796650907,197.1682163705072,197.84463500976562,69018500,204.27069091796875,212.19879150390625,211.3831024169922,209.03550720214844,192.1447296142578,206.25022583007814,199.13631362915038,213.52816802978515,10.38112095989744,-0.0314585312230804,0.00315376690467849,0.022341147263100103
2025-05-06,197.1682179665783,199.59538061408486,195.98447015970467,197.4666290283203,51216500,197.84463500976562,204.27069091796875,212.19879150390625,210.09986877441406,198.690185546875,206.12787017822265,199.9843322753906,212.56147552490233,9.428154549753666,-0.0019106203280501166,-0.0004438189218093247,0.019530160402612257
2025-05-07,198.12317194216024,198.3917570874617,192.23428894820486,195.21852111816406,68536700,197.4666290283203,197.84463500976562,204.27069091796875,211.3831024169922,203.52464294433594,205.29725799560546,201.1695701599121,211.55101470947267,6.778277046588544,-0.011384748507727971,-0.004015457435978265,0.017673455342263954
2025-05-08,196.68078271707188,198.99853803284546,193.65675249053749,196.45199584960938,50478900,195.21852111816406,197.4666290283203,197.84463500976562,212.19879150390625,207.27481079101562,204.21497650146483,201.1019271850586,210.6981216430664,6.8202424900700285,0.006318430876231851,-0.005226225539033025,0.016328791316446975
2025-05-09,197.95405738682032,199.48595647897335,196.50172445806652,197.4865264892578,36453900,196.45199584960938,195.21852111816406,197.4666290283203,204.27069091796875,208.18002319335938,203.1456268310547,201.5052947998047,209.92679718017578,6.312597017243879,0.005266073450536091,-0.005136339085866482,0.016389828791555306
2025-05-12,210.1363584051843,210.4351760021984,205.93303241640405,209.95706176757812,63775800,197.4865264892578,196.45199584960938,195.21852111816406,197.84463500976562,209.03550720214844,203.23778228759767,202.14772186279296,209.3145608520508,6.49281072465551,0.06314625863349033,0.000767352051053738,0.02717460647811774
2025-05-13,209.59847136477597,212.55673652410627,208.17412935394688,212.08859252929688,51909300,209.95706176757812,197.4865264892578,196.45199584960938,197.4666290283203,210.09986877441406,203.43665466308593,202.67937316894532,208.82075469970704,6.858202922598719,0.010152222286661461,0.0012733968741625024,0.027310859633325947
2025-05-14,211.5905625216416,213.09460539099953,209.7478820292828,211.490966796875,49325800,212.08859252929688,209.95706176757812,197.4865264892578,195.21852111816406,211.3831024169922,203.44744110107422,203.20004348754884,208.35677520751952,7.120468737550592,-0.0028178117705190964,0.00038084252049526147,0.02728114559908238
2025-05-15,210.11643191755599,212.11849916658366,208.71199985896817,210.6144561767578,45029500,211.490966796875,212.08859252929688,209.95706176757812,196.45199584960938,212.19879150390625,203.28900756835938,204.06832046508788,207.87904541015624,6.898477777637359,-0.004144435260722168,-0.00041948288430203594,0.027285170492685855
2025-05-16,211.52086084946143,211.73003772257164,208.94109887256835,210.42520141601562,54737900,210.6144561767578,211.490966796875,212.08859252929688,197.4865264892578,204.27069091796875,203.90445861816406,204.7923469543457,207.40568725585936,6.759488049837532,-0.0008985839062412015,0.003226825425057878,0.02404364939722068
2025-05-19,207.0884445111699,208.65223273202483,203.45285841572866,207.9550018310547,46140500,210.42520141601562,210.6144561767578,211.490966796875,209.95706176757812,197.84463500976562,204.91549530029297,205.58286056518554,206.80851806640624,6.094280413164986,-0.011739086232724016,0.005198769924093516,0.02156358190688758
2025-05-20,206.84938410987283,207.64622592622177,204.2198167548668,206.04258728027344,42496600,207.9550018310547,210.42520141601562,210.6144561767578,212.08859252929688,197.4666290283203,205.7730911254883,205.95048065185546,206.40368255615235,5.874406176096693,-0.009196290225973569,0.004470202934301171,0.021950091901290953
2025-05-21,204.3592586621154,206.22186440009241,199.91689108628387,201.2914276123047,59211800,206.04258728027344,207.9550018310547,210.42520141601562,211.490966796875,195.21852111816406,206.38038177490233,205.8388198852539,206.03592559814453,5.943758489372035,-0.02305911477177236,0.003302766307896732,0.023163941268086373
2025-05-22,199.91687517553498,201.94880716447733,198.91085659406792,200.56430053710938,46742400,201.2914276123047,206.04258728027344,207.9550018310547,210.6144561767578,196.45199584960938,206.79161224365234,205.5032943725586,205.73042053222656,6.046939076481047,-0.0036123101903563493,0.0023096922012379117,0.023233059931478423
2025-05-23,192.9047141233614,196.9187884239126,192.69555244631704,194.49839782714844,78432900,200.56430053710938,201.2914276123047,206.04258728027344,210.42520141601562,197.4865264892578,206.4927993774414,204.81921310424804,205.44882995605468,6.4861289195555845,-0.03024417951607794,-0.0012413330954234914,0.025348443369121367
2025-05-27,197.51641281084125,199.94677348688452,196.64984031499387,199.4188690185547,56288500,194.49839782714844,200.56430053710938,201.2914276123047,207.9550018310547,209.95706176757812,205.43898010253906,204.33838119506837,205.18984924316408,6.5135086053483855,0.02529826078968056,-0.005026132879804468,0.015628439930660733
2025-05-28,199.79736291846774,201.9289060786693,199.11008702875665,199.62803649902344,45339700,199.4188690185547,194.49839782714844,200.56430053710938,206.04258728027344,212.08859252929688,204.19292449951172,203.81478958129884,204.9249053955078,6.446540227355805,0.0010488851004830657,-0.005936466598422308,0.014893956698030791
2025-05-29,202.775557811137,203.00464471322186,197.72558456215265,199.15989685058594,51396800,199.62803649902344,199.4188690185547,194.49839782714844,201.2914276123047,211.490966796875,202.9598175048828,203.20362930297853,204.67666137695312,6.268207443730014,-0.0023450596251283207,-0.00588919138388323,0.014905701227526146
2025-05-30,198.58218796001185,201.16196516975768,196.00242594876025,200.0563507080078,70819900,199.15989685058594,199.62803649902344,199.4188690185547,200.56430053710938,210.6144561767578,201.9040069580078,202.59650726318358,204.39561462402344,5.930024153249331,0.004501176550088415,-0.005024630202802171,0.015264556889423964
2025-06-02,199.4885975362889,201.3312933884623,199.3292261245183,200.90298461914062,35423300,200.0563507080078,199.15989685058594,199.62803649902344,194.49839782714844,210.42520141601562,200.9517852783203,202.4281219482422,204.15417999267578,5.927796246473799,0.004231977181111901,-0.004511574094066861,0.015503005191774222
2025-06-03,200.55435521702816,202.9647905668523,200.16589694161215,202.46676635742188,46381600,200.90298461914062,200.0563507080078,199.15989685058594,199.4188690185547,207.9550018310547,200.40296173095703,202.659228515625,203.86105987548828,5.8289727108818115,0.007783765588379676,-0.002559288911956492,0.01571945999091938
2025-06-04,202.10819540070028,205.42503857555045,201.30139858491114,202.0185546875,43604000,202.46676635742188,200.90298461914062,200.0563507080078,199.62803649902344,206.04258728027344,200.00055847167968,202.88682479858397,203.5100341796875,5.703059689315638,-0.002213754276742086,-0.0018610353170333438,0.01554601352461879
2025-06-05,202.69587362440456,203.9409342732031,199.35910500622674,199.83721923828125,55126100,202.0185546875,202.46676635742188,200.90298461914062,199.15989685058594,201.2914276123047,199.85513763427736,203.11775970458984,203.05529876708985,5.464736237194798,-0.010797698521272103,-0.0006348936919833182,0.014105073840361436
2025-06-06,202.19783403313102,204.8871617909174,201.2515910514923,203.11419677734375,46607700,199.83721923828125,202.0185546875,202.46676635742188,200.0563507080078,200.56430053710938,200.1101272583008,203.45086975097655,202.71027038574218,5.23526433035016,0.016398234280647683,0.0013661607551170851,0.015025157506673315
2025-06-09,203.58236159580053,205.18600036190864,199.2296343157191,200.6539764404297,72862600,203.11419677734375,199.83721923828125,202.0185546875,200.90298461914062,194.49839782714844,200.7256851196289,203.60924224853517,202.2698812866211,5.091269329121481,-0.012112498170726016,0.0031793288896522776,0.0114570845159016
2025-06-10,199.80731310224203,203.54249456453348,199.77743286642308,201.86912536621094,54672600,200.6539764404297,203.11419677734375,199.83721923828125,202.46676635742188,199.4188690185547,200.97071075439453,203.2048454284668,201.9721694946289,4.877239850396358,0.00605594241060059,0.0012550970517442805,0.008585414930316006
2025-06-11,202.69585666840098,203.69190510411792,197.62597377823997,197.9945068359375,60989900,201.86912536621094,200.6539764404297,203.11419677734375,202.0185546875,199.62803649902344,200.80735778808594,202.50014114379883,201.51281005859374,4.53208680717895,-0.019193715350202756,-0.0007691629933243016,0.010752360276866385
2025-06-12,198.29333609984755,198.890956077424,196.58013147350607,198.41285705566406,43904600,197.9945068359375,201.86912536621094,200.6539764404297,199.83721923828125,199.15989685058594,200.73265380859374,201.8462356567383,201.0407287597656,4.088337091501938,0.0021129385173963566,-0.00032336317907183387,0.010772160352253183
2025-06-13,198.94075911963023,199.57822954037988,194.92668495173118,195.67372131347656,51447300,198.41285705566406,197.9945068359375,201.86912536621094,203.11419677734375,200.0563507080078,200.2943908691406,201.0991989135742,200.4999383544922,3.7531212807938372,-0.013805233102505254,-0.002154004144331201,0.011398475129444948
2025-06-16,196.52037110088898,197.90487790098294,195.78328974313985,197.6359405517578,43020700,195.67372131347656,198.41285705566406,197.9945068359375,200.6539764404297,200.90298461914062,199.96768646240236,200.45973587036133,200.4102163696289,3.115952534526804,0.010028016154186137,-0.0015744002470237772,0.011895790907226228
2025-06-17,196.42074594971083,197.60604600468164,194.43861931524052,194.86691284179688,38856200,197.6359405517578,195.67372131347656,198.41285705566406,201.86912536621094,202.46676635742188,199.20770111083985,199.80533142089843,200.55975708007813,2.819199192835838,-0.014010749776737996,-0.0037538517835355445,0.011986918812690463
2025-06-18,195.16572178414586,196.78928550519313,194.29916455806153,195.80319213867188,45394700,194.86691284179688,197.6359405517578,195.67372131347656,197.9945068359375,202.0185546875,198.58616485595704,199.29336166381836,200.86569580078125,2.5431155283957483,0.004804711498842984,-0.0030520052059770375,0.012288780893074938
2025-06-20,197.45664606001856,200.90296511361447,196.08209436431653,200.2057342529297,96813500,195.80319213867188,194.86691284179688,197.6359405517578,198.41285705566406,199.83721923828125,198.62301635742188,199.23907699584962,201.43953521728517,2.509587038034202,0.02248452676471091,0.00027621732262126384,0.014300253574669769
2025-06-23,200.83327230185307,201.50062300089087,198.17382451965966,200.7037811279297,55814300,200.2057342529297,195.80319213867188,194.86691284179688,195.67372131347656,203.11419677734375,198.38197479248046,199.2460510253906,201.49751373291016,2.513654112478054,0.0024876753748261926,-0.0011148385679608853,0.013191310362479107
2025-06-24,201.78945874554142,202.63610603642124,199.4089034764897,199.50851440429688,54064000,200.7037811279297,200.2057342529297,195.80319213867188,197.6359405517578,200.6539764404297,198.26742858886718,199.49655685424804,201.69930053710937,2.2515993809668187,-0.005955377207721546,-0.0004991264716604383,0.012757513278424752
2025-06-25,200.65396860223956,202.8651975026319,199.82724651799433,200.76353454589844,39525700,199.50851440429688,200.7037811279297,200.2057342529297,194.86691284179688,201.86912536621094,198.15686950683593,199.56379013061525,201.7724008178711,2.26916500382776,0.006290559304443111,-0.00047566478227618615,0.01277111630821242
2025-06-26,200.63402778217431,201.83925306874522,198.67182635942322,200.2057342529297,50799100,200.76353454589844,199.50851440429688,200.7037811279297,195.80319213867188,197.9945068359375,198.37799224853515,199.59267501831056,201.7474041748047,2.2736981746984344,-0.0027783944640664693,0.0011658673063374425,0.01103481146576829
2025-06-27,201.09222774816857,202.41697405518968,199.20969672208463,200.28543090820312,73188600,200.2057342529297,200.76353454589844,199.50851440429688,200.2057342529297,198.41285705566406,198.56524963378905,199.6489517211914,201.73156158447264,2.2763502278600467,0.0003980737892990138,0.0009943808335277082,0.011031782688959732
2025-06-30,201.21175129212304,206.570497066428,198.47261792694385,204.35926818847656,91912800,200.28543090820312,200.2057342529297,200.76353454589844,200.7037811279297,195.67372131347656,199.43380432128907,199.86409759521484,201.95376861572265,2.5083963128390026,0.020340157852722696,0.004408919929050503,0.011224684143737944
2025-07-01,205.85332972802502,209.35942450018746,205.3254252695324,206.99879455566406,78788900,204.35926818847656,200.28543090820312,200.2057342529297,199.50851440429688,197.6359405517578,200.37008972167968,200.16888809204102,202.17485107421874,2.9692782989249835,0.012916107943551136,0.004697729107987003,0.01142076911813876
2025-07-02,208.08449026524102,212.49697770796604,207.31752868499885,211.6005401611328,67941800,206.99879455566406,204.35926818847656,200.28543090820312,200.76353454589844,194.86691284179688,202.04345245361327,200.62557678222657,202.56396728515625,3.8983585751216085,0.02223078455769123,0.008321882541429926,0.010540723543472961
2025-07-03,211.31168447150716,213.80180573654258,210.97303162710094,212.70616149902344,34955800,211.6005401611328,206.99879455566406,204.35926818847656,200.2057342529297,195.80319213867188,203.73374938964844,201.15995712280272,202.8442868041992,4.740839836277594,0.005225040243511225,0.00836391541589675,0.010525967613633403
2025-07-07,211.8395692407974,215.37554414763466,207.97491173225177,209.120361328125,50229000,212.70616149902344,211.6005401611328,206.99879455566406,200.28543090820312,200.2057342529297,204.62521209716797,201.6241142272949,202.956201171875,5.048945945022602,-0.016857998591239265,0.0044296628803017326,0.011921660021481357
2025-07-08,209.26980118177752,210.59453234535175,207.62631199643187,209.18014526367188,42848900,209.120361328125,212.70616149902344,211.6005401611328,204.35926818847656,200.7037811279297,205.47284851074218,201.92741165161132,202.99430786132814,5.318184892295853,0.00028588290096287494,0.004209483632915401,0.011981692548986893
2025-07-09,208.7020406311003,210.49493096772343,206.40117103180637,210.30567932128906,48749400,209.18014526367188,209.120361328125,212.70616149902344,206.99879455566406,199.50851440429688,206.5525650024414,202.4099967956543,203.0368209838867,5.625574515254324,0.005380692590104319,0.005343090612697987,0.011437002781963652
2025-07-10,209.678147079363,212.6364120977978,209.2000480941239,211.57064819335938,44443600,210.30567932128906,209.18014526367188,209.120361328125,211.6005401611328,200.76353454589844,207.6332763671875,202.89507293701172,203.08752380371095,5.983370370300898,0.00601490590341025,0.005315525272594701,0.011434797448019242
2025-07-11,209.73792710960444,211.29176024279,209.03072603053,210.32559204101562,39765800,211.57064819335938,210.30567932128906,209.18014526367188,212.70616149902344,200.2057342529297,208.6452621459961,203.51162719726562,203.09203826904297,6.086257088949267,-0.005884824586848469,0.005004882260316501,0.011717805272104732
2025-07-14,209.10044482334126,210.07658325197187,206.71988962428105,207.79562377929688,38840100,210.32559204101562,211.57064819335938,210.30567932128906,209.120361328125,200.28543090820312,209.39628143310546,203.98076553344725,203.02028869628907,6.033944925395333,-0.012028817972971062,0.0037621930840894937,0.012863575358422948
2025-07-15,208.39327261019983,211.05272033528996,208.09445501444372,208.28370666503906,42296300,207.79562377929688,210.32559204101562,211.57064819335938,209.18014526367188,204.35926818847656,209.78872528076172,204.61126480102538,202.94198699951173,5.773437670065237,0.002348860273691855,0.0019630633261864096,0.01146998040258722
2025-07-16,209.46900551017632,211.5606982702429,207.81556132948495,209.32955932617188,47490500,208.28370666503906,207.79562377929688,210.32559204101562,210.30567932128906,206.99879455566406,210.0218017578125,205.1959457397461,203.0431643676758,5.619932509961749,0.005021288884659469,0.0011735814202972427,0.0108893158355685
2025-07-17,209.7379236663323,210.96305897069354,208.761785269157,209.19009399414062,48068100,209.32955932617188,208.28370666503906,207.79562377929688,211.57064819335938,211.6005401611328,209.78075714111327,205.91210479736327,203.27007354736327,5.125251268135633,-0.0006662476741469137,-0.0011161218028865715,0.007991290765755011
2025-07-18,210.0367321724359,210.95309492429405,208.87135730762196,210.3455047607422,48974600,209.19009399414062,209.32955932617188,208.28370666503906,210.32559204101562,212.70616149902344,209.54469146728516,206.63922042846679,203.52765106201173,4.62252373506373,0.005523257552692451,-0.001086300071968449,0.008018095379950385
2025-07-21,211.2618775331451,214.92732845073886,210.7937335563828,211.64036560058594,51377400,210.3455047607422,209.19009399414062,209.32955932617188,207.79562377929688,209.120361328125,209.79669189453125,207.2109519958496,203.85608795166016,4.49017029862403,0.006155875978032466,0.001215087384958724,0.0060493110644037115
2025-07-22,212.29777975345726,214.1006251327807,211.39137195770533,213.55279541015625,46404100,211.64036560058594,210.3455047607422,209.19009399414062,208.28370666503906,209.18014526367188,210.23395690917968,207.85340270996093,204.1981039428711,4.428922903918922,0.009036224276703031,0.0020901215225327396,0.006514917864856018
2025-07-23,214.15043456376964,214.29983576430007,211.5706725113145,213.3037872314453,46989300,213.55279541015625,211.64036560058594,210.3455047607422,209.32955932617188,210.30567932128906,210.5337677001953,208.54316635131835,204.51444915771484,4.124674511353309,-0.0011660263132247106,0.0014354496321998366,0.006476333676549044
2025-07-24,213.05474462863134,214.8376797586153,212.68621158769832,212.91529846191406,46022600,213.3037872314453,213.55279541015625,211.64036560058594,209.19009399414062,211.57064819335938,210.6682327270508,209.15075454711913,204.57361389160155,3.8006609987337048,-0.001821293351485176,0.0006518297067102941,0.006333161701671261
2025-07-25,213.85160291428238,214.38947759784276,212.5567368669443,213.03485107421875,40268800,212.91529846191406,213.3037872314453,213.55279541015625,210.3455047607422,210.32559204101562,210.93915863037108,209.7922103881836,204.5925390625,3.2549473467021386,0.0005615031572101525,0.0012964624811161562,0.0059076713747588175
2025-07-28,213.18426788884761,214.00103498726418,212.21809958876685,213.20419311523438,37858000,213.03485107421875,212.91529846191406,213.3037872314453,211.64036560058594,207.79562377929688,211.48001556396486,210.43814849853516,204.62680358886718,2.4518200711746543,0.000794902994330382,0.0025788345778463007,0.0036567883669095824
2025-07-29,213.33365491441555,213.96117031669576,209.9869466315705,210.43516540527344,51411700,213.20419311523438,213.03485107421875,212.91529846191406,213.55279541015625,208.28370666503906,211.69516143798828,210.741943359375,204.6232177734375,1.9923327809677407,-0.01298767941428014,0.0010451806090491012,0.0061381451701607624
2025-07-30,211.06265157316113,211.55072076453234,206.89917652304968,208.2239227294922,45512500,210.43516540527344,213.20419311523438,213.03485107421875,213.3037872314453,209.32955932617188,211.5845977783203,210.8031997680664,204.57919219970702,1.887251221192115,-0.010507952278425825,-0.0005077435072594283,0.0069333425044479655
2025-07-31,207.66614913739534,209.01080544085684,206.3414028602417,206.74978637695312,80698400,208.2239227294922,210.43516540527344,213.20419311523438,212.91529846191406,209.19009399414062,211.34056701660157,210.56066207885743,204.555087890625,2.0811250002802413,-0.007079572477626139,-0.0011490759876073508,0.007239489572992482
2025-08-01,210.03674932642843,212.7360475386617,200.7037794341265,201.58030700683594,104434500,206.74978637695312,208.2239227294922,210.43516540527344,213.03485107421875,210.3455047607422,210.46404724121095,210.00436935424804,204.46584228515624,2.829775159541674,-0.02500355362250295,-0.004201757105126891,0.010016760020670493
2025-08-04,203.70186769022786,207.0585613783641,200.88304868853191,202.5464630126953,75109300,201.58030700683594,206.74978637695312,208.2239227294922,213.20419311523438,211.64036560058594,209.55465698242188,209.67567443847656,204.49094299316405,3.2833151689434334,0.004792908693340925,-0.004338053833596045,0.009868338898631434
2025-08-05,202.59624780213056,204.52858421879685,201.36115745633876,202.11814880371094,44155100,202.5464630126953,201.58030700683594,206.74978637695312,210.43516540527344,213.55279541015625,208.41119232177735,209.32257461547852,204.5220199584961,3.6935225401027956,-0.0021146466969286237,-0.00545314093095921,0.008756553390593821
2025-08-06,204.81746371165528,214.5289368613384,204.77761325937152,212.4073486328125,108483100,202.11814880371094,202.5464630126953,201.58030700683594,208.2239227294922,213.3037872314453,208.32154846191406,209.4276580810547,204.88019897460939,3.7523925806805494,0.05090685764737546,-0.0002458525348991936,0.01993602715673801
2025-08-07,218.01508808955717,219.97730473834642,215.7241736307253,219.16053771972656,90224800,212.4073486328125,202.11814880371094,202.5464630126953,206.74978637695312,212.91529846191406,208.94607238769532,209.80715255737306,205.2750323486328,4.3212130959993855,0.031793575553679565,0.0031156343556172804,0.022330978996485427
2025-08-08,219.95738825778145,230.08719950298993,218.38362983130105,228.4437255859375,113854000,219.16053771972656,212.4073486328125,202.11814880371094,201.58030700683594,213.03485107421875,210.4869598388672,210.71305923461915,205.8513461303711,6.006244585486036,0.04235793525056386,0.007295277564952652,0.025488110575217597
2025-08-11,227.27701087414155,228.91238364576833,224.12592192869855,226.53909301757812,61806100,228.4437255859375,219.16053771972656,212.4073486328125,202.5464630126953,213.20419311523438,211.82044982910156,211.6502326965332,206.39893005371093,6.919881882555927,-0.00833742561094275,0.006382044704425338,0.0259070574312236
2025-08-12,227.36674823663387,230.14888579943394,226.429412881848,229.0021209716797,55626200,226.53909301757812,228.4437255859375,219.16053771972656,202.11814880371094,210.43516540527344,213.6771453857422,212.68615341186523,206.97784545898438,7.874350214546836,0.010872419065924621,0.008768054552445814,0.025008059683553584
2025-08-13,230.4181341091737,234.33703985510917,229.77992501054072,232.6717529296875,69878500,229.0021209716797,226.53909301757812,228.4437255859375,212.4073486328125,208.2239227294922,216.1219284057617,213.853263092041,207.6132208251953,9.00004970408732,0.01602444528652036,0.011421294308940433,0.024127718954009256
2025-08-14,233.39967872378062,234.4566858681212,230.1987431425788,232.123291015625,51916300,232.6717529296875,229.0021209716797,226.53909301757812,219.16053771972656,206.74978637695312,218.6592788696289,214.99992294311522,208.20635131835937,9.800024696146146,-0.002357234632724192,0.011893528093430628,0.023768927283284943
2025-08-15,233.33985018068216,233.6190590405621,228.69299310222902,230.9366455078125,56038700,232.123291015625,232.6717529296875,229.0021209716797,228.4437255859375,201.58030700683594,221.59491271972655,216.02947998046875,208.78471313476564,10.351417295487026,-0.005112134601489071,0.013882669995532015,0.021010283744598693
2025-08-18,231.04634466466607,232.46233685580373,229.46083388892833,230.23863220214844,37476200,230.9366455078125,232.123291015625,232.6717529296875,226.53909301757812,202.5464630126953,224.36412963867187,216.9593933105469,209.39274139404296,10.763549273433236,-0.003022531587090427,0.01310112596748888,0.02152502981440063
2025-08-19,230.62753117126795,232.2130419457167,228.70298322789472,229.90956115722656,39402600,230.23863220214844,230.9366455078125,232.123291015625,229.0021209716797,202.11814880371094,227.14327087402344,217.7772315979004,209.92864868164062,11.107016784063457,-0.0014292607707683258,0.01316966456010491,0.02147222392404463
2025-08-20,229.33119207499826,229.81981519856654,225.13307755654054,225.3723907470703,42263900,229.90956115722656,230.23863220214844,230.9366455078125,232.6717529296875,212.4073486328125,228.4397750854492,218.38066177368165,210.42301696777344,11.178792876759902,-0.019734587754066668,0.006105520019960698,0.019174868678695816
2025-08-21,225.6316789169631,225.88097364743615,223.14869792378403,224.26553344726562,30621200,225.3723907470703,229.90956115722656,230.23863220214844,232.123291015625,219.16053771972656,228.9502746582031,218.94817352294922,210.87094512939453,11.174837618559456,-0.004911237335397001,0.0024350387310530406,0.01711350576529239
2025-08-22,225.53195134940427,228.44371192910324,224.77410085849388,227.11746215820312,42477800,224.26553344726562,225.3723907470703,229.90956115722656,230.9366455078125,228.4437255859375,228.8176483154297,219.65230407714844,211.45340423583986,11.226183721195236,0.012716749948596506,-0.0005290797991436946,0.010851854161340853
2025-08-25,225.84106025439092,228.6531118971015,225.59176554347297,226.51914978027344,30983100,227.11746215820312,224.26553344726562,225.3723907470703,230.23863220214844,226.53909301757812,228.8156539916992,220.31805191040038,212.01553009033202,11.218471256398916,-0.0026343741790885167,4.1225344041728726e-05,0.010541316432639114
2025-08-26,226.22996704217394,228.84258604761433,224.05612439304167,228.6630859375,54575100,226.51914978027344,227.11746215820312,224.26553344726562,229.90956115722656,229.0021209716797,228.78175048828126,221.2294479370117,212.6753173828125,11.113252264931491,0.009464701590599311,-9.954640349080224e-05,0.010388899789233874
2025-08-27,227.96506627689797,230.24859923631865,227.6160475796746,229.8397674560547,31259500,228.6630859375,226.51914978027344,227.11746215820312,225.3723907470703,232.6717529296875,228.49855194091796,222.31024017333985,213.31939392089845,10.829333510401355,0.005145918125483151,-0.0011873991195945233,0.008988021066721873
2025-08-28,230.16884905542523,232.75153884501827,228.69301327644948,231.9039306640625,38074700,229.8397674560547,228.6630859375,226.51914978027344,224.26553344726562,232.123291015625,228.47661590576172,223.5679473876953,214.06013427734376,10.378341433896157,0.008980879291928812,-5.358772712922288e-05,0.009523251033667001
2025-08-29,231.85405874294378,232.7216147258446,230.71727541448905,231.485107421875,39418400,231.9039306640625,229.8397674560547,228.6630859375,227.11746215820312,230.9366455078125,228.53146209716797,225.06318740844728,214.77377258300783,9.121979490126932,-0.0018060204541949787,0.00027702368760018636,0.009384501864240839
2025-09-02,228.6032698757151,230.19876225122124,226.32970313085187,229.0719451904297,44075600,231.485107421875,231.9039306640625,229.8397674560547,226.51914978027344,230.23863220214844,228.4147933959961,226.38946151733398,215.35109680175782,7.451198729946305,-0.01042469754672981,-0.000463192908363752,0.009948648391932024
2025-09-03,236.5408165177042,238.17618932549604,233.69885053091846,237.79725646972656,66427800,229.0719451904297,231.485107421875,231.9039306640625,228.6630859375,229.90956115722656,229.20356292724608,228.17341690063478,216.09296630859376,5.292885574504236,0.038089829254487784,0.003488716094161859,0.015705649466809857
2025-09-04,237.77729643117493,239.2232027368954,236.0721290991865,239.10354614257812,47549400,237.79725646972656,229.0719451904297,231.485107421875,229.8397674560547,225.3723907470703,230.57667846679686,229.50822677612305,216.88486694335938,4.398220842071634,0.005493291605817463,0.006011504030150272,0.01342079115992065
2025-09-05,239.32291694518142,240.63920029193574,237.81718240373485,239.0137939453125,54870400,239.10354614257812,237.79725646972656,229.0719451904297,231.9039306640625,224.26553344726562,232.05150451660157,230.50088958740236,217.64987213134765,4.174585603129059,-0.0003753695782166,0.006465090805868312,0.013083013516869841
2025-09-08,238.62490021245955,239.47249309970456,235.67324414176576,237.2089080810547,48999500,239.0137939453125,239.10354614257812,237.79725646972656,231.485107421875,227.11746215820312,233.0606491088867,230.93914871215821,218.38993560791016,4.401197811677716,-0.0075513878695669945,0.004438277024051962,0.013567878223968145
2025-09-09,236.33139119913957,238.1063683630383,232.70166073618753,233.68887329101562,66313900,237.2089080810547,239.0137939453125,239.10354614257812,229.0719451904297,226.51914978027344,233.77762145996093,231.29663772583007,219.05800445556642,4.314509355645268,-0.014839387013392713,0.0032177757406215424,0.014770449392751926
2025-09-10,231.53496736029473,231.76431424305812,225.31256565050364,226.1501922607422,83440800,233.68887329101562,237.2089080810547,239.0137939453125,237.79725646972656,228.6630859375,233.52633209228514,231.1540412902832,219.4938229370117,4.439649390735442,-0.032259477843797124,-0.0009546422028181012,0.018284833732860776
2025-09-11,226.23995033725743,229.7998710451417,226.010588238333,229.3810577392578,50208600,226.1501922607422,233.68887329101562,237.2089080810547,239.10354614257812,229.8397674560547,233.48046112060547,230.98950653076173,219.9414682006836,4.4414189046822115,0.014286370691166894,-4.059694624972687e-05,0.01884360531718944
2025-09-12,228.5733443098202,233.84841389514688,228.3739115767776,233.40966796875,55824200,229.3810577392578,226.1501922607422,233.68887329101562,239.0137939453125,231.9039306640625,233.63103485107422,231.05382537841797,220.37765075683595,4.467937306344266,0.01756295951024689,0.000817611075582081,0.019484655240196266
2025-09-15,236.33138325533858,237.5180285002954,234.3669397384463,236.0322265625,42699500,233.40966796875,229.3810577392578,226.1501922607422,237.2089080810547,231.485107421875,234.08574676513672,231.30860443115233,220.84417205810547,4.604113215995497,0.011235861035975292,0.002121799224599108,0.019724529373393026
2025-09-16,236.51088466190768,240.53949594661788,235.65332541334,237.4781494140625,63421100,236.0322265625,233.40966796875,229.3810577392578,233.68887329101562,229.0719451904297,234.9263671875,231.67058029174805,221.4113278198242,4.7961455240016235,0.006125955224930424,0.0037768645017651316,0.01924329552609547
2025-09-17,238.2958480596019,239.42266510979977,237.05934071942244,238.3157958984375,46508000,237.4781494140625,236.0322265625,233.40966796875,226.1501922607422,237.79725646972656,234.97822113037108,232.09089202880858,221.99404083251954,4.997797877179381,0.003527257082143187,0.0003206072845306718,0.01504055783010762
2025-09-18,239.2930082114909,240.51953392817583,235.98236714862816,237.2089080810547,44249600,238.3157958984375,237.4781494140625,236.0322265625,229.3810577392578,239.10354614257812,234.78875732421875,232.6827178955078,222.53210540771485,4.859241658996852,-0.004644626316983702,-0.0006931845077494447,0.014994756721439077
2025-09-19,240.5494606794321,245.60516498271895,239.53234916144805,244.8074188232422,163741300,237.2089080810547,238.3157958984375,237.4781494140625,233.40966796875,239.0137939453125,235.3681198120117,233.70981216430664,223.1968408203125,5.148803061322336,0.03203299068174581,0.0025476515182467963,0.018225305718961294
2025-09-22,247.5995237986898,255.9160073848096,247.42002368458668,255.35755920410156,105517400,244.8074188232422,237.2089080810547,238.3157958984375,236.0322265625,237.2089080810547,237.1829849243164,235.12181701660157,224.09748016357423,6.840221624446058,0.04309567263758818,0.007612357568962313,0.02179473652891354
2025-09-23,255.15814081026073,256.6140134777918,252.86462630601793,253.71221923828125,60275200,255.35755920410156,244.8074188232422,237.2089080810547,237.4781494140625,233.68887329101562,239.18531951904296,236.48147048950196,225.0158120727539,7.69007571455672,-0.006443278871197333,0.008451968383181852,0.020980216821874825
2025-09-24,254.49999981420794,255.01853710208397,250.33178410429736,251.59820556640625,42303700,253.71221923828125,255.35755920410156,244.8074188232422,238.3157958984375,226.1501922607422,241.73012084960936,237.62822647094725,225.88210205078124,8.158610505341155,-0.008332328960039437,0.010844683271557621,0.01676161427879131
2025-09-25,252.49566170312627,256.4444966190252,250.99989343760635,256.14532470703125,55202100,251.59820556640625,253.71221923828125,255.35755920410156,237.2089080810547,229.3810577392578,244.40654754638672,238.9435043334961,226.81841735839845,8.921645170221213,0.018072939472633998,0.01122334014970433,0.016890280190358174
2025-09-26,253.38315498635407,256.87328100426123,253.06405044687503,254.73931884765625,46076300,256.14532470703125,251.59820556640625,253.71221923828125,244.8074188232422,233.40966796875,246.53951263427734,240.08527374267578,227.72940185546875,9.420578564663344,-0.0054890943685314,0.008918134761826502,0.017491296436501068
2025-09-29,253.84185736381545,254.28061851263055,252.29622703166862,253.71221923828125,40127700,254.73931884765625,256.14532470703125,251.59820556640625,255.35755920410156,236.0322265625,248.30751190185546,241.1966293334961,228.59673614501952,9.660628908308054,-0.004031963397017835,0.007391352318527189,0.01792742033935771
2025-09-30,254.1410137555297,255.1980209495745,252.39595068950493,253.9116668701172,37704300,253.71221923828125,254.73931884765625,256.14532470703125,253.71221923828125,237.4781494140625,249.95086364746095,242.43861541748046,229.44216217041014,9.616435745526747,0.0007861175643599783,0.006857368552470144,0.01804841670478235
2025-10-01,254.32049261064776,258.0599285933123,254.21080232618834,254.72933959960938,48713900,253.9116668701172,253.71221923828125,254.73931884765625,251.59820556640625,238.3157958984375,251.59221801757812,243.28521957397462,230.26569305419923,9.926640945064676,0.0032203038937570483,0.006826673233631531,0.01805496941394397
2025-10-02,255.85613542550084,257.45162766856953,253.43299812845933,256.40460205078125,42630200,254.72933959960938,253.9116668701172,253.71221923828125,256.14532470703125,237.2089080810547,253.51178741455078,244.15027236938477,231.12770935058595,10.290238823123415,0.006576637201686664,0.007948799585498567,0.01760592518313666
2025-10-03,253.9515436206674,258.5086431914624,253.23357360959045,257.2920837402344,49155600,256.40460205078125,254.72933959960938,253.9116668701172,254.73931884765625,244.8074188232422,254.76025390625,245.06418685913087,232.01524505615234,10.616546884626763,0.0034612549164674267,0.005091626008970729,0.01544946170194849
2025-10-06,257.2621558739689,258.33912604890287,254.3304629034206,255.96583557128906,44664100,257.2920837402344,256.40460205078125,254.72933959960938,253.71221923828125,255.35755920410156,254.82108154296876,246.00203323364258,232.87386474609374,10.71413161948765,-0.005154640398047805,0.0002665947054071305,0.008000291288096548
2025-10-07,256.0855101139428,256.6738420114173,254.70939836699205,255.75645446777344,31955800,255.96583557128906,257.2920837402344,256.40460205078125,253.9116668701172,253.71221923828125,255.02550506591797,247.10541229248048,233.72490997314452,10.513764486126359,-0.0008180041021814688,0.0008291221823087169,0.007666895110989676
2025-10-08,255.79633660873378,257.7906945345413,255.38748958216482,257.3320007324219,36496900,255.75645446777344,255.96583557128906,257.2920837402344,254.72933959960938,251.59820556640625,255.59888458251953,248.66450271606445,234.6628466796875,9.506485972296838,0.006160338232429563,0.0022783889015556167,0.007090819284199057
2025-10-09,257.08267167133846,257.27213808351553,252.42584836214985,253.32330322265625,38322000,257.3320007324219,255.75645446777344,255.96583557128906,256.40460205078125,256.14532470703125,255.31668243408203,249.8616149902344,235.5648342895508,8.392615335850092,-0.015577920734133444,-0.0010866971191211272,0.006738441873049765
2025-10-10,254.2207817432353,255.6567217403356,243.3116425485481,244.57806396484375,61999100,253.32330322265625,257.3320007324219,255.75645446777344,257.2920837402344,254.73931884765625,254.3005569458008,250.42003479003907,236.3213998413086,7.57174994902025,-0.03452204809648307,-0.0039899924919162945,0.012573825295735318
2025-10-13,248.67648318296307,248.98560621270488,244.86725241658198,246.96133422851562,38142900,244.57806396484375,253.32330322265625,257.3320007324219,255.96583557128906,253.71221923828125,253.6254684448242,250.96649017333985,237.2290203857422,6.837504403086612,0.009744415443628807,-0.00261235460785163,0.013302310081318987
2025-10-14,245.90431694508948,248.14796941642882,244.00966795095763,247.07101440429688,35478000,246.96133422851562,244.57806396484375,253.32330322265625,255.75645446777344,253.9116668701172,252.9414031982422,251.44613342285157,238.11951141357423,6.142672591989159,0.0004441188177246591,-0.002646554482515162,0.01329303828608433
2025-10-15,248.78616738422895,251.10959602979932,246.77186176083558,248.63658142089844,33893600,247.07101440429688,246.96133422851562,244.57806396484375,257.3320007324219,254.72933959960938,252.3321273803711,251.9621726989746,239.04988006591796,5.365964832710014,0.006336506208048043,-0.002334934251086063,0.01348104876547684
2025-10-16,247.54966879270205,248.33743345063007,244.43847540742667,246.75192260742188,39777000,248.63658142089844,247.07101440429688,246.96133422851562,253.32330322265625,256.40460205078125,251.36685943603516,252.43932342529297,239.73677154541016,4.304296665752571,-0.007579973963228515,-0.0037505953675775806,0.01318122171968348
2025-10-17,247.3203043073955,252.66518358811555,246.57242016484557,251.5782470703125,49147000,246.75192260742188,248.63658142089844,247.07101440429688,244.57806396484375,257.2920837402344,250.79547576904298,252.7778648376465,240.38512573242187,3.9217054884598177,0.019559419889786378,-0.0021407788702456853,0.015015297345778701
2025-10-20,255.168106265739,263.63416054313814,254.90884523128253,261.50018310546875,90483000,251.5782470703125,246.75192260742188,248.63658142089844,246.96133422851562,255.96583557128906,251.34891052246093,253.08499603271486,241.0462548828125,4.3513647365981285,0.039438767662544505,0.002318561935813546,0.019860766779863558
2025-10-21,261.1411827196178,264.5415659974475,261.0913055219307,262.0286560058594,46695900,261.50018310546875,251.5782470703125,246.75192260742188,247.07101440429688,255.75645446777344,251.97613067626952,253.50081787109374,241.75604614257813,4.789740214290576,0.00202092745830873,0.0026024550918625653,0.01983121865557818
2025-10-22,261.9090191460537,262.1084670888602,254.70938662410154,257.72088623046875,45015300,262.0286560058594,261.50018310546875,251.5782470703125,248.63658142089844,257.3320007324219,252.01501922607423,253.80695190429688,242.3304214477539,4.856928299036224,-0.016440071254245958,0.0003424141431950134,0.02065154426991931
2025-10-23,259.2066564378435,259.8847307097371,257.2821086816683,258.84765625,32754900,257.72088623046875,262.0286560058594,261.50018310546875,246.75192260742188,253.32330322265625,252.56745452880858,253.94206848144532,242.85393951416015,4.961859162840475,0.004372055505519334,0.002337411767160291,0.01989236960997395
2025-10-24,260.4531761824355,263.3848847726989,258.4488367256365,262.0785827636719,38253700,258.84765625,257.72088623046875,262.0286560058594,251.5782470703125,244.57806396484375,254.3175064086914,254.30903167724608,243.45304534912108,5.28480890189997,0.012481961631328753,0.007037812739941474,0.01521954786799666
2025-10-27,264.13276036080543,268.36078929414754,263.90339825112477,268.0516662597656,44888200,262.0785827636719,258.84765625,257.72088623046875,261.50018310546875,246.96133422851562,256.4265396118164,255.0260040283203,244.19534576416015,6.108138361406734,0.022791192752595002,0.008342490470838093,0.01601573247212691
2025-10-28,268.23113785786586,269.12862319727753,267.39351124836816,268.2411193847656,41534800,268.0516662597656,262.0785827636719,258.84765625,262.0286560058594,247.07101440429688,258.5435501098633,255.74247665405272,244.9553955078125,6.774598829502391,0.0007067783895675639,0.008368756428022383,0.01600154889996226
2025-10-29,268.5203194424725,270.6443152614699,266.35642794866993,268.93914794921875,51086700,268.2411193847656,268.0516662597656,262.0785827636719,257.72088623046875,248.63658142089844,260.5738067626953,256.4529670715332,245.73598724365235,7.380765723462531,0.0026022429598195895,0.007995330103199538,0.01609753007004015
2025-10-30,271.2226702585742,273.36662916750566,267.72259312931254,270.63433837890625,69886500,268.93914794921875,268.2411193847656,268.0516662597656,258.84765625,246.75192260742188,262.96204833984376,257.16445388793943,246.64122619628907,8.032902843640876,0.006303249053230431,0.009383652404845432,0.015177369566372025
2025-10-31,276.2085891024436,276.53767519933945,268.40069127196034,269.6072692871094,86167100,270.63433837890625,268.93914794921875,268.2411193847656,262.0785827636719,251.5782470703125,264.76495056152345,257.7802131652832,247.54806091308595,8.501539209671401,-0.0037950435186790976,0.007048206063998886,0.01523432385115025
2025-11-03,269.65711516237894,270.08589475979994,265.49886601188945,268.29095458984375,50194600,269.6072692871094,270.63433837890625,268.93914794921875,268.0516662597656,261.50018310546875,265.44402770996095,258.39646911621094,248.37153076171876,8.804411277838692,-0.004882341269010326,0.002616095170843402,0.010464304500534987
2025-11-04,267.5730004152706,270.72408938596277,266.86501191822913,269.2781982421875,49274800,268.29095458984375,269.6072692871094,270.63433837890625,268.2411193847656,262.0286560058594,266.1689819335937,259.07255630493165,249.22671173095702,9.105047688332709,0.0036797500454424092,0.00278197742955677,0.010466969135586625
2025-11-05,267.8522167164328,270.9335263776032,266.17696342424256,269.3779296875,43683100,269.2781982421875,268.29095458984375,269.6072692871094,268.93914794921875,257.72088623046875,267.3346862792969,259.6748527526855,250.04100860595702,9.378171579631228,0.00037036583712879434,0.0044630211386942455,0.00812463073566253
2025-11-06,267.1342708755924,272.6287059365568,267.1342708755924,269.0089416503906,51204000,269.3779296875,269.2781982421875,268.29095458984375,270.63433837890625,258.84765625,268.35081481933594,260.4591346740723,250.82439208984374,9.474433777933825,-0.0013697782796735503,0.003888837760174957,0.008332020097222422
2025-11-07,269.03885049148494,271.5218466038475,266.0173996929098,267.7126159667969,48227400,269.0089416503906,269.3779296875,269.2781982421875,269.6072692871094,262.0785827636719,268.9142181396484,261.6158622741699,251.54056579589843,8.823345892432025,-0.004818894404181151,0.0021587521566239663,0.00814353110504617
2025-11-10,268.46122924118225,273.22240319845355,266.96401085683,268.93035888671875,41312400,267.7126159667969,269.0089416503906,269.3779296875,268.29095458984375,268.0516662597656,269.00208740234376,262.7143135070801,252.2894708251953,8.251927966892664,0.00454869456011342,0.00033450233737580826,0.003994290862456695
2025-11-11,269.3096487524697,275.3983427074405,269.2996575494418,274.73956298828125,46208300,268.93035888671875,267.7126159667969,269.0089416503906,269.2781982421875,268.2411193847656,269.6519317626953,264.0977409362793,253.20282318115235,7.798138703271265,0.02160114657791201,0.002423939156210253,0.00783200939904548
2025-11-12,274.49002155435767,275.2186787593472,271.19615348009904,272.9628601074219,48398000,274.73956298828125,268.93035888671875,267.7126159667969,269.3779296875,268.93914794921875,270.05430297851564,265.31405487060545,253.90613525390626,7.128013195153869,-0.006466862149501096,0.0015170286452781845,0.008319007886250602
2025-11-13,273.6016697208788,276.1868935731559,271.5854266195937,272.44384765625,49602800,272.9628601074219,274.73956298828125,268.93035888671875,269.0089416503906,270.63433837890625,270.23525390625,266.59865112304686,254.57294128417968,5.797641582529518,-0.0019014031834500011,0.0006965634216101413,0.008198232658087385
2025-11-14,270.54732197227213,275.44821996704485,269.10002929321837,271.9048156738281,47431300,272.44384765625,272.9628601074219,274.73956298828125,267.7126159667969,269.6072692871094,270.4650085449219,267.61497955322267,255.23076171875,4.704559296116907,-0.00197850671637112,0.000878217101840939,0.008107271463094963
2025-11-17,268.3214829895084,269.98836893107386,265.237217022597,266.9639892578125,45018300,271.9048156738281,272.44384765625,272.9628601074219,268.93035888671875,268.29095458984375,270.3323120117187,267.88816986083987,255.82586334228515,4.484271220063185,-0.018171161859606544,-0.0004506649572186827,0.010019903448141904
2025-11-18,269.48932037088264,270.2079864201871,264.8279974843966,266.9440612792969,45677300,266.9639892578125,271.9048156738281,272.44384765625,274.73956298828125,269.2781982421875,270.09889831542966,268.1339401245117,256.4909671020508,4.276093009386625,-7.464669137968727e-05,-0.0008261046309008923,0.009917760153420982
2025-11-19,265.0375710636542,271.7051756343288,265.00762791735707,268.06195068359375,40424500,266.9440612792969,266.9639892578125,271.9048156738281,272.9628601074219,269.3779296875,269.96730041503906,268.65099334716797,257.32920227050784,3.5066933551330397,0.0041877290655560895,-0.00044436830805816285,0.01004162148648287
2025-11-20,270.327749378444,274.91922505965954,265.42688147061517,265.7562561035156,45823600,268.06195068359375,266.9440612792969,266.9639892578125,272.44384765625,269.0089416503906,269.64203186035155,268.9964233398438,258.056706237793,2.7484801094042592,-0.008601349703672212,-0.001167525450458029,0.01037067370600033
2025-11-21,265.4568071090486,272.8230952896135,265.17732758833057,270.98651123046875,59030800,265.7562561035156,268.06195068359375,266.9440612792969,271.9048156738281,267.7126159667969,269.96942138671875,269.4418197631836,258.80824310302734,2.2438815924833495,0.019680647235321702,0.0012824287134922563,0.01215295534744187
2025-11-24,270.397615191446,276.4863089537433,270.397615191446,275.4083251953125,65585800,270.98651123046875,265.7562561035156,268.06195068359375,266.9639892578125,268.93035888671875,270.6172180175781,269.8096527099609,259.5957650756836,2.5815715959416807,0.016317468883471742,0.0024593061458280884,0.013041738332143551
2025-11-25,274.75953066216096,279.8600705608694,274.73957871594786,276.4563903808594,46914200,275.4083251953125,270.98651123046875,265.7562561035156,266.9440612792969,274.73956298828125,270.7889007568359,270.2204162597656,260.37532989501955,2.946630700263856,0.003805495657415614,0.0006797410537784487,0.01122752619642285
2025-11-26,276.44637611579356,279.01161742605893,276.1170014953278,277.0352783203125,33431400,276.4563903808594,275.4083251953125,270.98651123046875,268.06195068359375,272.9628601074219,271.196142578125,270.62522277832034,261.149719543457,3.296675736032731,0.002093957526739132,0.0015358230214024716,0.0109448791067716
2025-11-28,276.7458380127342,278.4826014787427,275.4781737009374,278.3328857421875,20135600,277.0352783203125,276.4563903808594,275.4083251953125,265.7562561035156,272.44384765625,271.78504638671876,271.01015014648436,261.9721990966797,3.720059075348358,0.0046839067924580036,0.002194354018993272,0.010913155591379854
2025-12-01,277.4944549964911,282.89442609469603,275.62792768573877,282.57501220703125,46587700,278.3328857421875,277.0352783203125,276.4563903808594,270.98651123046875,271.9048156738281,272.85206604003906,271.65853729248045,262.7275509643555,4.509100697534206,0.01524119743713337,0.003916324434343721,0.011523060068123711
2025-12-02,282.47518456741903,286.86701880065203,282.10587559562896,285.6592712402344,53669500,282.57501220703125,278.3328857421875,277.0352783203125,275.4083251953125,266.9639892578125,274.7215942382812,272.526953125,263.3335852050781,5.409080131753316,0.010914832876105063,0.006824923907914881,0.008638098946268106
2025-12-03,285.6692634925469,288.0847586222564,282.77461708045536,283.623046875,43538700,285.6592712402344,282.57501220703125,278.3328857421875,276.4563903808594,266.9440612792969,276.3894927978516,273.24419555664065,263.9318017578125,5.885687205184215,-0.007128157809805358,0.006119572796072314,0.009508242001937155
2025-12-04,283.5731318378766,284.20196835267484,278.07334059490756,280.179443359375,43989100,283.623046875,285.6592712402344,282.57501220703125,277.0352783203125,268.06195068359375,277.6012420654297,273.7842712402344,264.50342651367185,6.006579634045081,-0.012141479874668626,0.004486651902049843,0.01113916868875923
2025-12-05,280.01974631085085,280.6186397013617,277.53434330937836,278.26300048828125,47265800,280.179443359375,283.623046875,285.6592712402344,278.3328857421875,265.7562561035156,278.85191650390624,274.2469741821289,264.9457800292969,5.975715512495429,-0.006840055245008081,0.004662781347916256,0.010921019512016081
2025-12-08,277.6142094762677,279.15136205700173,275.6378704438954,277.3746643066406,38211800,278.26300048828125,280.179443359375,283.623046875,282.57501220703125,270.98651123046875,279.49073181152346,274.7300765991211,265.39848693847654,5.807849457786496,-0.003192433705098474,0.0023754732538742384,0.009759714984356394
2025-12-09,277.64414811825674,279.5106752769474,276.40645748061854,276.66595458984375,32193300,277.3746643066406,278.26300048828125,280.179443359375,285.6592712402344,275.4083251953125,279.6164947509766,275.11685638427736,265.8575616455078,5.656901314552851,-0.002555062909471051,0.0004882200745799592,0.008508701613169726
2025-12-10,277.23491184461454,279.2312028389952,275.92734368017386,278.26300048828125,33038300,276.66595458984375,277.3746643066406,278.26300048828125,283.623046875,276.4563903808594,279.7971557617187,275.2930282592773,266.3445883178711,5.699239372125302,0.005772469911612843,0.0006849174999996821,0.008615967789540862
2025-12-11,278.5824273392719,279.07150890817053,273.3022288840155,277.514404296875,33248000,278.26300048828125,276.66595458984375,277.3746643066406,280.179443359375,277.0352783203125,279.845068359375,275.52060546875,266.8002896118164,5.69216571102656,-0.002690246960942222,0.0002064970512315467,0.008661739552237166
2025-12-12,277.38464634485007,278.70220580092337,276.30666253778065,277.7639465332031,39532900,277.514404296875,278.26300048828125,276.66595458984375,278.26300048828125,278.3328857421875,279.7881744384766,275.78661041259767,267.2274765014648,5.665060166195088,0.0008992046267306542,-0.00017197316534118824,0.008525985360994975
2025-12-15,279.63046152672615,279.63046152672615,272.33402020742307,273.6016540527344,50409100,277.7639465332031,277.514404296875,278.26300048828125,277.3746643066406,282.57501220703125,278.8908386230469,275.87145233154297,267.55366790771484,5.6163622236703565,-0.01498499906996098,-0.0031945928160506233,0.007779813267428509
2025-12-16,272.3140798989353,274.9891026980292,271.2859911871425,274.1007385253906,37648600,273.6016540527344,277.7639465332031,277.514404296875,276.66595458984375,285.6592712402344,277.7349853515625,276.22828979492186,267.9163659667969,5.2343643729631255,0.0018241281266524467,-0.004103663290995885,0.006347151815653675
2025-12-17,274.50001118897205,275.6478724530811,271.13626563598973,271.33587646484375,50138700,274.1007385253906,273.6016540527344,277.7639465332031,278.26300048828125,283.623046875,276.5062683105469,276.44788055419923,268.22795440673826,4.906211124798035,-0.010087028861802017,-0.004399550396195551,0.006568905119390286
2025-12-18,273.1025913325419,273.12257373871984,266.4549687260805,271.68524169921875,51630700,271.33587646484375,274.1007385253906,273.6016540527344,277.514404296875,280.179443359375,275.65684814453124,276.6290451049805,268.51501922607423,4.639928207247494,0.001287574790797219,-0.003056644929648966,0.0061709588677758866
2025-12-19,271.6453053723066,274.09077415448866,269.399477884542,273.1625061035156,144632000,271.68524169921875,271.33587646484375,274.1007385253906,277.7639465332031,278.26300048828125,275.1467987060547,276.99935760498045,268.9118032836914,3.9743021010975674,0.005437411303821804,-0.0018288982747659776,0.0065446142346824235
2025-12-22,272.3539780142796,273.37210596231955,270.00836035897595,270.4674987792969,36571800,273.1625061035156,271.68524169921875,271.33587646484375,273.6016540527344,277.3746643066406,274.4560821533203,276.97340698242186,269.42959197998044,4.017094106335422,-0.009865948891234266,-0.002496249793379557,0.00702194300884507
2025-12-23,270.3377490962612,271.99467443806464,269.06012395403746,271.85491943359375,29642000,270.4674987792969,273.1625061035156,271.68524169921875,274.1007385253906,276.66595458984375,273.9749786376953,276.7957366943359,269.92746368408206,4.165787695058647,0.005129713035979311,-0.0017277721988345207,0.007423801246547594
2025-12-24,271.8349404799371,274.9192064044749,271.69521595033444,273.3022155761719,17910600,271.85491943359375,270.4674987792969,273.1625061035156,271.33587646484375,278.26300048828125,273.47890014648436,276.6380279541016,270.4520877075195,4.2383838046408915,0.005323781322749355,-0.0017726410577208695,0.00737462667787048
2025-12-26,273.65157518449314,274.859322715931,272.35396775197984,272.8929748535156,21521800,273.3022155761719,271.85491943359375,270.4674987792969,271.68524169921875,277.514404296875,273.0167572021484,276.43091278076173,270.93721557617187,4.318404488536337,-0.0014973926274014504,-0.0016533556243667924,0.007367779242532936
2025-12-29,272.1843267483383,273.8512128461511,271.8449608988494,273.2523498535156,23715200,272.8929748535156,273.3022155761719,271.85491943359375,273.1625061035156,277.7639465332031,272.5655975341797,276.1768859863281,271.46722412109375,4.349947961553656,0.001316908213532919,-0.0016115852656865659,0.0073850223388129905
2025-12-30,272.304089543875,273.5717234473003,271.77507361210075,272.5735778808594,22139600,273.2523498535156,272.8929748535156,273.3022155761719,270.4674987792969,273.6016540527344,272.46278991699216,275.6768142700195,271.8871307373047,4.145798595116488,-0.0024840480713893553,-0.0003614901658294034,0.005745844986529251
2025-12-31,272.553621806917,273.17246717497864,271.24605357156486,271.3558349609375,27293600,272.5735778808594,273.2523498535156,272.8929748535156,271.85491943359375,274.1007385253906,272.18829956054685,274.9616424560547,272.08424377441406,3.5195489722380935,-0.00446757506501283,-0.000990660484995931,0.005823869126817479
